instance_id,tree_size,objective,first_stage_cost,second_stage_cost,charter_cost_ST,charter_cost_LT,charter_cost_mob,downtime_cost,travel_cost_S,travel_cost_M,MIP_runtime,Con_total runtime,Con_eta runtime,Con_gamma_LT_runtime,Con_gamma_ST_runtime,Con_Master_runtime,Con_eta_n_iters,Con_eta_vars_fixed,Con_eta_judges_solved_min,Con_eta_gap_p90_max,Con_eta_unanimous_count,Con_gamma_LT_n_iters,Con_gamma_LT_vars_fixed,Con_gamma_LT_judges_solved_min,Con_gamma_LT_gap_p90_max,Con_gamma_LT_unanimous_count,Con_fix_history_json,MIPGap,has_solution,solve_status_code,solve_status,solve_outcome,gap_pruned,optimize_error,eta,gamma_LT,gamma_ST,alpha,scenarios,param_signature,seed,iss_pool,oos_pool
1,1,18690591.016875714,8527250.0,10163341.01687575,0.0,8150625.0,376625.0,10087520.39649677,10495.745953043432,65324.87442589191,,11.337638531811535,7.114245266653597,0.00025159213691949844,0.000377812422811985,0.35364294052124023,1,1,1,0.03080314702701894,1,1,2,1,0.03080314702701894,1,"{""eta"":[{""iter"":1,""solved"":1,""failed"":0,""gap_p90"":0,""cache_hr"":0,""fixed"":1,""unan"":true,""key"":null}],""gamma_LT"":[{""iter"":1,""solved"":1,""failed"":0,""gap_p90"":0,""cache_hr"":100,""fixed"":2,""unan"":true,""key"":null}]}",0.00022612880768978325,True,2,OPTIMAL,solution_within_gap,False,,5:1,CTV|5:1;SOV|5:1,,SOV1|5|Apr:1;SOV1|5|Aug:1;SOV1|5|Dec:1;SOV1|5|Feb:1;SOV1|5|Jan:1;SOV1|5|Jul:1;SOV1|5|Jun:1;SOV1|5|Mar:1;SOV1|5|May:1;SOV1|5|Nov:1;SOV1|5|Oct:1;SOV1|5|Sep:1,20,27aa1acfa7197c4d,200,1-500,501-1500
1,3,17412832.528285474,5917900.0,11494932.52828544,4485000.0,905625.0,527275.0,11374967.637926403,86464.95475602403,33499.93560302153,,14.773108714260161,7.404017690569162,0.0003125583752989769,0.0008113468065857887,3.30991792678833,1,1,3,0.037899086602059304,1,1,2,3,0.037899086602059304,1,"{""eta"":[{""iter"":1,""solved"":3,""failed"":0,""gap_p90"":0,""cache_hr"":0,""fixed"":1,""unan"":true,""key"":null}],""gamma_LT"":[{""iter"":1,""solved"":3,""failed"":0,""gap_p90"":0,""cache_hr"":100,""fixed"":2,""unan"":true,""key"":null}]}",0.0040136248078521735,True,2,OPTIMAL,solution_within_gap,False,,5:1,CTV|5:1,CTV|5|Apr:1;CTV|5|Jun:1;CTV|5|May:1;CTV|5|Sep:1;SOV|5|Dec:1;SOV|5|Feb:1;SOV|5|Jan:1;SOV|5|Mar:1;SOV|5|Nov:1;SOV|5|Oct:1,SOV1|5|Dec:1;SOV1|5|Feb:1;SOV1|5|Jan:1;SOV1|5|Mar:1;SOV1|5|Nov:1;SOV1|5|Oct:1,118;323;332,27aa1acfa7197c4d,200,1-500,501-1500
1,5,16645419.838372778,6618825.0,10026594.838372486,5261250.0,905625.0,451950.0,9911425.301698858,74969.61395031017,40199.922723625794,,19.22567469626665,8.719845755025744,2.9917494328692555,0.0013468964025378227,2.8038649559020996,1,1,5,0.039845484039972234,1,2,2,5,0.039871417068608576,1,"{""eta"":[{""iter"":1,""solved"":5,""failed"":0,""gap_p90"":0,""cache_hr"":0,""fixed"":1,""unan"":true,""key"":null}],""gamma_LT"":[{""iter"":1,""solved"":5,""failed"":0,""gap_p90"":0,""cache_hr"":100,""fixed"":1,""unan"":false,""key"":""('gamma_LT', ('CTV',""},{""iter"":2,""solved"":5,""failed"":0,""gap_p90"":0,""cache_hr"":60,""fixed"":1,""unan"":true,""key"":null}]}",0.01999514183619084,True,2,OPTIMAL,solution_within_gap,False,,5:1,CTV|5:1,CTV|5|Apr:1;CTV|5|Aug:1;CTV|5|Jul:1;CTV|5|Jun:1;CTV|5|May:1;SOV|5|Dec:1;SOV|5|Feb:1;SOV|5|Jan:1;SOV|5|Mar:1;SOV|5|Nov:1;SOV|5|Oct:1;SOV|5|Sep:1,SOV1|5|Dec:1;SOV1|5|Feb:1;SOV1|5|Jan:1;SOV1|5|Mar:1;SOV1|5|Nov:1;SOV1|5|Oct:1;SOV1|5|Sep:1,89;218;270;287;445,27aa1acfa7197c4d,200,1-500,501-1500
1,7,21270886.788562056,7481325.0,13789561.788561508,6123750.0,905625.0,451950.0,13680513.32307094,65259.26395293803,43789.20153823511,,25.782015941105783,7.026507226750255,5.128858974203467,0.48694558907300234,7.9809088706970215,1,1,7,0.03249182342003614,1,2,2,7,0.03721813633630248,0,"{""eta"":[{""iter"":1,""solved"":7,""failed"":0,""gap_p90"":0,""cache_hr"":0,""fixed"":1,""unan"":true,""key"":null}],""gamma_LT"":[{""iter"":1,""solved"":7,""failed"":0,""gap_p90"":0,""cache_hr"":100,""fixed"":1,""unan"":false,""key"":""('gamma_LT', ('SOV',""},{""iter"":2,""solved"":7,""failed"":0,""gap_p90"":0,""cache_hr"":86,""fixed"":1,""unan"":false,""key"":""('gamma_LT', ('CTV',""}]}",0.016618948721063148,True,2,OPTIMAL,solution_within_gap,False,,5:1,CTV|5:1,CTV|5|Apr:1;CTV|5|Feb:1;CTV|5|Jan:1;CTV|5|Jul:1;CTV|5|Jun:1;CTV|5|Mar:1;CTV|5|May:1;SOV|5|Aug:1;SOV|5|Dec:1;SOV|5|Feb:1;SOV|5|Jan:1;SOV|5|Mar:1;SOV|5|Nov:1;SOV|5|Oct:1;SOV|5|Sep:1,SOV1|5|Aug:1;SOV1|5|Dec:1;SOV1|5|Feb:1;SOV1|5|Jan:1;SOV1|5|Mar:1;SOV1|5|Nov:1;SOV1|5|Oct:1;SOV1|5|Sep:1,31;179;185;224;336;349;498,27aa1acfa7197c4d,200,1-500,501-1500
1,10,17045083.724058963,6618825.0,10426258.724058546,5261250.0,905625.0,451950.0,10311339.086098174,74719.71523714409,40199.922723625794,,22.777180353179574,7.90260964538902,3.037159699946642,0.0025583449751138687,5.968089818954468,1,1,10,0.0326745132152475,1,2,2,10,0.03816659772485883,1,"{""eta"":[{""iter"":1,""solved"":10,""failed"":0,""gap_p90"":0,""cache_hr"":0,""fixed"":1,""unan"":true,""key"":null}],""gamma_LT"":[{""iter"":1,""solved"":10,""failed"":0,""gap_p90"":0,""cache_hr"":100,""fixed"":1,""unan"":false,""key"":""('gamma_LT', ('CTV',""},{""iter"":2,""solved"":10,""failed"":0,""gap_p90"":0,""cache_hr"":80,""fixed"":1,""unan"":true,""key"":null}]}",0.019023190232421838,True,2,OPTIMAL,solution_within_gap,False,,5:1,CTV|5:1,CTV|5|Apr:1;CTV|5|Aug:1;CTV|5|Jul:1;CTV|5|Jun:1;CTV|5|May:1;SOV|5|Dec:1;SOV|5|Feb:1;SOV|5|Jan:1;SOV|5|Mar:1;SOV|5|Nov:1;SOV|5|Oct:1;SOV|5|Sep:1,SOV1|5|Dec:1;SOV1|5|Feb:1;SOV1|5|Jan:1;SOV1|5|Mar:1;SOV1|5|Nov:1;SOV1|5|Oct:1;SOV1|5|Sep:1,36;57;71;223;251;260;334;375;393;426,27aa1acfa7197c4d,200,1-500,501-1500
1,15,17990349.863059435,6069125.0,11921224.863060657,5692500.0,0.0,376625.0,11801195.134115463,86864.79269709607,33164.9362469911,,41.7301832921803,9.331366887316108,3.9886854495853186,0.0033790050074458122,21.127667903900146,1,1,15,0.03947419096135441,1,2,2,15,0.03949039433396567,1,"{""eta"":[{""iter"":1,""solved"":15,""failed"":0,""gap_p90"":0,""cache_hr"":0,""fixed"":1,""unan"":true,""key"":null}],""gamma_LT"":[{""iter"":1,""solved"":15,""failed"":0,""gap_p90"":0,""cache_hr"":100,""fixed"":1,""unan"":false,""key"":""('gamma_LT', ('CTV',""},{""iter"":2,""solved"":15,""failed"":0,""gap_p90"":0,""cache_hr"":13,""fixed"":1,""unan"":true,""key"":null}]}",0.006197831264927968,True,2,OPTIMAL,solution_within_gap,False,,5:1,,CTV|5|Apr:2;CTV|5|Aug:2;CTV|5|Dec:1;CTV|5|Feb:1;CTV|5|Jan:1;CTV|5|Jul:2;CTV|5|Jun:2;CTV|5|Mar:2;CTV|5|May:2;CTV|5|Nov:1;CTV|5|Oct:1;CTV|5|Sep:1;SOV|5|Dec:1;SOV|5|Feb:1;SOV|5|Jan:1;SOV|5|Nov:1;SOV|5|Oct:1;SOV|5|Sep:1,SOV1|5|Dec:1;SOV1|5|Feb:1;SOV1|5|Jan:1;SOV1|5|Nov:1;SOV1|5|Oct:1;SOV1|5|Sep:1,18;90;131;229;275;305;323;325;349;356;363;377;406;412;447,27aa1acfa7197c4d,200,1-500,501-1500
1,20,16709465.151743699,6618825.0,10090640.151745567,5261250.0,905625.0,451950.0,9974795.888544057,75644.34047586308,40199.922723625794,,56.85762914735824,9.346189919859171,5.296503935009241,0.00458676740527153,33.895589113235474,1,1,20,0.038849449825192665,1,2,2,20,0.03949399493784003,1,"{""eta"":[{""iter"":1,""solved"":20,""failed"":0,""gap_p90"":0,""cache_hr"":0,""fixed"":1,""unan"":true,""key"":null}],""gamma_LT"":[{""iter"":1,""solved"":20,""failed"":0,""gap_p90"":0,""cache_hr"":100,""fixed"":1,""unan"":false,""key"":""('gamma_LT', ('CTV',""},{""iter"":2,""solved"":20,""failed"":0,""gap_p90"":0,""cache_hr"":55,""fixed"":1,""unan"":true,""key"":null}]}",0.004302685453062996,True,2,OPTIMAL,solution_within_gap,False,,5:1,CTV|5:1,CTV|5|Apr:1;CTV|5|Aug:1;CTV|5|Jul:1;CTV|5|Jun:1;CTV|5|May:1;SOV|5|Dec:1;SOV|5|Feb:1;SOV|5|Jan:1;SOV|5|Mar:1;SOV|5|Nov:1;SOV|5|Oct:1;SOV|5|Sep:1,SOV1|5|Dec:1;SOV1|5|Feb:1;SOV1|5|Jan:1;SOV1|5|Mar:1;SOV1|5|Nov:1;SOV1|5|Oct:1;SOV1|5|Sep:1,24;43;64;88;110;116;118;145;219;224;240;291;292;312;405;409;467;480;491;495,27aa1acfa7197c4d,200,1-500,501-1500
2,1,14543396.167058555,6694150.0,7849246.167058562,5261250.0,905625.0,527275.0,7732077.440679272,76968.80365565191,40199.922723625794,,9.012811527587473,5.359556367620826,0.0002186102792620659,0.0003298614174127579,0.27681708335876465,1,1,1,0.039988007455352206,1,1,2,1,0.039988007455352206,1,"{""eta"":[{""iter"":1,""solved"":1,""failed"":0,""gap_p90"":0,""cache_hr"":0,""fixed"":1,""unan"":true,""key"":null}],""gamma_LT"":[{""iter"":1,""solved"":1,""failed"":0,""gap_p90"":0,""cache_hr"":100,""fixed"":2,""unan"":true,""key"":null}]}",0.017277320860369195,True,2,OPTIMAL,solution_within_gap,False,,5:1,CTV|5:1,CTV|5|Aug:1;CTV|5|Dec:1;CTV|5|Jan:1;CTV|5|Jul:1;CTV|5|Sep:1;SOV|5|Apr:1;SOV|5|Dec:1;SOV|5|Feb:1;SOV|5|Jan:1;SOV|5|Mar:1;SOV|5|Nov:1;SOV|5|Oct:1,SOV1|5|Apr:1;SOV1|5|Dec:1;SOV1|5|Feb:1;SOV1|5|Jan:1;SOV1|5|Mar:1;SOV1|5|Nov:1;SOV1|5|Oct:1,212,27aa1acfa7197c4d,200,1-500,501-1500
2,3,15811633.683130823,6241050.0,9570583.6831308,4657500.0,905625.0,677925.0,9454954.873146188,82966.37277167624,32662.43721294599,,16.62823644373566,8.617682636715472,1.4327905355021358,0.00077019352465868,2.494420051574707,1,1,3,0.03999431347978587,1,2,2,3,0.03999431347978587,1,"{""eta"":[{""iter"":1,""solved"":3,""failed"":0,""gap_p90"":0,""cache_hr"":0,""fixed"":1,""unan"":true,""key"":null}],""gamma_LT"":[{""iter"":1,""solved"":3,""failed"":0,""gap_p90"":0,""cache_hr"":100,""fixed"":1,""unan"":false,""key"":""('gamma_LT', ('CTV',""},{""iter"":2,""solved"":3,""failed"":0,""gap_p90"":0,""cache_hr"":67,""fixed"":1,""unan"":true,""key"":null}]}",0.014558307432761989,True,2,OPTIMAL,solution_within_gap,False,,5:1,CTV|5:1,CTV|5|Apr:1;CTV|5|Dec:2;CTV|5|Feb:1;CTV|5|Jun:1;CTV|5|Mar:1;SOV|5|Aug:1;SOV|5|Dec:1;SOV|5|Jan:1;SOV|5|Nov:1;SOV|5|Oct:1;SOV|5|Sep:1,SOV1|5|Aug:1;SOV1|5|Dec:1;SOV1|5|Jan:1;SOV1|5|Nov:1;SOV1|5|Oct:1;SOV1|5|Sep:1,47;373;492,27aa1acfa7197c4d,200,1-500,501-1500
2,5,15367920.465611365,6015075.0,9352845.465610987,4657500.0,905625.0,451950.0,9231105.618986925,86564.914241292,35174.93238317257,,17.048978357575834,8.145424486137927,1.4920852603390813,0.001353200525045395,2.6935389041900635,1,1,5,0.03072094297790364,1,2,2,5,0.03959943647785103,1,"{""eta"":[{""iter"":1,""solved"":5,""failed"":0,""gap_p90"":0,""cache_hr"":0,""fixed"":1,""unan"":true,""key"":null}],""gamma_LT"":[{""iter"":1,""solved"":5,""failed"":0,""gap_p90"":0,""cache_hr"":100,""fixed"":1,""unan"":false,""key"":""('gamma_LT', ('CTV',""},{""iter"":2,""solved"":5,""failed"":0,""gap_p90"":0,""cache_hr"":80,""fixed"":1,""unan"":true,""key"":null}]}",0.019980890511127357,True,2,OPTIMAL,solution_within_gap,False,,5:1,CTV|5:1,CTV|5|Apr:1;CTV|5|Aug:1;CTV|5|Jul:1;CTV|5|Jun:1;CTV|5|Mar:1;CTV|5|May:1;SOV|5|Dec:1;SOV|5|Feb:1;SOV|5|Jan:1;SOV|5|Nov:1;SOV|5|Oct:1;SOV|5|Sep:1,SOV1|5|Dec:1;SOV1|5|Feb:1;SOV1|5|Jan:1;SOV1|5|Nov:1;SOV1|5|Oct:1;SOV1|5|Sep:1,63;128;150;253;269,27aa1acfa7197c4d,200,1-500,501-1500
2,7,18081713.690085694,6780400.0,11301313.690085,5347500.0,905625.0,527275.0,11186144.1534118,74969.61395031212,40199.922723625685,,18.568589157424867,7.881041779182851,2.5269670309498906,0.0018491847440600395,3.060302972793579,1,1,7,0.03735947886862987,1,2,2,7,0.03973842229500627,1,"{""eta"":[{""iter"":1,""solved"":7,""failed"":0,""gap_p90"":0,""cache_hr"":0,""fixed"":1,""unan"":true,""key"":null}],""gamma_LT"":[{""iter"":1,""solved"":7,""failed"":0,""gap_p90"":0,""cache_hr"":100,""fixed"":1,""unan"":false,""key"":""('gamma_LT', ('CTV',""},{""iter"":2,""solved"":7,""failed"":0,""gap_p90"":0,""cache_hr"":57,""fixed"":1,""unan"":true,""key"":null}]}",0.016663823340613382,True,2,OPTIMAL,solution_within_gap,False,,5:1,CTV|5:1,CTV|5|Apr:1;CTV|5|Aug:1;CTV|5|Jan:1;CTV|5|Jul:1;CTV|5|Jun:1;CTV|5|May:1;SOV|5|Dec:1;SOV|5|Feb:1;SOV|5|Jan:1;SOV|5|Mar:1;SOV|5|Nov:1;SOV|5|Oct:1;SOV|5|Sep:1,SOV1|5|Dec:1;SOV1|5|Feb:1;SOV1|5|Jan:1;SOV1|5|Mar:1;SOV1|5|Nov:1;SOV1|5|Oct:1;SOV1|5|Sep:1,52;62;145;308;315;342;443,27aa1acfa7197c4d,200,1-500,501-1500
2,10,16121841.003620945,6069125.0,10052716.003620379,5692500.0,0.0,376625.0,9929829.324523566,88214.24574820056,34672.43334912725,,22.892543106339872,8.309193849563599,4.712801362387836,0.002622404135763645,3.958638906478882,1,1,10,0.03945779997899752,1,2,2,10,0.039923516410730026,1,"{""eta"":[{""iter"":1,""solved"":10,""failed"":0,""gap_p90"":0,""cache_hr"":0,""fixed"":1,""unan"":true,""key"":null}],""gamma_LT"":[{""iter"":1,""solved"":10,""failed"":0,""gap_p90"":0,""cache_hr"":100,""fixed"":1,""unan"":false,""key"":""('gamma_LT', ('CTV',""},{""iter"":2,""solved"":10,""failed"":0,""gap_p90"":0,""cache_hr"":30,""fixed"":1,""unan"":true,""key"":null}]}",0.019907239695382058,True,2,OPTIMAL,solution_within_gap,False,,5:1,,CTV|5|Apr:2;CTV|5|Aug:2;CTV|5|Dec:1;CTV|5|Feb:1;CTV|5|Jan:1;CTV|5|Jul:2;CTV|5|Jun:2;CTV|5|Mar:2;CTV|5|May:2;CTV|5|Nov:1;CTV|5|Oct:1;CTV|5|Sep:1;SOV|5|Dec:1;SOV|5|Feb:1;SOV|5|Jan:1;SOV|5|Nov:1;SOV|5|Oct:1;SOV|5|Sep:1,SOV1|5|Dec:1;SOV1|5|Feb:1;SOV1|5|Jan:1;SOV1|5|Nov:1;SOV1|5|Oct:1;SOV1|5|Sep:1,58;108;125;162;180;216;218;219;338;341,27aa1acfa7197c4d,200,1-500,501-1500
2,15,16583573.152145352,5659150.0,10924423.15214668,4226250.0,905625.0,527275.0,10794482.12504955,100126.08440919603,29814.94268668898,,32.31243851967156,8.292700928635895,7.151029803790152,0.0037249140441417694,10.176513910293579,1,1,15,0.039598897920901766,1,2,2,15,0.039598897920901766,1,"{""eta"":[{""iter"":1,""solved"":15,""failed"":0,""gap_p90"":0,""cache_hr"":0,""fixed"":1,""unan"":true,""key"":null}],""gamma_LT"":[{""iter"":1,""solved"":15,""failed"":0,""gap_p90"":0,""cache_hr"":100,""fixed"":1,""unan"":false,""key"":""('gamma_LT', ('CTV',""},{""iter"":2,""solved"":15,""failed"":0,""gap_p90"":0,""cache_hr"":87,""fixed"":1,""unan"":true,""key"":null}]}",0.01760268849924719,True,2,OPTIMAL,solution_within_gap,False,,5:1,CTV|5:1,CTV|5|Apr:1;CTV|5|Aug:1;CTV|5|Dec:1;CTV|5|Jan:1;CTV|5|Jul:1;CTV|5|Jun:1;CTV|5|Mar:1;CTV|5|May:1;CTV|5|Sep:1;SOV|5|Dec:1;SOV|5|Feb:1;SOV|5|Jan:1;SOV|5|Nov:1;SOV|5|Oct:1,SOV1|5|Dec:1;SOV1|5|Feb:1;SOV1|5|Jan:1;SOV1|5|Nov:1;SOV1|5|Oct:1,10;32;86;131;180;202;216;235;267;280;330;346;423;434;475,27aa1acfa7197c4d,200,1-500,501-1500
2,20,17899517.84406176,6176650.0,11722867.84406385,4743750.0,905625.0,527275.0,11601130.02364288,86939.76231104082,34798.05810763858,,47.410050719976425,10.367558632977307,4.68386263307184,0.005059112794697285,24.144460916519165,1,1,20,0.03974747753005541,1,2,2,20,0.03974747753005541,1,"{""eta"":[{""iter"":1,""solved"":20,""failed"":0,""gap_p90"":0,""cache_hr"":0,""fixed"":1,""unan"":true,""key"":null}],""gamma_LT"":[{""iter"":1,""solved"":20,""failed"":0,""gap_p90"":0,""cache_hr"":100,""fixed"":1,""unan"":false,""key"":""('gamma_LT', ('CTV',""},{""iter"":2,""solved"":20,""failed"":0,""gap_p90"":0,""cache_hr"":40,""fixed"":1,""unan"":true,""key"":null}]}",0.01602135924370078,True,2,OPTIMAL,solution_within_gap,False,,5:1,CTV|5:1,CTV|5|Apr:1;CTV|5|Aug:1;CTV|5|Dec:1;CTV|5|Jul:1;CTV|5|Jun:1;CTV|5|Mar:1;CTV|5|May:1;SOV|5|Dec:1;SOV|5|Feb:1;SOV|5|Jan:1;SOV|5|Nov:1;SOV|5|Oct:1;SOV|5|Sep:1,SOV1|5|Dec:1;SOV1|5|Feb:1;SOV1|5|Jan:1;SOV1|5|Nov:1;SOV1|5|Oct:1;SOV1|5|Sep:1,15;32;46;50;93;120;199;214;277;305;310;359;370;378;413;430;445;446;450;458,27aa1acfa7197c4d,200,1-500,501-1500
3,1,15048373.320754709,6112250.0,8936123.320754755,4830000.0,905625.0,376625.0,8810417.51401208,77968.39850832269,47737.40823430563,,9.583362863399088,5.573070960119367,0.00022151414304971695,0.00033675506711006165,0.15416383743286133,1,1,1,0.026683675091577454,1,1,2,1,0.026683675091577454,1,"{""eta"":[{""iter"":1,""solved"":1,""failed"":0,""gap_p90"":0,""cache_hr"":0,""fixed"":1,""unan"":true,""key"":null}],""gamma_LT"":[{""iter"":1,""solved"":1,""failed"":0,""gap_p90"":0,""cache_hr"":100,""fixed"":2,""unan"":true,""key"":null}]}",0.005261478562823073,True,2,OPTIMAL,solution_within_gap,False,,5:1,CTV|5:1,SOV|5|Apr:1;SOV|5|Dec:1;SOV|5|Feb:1;SOV|5|Jan:1;SOV|5|Mar:1;SOV|5|Nov:1;SOV|5|Oct:1,SOV1|5|Apr:1;SOV1|5|Dec:1;SOV1|5|Feb:1;SOV1|5|Jan:1;SOV1|5|Mar:1;SOV1|5|Nov:1;SOV1|5|Oct:1,42,27aa1acfa7197c4d,200,1-500,501-1500
3,3,16123111.300066069,6155375.0,9967736.30006603,5778750.0,0.0,376625.0,9845596.615500508,86964.75218235934,35174.93238317259,,19.970480027608573,8.660543850623071,5.980511095374823,0.000853855162858963,1.1418988704681396,1,1,3,0.03903708818822891,1,2,2,3,0.039744685765206116,1,"{""eta"":[{""iter"":1,""solved"":3,""failed"":0,""gap_p90"":0,""cache_hr"":0,""fixed"":1,""unan"":true,""key"":null}],""gamma_LT"":[{""iter"":1,""solved"":3,""failed"":0,""gap_p90"":0,""cache_hr"":100,""fixed"":1,""unan"":false,""key"":""('gamma_LT', ('CTV',""},{""iter"":2,""solved"":3,""failed"":0,""gap_p90"":0,""cache_hr"":33,""fixed"":1,""unan"":true,""key"":null}]}",0.013651964873295166,True,2,OPTIMAL,solution_within_gap,False,,5:1,,CTV|5|Apr:2;CTV|5|Aug:2;CTV|5|Dec:1;CTV|5|Feb:1;CTV|5|Jan:1;CTV|5|Jul:2;CTV|5|Jun:2;CTV|5|Mar:2;CTV|5|May:2;CTV|5|Nov:1;CTV|5|Oct:1;CTV|5|Sep:2;SOV|5|Dec:1;SOV|5|Feb:1;SOV|5|Jan:1;SOV|5|Nov:1;SOV|5|Oct:1;SOV|5|Sep:1,SOV1|5|Dec:1;SOV1|5|Feb:1;SOV1|5|Jan:1;SOV1|5|Nov:1;SOV1|5|Oct:1;SOV1|5|Sep:1,354;388;419,27aa1acfa7197c4d,200,1-500,501-1500
3,5,19936706.90638779,6855725.0,13080981.906387504,5347500.0,905625.0,602600.0,12968913.815364858,72370.66733336599,39697.42368958047,,14.315694777294993,7.829233079217374,0.0003304416313767433,0.0012657344341278076,2.0486900806427,1,1,5,0.03667897759630021,1,1,2,5,0.03667897759630021,1,"{""eta"":[{""iter"":1,""solved"":5,""failed"":0,""gap_p90"":0,""cache_hr"":0,""fixed"":1,""unan"":true,""key"":null}],""gamma_LT"":[{""iter"":1,""solved"":5,""failed"":0,""gap_p90"":0,""cache_hr"":100,""fixed"":2,""unan"":true,""key"":null}]}",0.009510726598129168,True,2,OPTIMAL,solution_within_gap,False,,5:1,CTV|5:1,CTV|5|Apr:1;CTV|5|Jan:2;CTV|5|Jul:1;CTV|5|Jun:1;CTV|5|May:1;SOV|5|Dec:1;SOV|5|Feb:1;SOV|5|Jan:1;SOV|5|Mar:1;SOV|5|Nov:1;SOV|5|Oct:1;SOV|5|Sep:1,SOV1|5|Dec:1;SOV1|5|Feb:1;SOV1|5|Jan:1;SOV1|5|Mar:1;SOV1|5|Nov:1;SOV1|5|Oct:1;SOV1|5|Sep:1,45;52;231;235;276,27aa1acfa7197c4d,200,1-500,501-1500
3,7,20010588.40812593,6176650.0,13833938.408125164,4743750.0,905625.0,527275.0,13712227.121354438,86536.35438836046,35174.93238317249,,21.693022574298084,7.442137396894395,2.7907501766458154,0.001800154335796833,6.223793029785156,1,1,7,0.03523120731690044,1,2,2,7,0.039992776949165455,1,"{""eta"":[{""iter"":1,""solved"":7,""failed"":0,""gap_p90"":0,""cache_hr"":0,""fixed"":1,""unan"":true,""key"":null}],""gamma_LT"":[{""iter"":1,""solved"":7,""failed"":0,""gap_p90"":0,""cache_hr"":100,""fixed"":1,""unan"":false,""key"":""('gamma_LT', ('CTV',""},{""iter"":2,""solved"":7,""failed"":0,""gap_p90"":0,""cache_hr"":57,""fixed"":1,""unan"":true,""key"":null}]}",0.01086906668079528,True,2,OPTIMAL,solution_within_gap,False,,5:1,CTV|5:1,CTV|5|Apr:1;CTV|5|Aug:1;CTV|5|Dec:1;CTV|5|Jul:1;CTV|5|Jun:1;CTV|5|Mar:1;CTV|5|May:1;SOV|5|Dec:1;SOV|5|Feb:1;SOV|5|Jan:1;SOV|5|Nov:1;SOV|5|Oct:1;SOV|5|Sep:1,SOV1|5|Dec:1;SOV1|5|Feb:1;SOV1|5|Jan:1;SOV1|5|Nov:1;SOV1|5|Oct:1;SOV1|5|Sep:1,31;97;222;224;251;393;455,27aa1acfa7197c4d,200,1-500,501-1500
3,10,17617428.61622145,6618825.0,10998603.616220985,5261250.0,905625.0,451950.0,10883693.433887616,76469.00622931811,38441.176104467166,,29.324927152134478,8.585515012964606,3.1718024676665664,0.0026085814461112022,11.307260990142822,1,1,10,0.038929369670245774,1,2,2,10,0.03967818922705009,1,"{""eta"":[{""iter"":1,""solved"":10,""failed"":0,""gap_p90"":0,""cache_hr"":0,""fixed"":1,""unan"":true,""key"":null}],""gamma_LT"":[{""iter"":1,""solved"":10,""failed"":0,""gap_p90"":0,""cache_hr"":100,""fixed"":1,""unan"":false,""key"":""('gamma_LT', ('CTV',""},{""iter"":2,""solved"":10,""failed"":0,""gap_p90"":0,""cache_hr"":80,""fixed"":1,""unan"":true,""key"":null}]}",0.0074033832059857635,True,2,OPTIMAL,solution_within_gap,False,,5:1,CTV|5:1,CTV|5|Apr:1;CTV|5|Aug:1;CTV|5|Jul:1;CTV|5|Jun:1;CTV|5|May:1;SOV|5|Dec:1;SOV|5|Feb:1;SOV|5|Jan:1;SOV|5|Mar:1;SOV|5|Nov:1;SOV|5|Oct:1;SOV|5|Sep:1,SOV1|5|Dec:1;SOV1|5|Feb:1;SOV1|5|Jan:1;SOV1|5|Mar:1;SOV1|5|Nov:1;SOV1|5|Oct:1;SOV1|5|Sep:1,39;52;155;160;209;211;217;238;244;499,27aa1acfa7197c4d,200,1-500,501-1500
3,15,17001836.77018382,6618825.0,10383011.770184843,5261250.0,905625.0,451950.0,10268242.07145098,74569.77600924461,40199.922723625816,,39.91869446169585,8.328003183938563,4.309390751644969,0.0038184989243745804,20.158993005752563,1,1,15,0.03937723757049186,1,2,2,15,0.03993857340514369,1,"{""eta"":[{""iter"":1,""solved"":15,""failed"":0,""gap_p90"":0,""cache_hr"":0,""fixed"":1,""unan"":true,""key"":null}],""gamma_LT"":[{""iter"":1,""solved"":15,""failed"":0,""gap_p90"":0,""cache_hr"":100,""fixed"":1,""unan"":false,""key"":""('gamma_LT', ('CTV',""},{""iter"":2,""solved"":15,""failed"":0,""gap_p90"":0,""cache_hr"":47,""fixed"":1,""unan"":true,""key"":null}]}",0.018785759431860036,True,2,OPTIMAL,solution_within_gap,False,,5:1,CTV|5:1,CTV|5|Apr:1;CTV|5|Jul:1;CTV|5|Jun:1;CTV|5|Mar:1;CTV|5|May:1;SOV|5|Aug:1;SOV|5|Dec:1;SOV|5|Feb:1;SOV|5|Jan:1;SOV|5|Nov:1;SOV|5|Oct:1;SOV|5|Sep:1,SOV1|5|Aug:1;SOV1|5|Dec:1;SOV1|5|Feb:1;SOV1|5|Jan:1;SOV1|5|Nov:1;SOV1|5|Oct:1;SOV1|5|Sep:1,64;121;144;158;159;208;287;337;341;377;404;443;466;479;489,27aa1acfa7197c4d,200,1-500,501-1500
3,20,17104613.099658713,7276625.0,9827988.099660305,6900000.0,0.0,376625.0,9720763.315857558,61999.87073690855,45224.91306407902,,66.57217176444829,10.318573572672904,6.479319381527603,3.0426075272262096,38.724024057388306,1,1,20,0.03974315408139695,1,2,2,20,0.03974315408139695,0,"{""eta"":[{""iter"":1,""solved"":20,""failed"":0,""gap_p90"":0,""cache_hr"":0,""fixed"":1,""unan"":true,""key"":null}],""gamma_LT"":[{""iter"":1,""solved"":20,""failed"":0,""gap_p90"":0,""cache_hr"":100,""fixed"":1,""unan"":false,""key"":""('gamma_LT', ('SOV',""},{""iter"":2,""solved"":20,""failed"":0,""gap_p90"":0,""cache_hr"":95,""fixed"":1,""unan"":false,""key"":""('gamma_LT', ('CTV',""}]}",0.018558045964945695,True,2,OPTIMAL,solution_within_gap,False,,5:1,,CTV|5|Apr:2;CTV|5|Aug:1;CTV|5|Dec:1;CTV|5|Feb:1;CTV|5|Jan:1;CTV|5|Jul:2;CTV|5|Jun:2;CTV|5|Mar:1;CTV|5|May:2;CTV|5|Nov:1;CTV|5|Oct:1;CTV|5|Sep:1;SOV|5|Aug:1;SOV|5|Dec:1;SOV|5|Feb:1;SOV|5|Jan:1;SOV|5|Mar:1;SOV|5|Nov:1;SOV|5|Oct:1;SOV|5|Sep:1,SOV1|5|Aug:1;SOV1|5|Dec:1;SOV1|5|Feb:1;SOV1|5|Jan:1;SOV1|5|Mar:1;SOV1|5|Nov:1;SOV1|5|Oct:1;SOV1|5|Sep:1,17;39;48;51;70;87;91;114;125;128;227;251;263;291;387;395;406;419;493;498,27aa1acfa7197c4d,200,1-500,501-1500
4,1,19330569.873537272,5712625.0,13617944.873537315,4053750.0,905625.0,753250.0,13473773.578097327,101458.87754608646,42712.417893852406,,9.404355013743043,5.511071601882577,0.00027878861874341965,0.00036464259028434753,0.13127398490905762,1,1,1,0.019059244542971192,1,1,2,1,0.019059244542971192,1,"{""eta"":[{""iter"":1,""solved"":1,""failed"":0,""gap_p90"":0,""cache_hr"":0,""fixed"":1,""unan"":true,""key"":null}],""gamma_LT"":[{""iter"":1,""solved"":1,""failed"":0,""gap_p90"":0,""cache_hr"":100,""fixed"":2,""unan"":true,""key"":null}]}",0.004765628770298646,True,2,OPTIMAL,solution_within_gap,False,,5:1,CTV|5:1,CTV|5|Apr:1;CTV|5|Aug:1;CTV|5|Jan:3;CTV|5|Mar:1;CTV|5|Sep:1;SOV|5|Dec:1;SOV|5|Feb:1;SOV|5|Jan:1;SOV|5|Nov:1;SOV|5|Oct:1,SOV1|5|Dec:1;SOV1|5|Feb:1;SOV1|5|Jan:1;SOV1|5|Nov:1;SOV1|5|Oct:1,29,27aa1acfa7197c4d,200,1-500,501-1500
4,3,18046915.50034096,5723550.0,12323365.500340937,4140000.0,905625.0,677925.0,12193422.672173252,99792.88612496768,30149.942042719373,,14.899565353989601,6.711777149699628,2.741840871050954,0.0007807975634932518,1.1534130573272705,1,1,3,0.03974836913923097,1,2,2,3,0.03999715884113973,1,"{""eta"":[{""iter"":1,""solved"":3,""failed"":0,""gap_p90"":0,""cache_hr"":0,""fixed"":1,""unan"":true,""key"":null}],""gamma_LT"":[{""iter"":1,""solved"":3,""failed"":0,""gap_p90"":0,""cache_hr"":100,""fixed"":1,""unan"":false,""key"":""('gamma_LT', ('CTV',""},{""iter"":2,""solved"":3,""failed"":0,""gap_p90"":0,""cache_hr"":33,""fixed"":1,""unan"":true,""key"":null}]}",0.009288920688502317,True,2,OPTIMAL,solution_within_gap,False,,5:1,CTV|5:1,CTV|5|Apr:2;CTV|5|Jan:1;CTV|5|Jul:1;CTV|5|Jun:1;CTV|5|May:1;CTV|5|Oct:1;CTV|5|Sep:1;SOV|5|Dec:1;SOV|5|Feb:1;SOV|5|Jan:1;SOV|5|Mar:1;SOV|5|Nov:1,SOV1|5|Dec:1;SOV1|5|Feb:1;SOV1|5|Jan:1;SOV1|5|Mar:1;SOV1|5|Nov:1,88;458;468,27aa1acfa7197c4d,200,1-500,501-1500
4,5,16717359.103434987,6446325.0,10271034.103434678,5088750.0,905625.0,451950.0,10157969.119167099,73870.0596123722,39194.92465553515,,17.430808612145483,6.4947851952165365,2.903801159001887,0.0012157820165157318,3.4477531909942627,1,1,5,0.03218289246162768,1,2,2,5,0.03999683466623812,1,"{""eta"":[{""iter"":1,""solved"":5,""failed"":0,""gap_p90"":0,""cache_hr"":0,""fixed"":1,""unan"":true,""key"":null}],""gamma_LT"":[{""iter"":1,""solved"":5,""failed"":0,""gap_p90"":0,""cache_hr"":100,""fixed"":1,""unan"":false,""key"":""('gamma_LT', ('CTV',""},{""iter"":2,""solved"":5,""failed"":0,""gap_p90"":0,""cache_hr"":60,""fixed"":1,""unan"":true,""key"":null}]}",0.019216903708206882,True,2,OPTIMAL,solution_within_gap,False,,5:1,CTV|5:1,CTV|5|Apr:1;CTV|5|Jun:1;CTV|5|May:1;SOV|5|Dec:1;SOV|5|Feb:1;SOV|5|Jan:1;SOV|5|Mar:1;SOV|5|Nov:1;SOV|5|Oct:1;SOV|5|Sep:1,SOV1|5|Dec:1;SOV1|5|Feb:1;SOV1|5|Jan:1;SOV1|5|Mar:1;SOV1|5|Nov:1;SOV1|5|Oct:1;SOV1|5|Sep:1,85;164;220;221;298,27aa1acfa7197c4d,200,1-500,501-1500
4,7,15693536.822986139,6575700.0,9117836.822985476,6123750.0,0.0,451950.0,9003960.198573424,75112.41321497927,38764.211197781915,,22.275246819481254,6.749025997705758,3.9835531702265143,0.0018692631274461746,6.479028940200806,1,1,7,0.03986444938051683,1,2,2,7,0.0399526235659235,1,"{""eta"":[{""iter"":1,""solved"":7,""failed"":0,""gap_p90"":0,""cache_hr"":0,""fixed"":1,""unan"":true,""key"":null}],""gamma_LT"":[{""iter"":1,""solved"":7,""failed"":0,""gap_p90"":0,""cache_hr"":100,""fixed"":1,""unan"":false,""key"":""('gamma_LT', ('CTV',""},{""iter"":2,""solved"":7,""failed"":0,""gap_p90"":0,""cache_hr"":14,""fixed"":1,""unan"":true,""key"":null}]}",0.010000353538258722,True,2,OPTIMAL,solution_within_gap,False,,5:1,,CTV|5|Apr:2;CTV|5|Aug:2;CTV|5|Dec:1;CTV|5|Feb:1;CTV|5|Jan:1;CTV|5|Jul:2;CTV|5|Jun:2;CTV|5|Mar:1;CTV|5|May:2;CTV|5|Sep:1;SOV|5|Dec:1;SOV|5|Feb:1;SOV|5|Jan:1;SOV|5|Mar:1;SOV|5|Nov:1;SOV|5|Oct:1;SOV|5|Sep:1,SOV1|5|Dec:1;SOV1|5|Feb:1;SOV1|5|Jan:1;SOV1|5|Mar:1;SOV1|5|Nov:1;SOV1|5|Oct:1;SOV1|5|Sep:1,7;31;149;189;233;272;291,27aa1acfa7197c4d,200,1-500,501-1500
4,10,16610374.476212338,6618825.0,9991549.47621189,5261250.0,905625.0,451950.0,9876180.02056782,75169.53292084597,40199.922723625794,,34.27599869761616,8.103171131573617,4.26640151347965,0.8178489282727242,14.982267141342163,1,1,10,0.03789947655742137,1,2,2,10,0.03789947655742137,0,"{""eta"":[{""iter"":1,""solved"":10,""failed"":0,""gap_p90"":0,""cache_hr"":0,""fixed"":1,""unan"":true,""key"":null}],""gamma_LT"":[{""iter"":1,""solved"":10,""failed"":0,""gap_p90"":0,""cache_hr"":100,""fixed"":1,""unan"":false,""key"":""('gamma_LT', ('SOV',""},{""iter"":2,""solved"":10,""failed"":0,""gap_p90"":0,""cache_hr"":90,""fixed"":1,""unan"":false,""key"":""('gamma_LT', ('CTV',""}]}",0.005561371429079667,True,2,OPTIMAL,solution_within_gap,False,,5:1,CTV|5:1,CTV|5|Apr:1;CTV|5|Aug:1;CTV|5|Jul:1;CTV|5|Jun:1;CTV|5|May:1;SOV|5|Dec:1;SOV|5|Feb:1;SOV|5|Jan:1;SOV|5|Mar:1;SOV|5|Nov:1;SOV|5|Oct:1;SOV|5|Sep:1,SOV1|5|Dec:1;SOV1|5|Feb:1;SOV1|5|Jan:1;SOV1|5|Mar:1;SOV1|5|Nov:1;SOV1|5|Oct:1;SOV1|5|Sep:1,113;141;182;297;342;386;415;416;484;498,27aa1acfa7197c4d,200,1-500,501-1500
4,15,19523087.632782806,6015075.0,13508012.632783992,4657500.0,905625.0,451950.0,13386907.66397025,86265.03578549353,34839.93302714222,,42.78762459568679,9.629818827845156,4.514086180366576,0.0038559148088097572,21.063519954681396,1,1,15,0.03844246385021212,1,2,2,15,0.0393405074345977,1,"{""eta"":[{""iter"":1,""solved"":15,""failed"":0,""gap_p90"":0,""cache_hr"":0,""fixed"":1,""unan"":true,""key"":null}],""gamma_LT"":[{""iter"":1,""solved"":15,""failed"":0,""gap_p90"":0,""cache_hr"":100,""fixed"":1,""unan"":false,""key"":""('gamma_LT', ('CTV',""},{""iter"":2,""solved"":15,""failed"":0,""gap_p90"":0,""cache_hr"":53,""fixed"":1,""unan"":true,""key"":null}]}",0.00405611844979181,True,2,OPTIMAL,solution_within_gap,False,,5:1,CTV|5:1,CTV|5|Apr:1;CTV|5|Aug:1;CTV|5|Jul:1;CTV|5|Jun:1;CTV|5|Mar:1;CTV|5|May:1;SOV|5|Dec:1;SOV|5|Feb:1;SOV|5|Jan:1;SOV|5|Nov:1;SOV|5|Oct:1;SOV|5|Sep:1,SOV1|5|Dec:1;SOV1|5|Feb:1;SOV1|5|Jan:1;SOV1|5|Nov:1;SOV1|5|Oct:1;SOV1|5|Sep:1,8;43;46;79;153;171;192;202;236;269;305;358;388;432;445,27aa1acfa7197c4d,200,1-500,501-1500
4,20,17869516.045103345,6866650.0,11002866.045105236,5433750.0,905625.0,527275.0,10886752.296534605,76918.82391301815,39194.92465553515,,51.254437575116754,9.707739194855094,3.8019981365650892,0.005069641396403313,29.394840002059937,1,1,20,0.037898736395414384,1,2,2,20,0.0394485386693948,1,"{""eta"":[{""iter"":1,""solved"":20,""failed"":0,""gap_p90"":0,""cache_hr"":0,""fixed"":1,""unan"":true,""key"":null}],""gamma_LT"":[{""iter"":1,""solved"":20,""failed"":0,""gap_p90"":0,""cache_hr"":100,""fixed"":1,""unan"":false,""key"":""('gamma_LT', ('CTV',""},{""iter"":2,""solved"":20,""failed"":0,""gap_p90"":0,""cache_hr"":50,""fixed"":1,""unan"":true,""key"":null}]}",0.015338726404450618,True,2,OPTIMAL,solution_within_gap,False,,5:1,CTV|5:1,CTV|5|Apr:1;CTV|5|Aug:1;CTV|5|Dec:1;CTV|5|Jan:1;CTV|5|Jul:1;CTV|5|Jun:1;CTV|5|May:1;SOV|5|Dec:1;SOV|5|Feb:1;SOV|5|Jan:1;SOV|5|Mar:1;SOV|5|Nov:1;SOV|5|Oct:1;SOV|5|Sep:1,SOV1|5|Dec:1;SOV1|5|Feb:1;SOV1|5|Jan:1;SOV1|5|Mar:1;SOV1|5|Nov:1;SOV1|5|Oct:1;SOV1|5|Sep:1,11;15;59;61;92;94;185;192;219;270;300;342;350;380;389;410;478;487;497;500,27aa1acfa7197c4d,200,1-500,501-1500
5,1,16584931.840449065,5863275.0,10721656.840449115,4053750.0,905625.0,903900.0,10574986.55787745,103957.8646777635,42712.417893852406,,9.180175766348839,5.3158377436921,0.00021760724484920502,0.0003583906218409538,0.1376631259918213,1,1,1,0.019098961882841898,1,1,2,1,0.019098961882841898,1,"{""eta"":[{""iter"":1,""solved"":1,""failed"":0,""gap_p90"":0,""cache_hr"":0,""fixed"":1,""unan"":true,""key"":null}],""gamma_LT"":[{""iter"":1,""solved"":1,""failed"":0,""gap_p90"":0,""cache_hr"":100,""fixed"":2,""unan"":true,""key"":null}]}",0.01955283530353649,True,2,OPTIMAL,solution_within_gap,False,,5:1,CTV|5:1,CTV|5|Apr:1;CTV|5|Dec:1;CTV|5|Mar:1;CTV|5|Nov:1;CTV|5|Oct:2;CTV|5|Sep:1;SOV|5|Aug:1;SOV|5|Dec:1;SOV|5|Feb:1;SOV|5|Jan:1;SOV|5|Mar:1,SOV1|5|Aug:1;SOV1|5|Dec:1;SOV1|5|Feb:1;SOV1|5|Jan:1;SOV1|5|Mar:1,301,27aa1acfa7197c4d,200,1-500,501-1500
5,3,17778563.54919134,5400400.0,12378163.549191318,3967500.0,905625.0,527275.0,12251219.505581647,96794.10156695542,30149.942042719373,,15.93146351724863,7.245334536768496,3.373489113524556,0.0008690701797604561,1.064223051071167,1,1,3,0.03832787160749096,1,2,2,3,0.03999129451332742,1,"{""eta"":[{""iter"":1,""solved"":3,""failed"":0,""gap_p90"":0,""cache_hr"":0,""fixed"":1,""unan"":true,""key"":null}],""gamma_LT"":[{""iter"":1,""solved"":3,""failed"":0,""gap_p90"":0,""cache_hr"":100,""fixed"":1,""unan"":false,""key"":""('gamma_LT', ('CTV',""},{""iter"":2,""solved"":3,""failed"":0,""gap_p90"":0,""cache_hr"":67,""fixed"":1,""unan"":true,""key"":null}]}",0.017146738628952662,True,2,OPTIMAL,solution_within_gap,False,,5:1,CTV|5:1,CTV|5|Apr:1;CTV|5|Aug:1;CTV|5|Jul:1;CTV|5|Jun:1;CTV|5|Mar:1;CTV|5|Sep:1;SOV|5|Dec:1;SOV|5|Feb:1;SOV|5|Jan:1;SOV|5|Nov:1;SOV|5|Oct:1,SOV1|5|Dec:1;SOV1|5|Feb:1;SOV1|5|Jan:1;SOV1|5|Nov:1;SOV1|5|Oct:1,14;22;80,27aa1acfa7197c4d,200,1-500,501-1500
5,5,16895243.16021816,5756325.0,11138918.160217764,4398750.0,905625.0,451950.0,11018977.584328525,84765.64350648434,35174.93238317257,,19.989836992695928,7.882778079248965,3.1752229081466794,0.001334475353360176,4.183902978897095,1,1,5,0.03877965237270576,1,2,2,5,0.039677334977481105,1,"{""eta"":[{""iter"":1,""solved"":5,""failed"":0,""gap_p90"":0,""cache_hr"":0,""fixed"":1,""unan"":true,""key"":null}],""gamma_LT"":[{""iter"":1,""solved"":5,""failed"":0,""gap_p90"":0,""cache_hr"":100,""fixed"":1,""unan"":false,""key"":""('gamma_LT', ('CTV',""},{""iter"":2,""solved"":5,""failed"":0,""gap_p90"":0,""cache_hr"":60,""fixed"":1,""unan"":true,""key"":null}]}",0.004673093955945213,True,2,OPTIMAL,solution_within_gap,False,,5:1,CTV|5:1,CTV|5|Aug:1;CTV|5|Jul:1;CTV|5|Sep:1;SOV|5|Dec:1;SOV|5|Feb:1;SOV|5|Jan:1;SOV|5|Mar:1;SOV|5|Nov:1;SOV|5|Oct:1,SOV1|5|Dec:1;SOV1|5|Feb:1;SOV1|5|Jan:1;SOV1|5|Mar:1;SOV1|5|Nov:1;SOV1|5|Oct:1,25;119;132;187;370,27aa1acfa7197c4d,200,1-500,501-1500
5,7,17674339.250426788,6996025.0,10678314.250426086,6468750.0,0.0,527275.0,10562644.916326556,75469.41137664749,40199.922723625685,,20.29373110178858,7.808746996335685,3.430672077462077,0.0018816664814949036,4.072723150253296,1,1,7,0.03945779997899752,1,2,2,7,0.039903220252130674,1,"{""eta"":[{""iter"":1,""solved"":7,""failed"":0,""gap_p90"":0,""cache_hr"":0,""fixed"":1,""unan"":true,""key"":null}],""gamma_LT"":[{""iter"":1,""solved"":7,""failed"":0,""gap_p90"":0,""cache_hr"":100,""fixed"":1,""unan"":false,""key"":""('gamma_LT', ('CTV',""},{""iter"":2,""solved"":7,""failed"":0,""gap_p90"":0,""cache_hr"":14,""fixed"":1,""unan"":true,""key"":null}]}",0.017612728557809283,True,2,OPTIMAL,solution_within_gap,False,,5:1,,CTV|5|Apr:2;CTV|5|Aug:1;CTV|5|Dec:3;CTV|5|Feb:1;CTV|5|Jan:1;CTV|5|Jul:2;CTV|5|Jun:2;CTV|5|Mar:2;CTV|5|May:2;CTV|5|Nov:1;CTV|5|Oct:1;CTV|5|Sep:1;SOV|5|Aug:1;SOV|5|Dec:1;SOV|5|Feb:1;SOV|5|Jan:1;SOV|5|Nov:1;SOV|5|Oct:1;SOV|5|Sep:1,SOV1|5|Aug:1;SOV1|5|Dec:1;SOV1|5|Feb:1;SOV1|5|Jan:1;SOV1|5|Nov:1;SOV1|5|Oct:1;SOV1|5|Sep:1,165;192;216;232;237;482;488,27aa1acfa7197c4d,200,1-500,501-1500
5,10,19180887.68953926,6015075.0,13165812.6895387,4657500.0,905625.0,451950.0,13044379.475389823,87514.5293513309,33918.684798059265,,28.332691208459437,7.8471525786444545,4.794219053350389,0.0025687171146273613,9.904878854751587,1,1,10,0.037031514746804405,1,2,2,10,0.039401236337488856,1,"{""eta"":[{""iter"":1,""solved"":10,""failed"":0,""gap_p90"":0,""cache_hr"":0,""fixed"":1,""unan"":true,""key"":null}],""gamma_LT"":[{""iter"":1,""solved"":10,""failed"":0,""gap_p90"":0,""cache_hr"":100,""fixed"":1,""unan"":false,""key"":""('gamma_LT', ('CTV',""},{""iter"":2,""solved"":10,""failed"":0,""gap_p90"":0,""cache_hr"":80,""fixed"":1,""unan"":true,""key"":null}]}",0.005363547386725813,True,2,OPTIMAL,solution_within_gap,False,,5:1,CTV|5:1,CTV|5|Apr:1;CTV|5|Aug:1;CTV|5|Jul:1;CTV|5|Jun:1;CTV|5|Mar:1;CTV|5|May:1;SOV|5|Dec:1;SOV|5|Feb:1;SOV|5|Jan:1;SOV|5|Nov:1;SOV|5|Oct:1;SOV|5|Sep:1,SOV1|5|Dec:1;SOV1|5|Feb:1;SOV1|5|Jan:1;SOV1|5|Nov:1;SOV1|5|Oct:1;SOV1|5|Sep:1,27;152;165;171;175;290;367;370;425;472,27aa1acfa7197c4d,200,1-500,501-1500
5,15,16231605.40588618,6446325.0,9785280.405887216,5088750.0,905625.0,451950.0,9671643.581319727,73436.9018428843,40199.922723625816,,33.01726703904569,8.486228780820966,4.878299999050796,0.3525687316432595,12.39224886894226,1,1,15,0.03977866332108906,1,2,2,15,0.03977866332108906,0,"{""eta"":[{""iter"":1,""solved"":15,""failed"":0,""gap_p90"":0,""cache_hr"":0,""fixed"":1,""unan"":true,""key"":null}],""gamma_LT"":[{""iter"":1,""solved"":15,""failed"":0,""gap_p90"":0,""cache_hr"":100,""fixed"":1,""unan"":false,""key"":""('gamma_LT', ('CTV',""},{""iter"":2,""solved"":15,""failed"":0,""gap_p90"":0,""cache_hr"":67,""fixed"":1,""unan"":false,""key"":""('gamma_LT', ('SOV',""}]}",0.014890228040679286,True,2,OPTIMAL,solution_within_gap,False,,5:1,CTV|5:1,CTV|5|Jul:1;CTV|5|Jun:1;CTV|5|May:1;SOV|5|Dec:1;SOV|5|Feb:1;SOV|5|Jan:1;SOV|5|Mar:1;SOV|5|Nov:1;SOV|5|Oct:1;SOV|5|Sep:1,SOV1|5|Dec:1;SOV1|5|Feb:1;SOV1|5|Jan:1;SOV1|5|Mar:1;SOV1|5|Nov:1;SOV1|5|Oct:1;SOV1|5|Sep:1,7;21;45;144;201;236;238;269;280;385;432;440;447;461;491,27aa1acfa7197c4d,200,1-500,501-1500
5,20,17282293.677027162,6618825.0,10663468.677028993,5261250.0,905625.0,451950.0,10548374.109967003,74894.6443363601,40199.922723625794,,55.51351374294609,10.020197553560138,4.521001580171287,0.0046795690432190895,32.81245303153992,1,1,20,0.03988528791949379,1,2,2,20,0.03988528791949379,1,"{""eta"":[{""iter"":1,""solved"":20,""failed"":0,""gap_p90"":0,""cache_hr"":0,""fixed"":1,""unan"":true,""key"":null}],""gamma_LT"":[{""iter"":1,""solved"":20,""failed"":0,""gap_p90"":0,""cache_hr"":100,""fixed"":1,""unan"":false,""key"":""('gamma_LT', ('CTV',""},{""iter"":2,""solved"":20,""failed"":0,""gap_p90"":0,""cache_hr"":55,""fixed"":1,""unan"":true,""key"":null}]}",0.018138468192448624,True,2,OPTIMAL,solution_within_gap,False,,5:1,CTV|5:1,CTV|5|Apr:1;CTV|5|Aug:1;CTV|5|Jul:1;CTV|5|Jun:1;CTV|5|May:1;SOV|5|Dec:1;SOV|5|Feb:1;SOV|5|Jan:1;SOV|5|Mar:1;SOV|5|Nov:1;SOV|5|Oct:1;SOV|5|Sep:1,SOV1|5|Dec:1;SOV1|5|Feb:1;SOV1|5|Jan:1;SOV1|5|Mar:1;SOV1|5|Nov:1;SOV1|5|Oct:1;SOV1|5|Sep:1,81;82;88;109;138;141;149;202;227;232;264;272;304;312;318;320;329;474;481;490,27aa1acfa7197c4d,200,1-500,501-1500
6,1,18030481.489593934,7157025.0,10873456.489593972,5347500.0,905625.0,903900.0,10767283.306594033,65973.26027627311,40199.922723625794,,9.2321193870157,5.260552779771388,0.00024040881544351578,0.00033676158636808395,0.2687339782714844,1,1,1,0.023879169513177367,1,1,2,1,0.023879169513177367,1,"{""eta"":[{""iter"":1,""solved"":1,""failed"":0,""gap_p90"":0,""cache_hr"":0,""fixed"":1,""unan"":true,""key"":null}],""gamma_LT"":[{""iter"":1,""solved"":1,""failed"":0,""gap_p90"":0,""cache_hr"":100,""fixed"":2,""unan"":true,""key"":null}]}",0.0018503017220189851,True,2,OPTIMAL,solution_within_gap,False,,5:1,CTV|5:1,CTV|5|Apr:1;CTV|5|Dec:2;CTV|5|Jul:1;CTV|5|Jun:1;CTV|5|May:1;SOV|5|Aug:1;SOV|5|Feb:1;SOV|5|Jan:1;SOV|5|Mar:1;SOV|5|Nov:1;SOV|5|Oct:1;SOV|5|Sep:1,SOV1|5|Aug:1;SOV1|5|Feb:1;SOV1|5|Jan:1;SOV1|5|Mar:1;SOV1|5|Nov:1;SOV1|5|Oct:1;SOV1|5|Sep:1,47,27aa1acfa7197c4d,200,1-500,501-1500
6,3,15069106.259034563,5928825.0,9140281.259034524,4571250.0,905625.0,451950.0,9015318.394412132,91462.92901937774,33499.93560302153,,13.564819758757949,6.818897185847163,1.0630869437009096,0.0008449936285614967,1.3582141399383545,1,1,3,0.03795751271182584,1,2,2,3,0.03795751271182584,1,"{""eta"":[{""iter"":1,""solved"":3,""failed"":0,""gap_p90"":0,""cache_hr"":0,""fixed"":1,""unan"":true,""key"":null}],""gamma_LT"":[{""iter"":1,""solved"":3,""failed"":0,""gap_p90"":0,""cache_hr"":100,""fixed"":1,""unan"":false,""key"":""('gamma_LT', ('CTV',""},{""iter"":2,""solved"":3,""failed"":0,""gap_p90"":0,""cache_hr"":67,""fixed"":1,""unan"":true,""key"":null}]}",0.011274490313073302,True,2,OPTIMAL,solution_within_gap,False,,5:1,CTV|5:1,CTV|5|Apr:1;CTV|5|Jul:1;CTV|5|Jun:1;CTV|5|Mar:1;CTV|5|May:1;SOV|5|Dec:1;SOV|5|Feb:1;SOV|5|Jan:1;SOV|5|Nov:1;SOV|5|Oct:1;SOV|5|Sep:1,SOV1|5|Dec:1;SOV1|5|Feb:1;SOV1|5|Jan:1;SOV1|5|Nov:1;SOV1|5|Oct:1;SOV1|5|Sep:1,77;380;436,27aa1acfa7197c4d,200,1-500,501-1500
6,5,17040372.597321764,6015075.0,11025297.597321399,4657500.0,905625.0,451950.0,10900558.966139296,89563.69879930453,35174.93238317257,,19.188956576399505,8.06120799575001,3.6315601961687207,0.0012845685705542564,2.7221219539642334,1,1,5,0.03996651182580797,1,2,2,5,0.03996651182580797,1,"{""eta"":[{""iter"":1,""solved"":5,""failed"":0,""gap_p90"":0,""cache_hr"":0,""fixed"":1,""unan"":true,""key"":null}],""gamma_LT"":[{""iter"":1,""solved"":5,""failed"":0,""gap_p90"":0,""cache_hr"":100,""fixed"":1,""unan"":false,""key"":""('gamma_LT', ('CTV',""},{""iter"":2,""solved"":5,""failed"":0,""gap_p90"":0,""cache_hr"":40,""fixed"":1,""unan"":true,""key"":null}]}",0.0118810132829836,True,2,OPTIMAL,solution_within_gap,False,,5:1,CTV|5:1,CTV|5|Apr:1;CTV|5|Aug:1;CTV|5|Jul:1;CTV|5|Jun:1;CTV|5|Mar:1;CTV|5|May:1;SOV|5|Dec:1;SOV|5|Feb:1;SOV|5|Jan:1;SOV|5|Nov:1;SOV|5|Oct:1;SOV|5|Sep:1,SOV1|5|Dec:1;SOV1|5|Feb:1;SOV1|5|Jan:1;SOV1|5|Nov:1;SOV1|5|Oct:1;SOV1|5|Sep:1,127;257;293;425;427,27aa1acfa7197c4d,200,1-500,501-1500
6,7,18710827.425246693,7028225.0,11682602.425246036,5520000.0,905625.0,602600.0,11567793.746174067,75326.6121119802,39482.0669607038,,23.992236910387874,8.456463506445289,3.6713593509048223,0.001823795959353447,6.655065059661865,1,1,7,0.039976172069038036,1,2,2,7,0.03998315052775141,1,"{""eta"":[{""iter"":1,""solved"":7,""failed"":0,""gap_p90"":0,""cache_hr"":0,""fixed"":1,""unan"":true,""key"":null}],""gamma_LT"":[{""iter"":1,""solved"":7,""failed"":0,""gap_p90"":0,""cache_hr"":100,""fixed"":1,""unan"":false,""key"":""('gamma_LT', ('CTV',""},{""iter"":2,""solved"":7,""failed"":0,""gap_p90"":0,""cache_hr"":57,""fixed"":1,""unan"":true,""key"":null}]}",0.007080469520162467,True,2,OPTIMAL,solution_within_gap,False,,5:1,CTV|5:1,CTV|5|Apr:1;CTV|5|Aug:1;CTV|5|Dec:1;CTV|5|Jan:2;CTV|5|Jul:1;CTV|5|Jun:1;CTV|5|May:1;SOV|5|Dec:1;SOV|5|Feb:1;SOV|5|Jan:1;SOV|5|Mar:1;SOV|5|Nov:1;SOV|5|Oct:1;SOV|5|Sep:1,SOV1|5|Dec:1;SOV1|5|Feb:1;SOV1|5|Jan:1;SOV1|5|Mar:1;SOV1|5|Nov:1;SOV1|5|Oct:1;SOV1|5|Sep:1,30;67;171;235;347;428;461,27aa1acfa7197c4d,200,1-500,501-1500
6,10,16279536.388473786,6672875.0,9606661.38847336,6296250.0,0.0,376625.0,9490942.074630857,75519.39111928079,40199.922723625794,,27.309100988321006,8.16566969268024,4.058582850731909,0.002596505917608738,9.099337100982666,1,1,10,0.03153619904824273,1,2,2,10,0.03992309779717806,1,"{""eta"":[{""iter"":1,""solved"":10,""failed"":0,""gap_p90"":0,""cache_hr"":0,""fixed"":1,""unan"":true,""key"":null}],""gamma_LT"":[{""iter"":1,""solved"":10,""failed"":0,""gap_p90"":0,""cache_hr"":100,""fixed"":1,""unan"":false,""key"":""('gamma_LT', ('CTV',""},{""iter"":2,""solved"":10,""failed"":0,""gap_p90"":0,""cache_hr"":30,""fixed"":1,""unan"":true,""key"":null}]}",0.013836874583959283,True,2,OPTIMAL,solution_within_gap,False,,5:1,,CTV|5|Apr:2;CTV|5|Aug:2;CTV|5|Dec:1;CTV|5|Feb:1;CTV|5|Jan:1;CTV|5|Jul:2;CTV|5|Jun:2;CTV|5|Mar:1;CTV|5|May:2;CTV|5|Nov:1;CTV|5|Oct:1;CTV|5|Sep:1;SOV|5|Dec:1;SOV|5|Feb:1;SOV|5|Jan:1;SOV|5|Mar:1;SOV|5|Nov:1;SOV|5|Oct:1;SOV|5|Sep:1,SOV1|5|Dec:1;SOV1|5|Feb:1;SOV1|5|Jan:1;SOV1|5|Mar:1;SOV1|5|Nov:1;SOV1|5|Oct:1;SOV1|5|Sep:1,39;42;147;150;189;278;302;369;421;484,27aa1acfa7197c4d,200,1-500,501-1500
6,15,17289019.03337665,6618825.0,10670194.033377701,5261250.0,905625.0,451950.0,10555857.492413335,74136.6182397539,40199.922723625816,,41.977905156090856,9.072639871388674,5.121411211788654,0.0038181552663445473,20.802654027938843,1,1,15,0.03969357126320518,1,2,2,15,0.03999616221634285,1,"{""eta"":[{""iter"":1,""solved"":15,""failed"":0,""gap_p90"":0,""cache_hr"":0,""fixed"":1,""unan"":true,""key"":null}],""gamma_LT"":[{""iter"":1,""solved"":15,""failed"":0,""gap_p90"":0,""cache_hr"":100,""fixed"":1,""unan"":false,""key"":""('gamma_LT', ('CTV',""},{""iter"":2,""solved"":15,""failed"":0,""gap_p90"":0,""cache_hr"":53,""fixed"":1,""unan"":true,""key"":null}]}",0.011147806068914946,True,2,OPTIMAL,solution_within_gap,False,,5:1,CTV|5:1,CTV|5|Apr:1;CTV|5|Aug:1;CTV|5|Jul:1;CTV|5|Jun:1;CTV|5|May:1;SOV|5|Dec:1;SOV|5|Feb:1;SOV|5|Jan:1;SOV|5|Mar:1;SOV|5|Nov:1;SOV|5|Oct:1;SOV|5|Sep:1,SOV1|5|Dec:1;SOV1|5|Feb:1;SOV1|5|Jan:1;SOV1|5|Mar:1;SOV1|5|Nov:1;SOV1|5|Oct:1;SOV1|5|Sep:1,44;89;113;149;250;260;263;266;327;357;359;371;391;403;437,27aa1acfa7197c4d,200,1-500,501-1500
6,20,17197563.686718762,6618825.0,10578738.686720628,5261250.0,905625.0,451950.0,10463594.139915975,74944.62407899358,40199.922723625794,,53.820973734371364,10.480318858288229,4.278785157948732,0.005046863108873367,30.62587594985962,1,1,20,0.03835056955404926,1,2,2,20,0.039871417068608576,1,"{""eta"":[{""iter"":1,""solved"":20,""failed"":0,""gap_p90"":0,""cache_hr"":0,""fixed"":1,""unan"":true,""key"":null}],""gamma_LT"":[{""iter"":1,""solved"":20,""failed"":0,""gap_p90"":0,""cache_hr"":100,""fixed"":1,""unan"":false,""key"":""('gamma_LT', ('CTV',""},{""iter"":2,""solved"":20,""failed"":0,""gap_p90"":0,""cache_hr"":60,""fixed"":1,""unan"":true,""key"":null}]}",0.010107651562469169,True,2,OPTIMAL,solution_within_gap,False,,5:1,CTV|5:1,CTV|5|Apr:1;CTV|5|Aug:1;CTV|5|Jul:1;CTV|5|Jun:1;CTV|5|May:1;SOV|5|Dec:1;SOV|5|Feb:1;SOV|5|Jan:1;SOV|5|Mar:1;SOV|5|Nov:1;SOV|5|Oct:1;SOV|5|Sep:1,SOV1|5|Dec:1;SOV1|5|Feb:1;SOV1|5|Jan:1;SOV1|5|Mar:1;SOV1|5|Nov:1;SOV1|5|Oct:1;SOV1|5|Sep:1,8;10;18;35;38;55;121;135;183;242;255;270;273;326;368;373;404;425;459;478,27aa1acfa7197c4d,200,1-500,501-1500
7,1,20729654.11941831,7167375.0,13562279.119418338,6037500.0,0.0,1129875.0,13436127.54740353,88464.14446136604,37687.42755339918,,9.646381775848567,5.676564605906606,0.00022021587938070297,0.00033957045525312424,0.2488420009613037,1,1,1,0.014966717624305844,1,1,2,1,0.014966717624305844,1,"{""eta"":[{""iter"":1,""solved"":1,""failed"":0,""gap_p90"":0,""cache_hr"":0,""fixed"":1,""unan"":true,""key"":null}],""gamma_LT"":[{""iter"":1,""solved"":1,""failed"":0,""gap_p90"":0,""cache_hr"":100,""fixed"":2,""unan"":true,""key"":null}]}",0.0023845416063692677,True,2,OPTIMAL,solution_within_gap,False,,5:1,,CTV|5|Apr:1;CTV|5|Aug:1;CTV|5|Feb:2;CTV|5|Jan:2;CTV|5|Jul:1;CTV|5|Jun:1;CTV|5|Mar:3;CTV|5|May:1;CTV|5|Oct:1;CTV|5|Sep:1;SOV|5|Aug:1;SOV|5|Dec:2;SOV|5|Jul:1;SOV|5|Jun:1;SOV|5|Nov:1;SOV|5|Oct:1,SOV1|5|Aug:1;SOV1|5|Dec:1;SOV1|5|Jul:1;SOV1|5|Jun:1;SOV1|5|Nov:1;SOV1|5|Oct:1;SOV2|5|Dec:1,331,27aa1acfa7197c4d,200,1-500,501-1500
7,3,16195435.207805037,6349150.0,9846285.207805008,4916250.0,905625.0,527275.0,9722979.329244703,88130.94617714205,35174.93238317259,,14.144282219931483,6.821625713258982,1.7256059255450964,0.0008396636694669724,1.2557759284973145,1,1,3,0.034214018703401135,1,2,2,3,0.03999822160524687,1,"{""eta"":[{""iter"":1,""solved"":3,""failed"":0,""gap_p90"":0,""cache_hr"":0,""fixed"":1,""unan"":true,""key"":null}],""gamma_LT"":[{""iter"":1,""solved"":3,""failed"":0,""gap_p90"":0,""cache_hr"":100,""fixed"":1,""unan"":false,""key"":""('gamma_LT', ('CTV',""},{""iter"":2,""solved"":3,""failed"":0,""gap_p90"":0,""cache_hr"":33,""fixed"":1,""unan"":true,""key"":null}]}",0.01783242400113272,True,2,OPTIMAL,solution_within_gap,False,,5:1,CTV|5:1,CTV|5|Apr:1;CTV|5|Aug:1;CTV|5|Dec:1;CTV|5|Jan:1;CTV|5|Jul:1;CTV|5|Jun:1;CTV|5|Mar:1;CTV|5|May:1;CTV|5|Nov:1;SOV|5|Dec:1;SOV|5|Feb:1;SOV|5|Jan:1;SOV|5|Nov:1;SOV|5|Oct:1;SOV|5|Sep:1,SOV1|5|Dec:1;SOV1|5|Feb:1;SOV1|5|Jan:1;SOV1|5|Nov:1;SOV1|5|Oct:1;SOV1|5|Sep:1,112;345;454,27aa1acfa7197c4d,200,1-500,501-1500
7,5,14318707.86078947,5670075.0,8648632.860789074,4312500.0,905625.0,451950.0,8532096.310614342,82366.61586007416,34169.934315081926,,19.449590251781046,8.149213880300522,0.0003360779955983162,0.0012869825586676598,6.426141977310181,1,1,5,0.037898736395414384,1,1,2,5,0.037898736395414384,1,"{""eta"":[{""iter"":1,""solved"":5,""failed"":0,""gap_p90"":0,""cache_hr"":0,""fixed"":1,""unan"":true,""key"":null}],""gamma_LT"":[{""iter"":1,""solved"":5,""failed"":0,""gap_p90"":0,""cache_hr"":100,""fixed"":2,""unan"":true,""key"":null}]}",0.015777433036066563,True,2,OPTIMAL,solution_within_gap,False,,5:1,CTV|5:1,CTV|5|Aug:1;CTV|5|Sep:1;SOV|5|Dec:1;SOV|5|Feb:1;SOV|5|Jan:1;SOV|5|Mar:1;SOV|5|Nov:1;SOV|5|Oct:1,SOV1|5|Dec:1;SOV1|5|Feb:1;SOV1|5|Jan:1;SOV1|5|Mar:1;SOV1|5|Nov:1;SOV1|5|Oct:1,12;35;148;182;500,27aa1acfa7197c4d,200,1-500,501-1500
7,7,18287010.100671727,6618825.0,11668185.100671051,5261250.0,905625.0,451950.0,11553301.162527164,74684.01542097748,40199.922723625685,,21.470646656118333,8.147814352996647,4.777394552715123,0.0018553771078586578,3.3682451248168945,1,1,7,0.039648645229917345,1,2,2,7,0.03975936839386906,1,"{""eta"":[{""iter"":1,""solved"":7,""failed"":0,""gap_p90"":0,""cache_hr"":0,""fixed"":1,""unan"":true,""key"":null}],""gamma_LT"":[{""iter"":1,""solved"":7,""failed"":0,""gap_p90"":0,""cache_hr"":100,""fixed"":1,""unan"":false,""key"":""('gamma_LT', ('CTV',""},{""iter"":2,""solved"":7,""failed"":0,""gap_p90"":0,""cache_hr"":71,""fixed"":1,""unan"":true,""key"":null}]}",0.019853011119758544,True,2,OPTIMAL,solution_within_gap,False,,5:1,CTV|5:1,CTV|5|Apr:1;CTV|5|Aug:1;CTV|5|Jul:1;CTV|5|Jun:1;CTV|5|May:1;SOV|5|Dec:1;SOV|5|Feb:1;SOV|5|Jan:1;SOV|5|Mar:1;SOV|5|Nov:1;SOV|5|Oct:1;SOV|5|Sep:1,SOV1|5|Dec:1;SOV1|5|Feb:1;SOV1|5|Jan:1;SOV1|5|Mar:1;SOV1|5|Nov:1;SOV1|5|Oct:1;SOV1|5|Sep:1,27;94;135;148;198;245;379,27aa1acfa7197c4d,200,1-500,501-1500
7,10,15459554.880152587,6780400.0,8679154.880152138,5347500.0,905625.0,527275.0,8562136.093001172,76818.86442775282,40199.922723625794,,27.99059013929218,8.026402235031128,5.375515811145306,0.0025641219690442085,8.63152289390564,1,1,10,0.03911015315656692,1,2,2,10,0.03955700597913982,1,"{""eta"":[{""iter"":1,""solved"":10,""failed"":0,""gap_p90"":0,""cache_hr"":0,""fixed"":1,""unan"":true,""key"":null}],""gamma_LT"":[{""iter"":1,""solved"":10,""failed"":0,""gap_p90"":0,""cache_hr"":100,""fixed"":1,""unan"":false,""key"":""('gamma_LT', ('CTV',""},{""iter"":2,""solved"":10,""failed"":0,""gap_p90"":0,""cache_hr"":60,""fixed"":1,""unan"":true,""key"":null}]}",0.012739594917846778,True,2,OPTIMAL,solution_within_gap,False,,5:1,CTV|5:1,CTV|5|Apr:1;CTV|5|Aug:1;CTV|5|Dec:1;CTV|5|Jul:1;CTV|5|Jun:1;CTV|5|May:1;SOV|5|Dec:1;SOV|5|Feb:1;SOV|5|Jan:1;SOV|5|Mar:1;SOV|5|Nov:1;SOV|5|Oct:1;SOV|5|Sep:1,SOV1|5|Dec:1;SOV1|5|Feb:1;SOV1|5|Jan:1;SOV1|5|Mar:1;SOV1|5|Nov:1;SOV1|5|Oct:1;SOV1|5|Sep:1,14;52;109;162;164;168;253;360;425;437,27aa1acfa7197c4d,200,1-500,501-1500
7,15,16983317.589951083,6672875.0,10310442.589952156,6296250.0,0.0,376625.0,10195943.051989283,74969.61395031292,39529.92401156537,,41.78528712131083,8.80675788410008,4.2271539978682995,0.0039008473977446556,21.491029977798462,1,1,15,0.03917450495988362,1,2,2,15,0.03999423476739447,1,"{""eta"":[{""iter"":1,""solved"":15,""failed"":0,""gap_p90"":0,""cache_hr"":0,""fixed"":1,""unan"":true,""key"":null}],""gamma_LT"":[{""iter"":1,""solved"":15,""failed"":0,""gap_p90"":0,""cache_hr"":100,""fixed"":1,""unan"":false,""key"":""('gamma_LT', ('CTV',""},{""iter"":2,""solved"":15,""failed"":0,""gap_p90"":0,""cache_hr"":20,""fixed"":1,""unan"":true,""key"":null}]}",0.009070926248134662,True,2,OPTIMAL,solution_within_gap,False,,5:1,,CTV|5|Apr:2;CTV|5|Aug:2;CTV|5|Dec:1;CTV|5|Feb:1;CTV|5|Jan:1;CTV|5|Jul:2;CTV|5|Jun:2;CTV|5|Mar:1;CTV|5|May:2;CTV|5|Nov:1;CTV|5|Oct:1;CTV|5|Sep:1;SOV|5|Dec:1;SOV|5|Feb:1;SOV|5|Jan:1;SOV|5|Mar:1;SOV|5|Nov:1;SOV|5|Oct:1;SOV|5|Sep:1,SOV1|5|Dec:1;SOV1|5|Feb:1;SOV1|5|Jan:1;SOV1|5|Mar:1;SOV1|5|Nov:1;SOV1|5|Oct:1;SOV1|5|Sep:1,24;56;107;173;189;222;294;302;305;310;321;323;343;368;427,27aa1acfa7197c4d,200,1-500,501-1500
7,20,17028017.39452256,6618825.0,10409192.39452435,5261250.0,905625.0,451950.0,10293972.87810579,75019.59369294395,40199.922723625794,,47.851960241794586,9.32677093707025,5.199979321099818,1.807136220857501,22.914307117462158,1,1,20,0.03974836913923097,1,2,2,20,0.039976172069038036,0,"{""eta"":[{""iter"":1,""solved"":20,""failed"":0,""gap_p90"":0,""cache_hr"":0,""fixed"":1,""unan"":true,""key"":null}],""gamma_LT"":[{""iter"":1,""solved"":20,""failed"":0,""gap_p90"":0,""cache_hr"":100,""fixed"":1,""unan"":false,""key"":""('gamma_LT', ('SOV',""},{""iter"":2,""solved"":20,""failed"":0,""gap_p90"":0,""cache_hr"":95,""fixed"":1,""unan"":false,""key"":""('gamma_LT', ('CTV',""}]}",0.006096276442425417,True,2,OPTIMAL,solution_within_gap,False,,5:1,CTV|5:1,CTV|5|Apr:1;CTV|5|Aug:1;CTV|5|Jul:1;CTV|5|Jun:1;CTV|5|May:1;SOV|5|Dec:1;SOV|5|Feb:1;SOV|5|Jan:1;SOV|5|Mar:1;SOV|5|Nov:1;SOV|5|Oct:1;SOV|5|Sep:1,SOV1|5|Dec:1;SOV1|5|Feb:1;SOV1|5|Jan:1;SOV1|5|Mar:1;SOV1|5|Nov:1;SOV1|5|Oct:1;SOV1|5|Sep:1,2;19;20;117;119;185;210;232;296;300;321;326;347;355;371;375;432;461;468;471,27aa1acfa7197c4d,200,1-500,501-1500
8,1,14147240.12177391,3934150.0,10213090.121773947,2501250.0,905625.0,527275.0,10071512.36973549,116452.8003361484,25124.951702266124,,11.324761079624295,7.442055764608085,0.00024673622101545334,0.0003377627581357956,0.11403584480285645,1,1,1,0.01939874967751268,1,1,2,1,0.01939874967751268,1,"{""eta"":[{""iter"":1,""solved"":1,""failed"":0,""gap_p90"":0,""cache_hr"":0,""fixed"":1,""unan"":true,""key"":null}],""gamma_LT"":[{""iter"":1,""solved"":1,""failed"":0,""gap_p90"":0,""cache_hr"":100,""fixed"":2,""unan"":true,""key"":null}]}",0.0059475365635161285,True,2,OPTIMAL,solution_within_gap,False,,5:1,CTV|5:1,CTV|5|Apr:1;CTV|5|Aug:1;CTV|5|Mar:1;CTV|5|Oct:1;CTV|5|Sep:1;SOV|5|Dec:1;SOV|5|Jan:1;SOV|5|Nov:1,SOV1|5|Dec:1;SOV1|5|Jan:1;SOV1|5|Nov:1,373,27aa1acfa7197c4d,200,1-500,501-1500
8,3,13343997.24544118,5023200.0,8320797.24544117,2760000.0,1811250.0,451950.0,8184564.173988877,113620.61492024681,22612.456532039516,,14.689253482967615,8.290827142074704,1.3134305840358138,0.0007785102352499962,0.9450118541717529,1,1,3,0.03999431347978587,1,2,2,3,0.03999431347978587,1,"{""eta"":[{""iter"":1,""solved"":3,""failed"":0,""gap_p90"":0,""cache_hr"":0,""fixed"":1,""unan"":true,""key"":null}],""gamma_LT"":[{""iter"":1,""solved"":3,""failed"":0,""gap_p90"":0,""cache_hr"":100,""fixed"":1,""unan"":false,""key"":""('gamma_LT', ('CTV',""},{""iter"":2,""solved"":3,""failed"":0,""gap_p90"":0,""cache_hr"":33,""fixed"":1,""unan"":true,""key"":null}]}",0.005076163878623742,True,2,OPTIMAL,solution_within_gap,False,,5:1,CTV|5:2,SOV|5|Dec:1;SOV|5|Jan:1;SOV|5|Nov:1;SOV|5|Oct:1,SOV1|5|Dec:1;SOV1|5|Jan:1;SOV1|5|Nov:1;SOV1|5|Oct:1,30;317;492,27aa1acfa7197c4d,200,1-500,501-1500
8,5,15683516.5362387,6618825.0,9064691.536238419,5261250.0,905625.0,451950.0,8949422.040079514,75069.57343557729,40199.922723625794,,18.139199998229742,7.567516345530748,3.3838565899059176,0.0013733962550759315,2.4653279781341553,1,1,5,0.03988528791949379,1,2,2,5,0.03988528791949379,1,"{""eta"":[{""iter"":1,""solved"":5,""failed"":0,""gap_p90"":0,""cache_hr"":0,""fixed"":1,""unan"":true,""key"":null}],""gamma_LT"":[{""iter"":1,""solved"":5,""failed"":0,""gap_p90"":0,""cache_hr"":100,""fixed"":1,""unan"":false,""key"":""('gamma_LT', ('CTV',""},{""iter"":2,""solved"":5,""failed"":0,""gap_p90"":0,""cache_hr"":60,""fixed"":1,""unan"":true,""key"":null}]}",0.019551458263554634,True,2,OPTIMAL,solution_within_gap,False,,5:1,CTV|5:1,CTV|5|Apr:1;CTV|5|Aug:1;CTV|5|Jul:1;CTV|5|Jun:1;CTV|5|May:1;SOV|5|Dec:1;SOV|5|Feb:1;SOV|5|Jan:1;SOV|5|Mar:1;SOV|5|Nov:1;SOV|5|Oct:1;SOV|5|Sep:1,SOV1|5|Dec:1;SOV1|5|Feb:1;SOV1|5|Jan:1;SOV1|5|Mar:1;SOV1|5|Nov:1;SOV1|5|Oct:1;SOV1|5|Sep:1,60;202;274;310;474,27aa1acfa7197c4d,200,1-500,501-1500
8,7,16105415.114946043,6069125.0,10036290.114945231,5692500.0,0.0,376625.0,9912651.038101528,88464.14446136855,35174.93238317249,,19.334338848479092,7.063404261134565,3.451324548572302,0.0018880730494856834,3.4995298385620117,1,1,7,0.039988007455352206,1,2,2,7,0.039994678809810155,1,"{""eta"":[{""iter"":1,""solved"":7,""failed"":0,""gap_p90"":0,""cache_hr"":0,""fixed"":1,""unan"":true,""key"":null}],""gamma_LT"":[{""iter"":1,""solved"":7,""failed"":0,""gap_p90"":0,""cache_hr"":100,""fixed"":1,""unan"":false,""key"":""('gamma_LT', ('CTV',""},{""iter"":2,""solved"":7,""failed"":0,""gap_p90"":0,""cache_hr"":14,""fixed"":1,""unan"":true,""key"":null}]}",0.015260399193866306,True,2,OPTIMAL,solution_within_gap,False,,5:1,,CTV|5|Apr:2;CTV|5|Aug:2;CTV|5|Dec:1;CTV|5|Feb:1;CTV|5|Jan:1;CTV|5|Jul:2;CTV|5|Jun:2;CTV|5|Mar:2;CTV|5|May:2;CTV|5|Nov:1;CTV|5|Oct:1;CTV|5|Sep:1;SOV|5|Dec:1;SOV|5|Feb:1;SOV|5|Jan:1;SOV|5|Nov:1;SOV|5|Oct:1;SOV|5|Sep:1,SOV1|5|Dec:1;SOV1|5|Feb:1;SOV1|5|Jan:1;SOV1|5|Nov:1;SOV1|5|Oct:1;SOV1|5|Sep:1,13;138;212;292;401;432;493,27aa1acfa7197c4d,200,1-500,501-1500
8,10,17259828.290482365,5411325.0,11848503.29048169,4053750.0,905625.0,451950.0,11720551.096928878,99309.74861284706,28642.444940583377,,29.40086077619344,8.52449104283005,3.8979674000293016,0.0018842658028006554,11.084496021270752,1,1,10,0.030177030571531857,1,2,2,10,0.03791054600975424,1,"{""eta"":[{""iter"":1,""solved"":10,""failed"":0,""gap_p90"":0,""cache_hr"":0,""fixed"":1,""unan"":true,""key"":null}],""gamma_LT"":[{""iter"":1,""solved"":10,""failed"":0,""gap_p90"":0,""cache_hr"":100,""fixed"":1,""unan"":false,""key"":""('gamma_LT', ('CTV',""},{""iter"":2,""solved"":10,""failed"":0,""gap_p90"":0,""cache_hr"":70,""fixed"":1,""unan"":true,""key"":null}]}",0.010363740152018578,True,2,OPTIMAL,solution_within_gap,False,,5:1,CTV|5:1,CTV|5|Apr:1;CTV|5|Aug:1;CTV|5|Jul:1;CTV|5|Jun:1;CTV|5|Mar:1;CTV|5|May:1;CTV|5|Sep:1;SOV|5|Dec:1;SOV|5|Feb:1;SOV|5|Jan:1;SOV|5|Nov:1;SOV|5|Oct:1,SOV1|5|Dec:1;SOV1|5|Feb:1;SOV1|5|Jan:1;SOV1|5|Nov:1;SOV1|5|Oct:1,10;16;33;59;135;140;144;148;289;409,27aa1acfa7197c4d,200,1-500,501-1500
8,15,16828219.86102672,5842575.0,10985644.86102787,4485000.0,905625.0,451950.0,10864705.59082034,85931.83750126995,35007.432705157335,,35.82780672144145,7.986493372358382,4.429870381951332,0.003822905942797661,16.394930124282837,1,1,15,0.03955700597913982,1,2,2,15,0.03979863302907533,1,"{""eta"":[{""iter"":1,""solved"":15,""failed"":0,""gap_p90"":0,""cache_hr"":0,""fixed"":1,""unan"":true,""key"":null}],""gamma_LT"":[{""iter"":1,""solved"":15,""failed"":0,""gap_p90"":0,""cache_hr"":100,""fixed"":1,""unan"":false,""key"":""('gamma_LT', ('CTV',""},{""iter"":2,""solved"":15,""failed"":0,""gap_p90"":0,""cache_hr"":53,""fixed"":1,""unan"":true,""key"":null}]}",0.006079742558736474,True,2,OPTIMAL,solution_within_gap,False,,5:1,CTV|5:1,CTV|5|Apr:1;CTV|5|Jun:1;CTV|5|Mar:1;CTV|5|May:1;SOV|5|Dec:1;SOV|5|Feb:1;SOV|5|Jan:1;SOV|5|Nov:1;SOV|5|Oct:1;SOV|5|Sep:1,SOV1|5|Dec:1;SOV1|5|Feb:1;SOV1|5|Jan:1;SOV1|5|Nov:1;SOV1|5|Oct:1;SOV1|5|Sep:1,38;90;131;144;162;174;186;242;273;275;290;301;360;427;434,27aa1acfa7197c4d,200,1-500,501-1500
8,20,16969286.62951213,5411325.0,11557961.629514411,4053750.0,905625.0,451950.0,11429277.975671053,98784.961315188,29898.692525696682,,53.589668648317456,10.180015017278492,4.097565615549684,0.41813412494957447,30.330484867095947,1,1,20,0.03873803572530162,1,2,2,20,0.039555322925464126,0,"{""eta"":[{""iter"":1,""solved"":20,""failed"":0,""gap_p90"":0,""cache_hr"":0,""fixed"":1,""unan"":true,""key"":null}],""gamma_LT"":[{""iter"":1,""solved"":20,""failed"":0,""gap_p90"":0,""cache_hr"":100,""fixed"":1,""unan"":false,""key"":""('gamma_LT', ('CTV',""},{""iter"":2,""solved"":20,""failed"":0,""gap_p90"":0,""cache_hr"":80,""fixed"":1,""unan"":false,""key"":""('gamma_LT', ('SOV',""}]}",0.014734984791225538,True,2,OPTIMAL,solution_within_gap,False,,5:1,CTV|5:1,CTV|5|Apr:1;CTV|5|Aug:1;CTV|5|Jul:1;CTV|5|Jun:1;CTV|5|Mar:1;CTV|5|May:1;CTV|5|Sep:1;SOV|5|Dec:1;SOV|5|Feb:1;SOV|5|Jan:1;SOV|5|Nov:1;SOV|5|Oct:1,SOV1|5|Dec:1;SOV1|5|Feb:1;SOV1|5|Jan:1;SOV1|5|Nov:1;SOV1|5|Oct:1,23;35;45;96;119;169;226;230;237;241;244;247;268;295;309;400;426;432;440;472,27aa1acfa7197c4d,200,1-500,501-1500
9,1,21242000.68091267,5507350.0,15734650.680912722,3622500.0,905625.0,979225.0,15585548.951402131,118951.78746782537,30149.942042719347,,9.856822406873107,6.067591643892229,0.0002369629219174385,0.00033537019044160843,0.12368607521057129,1,1,1,0.016314402445188232,1,1,2,1,0.016314402445188232,1,"{""eta"":[{""iter"":1,""solved"":1,""failed"":0,""gap_p90"":0,""cache_hr"":0,""fixed"":1,""unan"":true,""key"":null}],""gamma_LT"":[{""iter"":1,""solved"":1,""failed"":0,""gap_p90"":0,""cache_hr"":100,""fixed"":2,""unan"":true,""key"":null}]}",0.0055776224932505775,True,2,OPTIMAL,solution_within_gap,False,,5:1,CTV|5:1,CTV|5|Apr:1;CTV|5|Aug:1;CTV|5|Jan:1;CTV|5|Jul:1;CTV|5|Jun:1;CTV|5|Mar:2;CTV|5|May:1;CTV|5|Sep:2;SOV|5|Dec:1;SOV|5|Feb:1;SOV|5|Nov:1;SOV|5|Oct:1,SOV1|5|Dec:1;SOV1|5|Feb:1;SOV1|5|Nov:1;SOV1|5|Oct:1,379,27aa1acfa7197c4d,200,1-500,501-1500
9,3,16258145.679883258,6575700.0,9682445.679883223,6123750.0,0.0,451950.0,9568275.738061976,73970.0190976394,40199.92272362579,,12.144631510600448,6.638790140859783,9.96515154838562e-05,0.0002848803997039795,1.529397964477539,1,1,3,0.03586134011067546,1,1,2,3,0.03586134011067546,1,"{""eta"":[{""iter"":1,""solved"":3,""failed"":0,""gap_p90"":0,""cache_hr"":0,""fixed"":1,""unan"":true,""key"":null}],""gamma_LT"":[{""iter"":1,""solved"":3,""failed"":0,""gap_p90"":0,""cache_hr"":100,""fixed"":2,""unan"":true,""key"":null}]}",0.019771316732668003,True,2,OPTIMAL,solution_within_gap,False,,5:1,,CTV|5|Apr:1;CTV|5|Aug:2;CTV|5|Dec:1;CTV|5|Feb:1;CTV|5|Jan:1;CTV|5|Jul:2;CTV|5|Jun:2;CTV|5|Mar:1;CTV|5|May:2;CTV|5|Oct:1;CTV|5|Sep:1;SOV|5|Dec:1;SOV|5|Feb:1;SOV|5|Jan:1;SOV|5|Mar:1;SOV|5|Nov:1;SOV|5|Oct:1;SOV|5|Sep:1,SOV1|5|Dec:1;SOV1|5|Feb:1;SOV1|5|Jan:1;SOV1|5|Mar:1;SOV1|5|Nov:1;SOV1|5|Oct:1;SOV1|5|Sep:1,74;361;424,27aa1acfa7197c4d,200,1-500,501-1500
9,5,16509358.380654123,6338225.0,10171133.380653774,4830000.0,905625.0,602600.0,10049793.371970743,86165.07630022345,35174.93238317257,,20.46666348632425,7.075472165830433,4.094877651892602,0.7861086260527372,3.913465976715088,1,1,5,0.03951097512729734,1,2,2,5,0.03951097512729734,0,"{""eta"":[{""iter"":1,""solved"":5,""failed"":0,""gap_p90"":0,""cache_hr"":0,""fixed"":1,""unan"":true,""key"":null}],""gamma_LT"":[{""iter"":1,""solved"":5,""failed"":0,""gap_p90"":0,""cache_hr"":100,""fixed"":1,""unan"":false,""key"":""('gamma_LT', ('SOV',""},{""iter"":2,""solved"":5,""failed"":0,""gap_p90"":0,""cache_hr"":80,""fixed"":1,""unan"":false,""key"":""('gamma_LT', ('CTV',""}]}",0.015201364962987995,True,2,OPTIMAL,solution_within_gap,False,,5:1,CTV|5:1,CTV|5|Apr:1;CTV|5|Aug:1;CTV|5|Dec:2;CTV|5|Jul:1;CTV|5|Jun:1;CTV|5|May:1;CTV|5|Sep:1;SOV|5|Dec:1;SOV|5|Feb:1;SOV|5|Jan:1;SOV|5|Mar:1;SOV|5|Nov:1;SOV|5|Oct:1,SOV1|5|Dec:1;SOV1|5|Feb:1;SOV1|5|Jan:1;SOV1|5|Mar:1;SOV1|5|Nov:1;SOV1|5|Oct:1,7;153;296;431;498,27aa1acfa7197c4d,200,1-500,501-1500
9,7,16287801.473084817,6015075.0,10272726.473084051,4657500.0,905625.0,451950.0,10149517.723754104,88392.74482903484,34816.00450171155,,22.856331483460963,7.120204915292561,3.6918084118515253,0.0018125325441360474,6.864627838134766,1,1,7,0.03723452375766678,1,2,2,7,0.03997102841629324,1,"{""eta"":[{""iter"":1,""solved"":7,""failed"":0,""gap_p90"":0,""cache_hr"":0,""fixed"":1,""unan"":true,""key"":null}],""gamma_LT"":[{""iter"":1,""solved"":7,""failed"":0,""gap_p90"":0,""cache_hr"":100,""fixed"":1,""unan"":false,""key"":""('gamma_LT', ('CTV',""},{""iter"":2,""solved"":7,""failed"":0,""gap_p90"":0,""cache_hr"":57,""fixed"":1,""unan"":true,""key"":null}]}",0.004927253267414607,True,2,OPTIMAL,solution_within_gap,False,,5:1,CTV|5:1,CTV|5|Apr:1;CTV|5|Aug:1;CTV|5|Jul:1;CTV|5|Jun:1;CTV|5|May:1;CTV|5|Sep:1;SOV|5|Dec:1;SOV|5|Feb:1;SOV|5|Jan:1;SOV|5|Mar:1;SOV|5|Nov:1;SOV|5|Oct:1,SOV1|5|Dec:1;SOV1|5|Feb:1;SOV1|5|Jan:1;SOV1|5|Mar:1;SOV1|5|Nov:1;SOV1|5|Oct:1,64;117;159;174;271;447;469,27aa1acfa7197c4d,200,1-500,501-1500
9,10,16973582.26803305,5411325.0,11562257.268032378,4053750.0,905625.0,451950.0,11435204.709846962,98410.11324544334,28642.444940583377,,29.41586472466588,7.597025510855019,1.6685964362695813,0.002574298530817032,14.248604774475098,1,1,10,0.031504533684221306,1,2,2,10,0.03988430344034818,1,"{""eta"":[{""iter"":1,""solved"":10,""failed"":0,""gap_p90"":0,""cache_hr"":0,""fixed"":1,""unan"":true,""key"":null}],""gamma_LT"":[{""iter"":1,""solved"":10,""failed"":0,""gap_p90"":0,""cache_hr"":100,""fixed"":1,""unan"":false,""key"":""('gamma_LT', ('CTV',""},{""iter"":2,""solved"":10,""failed"":0,""gap_p90"":0,""cache_hr"":80,""fixed"":1,""unan"":true,""key"":null}]}",0.005211833522768088,True,2,OPTIMAL,solution_within_gap,False,,5:1,CTV|5:1,CTV|5|Apr:1;CTV|5|Aug:1;CTV|5|Jul:1;CTV|5|Jun:1;CTV|5|Mar:1;CTV|5|May:1;CTV|5|Sep:1;SOV|5|Dec:1;SOV|5|Feb:1;SOV|5|Jan:1;SOV|5|Nov:1;SOV|5|Oct:1,SOV1|5|Dec:1;SOV1|5|Feb:1;SOV1|5|Jan:1;SOV1|5|Nov:1;SOV1|5|Oct:1,66;102;112;223;362;390;391;404;448;470,27aa1acfa7197c4d,200,1-500,501-1500
9,15,18903879.977907024,6090400.0,12813479.97790825,4657500.0,905625.0,527275.0,12692707.306842834,85765.23835915815,35007.432705157335,,40.91877139452845,8.518057657405734,3.659674808382988,0.0038274861872196198,21.493251085281372,1,1,15,0.035237397314424976,1,2,2,15,0.03997532451049663,1,"{""eta"":[{""iter"":1,""solved"":15,""failed"":0,""gap_p90"":0,""cache_hr"":0,""fixed"":1,""unan"":true,""key"":null}],""gamma_LT"":[{""iter"":1,""solved"":15,""failed"":0,""gap_p90"":0,""cache_hr"":100,""fixed"":1,""unan"":false,""key"":""('gamma_LT', ('CTV',""},{""iter"":2,""solved"":15,""failed"":0,""gap_p90"":0,""cache_hr"":60,""fixed"":1,""unan"":true,""key"":null}]}",0.012474678391495228,True,2,OPTIMAL,solution_within_gap,False,,5:1,CTV|5:1,CTV|5|Apr:1;CTV|5|Aug:1;CTV|5|Jul:1;CTV|5|Mar:1;CTV|5|May:1;CTV|5|Sep:1;SOV|5|Dec:1;SOV|5|Feb:1;SOV|5|Jan:1;SOV|5|Nov:1;SOV|5|Oct:1;SOV|5|Sep:1,SOV1|5|Dec:1;SOV1|5|Feb:1;SOV1|5|Jan:1;SOV1|5|Nov:1;SOV1|5|Oct:1;SOV1|5|Sep:1,35;52;80;132;171;178;188;208;220;223;309;331;397;424;482,27aa1acfa7197c4d,200,1-500,501-1500
9,20,17217585.47021599,6176650.0,11040935.470218124,4743750.0,905625.0,527275.0,10918597.217483593,87414.56986605954,34923.68286614991,,56.06760483421385,9.409761976450682,6.046003365889192,0.5039710598066449,31.78782296180725,1,1,20,0.037970690243432824,1,2,2,20,0.03963042234058327,0,"{""eta"":[{""iter"":1,""solved"":20,""failed"":0,""gap_p90"":0,""cache_hr"":0,""fixed"":1,""unan"":true,""key"":null}],""gamma_LT"":[{""iter"":1,""solved"":20,""failed"":0,""gap_p90"":0,""cache_hr"":100,""fixed"":1,""unan"":false,""key"":""('gamma_LT', ('CTV',""},{""iter"":2,""solved"":20,""failed"":0,""gap_p90"":0,""cache_hr"":60,""fixed"":1,""unan"":false,""key"":""('gamma_LT', ('SOV',""}]}",0.012617619822793129,True,2,OPTIMAL,solution_within_gap,False,,5:1,CTV|5:1,CTV|5|Apr:1;CTV|5|Aug:1;CTV|5|Jul:1;CTV|5|Jun:1;CTV|5|May:1;CTV|5|Sep:2;SOV|5|Dec:1;SOV|5|Feb:1;SOV|5|Jan:1;SOV|5|Mar:1;SOV|5|Nov:1;SOV|5|Oct:1,SOV1|5|Dec:1;SOV1|5|Feb:1;SOV1|5|Jan:1;SOV1|5|Mar:1;SOV1|5|Nov:1;SOV1|5|Oct:1,12;38;91;113;116;122;132;180;186;188;250;292;297;315;397;405;452;453;457;464,27aa1acfa7197c4d,200,1-500,501-1500
10,1,14104196.1919259,5410175.0,8694021.191925934,3450000.0,905625.0,1054550.0,8553929.324127933,112454.42092546517,27637.446872492736,,10.155347611755133,6.363729332573712,0.0002478407695889473,0.0003300067037343979,0.23663687705993652,1,1,1,0.03877965237270576,1,1,2,1,0.03877965237270576,1,"{""eta"":[{""iter"":1,""solved"":1,""failed"":0,""gap_p90"":0,""cache_hr"":0,""fixed"":1,""unan"":true,""key"":null}],""gamma_LT"":[{""iter"":1,""solved"":1,""failed"":0,""gap_p90"":0,""cache_hr"":100,""fixed"":2,""unan"":true,""key"":null}]}",0.006092334326661249,True,2,OPTIMAL,solution_within_gap,False,,5:1,CTV|5:1,CTV|5|Apr:1;CTV|5|Jul:1;CTV|5|May:1;CTV|5|Nov:3;CTV|5|Oct:2;SOV|5|Feb:1;SOV|5|Jan:1;SOV|5|Mar:1;SOV|5|Sep:1,SOV1|5|Feb:1;SOV1|5|Jan:1;SOV1|5|Mar:1;SOV1|5|Sep:1,187,27aa1acfa7197c4d,200,1-500,501-1500
10,3,21508006.06308053,7740075.0,13767931.063080484,6382500.0,905625.0,451950.0,13669200.80932145,48480.350354534065,50249.903404532175,,14.12066419236362,6.880767151713371,0.0002736598253250122,0.0008054152131080627,3.0040791034698486,1,1,3,0.03499577013464685,1,1,2,3,0.03499577013464685,1,"{""eta"":[{""iter"":1,""solved"":3,""failed"":0,""gap_p90"":0,""cache_hr"":0,""fixed"":1,""unan"":true,""key"":null}],""gamma_LT"":[{""iter"":1,""solved"":3,""failed"":0,""gap_p90"":0,""cache_hr"":100,""fixed"":2,""unan"":true,""key"":null}]}",0.0183698470388432,True,2,OPTIMAL,solution_within_gap,False,,5:1,CTV|5:1,CTV|5|Jul:1;CTV|5|Jun:1;SOV|5|Apr:1;SOV|5|Aug:1;SOV|5|Dec:1;SOV|5|Feb:1;SOV|5|Jan:1;SOV|5|Mar:1;SOV|5|Nov:1;SOV|5|Oct:1;SOV|5|Sep:1,SOV1|5|Apr:1;SOV1|5|Aug:1;SOV1|5|Dec:1;SOV1|5|Feb:1;SOV1|5|Jan:1;SOV1|5|Mar:1;SOV1|5|Nov:1;SOV1|5|Oct:1;SOV1|5|Sep:1,80;412;490,27aa1acfa7197c4d,200,1-500,501-1500
10,5,15425644.13400821,6015075.0,9410569.134007815,4657500.0,905625.0,451950.0,9286030.421796279,89363.77982877025,35174.93238317257,,19.224962044507265,7.788007836788893,4.5201623840257525,0.0013458691537380219,2.2723629474639893,1,1,5,0.03945779997899752,1,2,2,5,0.03995835696418066,1,"{""eta"":[{""iter"":1,""solved"":5,""failed"":0,""gap_p90"":0,""cache_hr"":0,""fixed"":1,""unan"":true,""key"":null}],""gamma_LT"":[{""iter"":1,""solved"":5,""failed"":0,""gap_p90"":0,""cache_hr"":100,""fixed"":1,""unan"":false,""key"":""('gamma_LT', ('CTV',""},{""iter"":2,""solved"":5,""failed"":0,""gap_p90"":0,""cache_hr"":60,""fixed"":1,""unan"":true,""key"":null}]}",0.01671885240547015,True,2,OPTIMAL,solution_within_gap,False,,5:1,CTV|5:1,CTV|5|Apr:1;CTV|5|Aug:1;CTV|5|Jul:1;CTV|5|Jun:1;CTV|5|Mar:1;CTV|5|May:1;SOV|5|Dec:1;SOV|5|Feb:1;SOV|5|Jan:1;SOV|5|Nov:1;SOV|5|Oct:1;SOV|5|Sep:1,SOV1|5|Dec:1;SOV1|5|Feb:1;SOV1|5|Jan:1;SOV1|5|Nov:1;SOV1|5|Oct:1;SOV1|5|Sep:1,38;216;446;475;476,27aa1acfa7197c4d,200,1-500,501-1500
10,7,15925159.08913162,6015075.0,9910084.089130834,4657500.0,905625.0,451950.0,9789449.586004509,86536.3543883605,34098.14873878966,,27.229886728338897,7.00156682357192,3.450419102795422,0.0018319636583328247,11.551531791687012,1,1,7,0.038010507945988446,1,2,2,7,0.03994473506402135,1,"{""eta"":[{""iter"":1,""solved"":7,""failed"":0,""gap_p90"":0,""cache_hr"":0,""fixed"":1,""unan"":true,""key"":null}],""gamma_LT"":[{""iter"":1,""solved"":7,""failed"":0,""gap_p90"":0,""cache_hr"":100,""fixed"":1,""unan"":false,""key"":""('gamma_LT', ('CTV',""},{""iter"":2,""solved"":7,""failed"":0,""gap_p90"":0,""cache_hr"":57,""fixed"":1,""unan"":true,""key"":null}]}",0.006485802031895502,True,2,OPTIMAL,solution_within_gap,False,,5:1,CTV|5:1,CTV|5|Apr:1;CTV|5|Aug:1;CTV|5|Jul:1;CTV|5|Jun:1;CTV|5|May:1;CTV|5|Sep:1;SOV|5|Dec:1;SOV|5|Feb:1;SOV|5|Jan:1;SOV|5|Mar:1;SOV|5|Nov:1;SOV|5|Oct:1,SOV1|5|Dec:1;SOV1|5|Feb:1;SOV1|5|Jan:1;SOV1|5|Mar:1;SOV1|5|Nov:1;SOV1|5|Oct:1,105;196;209;221;374;410;485,27aa1acfa7197c4d,200,1-500,501-1500
10,10,15405827.236709341,6176650.0,9229177.236708809,4743750.0,905625.0,527275.0,9107240.17272201,87264.6306381633,34672.43334912725,,25.699156146496534,7.0127830896526575,2.628882219083607,0.0026330286636948586,10.116936922073364,1,1,10,0.03844246385021212,1,2,2,10,0.03844246385021212,1,"{""eta"":[{""iter"":1,""solved"":10,""failed"":0,""gap_p90"":0,""cache_hr"":0,""fixed"":1,""unan"":true,""key"":null}],""gamma_LT"":[{""iter"":1,""solved"":10,""failed"":0,""gap_p90"":0,""cache_hr"":100,""fixed"":1,""unan"":false,""key"":""('gamma_LT', ('CTV',""},{""iter"":2,""solved"":10,""failed"":0,""gap_p90"":0,""cache_hr"":80,""fixed"":1,""unan"":true,""key"":null}]}",0.01744844736243431,True,2,OPTIMAL,solution_within_gap,False,,5:1,CTV|5:1,CTV|5|Apr:1;CTV|5|Aug:1;CTV|5|Jul:1;CTV|5|Jun:1;CTV|5|Mar:2;CTV|5|May:1;SOV|5|Dec:1;SOV|5|Feb:1;SOV|5|Jan:1;SOV|5|Nov:1;SOV|5|Oct:1;SOV|5|Sep:1,SOV1|5|Dec:1;SOV1|5|Feb:1;SOV1|5|Jan:1;SOV1|5|Nov:1;SOV1|5|Oct:1;SOV1|5|Sep:1,10;11;79;170;182;195;234;291;360;426,27aa1acfa7197c4d,200,1-500,501-1500
10,15,18626115.873607256,6327875.0,12298240.873608518,5951250.0,0.0,376625.0,12174535.157105999,88530.78411821416,35174.93238317245,,33.44434338621795,7.947148332372308,4.5190668581053615,0.003861534409224987,13.816287994384766,1,1,15,0.03774580338094655,1,2,2,15,0.03975115708253156,1,"{""eta"":[{""iter"":1,""solved"":15,""failed"":0,""gap_p90"":0,""cache_hr"":0,""fixed"":1,""unan"":true,""key"":null}],""gamma_LT"":[{""iter"":1,""solved"":15,""failed"":0,""gap_p90"":0,""cache_hr"":100,""fixed"":1,""unan"":false,""key"":""('gamma_LT', ('CTV',""},{""iter"":2,""solved"":15,""failed"":0,""gap_p90"":0,""cache_hr"":33,""fixed"":1,""unan"":true,""key"":null}]}",0.01318212215422938,True,2,OPTIMAL,solution_within_gap,False,,5:1,,CTV|5|Apr:2;CTV|5|Aug:2;CTV|5|Dec:2;CTV|5|Feb:2;CTV|5|Jan:2;CTV|5|Jul:2;CTV|5|Jun:2;CTV|5|Mar:2;CTV|5|May:2;CTV|5|Nov:1;CTV|5|Oct:1;CTV|5|Sep:1;SOV|5|Dec:1;SOV|5|Feb:1;SOV|5|Jan:1;SOV|5|Nov:1;SOV|5|Oct:1;SOV|5|Sep:1,SOV1|5|Dec:1;SOV1|5|Feb:1;SOV1|5|Jan:1;SOV1|5|Nov:1;SOV1|5|Oct:1;SOV1|5|Sep:1,29;78;145;177;212;234;249;251;287;349;354;361;444;470;490,27aa1acfa7197c4d,200,1-500,501-1500
10,20,16975217.186039273,6015075.0,10960142.186041366,4657500.0,905625.0,451950.0,10839106.10822306,86614.89398392332,34421.18383210459,,57.212349033914506,8.799904155544937,6.15564511436969,0.48512780852615833,33.60616898536682,1,1,20,0.0390581337880594,1,2,2,20,0.03957897872866203,0,"{""eta"":[{""iter"":1,""solved"":20,""failed"":0,""gap_p90"":0,""cache_hr"":0,""fixed"":1,""unan"":true,""key"":null}],""gamma_LT"":[{""iter"":1,""solved"":20,""failed"":0,""gap_p90"":0,""cache_hr"":100,""fixed"":1,""unan"":false,""key"":""('gamma_LT', ('CTV',""},{""iter"":2,""solved"":20,""failed"":0,""gap_p90"":0,""cache_hr"":65,""fixed"":1,""unan"":false,""key"":""('gamma_LT', ('SOV',""}]}",0.012279345689632609,True,2,OPTIMAL,solution_within_gap,False,,5:1,CTV|5:1,CTV|5|Apr:1;CTV|5|Aug:1;CTV|5|Jul:1;CTV|5|Jun:1;CTV|5|May:1;CTV|5|Sep:1;SOV|5|Dec:1;SOV|5|Feb:1;SOV|5|Jan:1;SOV|5|Mar:1;SOV|5|Nov:1;SOV|5|Oct:1,SOV1|5|Dec:1;SOV1|5|Feb:1;SOV1|5|Jan:1;SOV1|5|Mar:1;SOV1|5|Nov:1;SOV1|5|Oct:1,9;15;16;28;43;47;69;89;128;154;189;196;203;220;324;361;452;457;472;499,27aa1acfa7197c4d,200,1-500,501-1500
11,1,18030481.489593934,7157025.0,10873456.489593972,5347500.0,905625.0,903900.0,10767283.306594033,65973.26027627311,40199.922723625794,,9.223076057620347,5.369044837541878,0.00023885536938905716,0.00033245328813791275,0.27315711975097656,1,1,1,0.023879169513177367,1,1,2,1,0.023879169513177367,1,"{""eta"":[{""iter"":1,""solved"":1,""failed"":0,""gap_p90"":0,""cache_hr"":0,""fixed"":1,""unan"":true,""key"":null}],""gamma_LT"":[{""iter"":1,""solved"":1,""failed"":0,""gap_p90"":0,""cache_hr"":100,""fixed"":2,""unan"":true,""key"":null}]}",0.0018503017220189851,True,2,OPTIMAL,solution_within_gap,False,,5:1,CTV|5:1,CTV|5|Apr:1;CTV|5|Dec:2;CTV|5|Jul:1;CTV|5|Jun:1;CTV|5|May:1;SOV|5|Aug:1;SOV|5|Feb:1;SOV|5|Jan:1;SOV|5|Mar:1;SOV|5|Nov:1;SOV|5|Oct:1;SOV|5|Sep:1,SOV1|5|Aug:1;SOV1|5|Feb:1;SOV1|5|Jan:1;SOV1|5|Mar:1;SOV1|5|Nov:1;SOV1|5|Oct:1;SOV1|5|Sep:1,47,27aa1acfa7197c4d,200,1-500,501-1500
11,3,16611831.417488271,5066325.0,11545506.417488243,3708750.0,905625.0,451950.0,11418062.576452237,97293.89899329066,30149.942042719373,,14.81476807873696,6.7700080424547195,2.6794122830033302,0.000815938226878643,1.435642957687378,1,1,3,0.039465418184236246,1,2,2,3,0.039465418184236246,1,"{""eta"":[{""iter"":1,""solved"":3,""failed"":0,""gap_p90"":0,""cache_hr"":0,""fixed"":1,""unan"":true,""key"":null}],""gamma_LT"":[{""iter"":1,""solved"":3,""failed"":0,""gap_p90"":0,""cache_hr"":100,""fixed"":1,""unan"":false,""key"":""('gamma_LT', ('CTV',""},{""iter"":2,""solved"":3,""failed"":0,""gap_p90"":0,""cache_hr"":67,""fixed"":1,""unan"":true,""key"":null}]}",0.007870823360308522,True,2,OPTIMAL,solution_within_gap,False,,5:1,CTV|5:1,CTV|5|Aug:1;CTV|5|Jul:1;CTV|5|Jun:1;SOV|5|Dec:1;SOV|5|Jan:1;SOV|5|Nov:1;SOV|5|Oct:1;SOV|5|Sep:1,SOV1|5|Dec:1;SOV1|5|Jan:1;SOV1|5|Nov:1;SOV1|5|Oct:1;SOV1|5|Sep:1,14;106;430,27aa1acfa7197c4d,200,1-500,501-1500
11,5,15145569.266674861,6176650.0,8968919.266674457,4743750.0,905625.0,527275.0,8846179.825197723,87564.50909396287,35174.93238317257,,16.01728986762464,6.437946964986622,2.2108090557157993,0.0013292031362652779,2.663508176803589,1,1,5,0.03988528791949379,1,2,2,5,0.03988528791949379,1,"{""eta"":[{""iter"":1,""solved"":5,""failed"":0,""gap_p90"":0,""cache_hr"":0,""fixed"":1,""unan"":true,""key"":null}],""gamma_LT"":[{""iter"":1,""solved"":5,""failed"":0,""gap_p90"":0,""cache_hr"":100,""fixed"":1,""unan"":false,""key"":""('gamma_LT', ('CTV',""},{""iter"":2,""solved"":5,""failed"":0,""gap_p90"":0,""cache_hr"":60,""fixed"":1,""unan"":true,""key"":null}]}",0.014063899326831582,True,2,OPTIMAL,solution_within_gap,False,,5:1,CTV|5:1,CTV|5|Apr:1;CTV|5|Aug:1;CTV|5|Feb:1;CTV|5|Jan:1;CTV|5|Jun:1;CTV|5|Mar:1;CTV|5|May:1;SOV|5|Dec:1;SOV|5|Feb:1;SOV|5|Jan:1;SOV|5|Nov:1;SOV|5|Oct:1;SOV|5|Sep:1,SOV1|5|Dec:1;SOV1|5|Feb:1;SOV1|5|Jan:1;SOV1|5|Nov:1;SOV1|5|Oct:1;SOV1|5|Sep:1,28;122;417;418;474,27aa1acfa7197c4d,200,1-500,501-1500
11,7,17555658.79881942,6015075.0,11540583.798818646,4657500.0,905625.0,451950.0,11418301.314989273,87107.55144702957,35174.93238317249,,18.508630582131445,7.626227856613696,1.838411076925695,0.0018395045772194862,3.881756067276001,1,1,7,0.03958609278332072,1,2,2,7,0.039707499528986855,1,"{""eta"":[{""iter"":1,""solved"":7,""failed"":0,""gap_p90"":0,""cache_hr"":0,""fixed"":1,""unan"":true,""key"":null}],""gamma_LT"":[{""iter"":1,""solved"":7,""failed"":0,""gap_p90"":0,""cache_hr"":100,""fixed"":1,""unan"":false,""key"":""('gamma_LT', ('CTV',""},{""iter"":2,""solved"":7,""failed"":0,""gap_p90"":0,""cache_hr"":71,""fixed"":1,""unan"":true,""key"":null}]}",0.008597195948445506,True,2,OPTIMAL,solution_within_gap,False,,5:1,CTV|5:1,CTV|5|Apr:1;CTV|5|Aug:1;CTV|5|Jul:1;CTV|5|Jun:1;CTV|5|May:1;CTV|5|Sep:1;SOV|5|Dec:1;SOV|5|Feb:1;SOV|5|Jan:1;SOV|5|Mar:1;SOV|5|Nov:1;SOV|5|Oct:1,SOV1|5|Dec:1;SOV1|5|Feb:1;SOV1|5|Jan:1;SOV1|5|Mar:1;SOV1|5|Nov:1;SOV1|5|Oct:1,16;81;228;302;314;387;409,27aa1acfa7197c4d,200,1-500,501-1500
11,10,15824685.26819007,5842575.0,9982110.268189527,4485000.0,905625.0,451950.0,9859821.995200455,87364.59012343045,34923.68286614991,,29.436920545995235,7.888860474340618,5.248025510460138,0.40454965364187956,9.768986940383911,1,1,10,0.03789947655742137,1,2,2,10,0.039855434202326026,0,"{""eta"":[{""iter"":1,""solved"":10,""failed"":0,""gap_p90"":0,""cache_hr"":0,""fixed"":1,""unan"":true,""key"":null}],""gamma_LT"":[{""iter"":1,""solved"":10,""failed"":0,""gap_p90"":0,""cache_hr"":100,""fixed"":1,""unan"":false,""key"":""('gamma_LT', ('CTV',""},{""iter"":2,""solved"":10,""failed"":0,""gap_p90"":0,""cache_hr"":50,""fixed"":1,""unan"":false,""key"":""('gamma_LT', ('SOV',""}]}",0.004817467640060281,True,2,OPTIMAL,solution_within_gap,False,,5:1,CTV|5:1,CTV|5|Apr:1;CTV|5|Jun:1;CTV|5|Mar:1;CTV|5|May:1;SOV|5|Dec:1;SOV|5|Feb:1;SOV|5|Jan:1;SOV|5|Nov:1;SOV|5|Oct:1;SOV|5|Sep:1,SOV1|5|Dec:1;SOV1|5|Feb:1;SOV1|5|Jan:1;SOV1|5|Nov:1;SOV1|5|Oct:1;SOV1|5|Sep:1,25;118;255;266;277;315;354;384;414;415,27aa1acfa7197c4d,200,1-500,501-1500
11,15,16394668.258944355,6069125.0,10325543.25894553,5692500.0,0.0,376625.0,10203738.573734911,86964.75218236317,34839.93302714222,,38.55651664081961,9.299145503900945,6.337981819175184,0.0038974517956376076,15.50612211227417,1,1,15,0.0365816470625909,1,2,2,15,0.039858958724810115,1,"{""eta"":[{""iter"":1,""solved"":15,""failed"":0,""gap_p90"":0,""cache_hr"":0,""fixed"":1,""unan"":true,""key"":null}],""gamma_LT"":[{""iter"":1,""solved"":15,""failed"":0,""gap_p90"":0,""cache_hr"":100,""fixed"":1,""unan"":false,""key"":""('gamma_LT', ('CTV',""},{""iter"":2,""solved"":15,""failed"":0,""gap_p90"":0,""cache_hr"":27,""fixed"":1,""unan"":true,""key"":null}]}",0.01598380596708469,True,2,OPTIMAL,solution_within_gap,False,,5:1,,CTV|5|Apr:2;CTV|5|Aug:2;CTV|5|Dec:1;CTV|5|Feb:1;CTV|5|Jan:1;CTV|5|Jul:2;CTV|5|Jun:2;CTV|5|Mar:2;CTV|5|May:2;CTV|5|Nov:1;CTV|5|Oct:1;CTV|5|Sep:1;SOV|5|Dec:1;SOV|5|Feb:1;SOV|5|Jan:1;SOV|5|Nov:1;SOV|5|Oct:1;SOV|5|Sep:1,SOV1|5|Dec:1;SOV1|5|Feb:1;SOV1|5|Jan:1;SOV1|5|Nov:1;SOV1|5|Oct:1;SOV1|5|Sep:1,3;54;68;74;91;129;133;250;287;366;375;414;445;450;477,27aa1acfa7197c4d,200,1-500,501-1500
11,20,18647660.35959641,7384150.0,11263510.359597856,5951250.0,905625.0,527275.0,11156136.311969228,62274.759321393045,45099.28830556769,,48.82599904201925,9.320101370103657,3.760594556108117,1.146339351311326,26.707252025604248,1,1,20,0.03757474735367732,1,2,2,20,0.03965065178556337,0,"{""eta"":[{""iter"":1,""solved"":20,""failed"":0,""gap_p90"":0,""cache_hr"":0,""fixed"":1,""unan"":true,""key"":null}],""gamma_LT"":[{""iter"":1,""solved"":20,""failed"":0,""gap_p90"":0,""cache_hr"":100,""fixed"":1,""unan"":false,""key"":""('gamma_LT', ('SOV',""},{""iter"":2,""solved"":20,""failed"":0,""gap_p90"":0,""cache_hr"":95,""fixed"":1,""unan"":false,""key"":""('gamma_LT', ('CTV',""}]}",0.017881414817928813,True,2,OPTIMAL,solution_within_gap,False,,5:1,CTV|5:1,CTV|5|Apr:1;CTV|5|Dec:1;CTV|5|Jul:1;CTV|5|Jun:1;CTV|5|May:1;SOV|5|Aug:1;SOV|5|Dec:1;SOV|5|Feb:1;SOV|5|Jan:1;SOV|5|Mar:1;SOV|5|Nov:1;SOV|5|Oct:1;SOV|5|Sep:1,SOV1|5|Aug:1;SOV1|5|Dec:1;SOV1|5|Feb:1;SOV1|5|Jan:1;SOV1|5|Mar:1;SOV1|5|Nov:1;SOV1|5|Oct:1;SOV1|5|Sep:1,13;40;47;89;118;130;136;168;210;240;302;306;352;366;391;392;393;405;471;497,27aa1acfa7197c4d,200,1-500,501-1500
12,1,23101041.7169683,6510725.0,16590316.716968339,5002500.0,905625.0,602600.0,16466177.842697423,88963.94188770143,35174.93238317257,,10.337133772671223,6.105733120813966,0.0002122819423675537,0.00035145971924066544,0.23762893676757812,1,1,1,0.03592256255374284,1,1,2,1,0.03592256255374284,1,"{""eta"":[{""iter"":1,""solved"":1,""failed"":0,""gap_p90"":0,""cache_hr"":0,""fixed"":1,""unan"":true,""key"":null}],""gamma_LT"":[{""iter"":1,""solved"":1,""failed"":0,""gap_p90"":0,""cache_hr"":100,""fixed"":2,""unan"":true,""key"":null}]}",0.003204786768982459,True,2,OPTIMAL,solution_within_gap,False,,5:1,CTV|5:1,CTV|5|Apr:1;CTV|5|Aug:1;CTV|5|Jul:3;CTV|5|Jun:3;CTV|5|Mar:1;CTV|5|May:1;SOV|5|Dec:1;SOV|5|Feb:1;SOV|5|Jan:1;SOV|5|Nov:1;SOV|5|Oct:1;SOV|5|Sep:1,SOV1|5|Dec:1;SOV1|5|Feb:1;SOV1|5|Jan:1;SOV1|5|Nov:1;SOV1|5|Oct:1;SOV1|5|Sep:1,236,27aa1acfa7197c4d,200,1-500,501-1500
12,3,13689209.194088502,5422250.0,8266959.194088473,4140000.0,905625.0,376625.0,8149484.285502083,82299.97620322906,35174.93238317259,,13.508941700682044,7.064910298213363,0.0002694427967071533,0.0008060755208134651,2.0122830867767334,1,1,3,0.03864665544678718,1,1,2,3,0.03864665544678718,1,"{""eta"":[{""iter"":1,""solved"":3,""failed"":0,""gap_p90"":0,""cache_hr"":0,""fixed"":1,""unan"":true,""key"":null}],""gamma_LT"":[{""iter"":1,""solved"":3,""failed"":0,""gap_p90"":0,""cache_hr"":100,""fixed"":2,""unan"":true,""key"":null}]}",0.0028409793106089383,True,2,OPTIMAL,solution_within_gap,False,,5:1,CTV|5:1,SOV|5|Dec:1;SOV|5|Feb:1;SOV|5|Jan:1;SOV|5|Mar:1;SOV|5|Nov:1;SOV|5|Oct:1,SOV1|5|Dec:1;SOV1|5|Feb:1;SOV1|5|Jan:1;SOV1|5|Mar:1;SOV1|5|Nov:1;SOV1|5|Oct:1,60;184;311,27aa1acfa7197c4d,200,1-500,501-1500
12,5,13910296.768989228,5626950.0,8283346.768989456,5175000.0,0.0,451950.0,8151937.868370976,101258.95857555329,30149.942042719344,,17.301987644284964,7.728915709070861,3.1564215729013085,0.001328708603978157,1.2436840534210205,1,1,5,0.039845484039972234,1,2,2,5,0.039996080027394444,1,"{""eta"":[{""iter"":1,""solved"":5,""failed"":0,""gap_p90"":0,""cache_hr"":0,""fixed"":1,""unan"":true,""key"":null}],""gamma_LT"":[{""iter"":1,""solved"":5,""failed"":0,""gap_p90"":0,""cache_hr"":100,""fixed"":1,""unan"":false,""key"":""('gamma_LT', ('CTV',""},{""iter"":2,""solved"":5,""failed"":0,""gap_p90"":0,""cache_hr"":20,""fixed"":1,""unan"":true,""key"":null}]}",0.019834642623494794,True,2,OPTIMAL,solution_within_gap,False,,5:1,,CTV|5|Apr:2;CTV|5|Aug:2;CTV|5|Dec:2;CTV|5|Feb:1;CTV|5|Jan:1;CTV|5|Jul:2;CTV|5|Jun:2;CTV|5|Mar:2;CTV|5|May:2;CTV|5|Nov:1;CTV|5|Oct:1;CTV|5|Sep:2;SOV|5|Dec:1;SOV|5|Feb:1;SOV|5|Jan:1;SOV|5|Nov:1;SOV|5|Oct:1,SOV1|5|Dec:1;SOV1|5|Feb:1;SOV1|5|Jan:1;SOV1|5|Nov:1;SOV1|5|Oct:1,89;120;174;216;280,27aa1acfa7197c4d,200,1-500,501-1500
12,7,16663029.646193227,5670075.0,10992954.646192338,4312500.0,905625.0,451950.0,10862061.75264759,101101.87938442147,29791.01416125835,,18.724527097307146,6.936537245288491,3.0971349384635687,0.0016454337164759636,3.3074951171875,1,1,7,0.03807591623049466,1,2,2,7,0.03995286593026844,1,"{""eta"":[{""iter"":1,""solved"":7,""failed"":0,""gap_p90"":0,""cache_hr"":0,""fixed"":1,""unan"":true,""key"":null}],""gamma_LT"":[{""iter"":1,""solved"":7,""failed"":0,""gap_p90"":0,""cache_hr"":100,""fixed"":1,""unan"":false,""key"":""('gamma_LT', ('CTV',""},{""iter"":2,""solved"":7,""failed"":0,""gap_p90"":0,""cache_hr"":71,""fixed"":1,""unan"":true,""key"":null}]}",0.019009354692095432,True,2,OPTIMAL,solution_within_gap,False,,5:1,CTV|5:1,CTV|5|Apr:1;CTV|5|Aug:1;CTV|5|Dec:1;CTV|5|Feb:1;CTV|5|Jan:1;CTV|5|Jul:1;CTV|5|Jun:1;CTV|5|Mar:1;CTV|5|May:1;CTV|5|Sep:1;SOV|5|Dec:1;SOV|5|Feb:1;SOV|5|Jan:1;SOV|5|Nov:1;SOV|5|Oct:1,SOV1|5|Dec:1;SOV1|5|Feb:1;SOV1|5|Jan:1;SOV1|5|Nov:1;SOV1|5|Oct:1,5;115;116;145;251;343;391,27aa1acfa7197c4d,200,1-500,501-1500
12,10,15782792.9045173,6262900.0,9519892.904516712,4830000.0,905625.0,527275.0,9395956.650824603,89263.82034350489,34672.43334912725,,23.437494290061295,7.58885551802814,3.330954995006323,0.0025481097400188446,6.278779029846191,1,1,10,0.036960440690831875,1,2,2,10,0.039274677279111936,1,"{""eta"":[{""iter"":1,""solved"":10,""failed"":0,""gap_p90"":0,""cache_hr"":0,""fixed"":1,""unan"":true,""key"":null}],""gamma_LT"":[{""iter"":1,""solved"":10,""failed"":0,""gap_p90"":0,""cache_hr"":100,""fixed"":1,""unan"":false,""key"":""('gamma_LT', ('CTV',""},{""iter"":2,""solved"":10,""failed"":0,""gap_p90"":0,""cache_hr"":70,""fixed"":1,""unan"":true,""key"":null}]}",0.019049424066510293,True,2,OPTIMAL,solution_within_gap,False,,5:1,CTV|5:1,CTV|5|Apr:1;CTV|5|Aug:1;CTV|5|Dec:1;CTV|5|Jan:1;CTV|5|Jul:1;CTV|5|Jun:1;CTV|5|Mar:1;CTV|5|May:1;SOV|5|Dec:1;SOV|5|Feb:1;SOV|5|Jan:1;SOV|5|Nov:1;SOV|5|Oct:1;SOV|5|Sep:1,SOV1|5|Dec:1;SOV1|5|Feb:1;SOV1|5|Jan:1;SOV1|5|Nov:1;SOV1|5|Oct:1;SOV1|5|Sep:1,105;162;164;168;219;233;253;337;432;447,27aa1acfa7197c4d,200,1-500,501-1500
12,15,17830351.25444758,6015075.0,11815276.2544488,4657500.0,905625.0,451950.0,11693938.046836099,86498.27458445013,34839.93302714222,,43.66710288170725,8.557657828554511,3.172830831259489,0.0038400571793317795,24.661502838134766,1,1,15,0.03970367699290638,1,2,2,15,0.03974060939455259,1,"{""eta"":[{""iter"":1,""solved"":15,""failed"":0,""gap_p90"":0,""cache_hr"":0,""fixed"":1,""unan"":true,""key"":null}],""gamma_LT"":[{""iter"":1,""solved"":15,""failed"":0,""gap_p90"":0,""cache_hr"":100,""fixed"":1,""unan"":false,""key"":""('gamma_LT', ('CTV',""},{""iter"":2,""solved"":15,""failed"":0,""gap_p90"":0,""cache_hr"":80,""fixed"":1,""unan"":true,""key"":null}]}",0.008218699158613677,True,2,OPTIMAL,solution_within_gap,False,,5:1,CTV|5:1,CTV|5|Apr:1;CTV|5|Aug:1;CTV|5|Jul:1;CTV|5|Jun:1;CTV|5|May:1;CTV|5|Sep:1;SOV|5|Dec:1;SOV|5|Feb:1;SOV|5|Jan:1;SOV|5|Mar:1;SOV|5|Nov:1;SOV|5|Oct:1,SOV1|5|Dec:1;SOV1|5|Feb:1;SOV1|5|Jan:1;SOV1|5|Mar:1;SOV1|5|Nov:1;SOV1|5|Oct:1,47;139;173;182;185;198;209;275;306;336;393;408;431;463;468,27aa1acfa7197c4d,200,1-500,501-1500
12,20,17745528.497210845,6618825.0,11126703.497212734,5261250.0,905625.0,451950.0,11011658.909893317,74844.6645937265,40199.922723625794,,45.65861797053367,9.599770219065249,4.114098139107227,0.005073750391602516,23.305657863616943,1,1,20,0.038861330641410216,1,2,2,20,0.03932038750850332,1,"{""eta"":[{""iter"":1,""solved"":20,""failed"":0,""gap_p90"":0,""cache_hr"":0,""fixed"":1,""unan"":true,""key"":null}],""gamma_LT"":[{""iter"":1,""solved"":20,""failed"":0,""gap_p90"":0,""cache_hr"":100,""fixed"":1,""unan"":false,""key"":""('gamma_LT', ('CTV',""},{""iter"":2,""solved"":20,""failed"":0,""gap_p90"":0,""cache_hr"":65,""fixed"":1,""unan"":true,""key"":null}]}",0.012954925039520544,True,2,OPTIMAL,solution_within_gap,False,,5:1,CTV|5:1,CTV|5|Apr:1;CTV|5|Aug:1;CTV|5|Jul:1;CTV|5|Jun:1;CTV|5|May:1;SOV|5|Dec:1;SOV|5|Feb:1;SOV|5|Jan:1;SOV|5|Mar:1;SOV|5|Nov:1;SOV|5|Oct:1;SOV|5|Sep:1,SOV1|5|Dec:1;SOV1|5|Feb:1;SOV1|5|Jan:1;SOV1|5|Mar:1;SOV1|5|Nov:1;SOV1|5|Oct:1;SOV1|5|Sep:1,35;63;99;138;153;166;202;206;253;275;318;322;369;382;385;417;422;423;433;467,27aa1acfa7197c4d,200,1-500,501-1500
13,1,11093336.243523717,5141650.0,5951686.243523724,3708750.0,905625.0,527275.0,5824075.803345583,97460.49813540318,30149.942042719347,,11.29497492313385,6.969499389640987,0.00023225229233503342,0.0003344649448990822,0.27312707901000977,1,1,1,0.018240305610703587,1,1,2,1,0.018240305610703587,1,"{""eta"":[{""iter"":1,""solved"":1,""failed"":0,""gap_p90"":0,""cache_hr"":0,""fixed"":1,""unan"":true,""key"":null}],""gamma_LT"":[{""iter"":1,""solved"":1,""failed"":0,""gap_p90"":0,""cache_hr"":100,""fixed"":2,""unan"":true,""key"":null}]}",0.00032626442462271654,True,2,OPTIMAL,solution_within_gap,False,,5:1,CTV|5:1,CTV|5|Jul:1;CTV|5|Jun:1;CTV|5|Sep:1;SOV|5|Dec:1;SOV|5|Feb:1;SOV|5|Jan:1;SOV|5|Nov:1;SOV|5|Oct:1,SOV1|5|Dec:1;SOV1|5|Feb:1;SOV1|5|Jan:1;SOV1|5|Nov:1;SOV1|5|Oct:1,140,27aa1acfa7197c4d,200,1-500,501-1500
13,3,16917929.98596324,6607900.0,10310029.985963197,5175000.0,905625.0,527275.0,10198858.828699963,70971.23453962708,40199.92272362579,,13.43258854188025,7.158137408085167,0.0002142013981938362,0.0006338972598314285,1.8496778011322021,1,1,3,0.03341127069362501,1,1,2,3,0.03341127069362501,1,"{""eta"":[{""iter"":1,""solved"":3,""failed"":0,""gap_p90"":0,""cache_hr"":0,""fixed"":1,""unan"":true,""key"":null}],""gamma_LT"":[{""iter"":1,""solved"":3,""failed"":0,""gap_p90"":0,""cache_hr"":100,""fixed"":2,""unan"":true,""key"":null}]}",0.018327275507326383,True,2,OPTIMAL,solution_within_gap,False,,5:1,CTV|5:1,CTV|5|Apr:1;CTV|5|Dec:1;CTV|5|Jun:1;CTV|5|May:1;SOV|5|Dec:1;SOV|5|Feb:1;SOV|5|Jan:1;SOV|5|Mar:1;SOV|5|Nov:1;SOV|5|Oct:1;SOV|5|Sep:1,SOV1|5|Dec:1;SOV1|5|Feb:1;SOV1|5|Jan:1;SOV1|5|Mar:1;SOV1|5|Nov:1;SOV1|5|Oct:1;SOV1|5|Sep:1,115;232;287,27aa1acfa7197c4d,200,1-500,501-1500
13,5,16165562.699463852,6618825.0,9546737.699463535,5261250.0,905625.0,451950.0,9432567.7576426,73970.0190976393,40199.922723625794,,14.7474670028314,6.754509842954576,1.3538664523512125,0.0013443715870380402,1.6830971240997314,1,1,5,0.027992207711700794,1,2,2,5,0.0399201644043786,1,"{""eta"":[{""iter"":1,""solved"":5,""failed"":0,""gap_p90"":0,""cache_hr"":0,""fixed"":1,""unan"":true,""key"":null}],""gamma_LT"":[{""iter"":1,""solved"":5,""failed"":0,""gap_p90"":0,""cache_hr"":100,""fixed"":1,""unan"":false,""key"":""('gamma_LT', ('CTV',""},{""iter"":2,""solved"":5,""failed"":0,""gap_p90"":0,""cache_hr"":80,""fixed"":1,""unan"":true,""key"":null}]}",0.018660973124225072,True,2,OPTIMAL,solution_within_gap,False,,5:1,CTV|5:1,CTV|5|Apr:1;CTV|5|Aug:1;CTV|5|Jul:1;CTV|5|Jun:1;CTV|5|May:1;SOV|5|Dec:1;SOV|5|Feb:1;SOV|5|Jan:1;SOV|5|Mar:1;SOV|5|Nov:1;SOV|5|Oct:1;SOV|5|Sep:1,SOV1|5|Dec:1;SOV1|5|Feb:1;SOV1|5|Jan:1;SOV1|5|Mar:1;SOV1|5|Nov:1;SOV1|5|Oct:1;SOV1|5|Sep:1,78;135;258;303;395,27aa1acfa7197c4d,200,1-500,501-1500
13,7,15719946.163829137,6618825.0,9101121.163828459,5261250.0,905625.0,451950.0,8987315.939048743,75041.01358264567,38764.211197781915,,22.821034394204617,7.2708017425611615,4.607509674504399,0.0018236059695482254,5.561925888061523,1,1,7,0.039216614712525466,1,2,2,7,0.03993745090720964,1,"{""eta"":[{""iter"":1,""solved"":7,""failed"":0,""gap_p90"":0,""cache_hr"":0,""fixed"":1,""unan"":true,""key"":null}],""gamma_LT"":[{""iter"":1,""solved"":7,""failed"":0,""gap_p90"":0,""cache_hr"":100,""fixed"":1,""unan"":false,""key"":""('gamma_LT', ('CTV',""},{""iter"":2,""solved"":7,""failed"":0,""gap_p90"":0,""cache_hr"":43,""fixed"":1,""unan"":true,""key"":null}]}",0.005365151463232115,True,2,OPTIMAL,solution_within_gap,False,,5:1,CTV|5:1,CTV|5|Apr:1;CTV|5|Aug:1;CTV|5|Jul:1;CTV|5|Jun:1;CTV|5|May:1;SOV|5|Dec:1;SOV|5|Feb:1;SOV|5|Jan:1;SOV|5|Mar:1;SOV|5|Nov:1;SOV|5|Oct:1;SOV|5|Sep:1,SOV1|5|Dec:1;SOV1|5|Feb:1;SOV1|5|Jan:1;SOV1|5|Mar:1;SOV1|5|Nov:1;SOV1|5|Oct:1;SOV1|5|Sep:1,9;125;251;263;296;302;425,27aa1acfa7197c4d,200,1-500,501-1500
13,10,17124478.57411637,6618825.0,10505653.574115938,5261250.0,905625.0,451950.0,10390084.199501334,75369.45189138007,40199.922723625794,,22.510908163152635,8.032311954535544,3.008684741333127,0.002631034702062607,5.25585412979126,1,1,10,0.03951097512729734,1,2,2,10,0.03974060939455259,1,"{""eta"":[{""iter"":1,""solved"":10,""failed"":0,""gap_p90"":0,""cache_hr"":0,""fixed"":1,""unan"":true,""key"":null}],""gamma_LT"":[{""iter"":1,""solved"":10,""failed"":0,""gap_p90"":0,""cache_hr"":100,""fixed"":1,""unan"":false,""key"":""('gamma_LT', ('CTV',""},{""iter"":2,""solved"":10,""failed"":0,""gap_p90"":0,""cache_hr"":60,""fixed"":1,""unan"":true,""key"":null}]}",0.013935382627575326,True,2,OPTIMAL,solution_within_gap,False,,5:1,CTV|5:1,CTV|5|Apr:1;CTV|5|Aug:1;CTV|5|Jul:1;CTV|5|Jun:1;CTV|5|May:1;SOV|5|Dec:1;SOV|5|Feb:1;SOV|5|Jan:1;SOV|5|Mar:1;SOV|5|Nov:1;SOV|5|Oct:1;SOV|5|Sep:1,SOV1|5|Dec:1;SOV1|5|Feb:1;SOV1|5|Jan:1;SOV1|5|Mar:1;SOV1|5|Nov:1;SOV1|5|Oct:1;SOV1|5|Sep:1,48;84;101;112;182;210;266;334;426;431,27aa1acfa7197c4d,200,1-500,501-1500
13,15,17316252.7715548,6015075.0,11301177.771555979,4657500.0,905625.0,451950.0,11179710.787309097,87464.54960869854,34002.43463706666,,44.809596318751574,8.183076670393348,5.254246857017279,0.49532878026366234,23.583391904830933,1,1,15,0.03986444938051683,1,2,2,15,0.03986444938051683,0,"{""eta"":[{""iter"":1,""solved"":15,""failed"":0,""gap_p90"":0,""cache_hr"":0,""fixed"":1,""unan"":true,""key"":null}],""gamma_LT"":[{""iter"":1,""solved"":15,""failed"":0,""gap_p90"":0,""cache_hr"":100,""fixed"":1,""unan"":false,""key"":""('gamma_LT', ('CTV',""},{""iter"":2,""solved"":15,""failed"":0,""gap_p90"":0,""cache_hr"":67,""fixed"":1,""unan"":false,""key"":""('gamma_LT', ('SOV',""}]}",0.0036804275459491613,True,2,OPTIMAL,solution_within_gap,False,,5:1,CTV|5:1,CTV|5|Apr:1;CTV|5|Aug:1;CTV|5|Jul:1;CTV|5|Jun:1;CTV|5|Mar:1;CTV|5|May:1;SOV|5|Dec:1;SOV|5|Feb:1;SOV|5|Jan:1;SOV|5|Nov:1;SOV|5|Oct:1;SOV|5|Sep:1,SOV1|5|Dec:1;SOV1|5|Feb:1;SOV1|5|Jan:1;SOV1|5|Nov:1;SOV1|5|Oct:1;SOV1|5|Sep:1,84;134;141;159;203;206;233;284;286;345;354;377;416;417;458,27aa1acfa7197c4d,200,1-500,501-1500
13,20,19604308.0574623,6705075.0,12899233.05746419,5347500.0,905625.0,451950.0,12778915.607296912,80117.52744156399,40199.922723625794,,45.380903852172196,8.741165454499424,2.1755903093144298,0.0050364406779408455,26.213454008102417,1,1,20,0.03958609278332072,1,2,2,20,0.03966727198163776,1,"{""eta"":[{""iter"":1,""solved"":20,""failed"":0,""gap_p90"":0,""cache_hr"":0,""fixed"":1,""unan"":true,""key"":null}],""gamma_LT"":[{""iter"":1,""solved"":20,""failed"":0,""gap_p90"":0,""cache_hr"":100,""fixed"":1,""unan"":false,""key"":""('gamma_LT', ('CTV',""},{""iter"":2,""solved"":20,""failed"":0,""gap_p90"":0,""cache_hr"":90,""fixed"":1,""unan"":true,""key"":null}]}",0.012970689409275224,True,2,OPTIMAL,solution_within_gap,False,,5:1,CTV|5:1,CTV|5|Apr:1;CTV|5|Aug:1;CTV|5|Jul:1;CTV|5|Jun:1;CTV|5|Mar:1;CTV|5|May:1;SOV|5|Dec:1;SOV|5|Feb:1;SOV|5|Jan:1;SOV|5|Mar:1;SOV|5|Nov:1;SOV|5|Oct:1;SOV|5|Sep:1,SOV1|5|Dec:1;SOV1|5|Feb:1;SOV1|5|Jan:1;SOV1|5|Mar:1;SOV1|5|Nov:1;SOV1|5|Oct:1;SOV1|5|Sep:1,15;29;62;91;94;158;181;184;192;218;228;242;286;290;318;351;379;389;412;476,27aa1acfa7197c4d,200,1-500,501-1500
14,1,15103543.262141202,5184775.0,9918768.262141243,2846250.0,1811250.0,527275.0,9776190.915250115,117452.3951888192,25124.951702266124,,10.403139664791524,6.3306506825610995,0.00022122077643871307,0.00037043169140815735,0.23987913131713867,1,1,1,0.038921885364045956,1,1,2,1,0.038921885364045956,1,"{""eta"":[{""iter"":1,""solved"":1,""failed"":0,""gap_p90"":0,""cache_hr"":0,""fixed"":1,""unan"":true,""key"":null}],""gamma_LT"":[{""iter"":1,""solved"":1,""failed"":0,""gap_p90"":0,""cache_hr"":100,""fixed"":2,""unan"":true,""key"":null}]}",0.005414835969628732,True,2,OPTIMAL,solution_within_gap,False,,5:1,CTV|5:2,CTV|5|Nov:1;SOV|5|Dec:1;SOV|5|Feb:1;SOV|5|Jan:1;SOV|5|Mar:1,SOV1|5|Dec:1;SOV1|5|Feb:1;SOV1|5|Jan:1;SOV1|5|Mar:1,48,27aa1acfa7197c4d,200,1-500,501-1500
14,3,14397419.604017641,6618825.0,7778594.604017606,5261250.0,905625.0,451950.0,7663258.468201576,75136.21309242194,40199.92272362579,,13.476962143555284,7.993830659426749,0.0002697836607694626,0.0008088564500212669,1.2414970397949219,1,1,3,0.039787288493673786,1,1,2,3,0.039787288493673786,1,"{""eta"":[{""iter"":1,""solved"":3,""failed"":0,""gap_p90"":0,""cache_hr"":0,""fixed"":1,""unan"":true,""key"":null}],""gamma_LT"":[{""iter"":1,""solved"":3,""failed"":0,""gap_p90"":0,""cache_hr"":100,""fixed"":2,""unan"":true,""key"":null}]}",0.010905866013894252,True,2,OPTIMAL,solution_within_gap,False,,5:1,CTV|5:1,CTV|5|Apr:1;CTV|5|Aug:1;CTV|5|Jul:1;CTV|5|Jun:1;CTV|5|May:1;SOV|5|Dec:1;SOV|5|Feb:1;SOV|5|Jan:1;SOV|5|Mar:1;SOV|5|Nov:1;SOV|5|Oct:1;SOV|5|Sep:1,SOV1|5|Dec:1;SOV1|5|Feb:1;SOV1|5|Jan:1;SOV1|5|Mar:1;SOV1|5|Nov:1;SOV1|5|Oct:1;SOV1|5|Sep:1,252;384;422,27aa1acfa7197c4d,200,1-500,501-1500
14,5,15713240.401526835,5411325.0,10301915.401526362,4053750.0,905625.0,451950.0,10173216.213441642,100559.24217868363,28139.945906538054,,18.152993119321764,8.633974306285381,2.8312263460829854,0.0013638455420732498,1.899557113647461,1,1,5,0.03999221857273756,1,2,2,5,0.03999221857273756,1,"{""eta"":[{""iter"":1,""solved"":5,""failed"":0,""gap_p90"":0,""cache_hr"":0,""fixed"":1,""unan"":true,""key"":null}],""gamma_LT"":[{""iter"":1,""solved"":5,""failed"":0,""gap_p90"":0,""cache_hr"":100,""fixed"":1,""unan"":false,""key"":""('gamma_LT', ('CTV',""},{""iter"":2,""solved"":5,""failed"":0,""gap_p90"":0,""cache_hr"":80,""fixed"":1,""unan"":true,""key"":null}]}",0.008917075022376706,True,2,OPTIMAL,solution_within_gap,False,,5:1,CTV|5:1,CTV|5|Apr:1;CTV|5|Aug:1;CTV|5|Feb:1;CTV|5|Jul:1;CTV|5|Jun:1;CTV|5|Mar:1;CTV|5|May:1;SOV|5|Dec:1;SOV|5|Jan:1;SOV|5|Nov:1;SOV|5|Oct:1;SOV|5|Sep:1,SOV1|5|Dec:1;SOV1|5|Jan:1;SOV1|5|Nov:1;SOV1|5|Oct:1;SOV1|5|Sep:1,78;142;317;373;394,27aa1acfa7197c4d,200,1-500,501-1500
14,7,18601005.56716553,6004150.0,12596855.567164714,4571250.0,905625.0,527275.0,12474787.282232363,86893.35255002868,35174.93238317249,,19.434925860725343,8.439200933091342,0.00039951689541339874,0.0017581237480044365,5.614586114883423,1,1,7,0.037889732442315256,1,1,2,7,0.037889732442315256,1,"{""eta"":[{""iter"":1,""solved"":7,""failed"":0,""gap_p90"":0,""cache_hr"":0,""fixed"":1,""unan"":true,""key"":null}],""gamma_LT"":[{""iter"":1,""solved"":7,""failed"":0,""gap_p90"":0,""cache_hr"":100,""fixed"":2,""unan"":true,""key"":null}]}",0.019613555144029415,True,2,OPTIMAL,solution_within_gap,False,,5:1,CTV|5:1,CTV|5|Aug:1;CTV|5|Jul:1;CTV|5|Jun:1;CTV|5|Mar:1;CTV|5|May:1;SOV|5|Dec:1;SOV|5|Feb:1;SOV|5|Jan:1;SOV|5|Nov:1;SOV|5|Oct:1;SOV|5|Sep:1,SOV1|5|Dec:1;SOV1|5|Feb:1;SOV1|5|Jan:1;SOV1|5|Nov:1;SOV1|5|Oct:1;SOV1|5|Sep:1,54;261;286;385;442;472;481,27aa1acfa7197c4d,200,1-500,501-1500
14,10,17160662.63688936,6618825.0,10541837.636888908,5261250.0,905625.0,451950.0,10427274.611146256,75619.35060454783,38943.67513851249,,30.640112434513867,8.029737936332822,2.533286643214524,0.0026191389188170433,14.083956003189087,1,1,10,0.038299280732909384,1,2,2,10,0.039973739998991,1,"{""eta"":[{""iter"":1,""solved"":10,""failed"":0,""gap_p90"":0,""cache_hr"":0,""fixed"":1,""unan"":true,""key"":null}],""gamma_LT"":[{""iter"":1,""solved"":10,""failed"":0,""gap_p90"":0,""cache_hr"":100,""fixed"":1,""unan"":false,""key"":""('gamma_LT', ('CTV',""},{""iter"":2,""solved"":10,""failed"":0,""gap_p90"":0,""cache_hr"":40,""fixed"":1,""unan"":true,""key"":null}]}",0.007255794430123052,True,2,OPTIMAL,solution_within_gap,False,,5:1,CTV|5:1,CTV|5|Apr:1;CTV|5|Aug:1;CTV|5|Jul:1;CTV|5|Jun:1;CTV|5|May:1;SOV|5|Dec:1;SOV|5|Feb:1;SOV|5|Jan:1;SOV|5|Mar:1;SOV|5|Nov:1;SOV|5|Oct:1;SOV|5|Sep:1,SOV1|5|Dec:1;SOV1|5|Feb:1;SOV1|5|Jan:1;SOV1|5|Mar:1;SOV1|5|Nov:1;SOV1|5|Oct:1;SOV1|5|Sep:1,6;115;180;187;322;366;380;428;446;450,27aa1acfa7197c4d,200,1-500,501-1500
14,15,19236847.27408377,7265125.0,11971722.274084827,5606250.0,905625.0,753250.0,11856052.939983554,75469.41137664832,40199.922723625816,,43.13552042655647,8.871983801014721,5.7431363901123405,0.8902258351445198,20.291775941848755,1,1,15,0.039648645229917345,1,2,2,15,0.039648645229917345,0,"{""eta"":[{""iter"":1,""solved"":15,""failed"":0,""gap_p90"":0,""cache_hr"":0,""fixed"":1,""unan"":true,""key"":null}],""gamma_LT"":[{""iter"":1,""solved"":15,""failed"":0,""gap_p90"":0,""cache_hr"":100,""fixed"":1,""unan"":false,""key"":""('gamma_LT', ('SOV',""},{""iter"":2,""solved"":15,""failed"":0,""gap_p90"":0,""cache_hr"":93,""fixed"":1,""unan"":false,""key"":""('gamma_LT', ('CTV',""}]}",0.00848043651930233,True,2,OPTIMAL,solution_within_gap,False,,5:1,CTV|5:1,CTV|5|Apr:1;CTV|5|Aug:1;CTV|5|Dec:4;CTV|5|Jul:1;CTV|5|Jun:1;CTV|5|May:1;SOV|5|Dec:1;SOV|5|Feb:1;SOV|5|Jan:1;SOV|5|Mar:1;SOV|5|Nov:1;SOV|5|Oct:1;SOV|5|Sep:1,SOV1|5|Dec:1;SOV1|5|Feb:1;SOV1|5|Jan:1;SOV1|5|Mar:1;SOV1|5|Nov:1;SOV1|5|Oct:1;SOV1|5|Sep:1,34;48;57;194;198;200;266;284;319;326;338;366;424;446;461,27aa1acfa7197c4d,200,1-500,501-1500
14,20,16951818.984435257,6618825.0,10332993.984437061,5261250.0,905625.0,451950.0,10218174.305959549,74619.7557518756,40199.922723625794,,49.40960406512022,9.556494896300137,3.5352385388687253,0.0051520150154829025,28.106652975082397,1,1,20,0.038299280732909384,1,2,2,20,0.03967818922705009,1,"{""eta"":[{""iter"":1,""solved"":20,""failed"":0,""gap_p90"":0,""cache_hr"":0,""fixed"":1,""unan"":true,""key"":null}],""gamma_LT"":[{""iter"":1,""solved"":20,""failed"":0,""gap_p90"":0,""cache_hr"":100,""fixed"":1,""unan"":false,""key"":""('gamma_LT', ('CTV',""},{""iter"":2,""solved"":20,""failed"":0,""gap_p90"":0,""cache_hr"":70,""fixed"":1,""unan"":true,""key"":null}]}",0.004127894090649604,True,2,OPTIMAL,solution_within_gap,False,,5:1,CTV|5:1,CTV|5|Apr:1;CTV|5|Aug:1;CTV|5|Jul:1;CTV|5|Jun:1;CTV|5|May:1;SOV|5|Dec:1;SOV|5|Feb:1;SOV|5|Jan:1;SOV|5|Mar:1;SOV|5|Nov:1;SOV|5|Oct:1;SOV|5|Sep:1,SOV1|5|Dec:1;SOV1|5|Feb:1;SOV1|5|Jan:1;SOV1|5|Mar:1;SOV1|5|Nov:1;SOV1|5|Oct:1;SOV1|5|Sep:1,6;12;19;52;53;86;117;139;154;160;187;204;218;268;316;339;400;418;424;489,27aa1acfa7197c4d,200,1-500,501-1500
15,1,12190348.904481145,4235450.0,7954898.90448117,2501250.0,905625.0,828575.0,7791343.573722518,140942.8742265828,22612.456532039512,,9.406828702427447,5.492257718928158,0.00024661049246788025,0.0003396766260266304,0.20906615257263184,1,1,1,0.02401172161914357,1,1,2,1,0.02401172161914357,1,"{""eta"":[{""iter"":1,""solved"":1,""failed"":0,""gap_p90"":0,""cache_hr"":0,""fixed"":1,""unan"":true,""key"":null}],""gamma_LT"":[{""iter"":1,""solved"":1,""failed"":0,""gap_p90"":0,""cache_hr"":100,""fixed"":2,""unan"":true,""key"":null}]}",0.006861698986093307,True,2,OPTIMAL,solution_within_gap,False,,5:1,CTV|5:1,CTV|5|Apr:1;CTV|5|Aug:2;CTV|5|Dec:3;CTV|5|Feb:1;CTV|5|Jan:3;CTV|5|Mar:1;CTV|5|May:2;SOV|5|Nov:1;SOV|5|Oct:1,SOV1|5|Nov:1;SOV1|5|Oct:1,196,27aa1acfa7197c4d,200,1-500,501-1500
15,3,14648545.42701931,5993225.0,8655320.427019281,4485000.0,905625.0,602600.0,8528002.661009746,89630.33845614818,37687.42755339919,,13.579573608003557,6.951579408720136,1.280950398184359,0.000815611332654953,1.0554709434509277,1,1,3,0.035453185261554304,1,2,2,3,0.039708151832841376,1,"{""eta"":[{""iter"":1,""solved"":3,""failed"":0,""gap_p90"":0,""cache_hr"":0,""fixed"":1,""unan"":true,""key"":null}],""gamma_LT"":[{""iter"":1,""solved"":3,""failed"":0,""gap_p90"":0,""cache_hr"":100,""fixed"":1,""unan"":false,""key"":""('gamma_LT', ('CTV',""},{""iter"":2,""solved"":3,""failed"":0,""gap_p90"":0,""cache_hr"":67,""fixed"":1,""unan"":true,""key"":null}]}",0.013939652190941454,True,2,OPTIMAL,solution_within_gap,False,,5:1,CTV|5:1,CTV|5|Aug:1;CTV|5|Jul:1;CTV|5|Mar:1;CTV|5|May:1;SOV|5|Dec:1;SOV|5|Feb:1;SOV|5|Jan:1;SOV|5|Nov:1;SOV|5|Oct:1;SOV|5|Sep:1,SOV1|5|Dec:1;SOV1|5|Feb:1;SOV1|5|Jan:1;SOV1|5|Nov:1;SOV1|5|Oct:1;SOV1|5|Sep:1,129;165;169,27aa1acfa7197c4d,200,1-500,501-1500
15,5,15729755.900616605,6780400.0,8949355.900616327,5347500.0,905625.0,527275.0,8834786.120854288,74369.8570387076,40199.922723625794,,21.23121996410191,7.1428867457434535,5.063900152221322,0.0013470165431499481,4.039517164230347,1,1,5,0.03999221857273756,1,2,2,5,0.03999221857273756,1,"{""eta"":[{""iter"":1,""solved"":5,""failed"":0,""gap_p90"":0,""cache_hr"":0,""fixed"":1,""unan"":true,""key"":null}],""gamma_LT"":[{""iter"":1,""solved"":5,""failed"":0,""gap_p90"":0,""cache_hr"":100,""fixed"":1,""unan"":false,""key"":""('gamma_LT', ('CTV',""},{""iter"":2,""solved"":5,""failed"":0,""gap_p90"":0,""cache_hr"":60,""fixed"":1,""unan"":true,""key"":null}]}",0.016862012501169865,True,2,OPTIMAL,solution_within_gap,False,,5:1,CTV|5:1,CTV|5|Apr:1;CTV|5|Aug:1;CTV|5|Dec:1;CTV|5|Jul:1;CTV|5|Jun:1;CTV|5|May:1;SOV|5|Dec:1;SOV|5|Feb:1;SOV|5|Jan:1;SOV|5|Mar:1;SOV|5|Nov:1;SOV|5|Oct:1;SOV|5|Sep:1,SOV1|5|Dec:1;SOV1|5|Feb:1;SOV1|5|Jan:1;SOV1|5|Mar:1;SOV1|5|Nov:1;SOV1|5|Oct:1;SOV1|5|Sep:1,10;151;317;413;494,27aa1acfa7197c4d,200,1-500,501-1500
15,7,17029299.71052013,6618825.0,10410474.71051941,5261250.0,905625.0,451950.0,10294805.37641987,75469.41137664748,40199.922723625685,,22.016752088442445,7.545615910552442,4.448250441811979,0.4654655894264579,4.181149005889893,1,1,7,0.039845484039972234,1,2,2,7,0.039845484039972234,0,"{""eta"":[{""iter"":1,""solved"":7,""failed"":0,""gap_p90"":0,""cache_hr"":0,""fixed"":1,""unan"":true,""key"":null}],""gamma_LT"":[{""iter"":1,""solved"":7,""failed"":0,""gap_p90"":0,""cache_hr"":100,""fixed"":1,""unan"":false,""key"":""('gamma_LT', ('SOV',""},{""iter"":2,""solved"":7,""failed"":0,""gap_p90"":0,""cache_hr"":86,""fixed"":1,""unan"":false,""key"":""('gamma_LT', ('CTV',""}]}",0.01901577682912589,True,2,OPTIMAL,solution_within_gap,False,,5:1,CTV|5:1,CTV|5|Apr:1;CTV|5|Aug:1;CTV|5|Jul:1;CTV|5|Jun:1;CTV|5|May:1;SOV|5|Dec:1;SOV|5|Feb:1;SOV|5|Jan:1;SOV|5|Mar:1;SOV|5|Nov:1;SOV|5|Oct:1;SOV|5|Sep:1,SOV1|5|Dec:1;SOV1|5|Feb:1;SOV1|5|Jan:1;SOV1|5|Mar:1;SOV1|5|Nov:1;SOV1|5|Oct:1;SOV1|5|Sep:1,89;154;202;224;256;374;498,27aa1acfa7197c4d,200,1-500,501-1500
15,10,15974417.376386167,6262900.0,9711517.37638554,4830000.0,905625.0,527275.0,9585688.646492658,92412.54412941806,33416.18576401394,,30.543972146697342,7.48101528827101,2.1649090126156807,0.002638869918882847,14.879760026931763,1,1,10,0.036960440690831875,1,2,2,10,0.03999581428313741,1,"{""eta"":[{""iter"":1,""solved"":10,""failed"":0,""gap_p90"":0,""cache_hr"":0,""fixed"":1,""unan"":true,""key"":null}],""gamma_LT"":[{""iter"":1,""solved"":10,""failed"":0,""gap_p90"":0,""cache_hr"":100,""fixed"":1,""unan"":false,""key"":""('gamma_LT', ('CTV',""},{""iter"":2,""solved"":10,""failed"":0,""gap_p90"":0,""cache_hr"":70,""fixed"":1,""unan"":true,""key"":null}]}",0.01750563142712054,True,2,OPTIMAL,solution_within_gap,False,,5:1,CTV|5:1,CTV|5|Apr:1;CTV|5|Aug:1;CTV|5|Dec:1;CTV|5|Jul:1;CTV|5|Jun:1;CTV|5|Mar:1;CTV|5|May:1;CTV|5|Sep:1;SOV|5|Dec:1;SOV|5|Feb:1;SOV|5|Jan:1;SOV|5|Nov:1;SOV|5|Oct:1;SOV|5|Sep:1,SOV1|5|Dec:1;SOV1|5|Feb:1;SOV1|5|Jan:1;SOV1|5|Nov:1;SOV1|5|Oct:1;SOV1|5|Sep:1,37;47;189;211;257;350;426;447;454;460,27aa1acfa7197c4d,200,1-500,501-1500
15,15,17226734.021442983,6015075.0,11211659.021444192,4657500.0,905625.0,451950.0,11089354.538807232,87464.5496086986,34839.93302714222,,41.81006838660687,9.693289352580905,6.462842231616378,0.2941042799502611,17.90282893180847,1,1,15,0.03941431387565151,1,2,2,15,0.039922272682027714,0,"{""eta"":[{""iter"":1,""solved"":15,""failed"":0,""gap_p90"":0,""cache_hr"":0,""fixed"":1,""unan"":true,""key"":null}],""gamma_LT"":[{""iter"":1,""solved"":15,""failed"":0,""gap_p90"":0,""cache_hr"":100,""fixed"":1,""unan"":false,""key"":""('gamma_LT', ('CTV',""},{""iter"":2,""solved"":15,""failed"":0,""gap_p90"":0,""cache_hr"":53,""fixed"":1,""unan"":false,""key"":""('gamma_LT', ('SOV',""}]}",0.006143792224364602,True,2,OPTIMAL,solution_within_gap,False,,5:1,CTV|5:1,CTV|5|Apr:1;CTV|5|Aug:1;CTV|5|Jul:1;CTV|5|Jun:1;CTV|5|Mar:1;CTV|5|May:1;SOV|5|Dec:1;SOV|5|Feb:1;SOV|5|Jan:1;SOV|5|Nov:1;SOV|5|Oct:1;SOV|5|Sep:1,SOV1|5|Dec:1;SOV1|5|Feb:1;SOV1|5|Jan:1;SOV1|5|Nov:1;SOV1|5|Oct:1;SOV1|5|Sep:1,25;66;94;100;102;193;195;299;350;376;392;423;433;445;483,27aa1acfa7197c4d,200,1-500,501-1500
15,20,15823891.02961375,7222575.0,8601316.029615322,5865000.0,905625.0,451950.0,8494191.880699793,62024.860608225325,45099.28830556769,,48.536647226661444,9.863894948735833,3.6801524022594094,0.004247605800628662,26.436847925186157,1,1,20,0.039725225470101384,1,2,2,20,0.039787288493673786,1,"{""eta"":[{""iter"":1,""solved"":20,""failed"":0,""gap_p90"":0,""cache_hr"":0,""fixed"":1,""unan"":true,""key"":null}],""gamma_LT"":[{""iter"":1,""solved"":20,""failed"":0,""gap_p90"":0,""cache_hr"":100,""fixed"":1,""unan"":false,""key"":""('gamma_LT', ('CTV',""},{""iter"":2,""solved"":20,""failed"":0,""gap_p90"":0,""cache_hr"":75,""fixed"":1,""unan"":true,""key"":null}]}",0.01667537206839028,True,2,OPTIMAL,solution_within_gap,False,,5:1,CTV|5:1,CTV|5|Aug:1;CTV|5|Jul:1;CTV|5|Jun:1;CTV|5|May:1;SOV|5|Apr:1;SOV|5|Dec:1;SOV|5|Feb:1;SOV|5|Jan:1;SOV|5|Mar:1;SOV|5|Nov:1;SOV|5|Oct:1;SOV|5|Sep:1,SOV1|5|Apr:1;SOV1|5|Dec:1;SOV1|5|Feb:1;SOV1|5|Jan:1;SOV1|5|Mar:1;SOV1|5|Nov:1;SOV1|5|Oct:1;SOV1|5|Sep:1,34;62;125;129;150;158;170;181;198;212;222;250;252;271;285;335;360;396;418;496,27aa1acfa7197c4d,200,1-500,501-1500
16,1,19038480.50960718,5885700.0,13152780.50960722,5433750.0,0.0,451950.0,13031640.419894317,85965.15732968907,35174.93238317257,,9.065742681734264,5.104671283625066,0.00021122023463249207,0.0003320882096886635,0.22835397720336914,1,1,1,0.022782601128794044,1,1,2,1,0.022782601128794044,1,"{""eta"":[{""iter"":1,""solved"":1,""failed"":0,""gap_p90"":0,""cache_hr"":0,""fixed"":1,""unan"":true,""key"":null}],""gamma_LT"":[{""iter"":1,""solved"":1,""failed"":0,""gap_p90"":0,""cache_hr"":100,""fixed"":2,""unan"":true,""key"":null}]}",0.002567769824842945,True,2,OPTIMAL,solution_within_gap,False,,5:1,,CTV|5|Apr:2;CTV|5|Aug:2;CTV|5|Dec:1;CTV|5|Jul:2;CTV|5|Jun:2;CTV|5|Mar:1;CTV|5|May:2;CTV|5|Nov:1;CTV|5|Oct:1;CTV|5|Sep:1;SOV|5|Dec:1;SOV|5|Feb:1;SOV|5|Jan:1;SOV|5|Nov:1;SOV|5|Oct:1;SOV|5|Sep:1,SOV1|5|Dec:1;SOV1|5|Feb:1;SOV1|5|Jan:1;SOV1|5|Nov:1;SOV1|5|Oct:1;SOV1|5|Sep:1,249,27aa1acfa7197c4d,200,1-500,501-1500
16,3,15726884.327799931,6651025.0,9075859.327799901,6123750.0,0.0,527275.0,8960689.791125983,74969.61395031013,40199.92272362579,,15.410165718756616,7.745939512737095,1.9355160938575864,0.0008535878732800484,1.4553680419921875,1,1,3,0.02474736851877763,1,2,2,3,0.03984631226877855,1,"{""eta"":[{""iter"":1,""solved"":3,""failed"":0,""gap_p90"":0,""cache_hr"":0,""fixed"":1,""unan"":true,""key"":null}],""gamma_LT"":[{""iter"":1,""solved"":3,""failed"":0,""gap_p90"":0,""cache_hr"":100,""fixed"":1,""unan"":false,""key"":""('gamma_LT', ('CTV',""},{""iter"":2,""solved"":3,""failed"":0,""gap_p90"":0,""cache_hr"":33,""fixed"":1,""unan"":true,""key"":null}]}",0.01977587997078908,True,2,OPTIMAL,solution_within_gap,False,,5:1,,CTV|5|Apr:2;CTV|5|Aug:1;CTV|5|Dec:2;CTV|5|Feb:1;CTV|5|Jan:1;CTV|5|Jul:2;CTV|5|Jun:2;CTV|5|Mar:1;CTV|5|May:2;CTV|5|Sep:1;SOV|5|Dec:1;SOV|5|Feb:1;SOV|5|Jan:1;SOV|5|Mar:1;SOV|5|Nov:1;SOV|5|Oct:1;SOV|5|Sep:1,SOV1|5|Dec:1;SOV1|5|Feb:1;SOV1|5|Jan:1;SOV1|5|Mar:1;SOV1|5|Nov:1;SOV1|5|Oct:1;SOV1|5|Sep:1,200;255;256,27aa1acfa7197c4d,200,1-500,501-1500
16,5,16512019.329680867,6586625.0,9925394.329680553,6210000.0,0.0,376625.0,9813831.439299686,72870.46475970137,38692.42562148983,,19.370718558318913,8.072440221905708,3.229527283459902,0.001237812452018261,3.269408941268921,1,1,5,0.03967818922705009,1,2,2,5,0.03999723216642974,1,"{""eta"":[{""iter"":1,""solved"":5,""failed"":0,""gap_p90"":0,""cache_hr"":0,""fixed"":1,""unan"":true,""key"":null}],""gamma_LT"":[{""iter"":1,""solved"":5,""failed"":0,""gap_p90"":0,""cache_hr"":100,""fixed"":1,""unan"":false,""key"":""('gamma_LT', ('CTV',""},{""iter"":2,""solved"":5,""failed"":0,""gap_p90"":0,""cache_hr"":20,""fixed"":1,""unan"":true,""key"":null}]}",0.007665761565513172,True,2,OPTIMAL,solution_within_gap,False,,5:1,,CTV|5|Apr:2;CTV|5|Aug:1;CTV|5|Dec:1;CTV|5|Feb:1;CTV|5|Jan:1;CTV|5|Jul:2;CTV|5|Jun:2;CTV|5|Mar:1;CTV|5|May:2;CTV|5|Nov:1;CTV|5|Oct:1;CTV|5|Sep:1;SOV|5|Dec:1;SOV|5|Feb:1;SOV|5|Jan:1;SOV|5|Mar:1;SOV|5|Nov:1;SOV|5|Oct:1;SOV|5|Sep:1,SOV1|5|Dec:1;SOV1|5|Feb:1;SOV1|5|Jan:1;SOV1|5|Mar:1;SOV1|5|Nov:1;SOV1|5|Oct:1;SOV1|5|Sep:1,80;160;327;334;402,27aa1acfa7197c4d,200,1-500,501-1500
16,7,16326231.45684963,6015075.0,10311156.456848858,4657500.0,905625.0,451950.0,10189516.569710486,86464.95475602687,35174.93238317249,,19.342728367075324,7.945089902728796,0.0004740515723824501,0.0018088147044181824,6.063386917114258,1,1,7,0.03970367699290638,1,1,2,7,0.03970367699290638,1,"{""eta"":[{""iter"":1,""solved"":7,""failed"":0,""gap_p90"":0,""cache_hr"":0,""fixed"":1,""unan"":true,""key"":null}],""gamma_LT"":[{""iter"":1,""solved"":7,""failed"":0,""gap_p90"":0,""cache_hr"":100,""fixed"":2,""unan"":true,""key"":null}]}",0.009000898987468867,True,2,OPTIMAL,solution_within_gap,False,,5:1,CTV|5:1,CTV|5|Apr:1;CTV|5|Aug:1;CTV|5|Jul:1;CTV|5|Jun:1;CTV|5|May:1;CTV|5|Sep:1;SOV|5|Dec:1;SOV|5|Feb:1;SOV|5|Jan:1;SOV|5|Mar:1;SOV|5|Nov:1;SOV|5|Oct:1,SOV1|5|Dec:1;SOV1|5|Feb:1;SOV1|5|Jan:1;SOV1|5|Mar:1;SOV1|5|Nov:1;SOV1|5|Oct:1,140;303;335;343;389;408;417,27aa1acfa7197c4d,200,1-500,501-1500
16,10,18056848.30935088,6101325.0,11955523.309350317,4743750.0,905625.0,451950.0,11833236.387165103,87614.48883659804,34672.43334912725,,27.423717024736106,8.862162885256112,2.1873104190453887,0.002395196817815304,10.417664051055908,1,1,10,0.03988528791949379,1,2,2,10,0.03988528791949379,1,"{""eta"":[{""iter"":1,""solved"":10,""failed"":0,""gap_p90"":0,""cache_hr"":0,""fixed"":1,""unan"":true,""key"":null}],""gamma_LT"":[{""iter"":1,""solved"":10,""failed"":0,""gap_p90"":0,""cache_hr"":100,""fixed"":1,""unan"":false,""key"":""('gamma_LT', ('CTV',""},{""iter"":2,""solved"":10,""failed"":0,""gap_p90"":0,""cache_hr"":70,""fixed"":1,""unan"":true,""key"":null}]}",0.005754049342512282,True,2,OPTIMAL,solution_within_gap,False,,5:1,CTV|5:1,CTV|5|Apr:1;CTV|5|Aug:1;CTV|5|Jul:1;CTV|5|Jun:1;CTV|5|Mar:1;CTV|5|May:1;CTV|5|Sep:1;SOV|5|Dec:1;SOV|5|Feb:1;SOV|5|Jan:1;SOV|5|Nov:1;SOV|5|Oct:1;SOV|5|Sep:1,SOV1|5|Dec:1;SOV1|5|Feb:1;SOV1|5|Jan:1;SOV1|5|Nov:1;SOV1|5|Oct:1;SOV1|5|Sep:1,72;125;188;199;212;240;268;284;449;474,27aa1acfa7197c4d,200,1-500,501-1500
16,15,17473470.79433284,6618825.0,10854645.79433394,5261250.0,905625.0,451950.0,10739109.739546355,75336.1320629589,40199.922723625816,,29.38602054025978,7.86793640255928,4.788860620930791,0.003820899873971939,9.959575891494751,1,1,15,0.038861330641410216,1,2,2,15,0.039760624518442624,1,"{""eta"":[{""iter"":1,""solved"":15,""failed"":0,""gap_p90"":0,""cache_hr"":0,""fixed"":1,""unan"":true,""key"":null}],""gamma_LT"":[{""iter"":1,""solved"":15,""failed"":0,""gap_p90"":0,""cache_hr"":100,""fixed"":1,""unan"":false,""key"":""('gamma_LT', ('CTV',""},{""iter"":2,""solved"":15,""failed"":0,""gap_p90"":0,""cache_hr"":53,""fixed"":1,""unan"":true,""key"":null}]}",0.017934360900804885,True,2,OPTIMAL,solution_within_gap,False,,5:1,CTV|5:1,CTV|5|Apr:1;CTV|5|Aug:1;CTV|5|Jul:1;CTV|5|Jun:1;CTV|5|May:1;SOV|5|Dec:1;SOV|5|Feb:1;SOV|5|Jan:1;SOV|5|Mar:1;SOV|5|Nov:1;SOV|5|Oct:1;SOV|5|Sep:1,SOV1|5|Dec:1;SOV1|5|Feb:1;SOV1|5|Jan:1;SOV1|5|Mar:1;SOV1|5|Nov:1;SOV1|5|Oct:1;SOV1|5|Sep:1,14;65;99;109;133;136;139;205;246;297;343;382;398;451;454,27aa1acfa7197c4d,200,1-500,501-1500
16,20,17291760.25839646,6015075.0,11276685.258398512,4657500.0,905625.0,451950.0,11154172.076564847,87589.4989652768,34923.68286614991,,56.12457346636802,9.730964474380016,4.656164680607617,0.004979756660759449,33.21638512611389,1,1,20,0.03793973993118209,1,2,2,20,0.03904237859216188,1,"{""eta"":[{""iter"":1,""solved"":20,""failed"":0,""gap_p90"":0,""cache_hr"":0,""fixed"":1,""unan"":true,""key"":null}],""gamma_LT"":[{""iter"":1,""solved"":20,""failed"":0,""gap_p90"":0,""cache_hr"":100,""fixed"":1,""unan"":false,""key"":""('gamma_LT', ('CTV',""},{""iter"":2,""solved"":20,""failed"":0,""gap_p90"":0,""cache_hr"":80,""fixed"":1,""unan"":true,""key"":null}]}",0.004223067367644981,True,2,OPTIMAL,solution_within_gap,False,,5:1,CTV|5:1,CTV|5|Apr:1;CTV|5|Aug:1;CTV|5|Jul:1;CTV|5|Jun:1;CTV|5|Mar:1;CTV|5|May:1;SOV|5|Dec:1;SOV|5|Feb:1;SOV|5|Jan:1;SOV|5|Nov:1;SOV|5|Oct:1;SOV|5|Sep:1,SOV1|5|Dec:1;SOV1|5|Feb:1;SOV1|5|Jan:1;SOV1|5|Nov:1;SOV1|5|Oct:1;SOV1|5|Sep:1,15;17;32;68;110;123;138;186;203;213;215;236;347;369;375;384;462;472;480;490,27aa1acfa7197c4d,200,1-500,501-1500
17,1,13364899.205789596,5713200.0,7651699.205789613,3450000.0,1811250.0,451950.0,7518590.993921781,102958.2698250926,30149.942042719347,,10.111259249038994,6.062881804071367,0.00021273456513881683,0.00036031194031238556,0.24599790573120117,1,1,1,0.03927793886573603,1,1,2,1,0.03927793886573603,1,"{""eta"":[{""iter"":1,""solved"":1,""failed"":0,""gap_p90"":0,""cache_hr"":0,""fixed"":1,""unan"":true,""key"":null}],""gamma_LT"":[{""iter"":1,""solved"":1,""failed"":0,""gap_p90"":0,""cache_hr"":100,""fixed"":2,""unan"":true,""key"":null}]}",0.005719029289856438,True,2,OPTIMAL,solution_within_gap,False,,5:1,CTV|5:2,SOV|5|Dec:1;SOV|5|Jan:1;SOV|5|Nov:1;SOV|5|Oct:1;SOV|5|Sep:1,SOV1|5|Dec:1;SOV1|5|Jan:1;SOV1|5|Nov:1;SOV1|5|Oct:1;SOV1|5|Sep:1,312,27aa1acfa7197c4d,200,1-500,501-1500
17,3,15851562.468840322,4365400.0,11486162.468840318,2932500.0,905625.0,527275.0,11342779.142315762,123283.3651627309,20099.961361812897,,12.845222035422921,8.071620606817305,0.0002745632082223892,0.0008106837049126625,0.5965619087219238,1,1,3,0.03963042234058327,1,1,2,3,0.03963042234058327,1,"{""eta"":[{""iter"":1,""solved"":3,""failed"":0,""gap_p90"":0,""cache_hr"":0,""fixed"":1,""unan"":true,""key"":null}],""gamma_LT"":[{""iter"":1,""solved"":3,""failed"":0,""gap_p90"":0,""cache_hr"":100,""fixed"":2,""unan"":true,""key"":null}]}",0.009222723048015484,True,2,OPTIMAL,solution_within_gap,False,,5:1,CTV|5:1,CTV|5|Apr:1;CTV|5|Aug:2;CTV|5|Jul:1;CTV|5|Jun:1;CTV|5|Mar:1;CTV|5|May:1;CTV|5|Nov:1;CTV|5|Oct:1;CTV|5|Sep:1;SOV|5|Dec:1;SOV|5|Feb:1;SOV|5|Jan:1,SOV1|5|Dec:1;SOV1|5|Feb:1;SOV1|5|Jan:1,19;321;464,27aa1acfa7197c4d,200,1-500,501-1500
17,5,14430795.517808534,6015075.0,8415720.517808827,4657500.0,905625.0,451950.0,8292281.359934542,88264.22549083231,35174.93238317257,,17.23978081345558,7.882522535510361,2.241373226046562,0.0013100029900670052,2.3759379386901855,1,1,5,0.03779319787530276,1,2,2,5,0.039621795212757535,1,"{""eta"":[{""iter"":1,""solved"":5,""failed"":0,""gap_p90"":0,""cache_hr"":0,""fixed"":1,""unan"":true,""key"":null}],""gamma_LT"":[{""iter"":1,""solved"":5,""failed"":0,""gap_p90"":0,""cache_hr"":100,""fixed"":1,""unan"":false,""key"":""('gamma_LT', ('CTV',""},{""iter"":2,""solved"":5,""failed"":0,""gap_p90"":0,""cache_hr"":80,""fixed"":1,""unan"":true,""key"":null}]}",0.019378212751995597,True,2,OPTIMAL,solution_within_gap,False,,5:1,CTV|5:1,CTV|5|Apr:1;CTV|5|Aug:1;CTV|5|Jul:1;CTV|5|Jun:1;CTV|5|May:1;CTV|5|Sep:1;SOV|5|Dec:1;SOV|5|Feb:1;SOV|5|Jan:1;SOV|5|Mar:1;SOV|5|Nov:1;SOV|5|Oct:1,SOV1|5|Dec:1;SOV1|5|Feb:1;SOV1|5|Jan:1;SOV1|5|Mar:1;SOV1|5|Nov:1;SOV1|5|Oct:1,14;118;122;209;246,27aa1acfa7197c4d,200,1-500,501-1500
17,7,17350060.892416973,6069125.0,11280935.892416207,5692500.0,0.0,376625.0,11160438.399395142,85322.56063868872,35174.93238317249,,25.27329493779689,7.925131939351559,5.073429072275758,0.00186114851385355,7.016120195388794,1,1,7,0.0399656231988752,1,2,2,7,0.0399656231988752,1,"{""eta"":[{""iter"":1,""solved"":7,""failed"":0,""gap_p90"":0,""cache_hr"":0,""fixed"":1,""unan"":true,""key"":null}],""gamma_LT"":[{""iter"":1,""solved"":7,""failed"":0,""gap_p90"":0,""cache_hr"":100,""fixed"":1,""unan"":false,""key"":""('gamma_LT', ('CTV',""},{""iter"":2,""solved"":7,""failed"":0,""gap_p90"":0,""cache_hr"":14,""fixed"":1,""unan"":true,""key"":null}]}",0.011558423096106617,True,2,OPTIMAL,solution_within_gap,False,,5:1,,CTV|5|Apr:2;CTV|5|Aug:2;CTV|5|Dec:1;CTV|5|Feb:1;CTV|5|Jan:1;CTV|5|Jul:2;CTV|5|Jun:2;CTV|5|Mar:2;CTV|5|May:2;CTV|5|Nov:1;CTV|5|Oct:1;CTV|5|Sep:1;SOV|5|Dec:1;SOV|5|Feb:1;SOV|5|Jan:1;SOV|5|Nov:1;SOV|5|Oct:1;SOV|5|Sep:1,SOV1|5|Dec:1;SOV1|5|Feb:1;SOV1|5|Jan:1;SOV1|5|Nov:1;SOV1|5|Oct:1;SOV1|5|Sep:1,56;57;125;370;393;432;466,27aa1acfa7197c4d,200,1-500,501-1500
17,10,19295150.508140426,5842575.0,13452575.508139882,4485000.0,905625.0,451950.0,13332634.932250712,84765.64350648629,35174.93238317257,,25.579873375594616,7.094840219244361,2.9428610801696777,0.0026020118966698647,9.52383279800415,1,1,10,0.03789562388969483,1,2,2,10,0.03991161622809151,1,"{""eta"":[{""iter"":1,""solved"":10,""failed"":0,""gap_p90"":0,""cache_hr"":0,""fixed"":1,""unan"":true,""key"":null}],""gamma_LT"":[{""iter"":1,""solved"":10,""failed"":0,""gap_p90"":0,""cache_hr"":100,""fixed"":1,""unan"":false,""key"":""('gamma_LT', ('CTV',""},{""iter"":2,""solved"":10,""failed"":0,""gap_p90"":0,""cache_hr"":70,""fixed"":1,""unan"":true,""key"":null}]}",0.007637029316932736,True,2,OPTIMAL,solution_within_gap,False,,5:1,CTV|5:1,CTV|5|Apr:1;CTV|5|Jun:1;CTV|5|Mar:1;CTV|5|May:1;SOV|5|Dec:1;SOV|5|Feb:1;SOV|5|Jan:1;SOV|5|Nov:1;SOV|5|Oct:1;SOV|5|Sep:1,SOV1|5|Dec:1;SOV1|5|Feb:1;SOV1|5|Jan:1;SOV1|5|Nov:1;SOV1|5|Oct:1;SOV1|5|Sep:1,2;90;150;183;196;220;275;330;407;473,27aa1acfa7197c4d,200,1-500,501-1500
17,15,16126493.187690556,6618825.0,9507668.18769165,5261250.0,905625.0,451950.0,9391232.49753665,76235.76743036268,40199.922723625816,,30.353994441218674,8.140032025054097,4.54475006274879,0.003793756477534771,10.473634958267212,1,1,15,0.039584212493991765,1,2,2,15,0.03966727198163776,1,"{""eta"":[{""iter"":1,""solved"":15,""failed"":0,""gap_p90"":0,""cache_hr"":0,""fixed"":1,""unan"":true,""key"":null}],""gamma_LT"":[{""iter"":1,""solved"":15,""failed"":0,""gap_p90"":0,""cache_hr"":100,""fixed"":1,""unan"":false,""key"":""('gamma_LT', ('CTV',""},{""iter"":2,""solved"":15,""failed"":0,""gap_p90"":0,""cache_hr"":60,""fixed"":1,""unan"":true,""key"":null}]}",0.018571737291745397,True,2,OPTIMAL,solution_within_gap,False,,5:1,CTV|5:1,CTV|5|Apr:1;CTV|5|Aug:1;CTV|5|Jul:1;CTV|5|Jun:1;CTV|5|May:1;SOV|5|Dec:1;SOV|5|Feb:1;SOV|5|Jan:1;SOV|5|Mar:1;SOV|5|Nov:1;SOV|5|Oct:1;SOV|5|Sep:1,SOV1|5|Dec:1;SOV1|5|Feb:1;SOV1|5|Jan:1;SOV1|5|Mar:1;SOV1|5|Nov:1;SOV1|5|Oct:1;SOV1|5|Sep:1,50;60;77;102;138;178;180;242;250;266;353;381;401;429;496,27aa1acfa7197c4d,200,1-500,501-1500
17,20,16398362.55910189,5928825.0,10469537.559104048,4571250.0,905625.0,451950.0,10348524.444951234,86215.05604285396,34798.05810763858,,57.3701460538432,10.133310619741678,6.082246305420995,0.004982220008969307,32.87147903442383,1,1,20,0.03793973993118209,1,2,2,20,0.03960165969206664,1,"{""eta"":[{""iter"":1,""solved"":20,""failed"":0,""gap_p90"":0,""cache_hr"":0,""fixed"":1,""unan"":true,""key"":null}],""gamma_LT"":[{""iter"":1,""solved"":20,""failed"":0,""gap_p90"":0,""cache_hr"":100,""fixed"":1,""unan"":false,""key"":""('gamma_LT', ('CTV',""},{""iter"":2,""solved"":20,""failed"":0,""gap_p90"":0,""cache_hr"":60,""fixed"":1,""unan"":true,""key"":null}]}",0.008463766200681696,True,2,OPTIMAL,solution_within_gap,False,,5:1,CTV|5:1,CTV|5|Apr:1;CTV|5|Jul:1;CTV|5|Jun:1;CTV|5|Mar:1;CTV|5|May:1;SOV|5|Dec:1;SOV|5|Feb:1;SOV|5|Jan:1;SOV|5|Nov:1;SOV|5|Oct:1;SOV|5|Sep:1,SOV1|5|Dec:1;SOV1|5|Feb:1;SOV1|5|Jan:1;SOV1|5|Nov:1;SOV1|5|Oct:1;SOV1|5|Sep:1,25;51;59;108;116;127;164;172;201;285;315;339;347;375;401;402;406;432;439;487,27aa1acfa7197c4d,200,1-500,501-1500
18,1,18423863.921445735,5777600.0,12646263.921445766,3363750.0,1811250.0,602600.0,12511197.043988222,112454.42092546514,22612.456532039512,,8.910413756035268,4.992043266072869,0.00028823409229516983,0.00037402287125587463,0.22463297843933105,1,1,1,0.027804104664743992,1,1,2,1,0.027804104664743992,1,"{""eta"":[{""iter"":1,""solved"":1,""failed"":0,""gap_p90"":0,""cache_hr"":0,""fixed"":1,""unan"":true,""key"":null}],""gamma_LT"":[{""iter"":1,""solved"":1,""failed"":0,""gap_p90"":0,""cache_hr"":100,""fixed"":2,""unan"":true,""key"":null}]}",4.0439837314751377e-16,True,2,OPTIMAL,solution_within_gap,False,,5:1,CTV|5:2,CTV|5|Apr:1;CTV|5|Feb:2;CTV|5|Jan:2;CTV|5|Mar:1;CTV|5|May:1;SOV|5|Dec:1;SOV|5|Nov:1;SOV|5|Oct:1;SOV|5|Sep:1,SOV1|5|Dec:1;SOV1|5|Nov:1;SOV1|5|Oct:1;SOV1|5|Sep:1,208,27aa1acfa7197c4d,200,1-500,501-1500
18,3,17951005.13621746,6532575.0,11418430.13621743,5175000.0,905625.0,451950.0,11303094.0004014,75136.21309242191,40199.92272362579,,12.041186412796378,6.656581826508045,0.00030955392867326736,0.0008069025352597237,1.1029839515686035,1,1,3,0.03926817872929209,1,1,2,3,0.03926817872929209,1,"{""eta"":[{""iter"":1,""solved"":3,""failed"":0,""gap_p90"":0,""cache_hr"":0,""fixed"":1,""unan"":true,""key"":null}],""gamma_LT"":[{""iter"":1,""solved"":3,""failed"":0,""gap_p90"":0,""cache_hr"":100,""fixed"":2,""unan"":true,""key"":null}]}",0.00887485389091371,True,2,OPTIMAL,solution_within_gap,False,,5:1,CTV|5:1,CTV|5|Apr:1;CTV|5|Jul:1;CTV|5|Jun:1;CTV|5|May:1;SOV|5|Aug:1;SOV|5|Dec:1;SOV|5|Feb:1;SOV|5|Jan:1;SOV|5|Nov:1;SOV|5|Oct:1;SOV|5|Sep:1,SOV1|5|Aug:1;SOV1|5|Dec:1;SOV1|5|Feb:1;SOV1|5|Jan:1;SOV1|5|Nov:1;SOV1|5|Oct:1;SOV1|5|Sep:1,31;441;484,27aa1acfa7197c4d,200,1-500,501-1500
18,5,18046352.593850844,6866650.0,11179702.593850568,5433750.0,905625.0,527275.0,11062134.029530535,77368.64159672015,40199.922723625794,,16.940304869785905,7.618680757470429,1.3964512133970857,0.0013658758252859116,3.4997339248657227,1,1,5,0.03945779997899752,1,2,2,5,0.03953705000680298,1,"{""eta"":[{""iter"":1,""solved"":5,""failed"":0,""gap_p90"":0,""cache_hr"":0,""fixed"":1,""unan"":true,""key"":null}],""gamma_LT"":[{""iter"":1,""solved"":5,""failed"":0,""gap_p90"":0,""cache_hr"":100,""fixed"":1,""unan"":false,""key"":""('gamma_LT', ('CTV',""},{""iter"":2,""solved"":5,""failed"":0,""gap_p90"":0,""cache_hr"":80,""fixed"":1,""unan"":true,""key"":null}]}",0.017280361400846798,True,2,OPTIMAL,solution_within_gap,False,,5:1,CTV|5:1,CTV|5|Apr:1;CTV|5|Aug:1;CTV|5|Dec:1;CTV|5|Jan:1;CTV|5|Jul:1;CTV|5|Jun:1;CTV|5|May:1;SOV|5|Dec:1;SOV|5|Feb:1;SOV|5|Jan:1;SOV|5|Mar:1;SOV|5|Nov:1;SOV|5|Oct:1;SOV|5|Sep:1,SOV1|5|Dec:1;SOV1|5|Feb:1;SOV1|5|Jan:1;SOV1|5|Mar:1;SOV1|5|Nov:1;SOV1|5|Oct:1;SOV1|5|Sep:1,34;179;187;216;442,27aa1acfa7197c4d,200,1-500,501-1500
18,7,18592210.961688,6069125.0,12523085.961687246,5692500.0,0.0,376625.0,12404734.317075754,83894.5679920161,34457.076620250606,,26.89493492152542,7.633935193531215,5.65711815841496,0.001824118196964264,8.424529075622559,1,1,7,0.03408780491468248,1,2,2,7,0.03995366964480313,1,"{""eta"":[{""iter"":1,""solved"":7,""failed"":0,""gap_p90"":0,""cache_hr"":0,""fixed"":1,""unan"":true,""key"":null}],""gamma_LT"":[{""iter"":1,""solved"":7,""failed"":0,""gap_p90"":0,""cache_hr"":100,""fixed"":1,""unan"":false,""key"":""('gamma_LT', ('CTV',""},{""iter"":2,""solved"":7,""failed"":0,""gap_p90"":0,""cache_hr"":57,""fixed"":1,""unan"":true,""key"":null}]}",0.010841313990561277,True,2,OPTIMAL,solution_within_gap,False,,5:1,,CTV|5|Apr:2;CTV|5|Aug:2;CTV|5|Dec:1;CTV|5|Feb:1;CTV|5|Jan:1;CTV|5|Jul:2;CTV|5|Jun:2;CTV|5|Mar:2;CTV|5|May:2;CTV|5|Nov:1;CTV|5|Oct:1;CTV|5|Sep:1;SOV|5|Dec:1;SOV|5|Feb:1;SOV|5|Jan:1;SOV|5|Nov:1;SOV|5|Oct:1;SOV|5|Sep:1,SOV1|5|Dec:1;SOV1|5|Feb:1;SOV1|5|Jan:1;SOV1|5|Nov:1;SOV1|5|Oct:1;SOV1|5|Sep:1,108;161;183;215;313;433;497,27aa1acfa7197c4d,200,1-500,501-1500
18,10,15384878.984846964,6015075.0,9369803.984846381,4657500.0,905625.0,451950.0,9247664.300281351,86964.75218236205,35174.93238317257,,24.181917436420918,7.193328753113747,3.7169822799041867,0.0025896625593304634,7.716468095779419,1,1,10,0.03911015315656692,1,2,2,10,0.03978443104010581,1,"{""eta"":[{""iter"":1,""solved"":10,""failed"":0,""gap_p90"":0,""cache_hr"":0,""fixed"":1,""unan"":true,""key"":null}],""gamma_LT"":[{""iter"":1,""solved"":10,""failed"":0,""gap_p90"":0,""cache_hr"":100,""fixed"":1,""unan"":false,""key"":""('gamma_LT', ('CTV',""},{""iter"":2,""solved"":10,""failed"":0,""gap_p90"":0,""cache_hr"":70,""fixed"":1,""unan"":true,""key"":null}]}",0.013546562928648802,True,2,OPTIMAL,solution_within_gap,False,,5:1,CTV|5:1,CTV|5|Apr:1;CTV|5|Aug:1;CTV|5|Jul:1;CTV|5|Jun:1;CTV|5|May:1;CTV|5|Sep:1;SOV|5|Dec:1;SOV|5|Feb:1;SOV|5|Jan:1;SOV|5|Mar:1;SOV|5|Nov:1;SOV|5|Oct:1,SOV1|5|Dec:1;SOV1|5|Feb:1;SOV1|5|Jan:1;SOV1|5|Mar:1;SOV1|5|Nov:1;SOV1|5|Oct:1,21;79;91;209;261;263;343;360;437;460,27aa1acfa7197c4d,200,1-500,501-1500
18,15,16603902.577202288,6015075.0,10588827.577203479,4657500.0,905625.0,451950.0,10467187.69006317,86464.9547560277,35174.93238317245,,36.62109374627471,9.05010336264968,3.828043946996331,0.0036685364320874214,16.51349902153015,1,1,15,0.03838068785750157,1,2,2,15,0.03994516029178403,1,"{""eta"":[{""iter"":1,""solved"":15,""failed"":0,""gap_p90"":0,""cache_hr"":0,""fixed"":1,""unan"":true,""key"":null}],""gamma_LT"":[{""iter"":1,""solved"":15,""failed"":0,""gap_p90"":0,""cache_hr"":100,""fixed"":1,""unan"":false,""key"":""('gamma_LT', ('CTV',""},{""iter"":2,""solved"":15,""failed"":0,""gap_p90"":0,""cache_hr"":47,""fixed"":1,""unan"":true,""key"":null}]}",0.008220372406809659,True,2,OPTIMAL,solution_within_gap,False,,5:1,CTV|5:1,CTV|5|Apr:1;CTV|5|Aug:1;CTV|5|Jul:1;CTV|5|Jun:1;CTV|5|Mar:1;CTV|5|May:1;SOV|5|Dec:1;SOV|5|Feb:1;SOV|5|Jan:1;SOV|5|Nov:1;SOV|5|Oct:1;SOV|5|Sep:1,SOV1|5|Dec:1;SOV1|5|Feb:1;SOV1|5|Jan:1;SOV1|5|Nov:1;SOV1|5|Oct:1;SOV1|5|Sep:1,71;77;108;141;162;186;193;217;249;270;327;344;363;478;486,27aa1acfa7197c4d,200,1-500,501-1500
18,20,17630734.605684225,6015075.0,11615659.605686355,4657500.0,905625.0,451950.0,11492320.407295315,88164.26600556215,35174.93238317257,,37.71324765775353,9.705649092793465,5.119414356537163,0.00504390150308609,14.937596082687378,1,1,20,0.03955700597913982,1,2,2,20,0.03955700597913982,1,"{""eta"":[{""iter"":1,""solved"":20,""failed"":0,""gap_p90"":0,""cache_hr"":0,""fixed"":1,""unan"":true,""key"":null}],""gamma_LT"":[{""iter"":1,""solved"":20,""failed"":0,""gap_p90"":0,""cache_hr"":100,""fixed"":1,""unan"":false,""key"":""('gamma_LT', ('CTV',""},{""iter"":2,""solved"":20,""failed"":0,""gap_p90"":0,""cache_hr"":75,""fixed"":1,""unan"":true,""key"":null}]}",0.01978493785856463,True,2,OPTIMAL,solution_within_gap,False,,5:1,CTV|5:1,CTV|5|Apr:1;CTV|5|Aug:1;CTV|5|Jul:1;CTV|5|Jun:1;CTV|5|Mar:1;CTV|5|May:1;SOV|5|Dec:1;SOV|5|Feb:1;SOV|5|Jan:1;SOV|5|Nov:1;SOV|5|Oct:1;SOV|5|Sep:1,SOV1|5|Dec:1;SOV1|5|Feb:1;SOV1|5|Jan:1;SOV1|5|Nov:1;SOV1|5|Oct:1;SOV1|5|Sep:1,49;54;118;121;152;155;163;184;193;251;259;279;306;329;360;374;407;419;435;489,27aa1acfa7197c4d,200,1-500,501-1500
19,1,18445360.1507136,6251975.0,12193385.150713637,4743750.0,905625.0,602600.0,12074244.250706077,83965.96762434745,35174.93238317257,,9.179484548047185,5.340252684429288,0.00021271035075187683,0.00032980088144540787,0.24737977981567383,1,1,1,0.029988150868251656,1,1,2,1,0.029988150868251656,1,"{""eta"":[{""iter"":1,""solved"":1,""failed"":0,""gap_p90"":0,""cache_hr"":0,""fixed"":1,""unan"":true,""key"":null}],""gamma_LT"":[{""iter"":1,""solved"":1,""failed"":0,""gap_p90"":0,""cache_hr"":100,""fixed"":2,""unan"":true,""key"":null}]}",0.0029951256128577085,True,2,OPTIMAL,solution_within_gap,False,,5:1,CTV|5:1,CTV|5|Apr:2;CTV|5|Feb:1;CTV|5|Jul:1;CTV|5|Mar:1;CTV|5|May:2;SOV|5|Aug:1;SOV|5|Dec:1;SOV|5|Jan:1;SOV|5|Nov:1;SOV|5|Oct:1;SOV|5|Sep:1,SOV1|5|Aug:1;SOV1|5|Dec:1;SOV1|5|Jan:1;SOV1|5|Nov:1;SOV1|5|Oct:1;SOV1|5|Sep:1,339,27aa1acfa7197c4d,200,1-500,501-1500
19,3,14897236.375018923,5842575.0,9054661.375018883,4485000.0,905625.0,451950.0,8931841.785846367,85132.16161912955,37687.42755339919,,14.635935638099909,6.882502842694521,2.5642130998894572,0.0008429046720266342,0.8636350631713867,1,1,3,0.03625623271374217,1,2,2,3,0.03872916613322856,1,"{""eta"":[{""iter"":1,""solved"":3,""failed"":0,""gap_p90"":0,""cache_hr"":0,""fixed"":1,""unan"":true,""key"":null}],""gamma_LT"":[{""iter"":1,""solved"":3,""failed"":0,""gap_p90"":0,""cache_hr"":100,""fixed"":1,""unan"":false,""key"":""('gamma_LT', ('CTV',""},{""iter"":2,""solved"":3,""failed"":0,""gap_p90"":0,""cache_hr"":67,""fixed"":1,""unan"":true,""key"":null}]}",0.014210238200537132,True,2,OPTIMAL,solution_within_gap,False,,5:1,CTV|5:1,CTV|5|Apr:1;CTV|5|Jun:1;CTV|5|Mar:1;CTV|5|May:1;SOV|5|Dec:1;SOV|5|Feb:1;SOV|5|Jan:1;SOV|5|Nov:1;SOV|5|Oct:1;SOV|5|Sep:1,SOV1|5|Dec:1;SOV1|5|Feb:1;SOV1|5|Jan:1;SOV1|5|Nov:1;SOV1|5|Oct:1;SOV1|5|Sep:1,162;219;384,27aa1acfa7197c4d,200,1-500,501-1500
19,5,15692366.138068328,5411325.0,10281041.138067875,4053750.0,905625.0,451950.0,10151534.16927786,99859.52578181413,29647.44300867402,,17.374567857943475,8.108847755938768,2.827229866757989,0.0013424726203083992,2.199867010116577,1,1,5,0.03863017445402359,1,2,2,5,0.03960165969206664,1,"{""eta"":[{""iter"":1,""solved"":5,""failed"":0,""gap_p90"":0,""cache_hr"":0,""fixed"":1,""unan"":true,""key"":null}],""gamma_LT"":[{""iter"":1,""solved"":5,""failed"":0,""gap_p90"":0,""cache_hr"":100,""fixed"":1,""unan"":false,""key"":""('gamma_LT', ('CTV',""},{""iter"":2,""solved"":5,""failed"":0,""gap_p90"":0,""cache_hr"":60,""fixed"":1,""unan"":true,""key"":null}]}",0.010959892287901151,True,2,OPTIMAL,solution_within_gap,False,,5:1,CTV|5:1,CTV|5|Apr:1;CTV|5|Aug:1;CTV|5|Jul:1;CTV|5|Jun:1;CTV|5|Mar:1;CTV|5|May:1;CTV|5|Sep:1;SOV|5|Dec:1;SOV|5|Feb:1;SOV|5|Jan:1;SOV|5|Nov:1;SOV|5|Oct:1,SOV1|5|Dec:1;SOV1|5|Feb:1;SOV1|5|Jan:1;SOV1|5|Nov:1;SOV1|5|Oct:1,30;108;118;161;318,27aa1acfa7197c4d,200,1-500,501-1500
19,7,14891649.532291934,6015075.0,8876574.532291159,4657500.0,905625.0,451950.0,8753078.2547121,88321.34519670124,35174.93238317249,,18.84443300496787,8.515073954127729,1.4909083871170878,0.001842220313847065,3.446645975112915,1,1,7,0.039760624518442624,1,2,2,7,0.039760624518442624,1,"{""eta"":[{""iter"":1,""solved"":7,""failed"":0,""gap_p90"":0,""cache_hr"":0,""fixed"":1,""unan"":true,""key"":null}],""gamma_LT"":[{""iter"":1,""solved"":7,""failed"":0,""gap_p90"":0,""cache_hr"":100,""fixed"":1,""unan"":false,""key"":""('gamma_LT', ('CTV',""},{""iter"":2,""solved"":7,""failed"":0,""gap_p90"":0,""cache_hr"":71,""fixed"":1,""unan"":true,""key"":null}]}",0.016668355772300997,True,2,OPTIMAL,solution_within_gap,False,,5:1,CTV|5:1,CTV|5|Apr:1;CTV|5|Aug:1;CTV|5|Jul:1;CTV|5|Jun:1;CTV|5|May:1;CTV|5|Sep:1;SOV|5|Dec:1;SOV|5|Feb:1;SOV|5|Jan:1;SOV|5|Mar:1;SOV|5|Nov:1;SOV|5|Oct:1,SOV1|5|Dec:1;SOV1|5|Feb:1;SOV1|5|Jan:1;SOV1|5|Mar:1;SOV1|5|Nov:1;SOV1|5|Oct:1,144;241;244;373;398;425;462,27aa1acfa7197c4d,200,1-500,501-1500
19,10,16005942.3457437,6015075.0,9990867.345743136,4657500.0,905625.0,451950.0,9867678.08658281,88014.32677766631,35174.93238317257,,24.08891239017248,8.432888623327017,3.5082256104797125,0.002553503029048443,6.211122035980225,1,1,10,0.0390581337880594,1,2,2,10,0.0390581337880594,1,"{""eta"":[{""iter"":1,""solved"":10,""failed"":0,""gap_p90"":0,""cache_hr"":0,""fixed"":1,""unan"":true,""key"":null}],""gamma_LT"":[{""iter"":1,""solved"":10,""failed"":0,""gap_p90"":0,""cache_hr"":100,""fixed"":1,""unan"":false,""key"":""('gamma_LT', ('CTV',""},{""iter"":2,""solved"":10,""failed"":0,""gap_p90"":0,""cache_hr"":50,""fixed"":1,""unan"":true,""key"":null}]}",0.013384225966840167,True,2,OPTIMAL,solution_within_gap,False,,5:1,CTV|5:1,CTV|5|Apr:1;CTV|5|Aug:1;CTV|5|Jul:1;CTV|5|Jun:1;CTV|5|Mar:1;CTV|5|May:1;SOV|5|Dec:1;SOV|5|Feb:1;SOV|5|Jan:1;SOV|5|Nov:1;SOV|5|Oct:1;SOV|5|Sep:1,SOV1|5|Dec:1;SOV1|5|Feb:1;SOV1|5|Jan:1;SOV1|5|Nov:1;SOV1|5|Oct:1;SOV1|5|Sep:1,28;54;58;118;144;329;358;361;444;451,27aa1acfa7197c4d,200,1-500,501-1500
19,15,15539297.064043423,6015075.0,9524222.06404462,4657500.0,905625.0,451950.0,9401288.106811237,88764.02291717065,34169.93431508177,,36.47624377720058,8.36051938869059,3.945066493935883,0.003868808038532734,17.300562858581543,1,1,15,0.039598897920901766,1,2,2,15,0.039886094719760665,1,"{""eta"":[{""iter"":1,""solved"":15,""failed"":0,""gap_p90"":0,""cache_hr"":0,""fixed"":1,""unan"":true,""key"":null}],""gamma_LT"":[{""iter"":1,""solved"":15,""failed"":0,""gap_p90"":0,""cache_hr"":100,""fixed"":1,""unan"":false,""key"":""('gamma_LT', ('CTV',""},{""iter"":2,""solved"":15,""failed"":0,""gap_p90"":0,""cache_hr"":67,""fixed"":1,""unan"":true,""key"":null}]}",0.008487149753296796,True,2,OPTIMAL,solution_within_gap,False,,5:1,CTV|5:1,CTV|5|Apr:1;CTV|5|Aug:1;CTV|5|Jul:1;CTV|5|Jun:1;CTV|5|Mar:1;CTV|5|May:1;SOV|5|Dec:1;SOV|5|Feb:1;SOV|5|Jan:1;SOV|5|Nov:1;SOV|5|Oct:1;SOV|5|Sep:1,SOV1|5|Dec:1;SOV1|5|Feb:1;SOV1|5|Jan:1;SOV1|5|Nov:1;SOV1|5|Oct:1;SOV1|5|Sep:1,24;31;34;103;110;128;131;138;280;281;320;365;396;469;479,27aa1acfa7197c4d,200,1-500,501-1500
19,20,17142179.047398828,6015075.0,11127104.047400879,4657500.0,905625.0,451950.0,11006070.671190333,87114.69141025816,33918.684798059265,,59.0128579987213,9.258192870765924,2.58492124453187,0.004997855052351952,38.688374042510986,1,1,20,0.03945779997899752,1,2,2,20,0.039519615908956,1,"{""eta"":[{""iter"":1,""solved"":20,""failed"":0,""gap_p90"":0,""cache_hr"":0,""fixed"":1,""unan"":true,""key"":null}],""gamma_LT"":[{""iter"":1,""solved"":20,""failed"":0,""gap_p90"":0,""cache_hr"":100,""fixed"":1,""unan"":false,""key"":""('gamma_LT', ('CTV',""},{""iter"":2,""solved"":20,""failed"":0,""gap_p90"":0,""cache_hr"":85,""fixed"":1,""unan"":true,""key"":null}]}",0.00470329552753881,True,2,OPTIMAL,solution_within_gap,False,,5:1,CTV|5:1,CTV|5|Apr:1;CTV|5|Aug:1;CTV|5|Jul:1;CTV|5|Jun:1;CTV|5|Mar:1;CTV|5|May:1;SOV|5|Dec:1;SOV|5|Feb:1;SOV|5|Jan:1;SOV|5|Nov:1;SOV|5|Oct:1;SOV|5|Sep:1,SOV1|5|Dec:1;SOV1|5|Feb:1;SOV1|5|Jan:1;SOV1|5|Nov:1;SOV1|5|Oct:1;SOV1|5|Sep:1,14;27;31;143;155;175;189;205;212;216;229;230;255;285;294;311;335;358;417;448,27aa1acfa7197c4d,200,1-500,501-1500
20,1,22170642.067648143,6467025.0,15703617.06764818,4657500.0,905625.0,903900.0,15577451.98759482,85965.15732968909,40199.922723625794,,10.628279773518443,6.556968376040459,0.00021123327314853668,0.00032958202064037323,0.24539494514465332,1,1,1,0.03042233821294155,1,1,2,1,0.03042233821294155,1,"{""eta"":[{""iter"":1,""solved"":1,""failed"":0,""gap_p90"":0,""cache_hr"":0,""fixed"":1,""unan"":true,""key"":null}],""gamma_LT"":[{""iter"":1,""solved"":1,""failed"":0,""gap_p90"":0,""cache_hr"":100,""fixed"":2,""unan"":true,""key"":null}]}",0.017354377222054993,True,2,OPTIMAL,solution_within_gap,False,,5:1,CTV|5:1,CTV|5|Dec:1;CTV|5|Jun:1;CTV|5|Mar:1;CTV|5|Nov:1;CTV|5|Oct:1;CTV|5|Sep:1;SOV|5|Aug:1;SOV|5|Dec:1;SOV|5|Feb:1;SOV|5|Jan:1;SOV|5|Oct:1;SOV|5|Sep:1,SOV1|5|Aug:1;SOV1|5|Dec:1;SOV1|5|Feb:1;SOV1|5|Jan:1;SOV1|5|Oct:1;SOV1|5|Sep:1,393,27aa1acfa7197c4d,200,1-500,501-1500
20,3,15786119.281819526,5529775.0,10256344.281819507,5002500.0,0.0,527275.0,10127067.85022027,99126.48955652058,30149.942042719373,,17.086135332472622,8.641613152809441,2.911207609809935,0.0008265692740678787,1.343738079071045,1,1,3,0.03974067777402647,1,2,2,3,0.03974067777402647,1,"{""eta"":[{""iter"":1,""solved"":3,""failed"":0,""gap_p90"":0,""cache_hr"":0,""fixed"":1,""unan"":true,""key"":null}],""gamma_LT"":[{""iter"":1,""solved"":3,""failed"":0,""gap_p90"":0,""cache_hr"":100,""fixed"":1,""unan"":false,""key"":""('gamma_LT', ('CTV',""},{""iter"":2,""solved"":3,""failed"":0,""gap_p90"":0,""cache_hr"":33,""fixed"":1,""unan"":true,""key"":null}]}",0.019947260091531065,True,2,OPTIMAL,solution_within_gap,False,,5:1,,CTV|5|Apr:2;CTV|5|Aug:2;CTV|5|Dec:1;CTV|5|Feb:1;CTV|5|Jan:2;CTV|5|Jul:2;CTV|5|Jun:1;CTV|5|Mar:2;CTV|5|May:1;CTV|5|Nov:1;CTV|5|Oct:1;CTV|5|Sep:2;SOV|5|Dec:1;SOV|5|Feb:1;SOV|5|Jan:1;SOV|5|Nov:1;SOV|5|Oct:1,SOV1|5|Dec:1;SOV1|5|Feb:1;SOV1|5|Jan:1;SOV1|5|Nov:1;SOV1|5|Oct:1,92;228;307,27aa1acfa7197c4d,200,1-500,501-1500
20,5,15469699.891484128,6618825.0,8850874.891483845,5261250.0,905625.0,451950.0,8733706.165104872,76968.80365565178,40199.922723625794,,18.856986009515822,7.854803627356887,3.4298382494598627,0.001326245255768299,2.840451955795288,1,1,5,0.039976172069038036,1,2,2,5,0.039976172069038036,1,"{""eta"":[{""iter"":1,""solved"":5,""failed"":0,""gap_p90"":0,""cache_hr"":0,""fixed"":1,""unan"":true,""key"":null}],""gamma_LT"":[{""iter"":1,""solved"":5,""failed"":0,""gap_p90"":0,""cache_hr"":100,""fixed"":1,""unan"":false,""key"":""('gamma_LT', ('CTV',""},{""iter"":2,""solved"":5,""failed"":0,""gap_p90"":0,""cache_hr"":60,""fixed"":1,""unan"":true,""key"":null}]}",0.006766577034017041,True,2,OPTIMAL,solution_within_gap,False,,5:1,CTV|5:1,CTV|5|Apr:1;CTV|5|Aug:1;CTV|5|Jul:1;CTV|5|Jun:1;CTV|5|May:1;SOV|5|Dec:1;SOV|5|Feb:1;SOV|5|Jan:1;SOV|5|Mar:1;SOV|5|Nov:1;SOV|5|Oct:1;SOV|5|Sep:1,SOV1|5|Dec:1;SOV1|5|Feb:1;SOV1|5|Jan:1;SOV1|5|Mar:1;SOV1|5|Nov:1;SOV1|5|Oct:1;SOV1|5|Sep:1,24;127;311;427;461,27aa1acfa7197c4d,200,1-500,501-1500
20,7,18467614.338968422,5411325.0,13056289.338967582,4053750.0,905625.0,451950.0,12928680.828510135,97817.4962970744,29791.01416125835,,18.91329102125019,7.409639430232346,2.315080938860774,0.0018126042559742928,3.951343059539795,1,1,7,0.03974747753005541,1,2,2,7,0.039797471993228195,1,"{""eta"":[{""iter"":1,""solved"":7,""failed"":0,""gap_p90"":0,""cache_hr"":0,""fixed"":1,""unan"":true,""key"":null}],""gamma_LT"":[{""iter"":1,""solved"":7,""failed"":0,""gap_p90"":0,""cache_hr"":100,""fixed"":1,""unan"":false,""key"":""('gamma_LT', ('CTV',""},{""iter"":2,""solved"":7,""failed"":0,""gap_p90"":0,""cache_hr"":71,""fixed"":1,""unan"":true,""key"":null}]}",0.00827264451393782,True,2,OPTIMAL,solution_within_gap,False,,5:1,CTV|5:1,CTV|5|Apr:1;CTV|5|Aug:1;CTV|5|Jul:1;CTV|5|Jun:1;CTV|5|Mar:1;CTV|5|May:1;CTV|5|Sep:1;SOV|5|Dec:1;SOV|5|Feb:1;SOV|5|Jan:1;SOV|5|Nov:1;SOV|5|Oct:1,SOV1|5|Dec:1;SOV1|5|Feb:1;SOV1|5|Jan:1;SOV1|5|Nov:1;SOV1|5|Oct:1,17;51;167;310;381;400;493,27aa1acfa7197c4d,200,1-500,501-1500
20,10,17430699.58735439,6176650.0,11254049.58735386,4743750.0,905625.0,527275.0,11133112.118219715,86265.03578549245,34672.43334912725,,24.719899659976363,7.478494974784553,2.3587549030780792,0.002604713663458824,9.316349029541016,1,1,10,0.03937723757049186,1,2,2,10,0.03988850766023957,1,"{""eta"":[{""iter"":1,""solved"":10,""failed"":0,""gap_p90"":0,""cache_hr"":0,""fixed"":1,""unan"":true,""key"":null}],""gamma_LT"":[{""iter"":1,""solved"":10,""failed"":0,""gap_p90"":0,""cache_hr"":100,""fixed"":1,""unan"":false,""key"":""('gamma_LT', ('CTV',""},{""iter"":2,""solved"":10,""failed"":0,""gap_p90"":0,""cache_hr"":60,""fixed"":1,""unan"":true,""key"":null}]}",0.008405736183538143,True,2,OPTIMAL,solution_within_gap,False,,5:1,CTV|5:1,CTV|5|Apr:1;CTV|5|Aug:1;CTV|5|Jul:1;CTV|5|Jun:1;CTV|5|Mar:2;CTV|5|May:1;SOV|5|Dec:1;SOV|5|Feb:1;SOV|5|Jan:1;SOV|5|Nov:1;SOV|5|Oct:1;SOV|5|Sep:1,SOV1|5|Dec:1;SOV1|5|Feb:1;SOV1|5|Jan:1;SOV1|5|Nov:1;SOV1|5|Oct:1;SOV1|5|Sep:1,3;173;205;227;328;362;375;470;479;494,27aa1acfa7197c4d,200,1-500,501-1500
20,15,16245116.113594428,6015075.0,10230041.113595663,4657500.0,905625.0,451950.0,10108434.546283776,86431.63492760537,35174.93238317245,,53.452869224362075,9.386364174075425,3.868107547983527,0.0038280757144093513,33.37002992630005,1,1,15,0.038984092800368,1,2,2,15,0.03998315052775141,1,"{""eta"":[{""iter"":1,""solved"":15,""failed"":0,""gap_p90"":0,""cache_hr"":0,""fixed"":1,""unan"":true,""key"":null}],""gamma_LT"":[{""iter"":1,""solved"":15,""failed"":0,""gap_p90"":0,""cache_hr"":100,""fixed"":1,""unan"":false,""key"":""('gamma_LT', ('CTV',""},{""iter"":2,""solved"":15,""failed"":0,""gap_p90"":0,""cache_hr"":60,""fixed"":1,""unan"":true,""key"":null}]}",0.016735813799434267,True,2,OPTIMAL,solution_within_gap,False,,5:1,CTV|5:1,CTV|5|Apr:1;CTV|5|Aug:1;CTV|5|Jul:1;CTV|5|Jun:1;CTV|5|May:1;CTV|5|Sep:1;SOV|5|Dec:1;SOV|5|Feb:1;SOV|5|Jan:1;SOV|5|Mar:1;SOV|5|Nov:1;SOV|5|Oct:1,SOV1|5|Dec:1;SOV1|5|Feb:1;SOV1|5|Jan:1;SOV1|5|Mar:1;SOV1|5|Nov:1;SOV1|5|Oct:1,31;42;53;58;104;159;231;246;261;285;347;370;387;388;481,27aa1acfa7197c4d,200,1-500,501-1500
20,20,17777722.353681013,5928825.0,11848897.353683125,4571250.0,905625.0,451950.0,11727534.381331906,86564.91424128879,34798.05810763858,,56.459437440149486,8.990654329769313,4.112813678570092,0.004928105510771275,35.066262006759644,1,1,20,0.038851998866662095,1,2,2,20,0.03966727198163776,1,"{""eta"":[{""iter"":1,""solved"":20,""failed"":0,""gap_p90"":0,""cache_hr"":0,""fixed"":1,""unan"":true,""key"":null}],""gamma_LT"":[{""iter"":1,""solved"":20,""failed"":0,""gap_p90"":0,""cache_hr"":100,""fixed"":1,""unan"":false,""key"":""('gamma_LT', ('CTV',""},{""iter"":2,""solved"":20,""failed"":0,""gap_p90"":0,""cache_hr"":75,""fixed"":1,""unan"":true,""key"":null}]}",0.006212852854694356,True,2,OPTIMAL,solution_within_gap,False,,5:1,CTV|5:1,CTV|5|Apr:1;CTV|5|Jul:1;CTV|5|Jun:1;CTV|5|Mar:1;CTV|5|May:1;SOV|5|Dec:1;SOV|5|Feb:1;SOV|5|Jan:1;SOV|5|Nov:1;SOV|5|Oct:1;SOV|5|Sep:1,SOV1|5|Dec:1;SOV1|5|Feb:1;SOV1|5|Jan:1;SOV1|5|Nov:1;SOV1|5|Oct:1;SOV1|5|Sep:1,3;41;87;104;111;135;156;202;241;242;272;274;291;299;326;353;368;391;423;438,27aa1acfa7197c4d,200,1-500,501-1500
