instance_id,tree_size,objective,first_stage_cost,second_stage_cost,charter_cost_ST,charter_cost_LT,charter_cost_mob,downtime_cost,travel_cost_S,travel_cost_M,MIP_runtime,Con_total runtime,Con_eta runtime,Con_gamma_LT_runtime,Con_gamma_ST_runtime,Con_Master_runtime,Con_eta_n_iters,Con_eta_vars_fixed,Con_eta_judges_solved_min,Con_eta_gap_p90_max,Con_eta_unanimous_count,Con_gamma_LT_n_iters,Con_gamma_LT_vars_fixed,Con_gamma_LT_judges_solved_min,Con_gamma_LT_gap_p90_max,Con_gamma_LT_unanimous_count,Con_fix_history_json,MIPGap,has_solution,solve_status_code,solve_status,solve_outcome,gap_pruned,optimize_error,eta,gamma_LT,gamma_ST,alpha,scenarios,param_signature,seed,iss_pool,oos_pool
1,1,31047124.072939485,11598900.0,19448224.072939597,1638750.0,9056250.0,903900.0,18807625.7904291,250197.33895455473,390400.9435558242,,21.81505453120917,16.599873361177742,0.0003806399181485176,0.0010189702734351158,1.8022651672363281,1,2,1,0.02629051864606175,1,1,4,1,0.02629051864606175,1,"{""eta"":[{""iter"":1,""solved"":1,""failed"":0,""gap_p90"":0,""cache_hr"":0,""fixed"":2,""unan"":true,""key"":null}],""gamma_LT"":[{""iter"":1,""solved"":1,""failed"":0,""gap_p90"":0,""cache_hr"":100,""fixed"":4,""unan"":true,""key"":null}]}",0.01370608862347005,True,2,OPTIMAL,solution_within_gap,False,,5:1,CTV|5:2;SOV|5:1,CTV|5|Feb:1;CTV|5|Mar:1;CTV|5|Sep:1;SOV|5|Feb:1;SOV|5|Jan:1,SOV1|5|Apr:1;SOV1|5|Aug:1;SOV1|5|Dec:1;SOV1|5|Feb:1;SOV1|5|Jan:1;SOV1|5|Jul:1;SOV1|5|Jun:1;SOV1|5|Mar:1;SOV1|5|May:1;SOV1|5|Nov:1;SOV1|5|Oct:1;SOV1|5|Sep:1;SOV2|5|Feb:1;SOV2|5|Jan:1,20,8e1f6eec5f28b6aa,200,1-500,501-1500
1,3,29691831.88599485,11189500.0,18502331.88599482,1380000.0,9056250.0,753250.0,17859622.587085713,261610.6467281363,381098.6521810224,,54.91802905406803,30.07765165530145,8.47430032119155,0.0027330713346600533,11.587784051895142,2,2,3,0.039973250335418986,1,2,4,3,0.039973250335418986,1,"{""eta"":[{""iter"":1,""solved"":3,""failed"":0,""gap_p90"":0,""cache_hr"":0,""fixed"":1,""unan"":false,""key"":""('eta', '5')""},{""iter"":2,""solved"":3,""failed"":0,""gap_p90"":0,""cache_hr"":67,""fixed"":1,""unan"":true,""key"":null}],""gamma_LT"":[{""iter"":1,""solved"":3,""failed"":0,""gap_p90"":0,""cache_hr"":100,""fixed"":1,""unan"":false,""key"":""('gamma_LT', ('SOV',""},{""iter"":2,""solved"":3,""failed"":0,""gap_p90"":0,""cache_hr"":33,""fixed"":3,""unan"":true,""key"":null}]}",0.004987137013926796,True,2,OPTIMAL,solution_within_gap,False,,5:1,CTV|5:2;SOV|5:1,SOV|5|Feb:1;SOV|5|Jan:1,SOV1|5|Apr:1;SOV1|5|Aug:1;SOV1|5|Dec:1;SOV1|5|Feb:1;SOV1|5|Jan:1;SOV1|5|Jul:1;SOV1|5|Jun:1;SOV1|5|Mar:1;SOV1|5|May:1;SOV1|5|Nov:1;SOV1|5|Oct:1;SOV1|5|Sep:1;SOV2|5|Feb:1;SOV2|5|Jan:1,118;323;332,8e1f6eec5f28b6aa,200,1-500,501-1500
1,5,26887390.23080891,7599775.0,19287615.23080735,5261250.0,1811250.0,527275.0,18509980.539220143,508308.01744051435,269326.67414819554,,99.00156849529594,24.901313556358218,16.523491468280554,0.004526318982243538,51.34613585472107,1,2,5,0.039924420815737126,1,3,4,5,0.03999668174133841,1,"{""eta"":[{""iter"":1,""solved"":5,""failed"":0,""gap_p90"":0,""cache_hr"":0,""fixed"":2,""unan"":true,""key"":null}],""gamma_LT"":[{""iter"":1,""solved"":5,""failed"":0,""gap_p90"":0,""cache_hr"":100,""fixed"":1,""unan"":false,""key"":""('gamma_LT', ('CTV',""},{""iter"":2,""solved"":5,""failed"":0,""gap_p90"":0,""cache_hr"":60,""fixed"":1,""unan"":false,""key"":""('gamma_LT', ('SOV',""},{""iter"":3,""solved"":5,""failed"":0,""gap_p90"":0,""cache_hr"":60,""fixed"":2,""unan"":true,""key"":null}]}",0.006047078130781775,True,2,OPTIMAL,solution_within_gap,False,,5:1,CTV|5:2,CTV|5|Apr:1;CTV|5|Aug:1;CTV|5|Jul:1;CTV|5|Jun:1;CTV|5|May:1;SOV|5|Dec:1;SOV|5|Feb:1;SOV|5|Jan:1;SOV|5|Mar:1;SOV|5|Nov:1;SOV|5|Oct:1;SOV|5|Sep:1,SOV1|5|Dec:1;SOV1|5|Feb:1;SOV1|5|Jan:1;SOV1|5|Mar:1;SOV1|5|Nov:1;SOV1|5|Oct:1;SOV1|5|Sep:1,89;218;270;287;445,8e1f6eec5f28b6aa,200,1-500,501-1500
1,7,34190222.54106352,11857650.0,22332572.541065123,1897500.0,9056250.0,903900.0,21713093.92371961,235752.1972050265,383726.4201388684,,82.04399992711842,25.89285847451538,11.380045934580266,0.006109853275120258,37.08959484100342,1,2,7,0.03537085070549403,1,3,4,7,0.0399910775496561,1,"{""eta"":[{""iter"":1,""solved"":7,""failed"":0,""gap_p90"":0,""cache_hr"":0,""fixed"":2,""unan"":true,""key"":null}],""gamma_LT"":[{""iter"":1,""solved"":7,""failed"":0,""gap_p90"":0,""cache_hr"":100,""fixed"":1,""unan"":false,""key"":""('gamma_LT', ('CTV',""},{""iter"":2,""solved"":7,""failed"":0,""gap_p90"":0,""cache_hr"":86,""fixed"":1,""unan"":false,""key"":""('gamma_LT', ('SOV',""},{""iter"":3,""solved"":7,""failed"":0,""gap_p90"":0,""cache_hr"":86,""fixed"":2,""unan"":true,""key"":null}]}",0.01843334837448991,True,2,OPTIMAL,solution_within_gap,False,,5:1,CTV|5:2;SOV|5:1,CTV|5|Dec:1;CTV|5|Feb:1;CTV|5|Jan:1;CTV|5|Mar:1;CTV|5|Oct:1;CTV|5|Sep:1;SOV|5|Feb:1;SOV|5|Jan:1,SOV1|5|Apr:1;SOV1|5|Aug:1;SOV1|5|Dec:1;SOV1|5|Feb:1;SOV1|5|Jan:1;SOV1|5|Jul:1;SOV1|5|Jun:1;SOV1|5|Mar:1;SOV1|5|May:1;SOV1|5|Nov:1;SOV1|5|Oct:1;SOV1|5|Sep:1;SOV2|5|Feb:1;SOV2|5|Jan:1,31;179;185;224;336;349;498,8e1f6eec5f28b6aa,200,1-500,501-1500
1,10,27830712.333357897,8838900.0,18991812.33336241,6123750.0,1811250.0,903900.0,18226769.768737245,504789.29602739686,260253.26859316186,,247.07064941059798,28.858226883225143,21.164260275661945,0.008087646216154099,186.98227405548096,1,2,10,0.039176106916768996,1,3,4,10,0.0399547923029555,1,"{""eta"":[{""iter"":1,""solved"":10,""failed"":0,""gap_p90"":0,""cache_hr"":0,""fixed"":2,""unan"":true,""key"":null}],""gamma_LT"":[{""iter"":1,""solved"":10,""failed"":0,""gap_p90"":0,""cache_hr"":100,""fixed"":1,""unan"":false,""key"":""('gamma_LT', ('CTV',""},{""iter"":2,""solved"":10,""failed"":0,""gap_p90"":0,""cache_hr"":70,""fixed"":1,""unan"":false,""key"":""('gamma_LT', ('SOV',""},{""iter"":3,""solved"":10,""failed"":0,""gap_p90"":0,""cache_hr"":40,""fixed"":2,""unan"":true,""key"":null}]}",0.018170628882702204,True,2,OPTIMAL,solution_within_gap,False,,5:1,CTV|5:2,CTV|5|Apr:2;CTV|5|Aug:1;CTV|5|Jul:1;CTV|5|Jun:1;CTV|5|Mar:1;CTV|5|May:1;SOV|5|Dec:2;SOV|5|Feb:1;SOV|5|Jan:1;SOV|5|Mar:1;SOV|5|Nov:1;SOV|5|Oct:1;SOV|5|Sep:1,SOV1|5|Dec:1;SOV1|5|Feb:1;SOV1|5|Jan:1;SOV1|5|Mar:1;SOV1|5|Nov:1;SOV1|5|Oct:1;SOV1|5|Sep:1;SOV2|5|Dec:1,36;57;71;223;251;260;334;375;393;426,8e1f6eec5f28b6aa,200,1-500,501-1500
1,15,29630295.97222132,8968850.0,20661445.972214933,6555000.0,1811250.0,602600.0,19905417.45016838,408111.6580062249,347916.86404678924,,959.9680464174598,28.74572464544326,22.39417041745037,0.013280831277370453,893.7245860099792,1,2,15,0.039973250335418986,1,3,4,15,0.039989427514898264,1,"{""eta"":[{""iter"":1,""solved"":15,""failed"":0,""gap_p90"":0,""cache_hr"":0,""fixed"":2,""unan"":true,""key"":null}],""gamma_LT"":[{""iter"":1,""solved"":15,""failed"":0,""gap_p90"":0,""cache_hr"":100,""fixed"":1,""unan"":false,""key"":""('gamma_LT', ('CTV',""},{""iter"":2,""solved"":15,""failed"":0,""gap_p90"":0,""cache_hr"":73,""fixed"":1,""unan"":false,""key"":""('gamma_LT', ('SOV',""},{""iter"":3,""solved"":15,""failed"":0,""gap_p90"":0,""cache_hr"":40,""fixed"":2,""unan"":true,""key"":null}]}",1.257257201195158e-16,True,2,OPTIMAL,solution_within_gap,False,,5:1,CTV|5:2,CTV|5|Jan:1;CTV|5|Jul:1;CTV|5|Jun:1;CTV|5|May:1;SOV|5|Apr:1;SOV|5|Aug:1;SOV|5|Dec:1;SOV|5|Feb:1;SOV|5|Jan:1;SOV|5|Mar:1;SOV|5|Nov:1;SOV|5|Oct:1;SOV|5|Sep:1,SOV1|5|Apr:1;SOV1|5|Aug:1;SOV1|5|Dec:1;SOV1|5|Feb:1;SOV1|5|Jan:1;SOV1|5|Mar:1;SOV1|5|Nov:1;SOV1|5|Oct:1;SOV1|5|Sep:1,18;90;131;229;275;305;323;325;349;356;363;377;406;412;447,8e1f6eec5f28b6aa,200,1-500,501-1500
1,20,27747545.88299046,8451350.0,19296195.882983685,6037500.0,1811250.0,602600.0,18539358.9794109,463991.20791630534,292845.69566320855,,1259.8617584705353,30.262625833041966,19.712281989865005,0.015830609016120434,1193.0350828170776,1,2,20,0.03976365931578181,1,3,4,20,0.03998983745990141,1,"{""eta"":[{""iter"":1,""solved"":20,""failed"":0,""gap_p90"":0,""cache_hr"":0,""fixed"":2,""unan"":true,""key"":null}],""gamma_LT"":[{""iter"":1,""solved"":20,""failed"":0,""gap_p90"":0,""cache_hr"":100,""fixed"":1,""unan"":false,""key"":""('gamma_LT', ('CTV',""},{""iter"":2,""solved"":20,""failed"":0,""gap_p90"":0,""cache_hr"":70,""fixed"":1,""unan"":false,""key"":""('gamma_LT', ('SOV',""},{""iter"":3,""solved"":20,""failed"":0,""gap_p90"":0,""cache_hr"":40,""fixed"":2,""unan"":true,""key"":null}]}",0.0005320950109755176,True,2,OPTIMAL,solution_within_gap,False,,5:1,CTV|5:2,CTV|5|Apr:1;CTV|5|Dec:1;CTV|5|Jan:1;CTV|5|Jul:1;CTV|5|Jun:1;CTV|5|May:1;SOV|5|Aug:1;SOV|5|Dec:1;SOV|5|Feb:1;SOV|5|Jan:1;SOV|5|Mar:1;SOV|5|Nov:1;SOV|5|Oct:1;SOV|5|Sep:1,SOV1|5|Aug:1;SOV1|5|Dec:1;SOV1|5|Feb:1;SOV1|5|Jan:1;SOV1|5|Mar:1;SOV1|5|Nov:1;SOV1|5|Oct:1;SOV1|5|Sep:1,24;43;64;88;110;116;118;145;219;224;240;291;292;312;405;409;467;480;491;495,8e1f6eec5f28b6aa,200,1-500,501-1500
2,1,27137920.017310508,9787650.0,17350270.017310686,7072500.0,1811250.0,903900.0,16671490.783722725,413489.60635449376,265289.62723329035,,28.809357217513025,23.439953955821693,0.00035218149423599243,0.0010271016508340836,1.6917438507080078,1,2,1,0.03954751290306779,1,1,4,1,0.03954751290306779,1,"{""eta"":[{""iter"":1,""solved"":1,""failed"":0,""gap_p90"":0,""cache_hr"":0,""fixed"":2,""unan"":true,""key"":null}],""gamma_LT"":[{""iter"":1,""solved"":1,""failed"":0,""gap_p90"":0,""cache_hr"":100,""fixed"":4,""unan"":true,""key"":null}]}",0.0012780093580418484,True,2,OPTIMAL,solution_within_gap,False,,5:1,CTV|5:2,CTV|5|Aug:1;CTV|5|Jan:1;SOV|5|Apr:1;SOV|5|Dec:2;SOV|5|Feb:1;SOV|5|Jan:1;SOV|5|Mar:1;SOV|5|Nov:2;SOV|5|Oct:1;SOV|5|Sep:1,SOV1|5|Apr:1;SOV1|5|Dec:1;SOV1|5|Feb:1;SOV1|5|Jan:1;SOV1|5|Mar:1;SOV1|5|Nov:1;SOV1|5|Oct:1;SOV1|5|Sep:1;SOV2|5|Dec:1;SOV2|5|Nov:1,212,8e1f6eec5f28b6aa,200,1-500,501-1500
2,3,24935465.025333766,9831350.0,15104115.02533373,172500.0,9056250.0,602600.0,14440178.867735697,258835.6088621276,405100.5487359453,,42.379712253808975,23.963802757672966,5.020933602005243,0.002737238071858883,8.50427508354187,1,2,3,0.0319612980294787,1,2,4,3,0.03988474965991335,1,"{""eta"":[{""iter"":1,""solved"":3,""failed"":0,""gap_p90"":0,""cache_hr"":0,""fixed"":2,""unan"":true,""key"":null}],""gamma_LT"":[{""iter"":1,""solved"":3,""failed"":0,""gap_p90"":0,""cache_hr"":100,""fixed"":1,""unan"":false,""key"":""('gamma_LT', ('CTV',""},{""iter"":2,""solved"":3,""failed"":0,""gap_p90"":0,""cache_hr"":67,""fixed"":3,""unan"":true,""key"":null}]}",0.004093637451979869,True,2,OPTIMAL,solution_within_gap,False,,5:1,CTV|5:2;SOV|5:1,CTV|5|Dec:2,SOV1|5|Apr:1;SOV1|5|Aug:1;SOV1|5|Dec:1;SOV1|5|Feb:1;SOV1|5|Jan:1;SOV1|5|Jul:1;SOV1|5|Jun:1;SOV1|5|Mar:1;SOV1|5|May:1;SOV1|5|Nov:1;SOV1|5|Oct:1;SOV1|5|Sep:1,47;373;492,8e1f6eec5f28b6aa,200,1-500,501-1500
2,5,25291198.09952509,7599775.0,17691423.099523615,5261250.0,1811250.0,527275.0,16870471.072633613,552946.7223928343,268005.3044986023,,74.32796084694564,28.427497934550047,16.2015893002972,0.004459111951291561,23.086496114730835,1,2,5,0.03974213375786183,1,3,4,5,0.03998772052994456,1,"{""eta"":[{""iter"":1,""solved"":5,""failed"":0,""gap_p90"":0,""cache_hr"":0,""fixed"":2,""unan"":true,""key"":null}],""gamma_LT"":[{""iter"":1,""solved"":5,""failed"":0,""gap_p90"":0,""cache_hr"":100,""fixed"":1,""unan"":false,""key"":""('gamma_LT', ('CTV',""},{""iter"":2,""solved"":5,""failed"":0,""gap_p90"":0,""cache_hr"":80,""fixed"":1,""unan"":false,""key"":""('gamma_LT', ('SOV',""},{""iter"":3,""solved"":5,""failed"":0,""gap_p90"":0,""cache_hr"":80,""fixed"":2,""unan"":true,""key"":null}]}",0.0146927836226294,True,2,OPTIMAL,solution_within_gap,False,,5:1,CTV|5:2,CTV|5|Apr:1;CTV|5|Aug:1;CTV|5|Jul:1;CTV|5|Jun:1;CTV|5|May:1;SOV|5|Dec:1;SOV|5|Feb:1;SOV|5|Jan:1;SOV|5|Mar:1;SOV|5|Nov:1;SOV|5|Oct:1;SOV|5|Sep:1,SOV1|5|Dec:1;SOV1|5|Feb:1;SOV1|5|Jan:1;SOV1|5|Mar:1;SOV1|5|Nov:1;SOV1|5|Oct:1;SOV1|5|Sep:1,63;128;150;253;269,8e1f6eec5f28b6aa,200,1-500,501-1500
2,7,29860206.92329452,11307950.0,18552256.92329626,2328750.0,8150625.0,828575.0,17938328.493439898,218067.44079067357,395860.98906396166,,123.63545295316726,22.946574953384697,19.351103690452874,0.006117898039519787,73.573566198349,1,2,7,0.039851014971542476,1,3,4,7,0.039996355838234056,1,"{""eta"":[{""iter"":1,""solved"":7,""failed"":0,""gap_p90"":0,""cache_hr"":0,""fixed"":2,""unan"":true,""key"":null}],""gamma_LT"":[{""iter"":1,""solved"":7,""failed"":0,""gap_p90"":0,""cache_hr"":100,""fixed"":1,""unan"":false,""key"":""('gamma_LT', ('SOV',""},{""iter"":2,""solved"":7,""failed"":0,""gap_p90"":0,""cache_hr"":86,""fixed"":1,""unan"":false,""key"":""('gamma_LT', ('CTV',""},{""iter"":3,""solved"":7,""failed"":0,""gap_p90"":0,""cache_hr"":14,""fixed"":2,""unan"":true,""key"":null}]}",0.019065600020919293,True,2,OPTIMAL,solution_within_gap,False,,5:1,CTV|5:1;SOV|5:1,CTV|5|Apr:1;CTV|5|Aug:1;CTV|5|Dec:1;CTV|5|Feb:2;CTV|5|Jan:1;CTV|5|Jul:1;CTV|5|Mar:1;CTV|5|Nov:1;CTV|5|Oct:1;CTV|5|Sep:1;SOV|5|Dec:1;SOV|5|Jan:1,SOV1|5|Apr:1;SOV1|5|Aug:1;SOV1|5|Dec:1;SOV1|5|Feb:1;SOV1|5|Jan:1;SOV1|5|Jul:1;SOV1|5|Jun:1;SOV1|5|Mar:1;SOV1|5|May:1;SOV1|5|Nov:1;SOV1|5|Oct:1;SOV1|5|Sep:1;SOV2|5|Dec:1;SOV2|5|Jan:1,52;62;145;308;315;342;443,8e1f6eec5f28b6aa,200,1-500,501-1500
2,10,27543393.15672555,8278850.0,19264543.15673034,5865000.0,1811250.0,602600.0,18484200.242760733,515810.2092397695,264532.70472495107,,127.48372235614806,24.37728737015277,19.486243697814643,0.008735770359635353,73.74416399002075,1,2,10,0.03992015073740955,1,3,4,10,0.03999723353771438,1,"{""eta"":[{""iter"":1,""solved"":10,""failed"":0,""gap_p90"":0,""cache_hr"":0,""fixed"":2,""unan"":true,""key"":null}],""gamma_LT"":[{""iter"":1,""solved"":10,""failed"":0,""gap_p90"":0,""cache_hr"":100,""fixed"":1,""unan"":false,""key"":""('gamma_LT', ('SOV',""},{""iter"":2,""solved"":10,""failed"":0,""gap_p90"":0,""cache_hr"":80,""fixed"":1,""unan"":false,""key"":""('gamma_LT', ('CTV',""},{""iter"":3,""solved"":10,""failed"":0,""gap_p90"":0,""cache_hr"":50,""fixed"":2,""unan"":true,""key"":null}]}",0.017556555617068655,True,2,OPTIMAL,solution_within_gap,False,,5:1,CTV|5:2,CTV|5|Apr:2;CTV|5|Aug:1;CTV|5|Dec:1;CTV|5|Feb:1;CTV|5|Jan:1;CTV|5|Jul:1;CTV|5|Jun:1;CTV|5|Mar:1;CTV|5|May:2;CTV|5|Sep:1;SOV|5|Dec:1;SOV|5|Feb:1;SOV|5|Jan:1;SOV|5|Mar:1;SOV|5|Nov:1;SOV|5|Oct:1;SOV|5|Sep:1,SOV1|5|Dec:1;SOV1|5|Feb:1;SOV1|5|Jan:1;SOV1|5|Mar:1;SOV1|5|Nov:1;SOV1|5|Oct:1;SOV1|5|Sep:1,58;108;125;162;180;216;218;219;338;341,8e1f6eec5f28b6aa,200,1-500,501-1500
2,15,28496799.70762383,8612925.0,19883874.707617052,6123750.0,1811250.0,677925.0,19114555.307106156,467801.984443696,301517.4160740076,,360.10061742085963,27.523568792268634,20.53039355762303,0.012092238292098045,298.911034822464,1,2,15,0.03974415830727509,1,3,4,15,0.039952231100136085,1,"{""eta"":[{""iter"":1,""solved"":15,""failed"":0,""gap_p90"":0,""cache_hr"":0,""fixed"":2,""unan"":true,""key"":null}],""gamma_LT"":[{""iter"":1,""solved"":15,""failed"":0,""gap_p90"":0,""cache_hr"":100,""fixed"":1,""unan"":false,""key"":""('gamma_LT', ('CTV',""},{""iter"":2,""solved"":15,""failed"":0,""gap_p90"":0,""cache_hr"":67,""fixed"":1,""unan"":false,""key"":""('gamma_LT', ('SOV',""},{""iter"":3,""solved"":15,""failed"":0,""gap_p90"":0,""cache_hr"":47,""fixed"":2,""unan"":true,""key"":null}]}",0.01646349631685044,True,2,OPTIMAL,solution_within_gap,False,,5:1,CTV|5:2,CTV|5|Aug:1;CTV|5|Dec:1;CTV|5|Jan:1;CTV|5|Jul:1;CTV|5|Jun:2;CTV|5|May:1;SOV|5|Apr:1;SOV|5|Dec:1;SOV|5|Feb:1;SOV|5|Jan:1;SOV|5|Mar:1;SOV|5|Nov:1;SOV|5|Oct:1;SOV|5|Sep:1,SOV1|5|Apr:1;SOV1|5|Dec:1;SOV1|5|Feb:1;SOV1|5|Jan:1;SOV1|5|Mar:1;SOV1|5|Nov:1;SOV1|5|Oct:1;SOV1|5|Sep:1,10;32;86;131;180;202;216;235;267;280;330;346;423;434;475,8e1f6eec5f28b6aa,200,1-500,501-1500
2,20,30508012.059325315,8451350.0,22056662.05931858,6037500.0,1811250.0,602600.0,21293276.210842554,467326.05926844233,296059.789214319,,1167.7236417839304,30.593586596660316,22.06458525545895,0.016395107842981815,1098.240916967392,1,2,20,0.03978145267612769,1,3,4,20,0.03999171457830682,1,"{""eta"":[{""iter"":1,""solved"":20,""failed"":0,""gap_p90"":0,""cache_hr"":0,""fixed"":2,""unan"":true,""key"":null}],""gamma_LT"":[{""iter"":1,""solved"":20,""failed"":0,""gap_p90"":0,""cache_hr"":100,""fixed"":1,""unan"":false,""key"":""('gamma_LT', ('CTV',""},{""iter"":2,""solved"":20,""failed"":0,""gap_p90"":0,""cache_hr"":65,""fixed"":1,""unan"":false,""key"":""('gamma_LT', ('SOV',""},{""iter"":3,""solved"":20,""failed"":0,""gap_p90"":0,""cache_hr"":40,""fixed"":2,""unan"":true,""key"":null}]}",0.0006343926639566924,True,2,OPTIMAL,solution_within_gap,False,,5:1,CTV|5:2,CTV|5|Aug:1;CTV|5|Dec:1;CTV|5|Jan:1;CTV|5|Jul:1;CTV|5|Jun:1;CTV|5|May:1;SOV|5|Apr:1;SOV|5|Dec:1;SOV|5|Feb:1;SOV|5|Jan:1;SOV|5|Mar:1;SOV|5|Nov:1;SOV|5|Oct:1;SOV|5|Sep:1,SOV1|5|Apr:1;SOV1|5|Dec:1;SOV1|5|Feb:1;SOV1|5|Jan:1;SOV1|5|Mar:1;SOV1|5|Nov:1;SOV1|5|Oct:1;SOV1|5|Sep:1,15;32;46;50;93;120;199;214;277;305;310;359;370;378;413;430;445;446;450;458,8e1f6eec5f28b6aa,200,1-500,501-1500
3,1,24267915.04262171,8677325.0,15590590.042621713,6037500.0,1811250.0,828575.0,14792528.588365411,572925.2080036233,225136.24625268052,,24.69681037776172,19.73608335852623,0.00034411996603012085,0.0010058488696813583,1.41587495803833,1,2,1,0.03759359371345941,1,1,4,1,0.03759359371345941,1,"{""eta"":[{""iter"":1,""solved"":1,""failed"":0,""gap_p90"":0,""cache_hr"":0,""fixed"":2,""unan"":true,""key"":null}],""gamma_LT"":[{""iter"":1,""solved"":1,""failed"":0,""gap_p90"":0,""cache_hr"":100,""fixed"":4,""unan"":true,""key"":null}]}",0.0027780601685830813,True,2,OPTIMAL,solution_within_gap,False,,5:1,CTV|5:2,CTV|5|Aug:1;CTV|5|Dec:4;CTV|5|Jan:2;CTV|5|Jul:1;CTV|5|Jun:1;CTV|5|May:1;CTV|5|Nov:1;CTV|5|Oct:1;CTV|5|Sep:2;SOV|5|Apr:1;SOV|5|Dec:1;SOV|5|Feb:1;SOV|5|Jan:1;SOV|5|Mar:1;SOV|5|Nov:1;SOV|5|Oct:1,SOV1|5|Apr:1;SOV1|5|Dec:1;SOV1|5|Feb:1;SOV1|5|Jan:1;SOV1|5|Mar:1;SOV1|5|Nov:1;SOV1|5|Oct:1,42,8e1f6eec5f28b6aa,200,1-500,501-1500
3,3,25530936.16098544,9508200.0,16022736.160985352,0.0,9056250.0,451950.0,15320139.634617178,310764.91866862535,391831.60769963294,,35.1260104002431,20.925306816585362,0.00045031122863292694,0.0026783430948853493,9.606180906295776,1,2,3,0.03736634264636838,1,1,4,3,0.03736634264636838,1,"{""eta"":[{""iter"":1,""solved"":3,""failed"":0,""gap_p90"":0,""cache_hr"":0,""fixed"":2,""unan"":true,""key"":null}],""gamma_LT"":[{""iter"":1,""solved"":3,""failed"":0,""gap_p90"":0,""cache_hr"":100,""fixed"":4,""unan"":true,""key"":null}]}",0.0024415469260030314,True,2,OPTIMAL,solution_within_gap,False,,5:1,CTV|5:2;SOV|5:1,,SOV1|5|Apr:1;SOV1|5|Aug:1;SOV1|5|Dec:1;SOV1|5|Feb:1;SOV1|5|Jan:1;SOV1|5|Jul:1;SOV1|5|Jun:1;SOV1|5|Mar:1;SOV1|5|May:1;SOV1|5|Nov:1;SOV1|5|Oct:1;SOV1|5|Sep:1,354;388;419,8e1f6eec5f28b6aa,200,1-500,501-1500
3,5,32590058.938406117,9788225.0,22801833.938404735,1035000.0,8150625.0,602600.0,22130478.11933368,225196.96229969425,446158.8567726834,,67.85919169336557,21.75688521936536,8.576731235720217,0.0044741518795490265,31.22256112098694,1,2,5,0.03968426123702558,1,2,4,5,0.03999071276362724,1,"{""eta"":[{""iter"":1,""solved"":5,""failed"":0,""gap_p90"":0,""cache_hr"":0,""fixed"":2,""unan"":true,""key"":null}],""gamma_LT"":[{""iter"":1,""solved"":5,""failed"":0,""gap_p90"":0,""cache_hr"":100,""fixed"":1,""unan"":false,""key"":""('gamma_LT', ('CTV',""},{""iter"":2,""solved"":5,""failed"":0,""gap_p90"":0,""cache_hr"":40,""fixed"":3,""unan"":true,""key"":null}]}",0.010731297789978606,True,2,OPTIMAL,solution_within_gap,False,,5:1,CTV|5:1;SOV|5:1,CTV|5|Apr:1;CTV|5|Aug:1;CTV|5|Dec:2;CTV|5|Feb:1;CTV|5|Jan:3;CTV|5|Mar:1;CTV|5|Nov:1;CTV|5|Oct:1;CTV|5|Sep:1,SOV1|5|Apr:1;SOV1|5|Aug:1;SOV1|5|Dec:1;SOV1|5|Feb:1;SOV1|5|Jan:1;SOV1|5|Jul:1;SOV1|5|Jun:1;SOV1|5|Mar:1;SOV1|5|May:1;SOV1|5|Nov:1;SOV1|5|Oct:1;SOV1|5|Sep:1,45;52;231;235;276,8e1f6eec5f28b6aa,200,1-500,501-1500
3,7,32199196.921370577,12461400.0,19737796.92137214,2501250.0,9056250.0,903900.0,19137510.91854691,217035.88212485853,383250.12069877854,,88.17255678214133,26.47309440653771,15.617625276558101,0.006252432242035866,38.40234589576721,1,2,7,0.039927651646662156,1,3,4,7,0.039952565168962645,1,"{""eta"":[{""iter"":1,""solved"":7,""failed"":0,""gap_p90"":0,""cache_hr"":0,""fixed"":2,""unan"":true,""key"":null}],""gamma_LT"":[{""iter"":1,""solved"":7,""failed"":0,""gap_p90"":0,""cache_hr"":100,""fixed"":1,""unan"":false,""key"":""('gamma_LT', ('SOV',""},{""iter"":2,""solved"":7,""failed"":0,""gap_p90"":0,""cache_hr"":71,""fixed"":1,""unan"":false,""key"":""('gamma_LT', ('CTV',""},{""iter"":3,""solved"":7,""failed"":0,""gap_p90"":0,""cache_hr"":57,""fixed"":2,""unan"":true,""key"":null}]}",0.01919090376288868,True,2,OPTIMAL,solution_within_gap,False,,5:1,CTV|5:2;SOV|5:1,CTV|5|Dec:1;CTV|5|Feb:1;CTV|5|Jan:1;CTV|5|Nov:1;CTV|5|Sep:1;SOV|5|Dec:1;SOV|5|Feb:1;SOV|5|Jan:1,SOV1|5|Apr:1;SOV1|5|Aug:1;SOV1|5|Dec:1;SOV1|5|Feb:1;SOV1|5|Jan:1;SOV1|5|Jul:1;SOV1|5|Jun:1;SOV1|5|Mar:1;SOV1|5|May:1;SOV1|5|Nov:1;SOV1|5|Oct:1;SOV1|5|Sep:1;SOV2|5|Dec:1;SOV2|5|Feb:1;SOV2|5|Jan:1,31;97;222;224;251;393;455,8e1f6eec5f28b6aa,200,1-500,501-1500
3,10,28532318.774378877,9356975.0,19175343.774383835,603750.0,8150625.0,602600.0,18500069.462107014,212292.46555031568,462981.84672164987,,269.0034040780738,25.951834863051772,20.870765041559935,0.008069084025919437,212.59145498275757,1,2,10,0.039368015671356664,1,3,4,10,0.039995450286334444,1,"{""eta"":[{""iter"":1,""solved"":10,""failed"":0,""gap_p90"":0,""cache_hr"":0,""fixed"":2,""unan"":true,""key"":null}],""gamma_LT"":[{""iter"":1,""solved"":10,""failed"":0,""gap_p90"":0,""cache_hr"":100,""fixed"":1,""unan"":false,""key"":""('gamma_LT', ('SOV',""},{""iter"":2,""solved"":10,""failed"":0,""gap_p90"":0,""cache_hr"":80,""fixed"":1,""unan"":false,""key"":""('gamma_LT', ('CTV',""},{""iter"":3,""solved"":10,""failed"":0,""gap_p90"":0,""cache_hr"":40,""fixed"":2,""unan"":true,""key"":null}]}",0.010027258328824078,True,2,OPTIMAL,solution_within_gap,False,,5:1,CTV|5:1;SOV|5:1,CTV|5|Dec:1;CTV|5|Feb:1;CTV|5|Jan:3;CTV|5|Mar:1;CTV|5|Nov:1,SOV1|5|Apr:1;SOV1|5|Aug:1;SOV1|5|Dec:1;SOV1|5|Feb:1;SOV1|5|Jan:1;SOV1|5|Jul:1;SOV1|5|Jun:1;SOV1|5|Mar:1;SOV1|5|May:1;SOV1|5|Nov:1;SOV1|5|Oct:1;SOV1|5|Sep:1,39;52;155;160;209;211;217;238;244;499,8e1f6eec5f28b6aa,200,1-500,501-1500
3,15,28470439.527617157,10488575.0,17981864.527610753,7848750.0,1811250.0,828575.0,17278780.94804161,386877.46488064766,316206.1146948623,,519.0382579620928,27.412765440531075,16.274721431545913,0.012482103891670704,462.3298079967499,1,2,15,0.039088502420387514,1,3,4,15,0.039998377021061134,1,"{""eta"":[{""iter"":1,""solved"":15,""failed"":0,""gap_p90"":0,""cache_hr"":0,""fixed"":2,""unan"":true,""key"":null}],""gamma_LT"":[{""iter"":1,""solved"":15,""failed"":0,""gap_p90"":0,""cache_hr"":100,""fixed"":1,""unan"":false,""key"":""('gamma_LT', ('CTV',""},{""iter"":2,""solved"":15,""failed"":0,""gap_p90"":0,""cache_hr"":80,""fixed"":1,""unan"":false,""key"":""('gamma_LT', ('SOV',""},{""iter"":3,""solved"":15,""failed"":0,""gap_p90"":0,""cache_hr"":53,""fixed"":2,""unan"":true,""key"":null}]}",0.017676052825798268,True,2,OPTIMAL,solution_within_gap,False,,5:1,CTV|5:2,CTV|5|Jul:1;CTV|5|Jun:1;CTV|5|May:1;SOV|5|Apr:1;SOV|5|Aug:1;SOV|5|Dec:2;SOV|5|Feb:1;SOV|5|Jan:2;SOV|5|Mar:1;SOV|5|Nov:1;SOV|5|Oct:1;SOV|5|Sep:1,SOV1|5|Apr:1;SOV1|5|Aug:1;SOV1|5|Dec:1;SOV1|5|Feb:1;SOV1|5|Jan:1;SOV1|5|Mar:1;SOV1|5|Nov:1;SOV1|5|Oct:1;SOV1|5|Sep:1;SOV2|5|Dec:1;SOV2|5|Jan:1,64;121;144;158;159;208;287;337;341;377;404;443;466;479;489,8e1f6eec5f28b6aa,200,1-500,501-1500
3,20,27762232.506665718,10176350.0,17585882.506659266,517500.0,9056250.0,602600.0,16942841.22261458,256508.1868365901,386533.0972145574,,378.5151566416025,30.949359006248415,17.16022069938481,0.019978001713752747,312.93007707595825,1,2,20,0.03921645792847808,1,3,4,20,0.03999629454274617,1,"{""eta"":[{""iter"":1,""solved"":20,""failed"":0,""gap_p90"":0,""cache_hr"":0,""fixed"":2,""unan"":true,""key"":null}],""gamma_LT"":[{""iter"":1,""solved"":20,""failed"":0,""gap_p90"":0,""cache_hr"":100,""fixed"":1,""unan"":false,""key"":""('gamma_LT', ('SOV',""},{""iter"":2,""solved"":20,""failed"":0,""gap_p90"":0,""cache_hr"":65,""fixed"":1,""unan"":false,""key"":""('gamma_LT', ('CTV',""},{""iter"":3,""solved"":20,""failed"":0,""gap_p90"":0,""cache_hr"":60,""fixed"":2,""unan"":true,""key"":null}]}",0.017631192294539834,True,2,OPTIMAL,solution_within_gap,False,,5:1,CTV|5:2;SOV|5:1,CTV|5|Aug:1;CTV|5|Dec:1;CTV|5|Feb:1;CTV|5|Jan:1;CTV|5|Jul:1;CTV|5|Mar:1,SOV1|5|Apr:1;SOV1|5|Aug:1;SOV1|5|Dec:1;SOV1|5|Feb:1;SOV1|5|Jan:1;SOV1|5|Jul:1;SOV1|5|Jun:1;SOV1|5|Mar:1;SOV1|5|May:1;SOV1|5|Nov:1;SOV1|5|Oct:1;SOV1|5|Sep:1,17;39;48;51;70;87;91;114;125;128;227;251;263;291;387;395;406;419;493;498,8e1f6eec5f28b6aa,200,1-500,501-1500
4,1,35096846.83827433,9442650.0,25654196.838274553,6727500.0,1811250.0,903900.0,24768307.549552634,600347.0092389102,285542.2794828005,,23.76319567207247,18.456562441773713,0.000339253805577755,0.00099931750446558,1.2006638050079346,1,2,1,0.0382650954108368,1,1,4,1,0.0382650954108368,1,"{""eta"":[{""iter"":1,""solved"":1,""failed"":0,""gap_p90"":0,""cache_hr"":0,""fixed"":2,""unan"":true,""key"":null}],""gamma_LT"":[{""iter"":1,""solved"":1,""failed"":0,""gap_p90"":0,""cache_hr"":100,""fixed"":4,""unan"":true,""key"":null}]}",0.012706476330219478,True,2,OPTIMAL,solution_within_gap,False,,5:1,CTV|5:2,CTV|5|Apr:2;CTV|5|Aug:1;CTV|5|Feb:2;CTV|5|Jul:1;CTV|5|Jun:2;CTV|5|Mar:2;CTV|5|May:2;CTV|5|Oct:1;CTV|5|Sep:1;SOV|5|Aug:1;SOV|5|Dec:1;SOV|5|Feb:1;SOV|5|Jan:2;SOV|5|Nov:1;SOV|5|Oct:1;SOV|5|Sep:1,SOV1|5|Aug:1;SOV1|5|Dec:1;SOV1|5|Feb:1;SOV1|5|Jan:1;SOV1|5|Nov:1;SOV1|5|Oct:1;SOV1|5|Sep:1;SOV2|5|Jan:1,29,8e1f6eec5f28b6aa,200,1-500,501-1500
4,3,29717481.988451853,9669775.0,20047706.98845183,86250.0,9056250.0,527275.0,19391149.977189504,262112.90301627686,394444.1082460786,,43.40996099635959,15.917613099329174,11.323314475826919,0.0027758702635765076,10.970468044281006,1,2,3,0.03964018106842669,1,3,4,3,0.03997894439562949,1,"{""eta"":[{""iter"":1,""solved"":3,""failed"":0,""gap_p90"":0,""cache_hr"":0,""fixed"":2,""unan"":true,""key"":null}],""gamma_LT"":[{""iter"":1,""solved"":3,""failed"":0,""gap_p90"":0,""cache_hr"":100,""fixed"":1,""unan"":false,""key"":""('gamma_LT', ('CTV',""},{""iter"":2,""solved"":3,""failed"":0,""gap_p90"":0,""cache_hr"":67,""fixed"":1,""unan"":false,""key"":""('gamma_LT', ('SOV',""},{""iter"":3,""solved"":3,""failed"":0,""gap_p90"":0,""cache_hr"":67,""fixed"":2,""unan"":true,""key"":null}]}",0.006637627855919062,True,2,OPTIMAL,solution_within_gap,False,,5:1,CTV|5:2;SOV|5:1,CTV|5|Jan:1,SOV1|5|Apr:1;SOV1|5|Aug:1;SOV1|5|Dec:1;SOV1|5|Feb:1;SOV1|5|Jan:1;SOV1|5|Jul:1;SOV1|5|Jun:1;SOV1|5|Mar:1;SOV1|5|May:1;SOV1|5|Nov:1;SOV1|5|Oct:1;SOV1|5|Sep:1,88;458;468,8e1f6eec5f28b6aa,200,1-500,501-1500
4,5,28542255.299744993,9669775.0,18872480.29974358,86250.0,9056250.0,527275.0,18206964.26068714,243488.07278648665,422027.9662713135,,72.79526272043586,23.91990950796753,13.986381217837334,0.004628089256584644,28.22186017036438,1,2,5,0.039918091656105485,1,3,4,5,0.039998485464488795,1,"{""eta"":[{""iter"":1,""solved"":5,""failed"":0,""gap_p90"":0,""cache_hr"":0,""fixed"":2,""unan"":true,""key"":null}],""gamma_LT"":[{""iter"":1,""solved"":5,""failed"":0,""gap_p90"":0,""cache_hr"":100,""fixed"":1,""unan"":false,""key"":""('gamma_LT', ('CTV',""},{""iter"":2,""solved"":5,""failed"":0,""gap_p90"":0,""cache_hr"":20,""fixed"":1,""unan"":false,""key"":""('gamma_LT', ('SOV',""},{""iter"":3,""solved"":5,""failed"":0,""gap_p90"":0,""cache_hr"":80,""fixed"":2,""unan"":true,""key"":null}]}",0.0102881300866917,True,2,OPTIMAL,solution_within_gap,False,,5:1,CTV|5:2;SOV|5:1,CTV|5|Dec:1,SOV1|5|Apr:1;SOV1|5|Aug:1;SOV1|5|Dec:1;SOV1|5|Feb:1;SOV1|5|Jan:1;SOV1|5|Jul:1;SOV1|5|Jun:1;SOV1|5|Mar:1;SOV1|5|May:1;SOV1|5|Nov:1;SOV1|5|Oct:1;SOV1|5|Sep:1,85;164;220;221;298,8e1f6eec5f28b6aa,200,1-500,501-1500
4,7,25650984.54405762,10499500.0,15151484.544056673,690000.0,9056250.0,753250.0,14516131.10065995,241253.16209534332,394100.2813022799,,96.08341593388468,26.99245937168598,20.785887281410396,0.006211172789335251,40.437368869781494,1,2,7,0.03986817493789354,1,3,4,7,0.039948379064635164,1,"{""eta"":[{""iter"":1,""solved"":7,""failed"":0,""gap_p90"":0,""cache_hr"":0,""fixed"":2,""unan"":true,""key"":null}],""gamma_LT"":[{""iter"":1,""solved"":7,""failed"":0,""gap_p90"":0,""cache_hr"":100,""fixed"":1,""unan"":false,""key"":""('gamma_LT', ('CTV',""},{""iter"":2,""solved"":7,""failed"":0,""gap_p90"":0,""cache_hr"":86,""fixed"":1,""unan"":false,""key"":""('gamma_LT', ('SOV',""},{""iter"":3,""solved"":7,""failed"":0,""gap_p90"":0,""cache_hr"":86,""fixed"":2,""unan"":true,""key"":null}]}",0.01604783213006768,True,2,OPTIMAL,solution_within_gap,False,,5:1,CTV|5:2;SOV|5:1,SOV|5|Jan:1,SOV1|5|Apr:1;SOV1|5|Aug:1;SOV1|5|Dec:1;SOV1|5|Feb:1;SOV1|5|Jan:1;SOV1|5|Jul:1;SOV1|5|Jun:1;SOV1|5|Mar:1;SOV1|5|May:1;SOV1|5|Nov:1;SOV1|5|Oct:1;SOV1|5|Sep:1;SOV2|5|Jan:1,7;31;149;189;233;272;291,8e1f6eec5f28b6aa,200,1-500,501-1500
4,10,27183644.01805404,9130425.0,18053219.01805866,6641250.0,1811250.0,677925.0,17314379.89925573,410563.1539434947,328275.964854727,,208.190433409065,26.949026035144925,17.165823039598763,0.008716159500181675,154.3017418384552,1,2,10,0.039668885592706794,1,3,4,10,0.039996185951230834,1,"{""eta"":[{""iter"":1,""solved"":10,""failed"":0,""gap_p90"":0,""cache_hr"":0,""fixed"":2,""unan"":true,""key"":null}],""gamma_LT"":[{""iter"":1,""solved"":10,""failed"":0,""gap_p90"":0,""cache_hr"":100,""fixed"":1,""unan"":false,""key"":""('gamma_LT', ('CTV',""},{""iter"":2,""solved"":10,""failed"":0,""gap_p90"":0,""cache_hr"":70,""fixed"":1,""unan"":false,""key"":""('gamma_LT', ('SOV',""},{""iter"":3,""solved"":10,""failed"":0,""gap_p90"":0,""cache_hr"":40,""fixed"":2,""unan"":true,""key"":null}]}",0.009577327321616352,True,2,OPTIMAL,solution_within_gap,False,,5:1,CTV|5:2,CTV|5|Jan:2;CTV|5|Jul:1;CTV|5|Jun:1;CTV|5|May:1;SOV|5|Apr:1;SOV|5|Aug:1;SOV|5|Dec:1;SOV|5|Feb:1;SOV|5|Jan:1;SOV|5|Mar:1;SOV|5|Nov:1;SOV|5|Oct:1;SOV|5|Sep:1,SOV1|5|Apr:1;SOV1|5|Aug:1;SOV1|5|Dec:1;SOV1|5|Feb:1;SOV1|5|Jan:1;SOV1|5|Mar:1;SOV1|5|Nov:1;SOV1|5|Oct:1;SOV1|5|Sep:1,113;141;182;297;342;386;415;416;484;498,8e1f6eec5f28b6aa,200,1-500,501-1500
4,15,32504075.461627305,12569500.0,19934575.461622413,2760000.0,9056250.0,753250.0,19358603.756528407,193590.85495743458,382380.8501413108,,265.8116203453392,25.96257796511054,14.362216478213668,0.012987191788852215,211.87658619880676,1,2,15,0.03981126103187016,1,3,4,15,0.03981126103187016,1,"{""eta"":[{""iter"":1,""solved"":15,""failed"":0,""gap_p90"":0,""cache_hr"":0,""fixed"":2,""unan"":true,""key"":null}],""gamma_LT"":[{""iter"":1,""solved"":15,""failed"":0,""gap_p90"":0,""cache_hr"":100,""fixed"":1,""unan"":false,""key"":""('gamma_LT', ('CTV',""},{""iter"":2,""solved"":15,""failed"":0,""gap_p90"":0,""cache_hr"":87,""fixed"":1,""unan"":false,""key"":""('gamma_LT', ('SOV',""},{""iter"":3,""solved"":15,""failed"":0,""gap_p90"":0,""cache_hr"":73,""fixed"":2,""unan"":true,""key"":null}]}",0.012734998831451181,True,2,OPTIMAL,solution_within_gap,False,,5:1,CTV|5:2;SOV|5:1,SOV|5|Dec:1;SOV|5|Feb:1;SOV|5|Jan:1;SOV|5|Nov:1,SOV1|5|Apr:1;SOV1|5|Aug:1;SOV1|5|Dec:1;SOV1|5|Feb:1;SOV1|5|Jan:1;SOV1|5|Jul:1;SOV1|5|Jun:1;SOV1|5|Mar:1;SOV1|5|May:1;SOV1|5|Nov:1;SOV1|5|Oct:1;SOV1|5|Sep:1;SOV2|5|Dec:1;SOV2|5|Feb:1;SOV2|5|Jan:1;SOV2|5|Nov:1,8;43;46;79;153;171;192;202;236;269;305;358;388;432;445,8e1f6eec5f28b6aa,200,1-500,501-1500
4,20,30588125.305428144,9302925.0,21285200.305421438,6813750.0,1811250.0,677925.0,20552327.9240622,404046.75446016825,328825.62690578663,,1324.2499694861472,28.83131784759462,28.463324495591223,0.01940966583788395,1248.1312119960785,1,2,20,0.039851014971542476,1,3,4,20,0.03999320446422219,1,"{""eta"":[{""iter"":1,""solved"":20,""failed"":0,""gap_p90"":0,""cache_hr"":0,""fixed"":2,""unan"":true,""key"":null}],""gamma_LT"":[{""iter"":1,""solved"":20,""failed"":0,""gap_p90"":0,""cache_hr"":100,""fixed"":1,""unan"":false,""key"":""('gamma_LT', ('CTV',""},{""iter"":2,""solved"":20,""failed"":0,""gap_p90"":0,""cache_hr"":70,""fixed"":1,""unan"":false,""key"":""('gamma_LT', ('SOV',""},{""iter"":3,""solved"":20,""failed"":0,""gap_p90"":0,""cache_hr"":40,""fixed"":2,""unan"":true,""key"":null}]}",0.003237687069354872,True,2,OPTIMAL,solution_within_gap,False,,5:1,CTV|5:2,CTV|5|Dec:2;CTV|5|Jan:2;CTV|5|Jul:1;CTV|5|Jun:1;CTV|5|May:1;SOV|5|Apr:1;SOV|5|Aug:1;SOV|5|Dec:1;SOV|5|Feb:1;SOV|5|Jan:1;SOV|5|Mar:1;SOV|5|Nov:1;SOV|5|Oct:1;SOV|5|Sep:1,SOV1|5|Apr:1;SOV1|5|Aug:1;SOV1|5|Dec:1;SOV1|5|Feb:1;SOV1|5|Jan:1;SOV1|5|Mar:1;SOV1|5|Nov:1;SOV1|5|Oct:1;SOV1|5|Sep:1,11;15;59;61;92;94;185;192;219;270;300;342;350;380;389;410;478;487;497;500,8e1f6eec5f28b6aa,200,1-500,501-1500
5,1,28117734.413865134,8547375.0,19570359.413865365,5606250.0,1811250.0,1129875.0,18829983.802368082,518051.8765432465,222323.73495379704,,31.28276515379548,26.421220432966948,0.0003305310383439064,0.0009981133043766022,1.4093098640441895,1,2,1,0.01908736007694155,1,1,4,1,0.01908736007694155,1,"{""eta"":[{""iter"":1,""solved"":1,""failed"":0,""gap_p90"":0,""cache_hr"":0,""fixed"":2,""unan"":true,""key"":null}],""gamma_LT"":[{""iter"":1,""solved"":1,""failed"":0,""gap_p90"":0,""cache_hr"":100,""fixed"":4,""unan"":true,""key"":null}]}",0.007926702184313926,True,2,OPTIMAL,solution_within_gap,False,,5:1,CTV|5:2,CTV|5|Sep:1;SOV|5|Aug:1;SOV|5|Dec:1;SOV|5|Feb:1;SOV|5|Jan:2;SOV|5|Mar:1;SOV|5|Nov:1;SOV|5|Oct:1,SOV1|5|Aug:1;SOV1|5|Dec:1;SOV1|5|Feb:1;SOV1|5|Jan:1;SOV1|5|Mar:1;SOV1|5|Nov:1;SOV1|5|Oct:1;SOV2|5|Jan:1,301,8e1f6eec5f28b6aa,200,1-500,501-1500
5,3,30181829.18143888,11879500.0,18302329.181438863,2070000.0,9056250.0,753250.0,17708860.45084452,217474.2425935832,375994.4880007798,,50.07053632196039,23.67220652848482,6.409108276478946,0.0027339980006217957,14.86964201927185,1,2,3,0.03803459107990181,1,2,4,3,0.03938895820307932,1,"{""eta"":[{""iter"":1,""solved"":3,""failed"":0,""gap_p90"":0,""cache_hr"":0,""fixed"":2,""unan"":true,""key"":null}],""gamma_LT"":[{""iter"":1,""solved"":3,""failed"":0,""gap_p90"":0,""cache_hr"":100,""fixed"":1,""unan"":false,""key"":""('gamma_LT', ('SOV',""},{""iter"":2,""solved"":3,""failed"":0,""gap_p90"":0,""cache_hr"":67,""fixed"":3,""unan"":true,""key"":null}]}",0.006256207170326647,True,2,OPTIMAL,solution_within_gap,False,,5:1,CTV|5:2;SOV|5:1,SOV|5|Dec:1;SOV|5|Jan:1;SOV|5|Nov:1,SOV1|5|Apr:1;SOV1|5|Aug:1;SOV1|5|Dec:1;SOV1|5|Feb:1;SOV1|5|Jan:1;SOV1|5|Jul:1;SOV1|5|Jun:1;SOV1|5|Mar:1;SOV1|5|May:1;SOV1|5|Nov:1;SOV1|5|Oct:1;SOV1|5|Sep:1;SOV2|5|Dec:1;SOV2|5|Jan:1;SOV2|5|Nov:1,14;22;80,8e1f6eec5f28b6aa,200,1-500,501-1500
5,5,28706469.58676536,7847600.0,20858869.58676382,5433750.0,1811250.0,602600.0,20068740.21074887,519861.56355688756,270267.81245956686,,74.63783370610327,25.419514124281704,11.95883446931839,0.004511111415922642,30.60470414161682,1,2,5,0.039377678029514154,1,3,4,5,0.03999695109180529,1,"{""eta"":[{""iter"":1,""solved"":5,""failed"":0,""gap_p90"":0,""cache_hr"":0,""fixed"":2,""unan"":true,""key"":null}],""gamma_LT"":[{""iter"":1,""solved"":5,""failed"":0,""gap_p90"":0,""cache_hr"":100,""fixed"":1,""unan"":false,""key"":""('gamma_LT', ('CTV',""},{""iter"":2,""solved"":5,""failed"":0,""gap_p90"":0,""cache_hr"":80,""fixed"":1,""unan"":false,""key"":""('gamma_LT', ('SOV',""},{""iter"":3,""solved"":5,""failed"":0,""gap_p90"":0,""cache_hr"":60,""fixed"":2,""unan"":true,""key"":null}]}",0.010402295446892756,True,2,OPTIMAL,solution_within_gap,False,,5:1,CTV|5:2,CTV|5|Apr:2;CTV|5|Aug:1;CTV|5|Jul:1;CTV|5|Jun:1;CTV|5|May:2;SOV|5|Dec:1;SOV|5|Feb:1;SOV|5|Jan:1;SOV|5|Mar:1;SOV|5|Nov:1;SOV|5|Oct:1;SOV|5|Sep:1,SOV1|5|Dec:1;SOV1|5|Feb:1;SOV1|5|Jan:1;SOV1|5|Mar:1;SOV1|5|Nov:1;SOV1|5|Oct:1;SOV1|5|Sep:1,25;119;132;187;370,8e1f6eec5f28b6aa,200,1-500,501-1500
5,7,28863776.598062675,9798575.0,19065201.598065104,7158750.0,1811250.0,828575.0,18349751.1294274,386410.9766804609,329039.49195487564,,88.44520444329828,29.29401701875031,19.493999246507883,0.006265469826757908,32.05043292045593,1,2,7,0.039864982938767626,1,3,4,7,0.03999271517457846,1,"{""eta"":[{""iter"":1,""solved"":7,""failed"":0,""gap_p90"":0,""cache_hr"":0,""fixed"":2,""unan"":true,""key"":null}],""gamma_LT"":[{""iter"":1,""solved"":7,""failed"":0,""gap_p90"":0,""cache_hr"":100,""fixed"":1,""unan"":false,""key"":""('gamma_LT', ('CTV',""},{""iter"":2,""solved"":7,""failed"":0,""gap_p90"":0,""cache_hr"":86,""fixed"":1,""unan"":false,""key"":""('gamma_LT', ('SOV',""},{""iter"":3,""solved"":7,""failed"":0,""gap_p90"":0,""cache_hr"":57,""fixed"":2,""unan"":true,""key"":null}]}",0.009977087057317426,True,2,OPTIMAL,solution_within_gap,False,,5:1,CTV|5:2,CTV|5|Jul:1;CTV|5|Jun:1;CTV|5|May:1;SOV|5|Apr:1;SOV|5|Aug:1;SOV|5|Dec:2;SOV|5|Feb:1;SOV|5|Jan:1;SOV|5|Mar:1;SOV|5|Nov:1;SOV|5|Oct:1;SOV|5|Sep:1,SOV1|5|Apr:1;SOV1|5|Aug:1;SOV1|5|Dec:1;SOV1|5|Feb:1;SOV1|5|Jan:1;SOV1|5|Mar:1;SOV1|5|Nov:1;SOV1|5|Oct:1;SOV1|5|Sep:1;SOV2|5|Dec:1,165;192;216;232;237;482;488,8e1f6eec5f28b6aa,200,1-500,501-1500
5,10,31211457.42510861,9756025.0,21455432.425113104,172500.0,9056250.0,527275.0,20782760.335030135,251015.6344187434,421656.45565990696,,209.18255103565753,26.842109355144203,13.969893537461758,0.007971100509166718,158.7243368625641,1,2,10,0.039034639739450615,1,3,4,10,0.039261143884753734,1,"{""eta"":[{""iter"":1,""solved"":10,""failed"":0,""gap_p90"":0,""cache_hr"":0,""fixed"":2,""unan"":true,""key"":null}],""gamma_LT"":[{""iter"":1,""solved"":10,""failed"":0,""gap_p90"":0,""cache_hr"":100,""fixed"":1,""unan"":false,""key"":""('gamma_LT', ('CTV',""},{""iter"":2,""solved"":10,""failed"":0,""gap_p90"":0,""cache_hr"":90,""fixed"":1,""unan"":false,""key"":""('gamma_LT', ('SOV',""},{""iter"":3,""solved"":10,""failed"":0,""gap_p90"":0,""cache_hr"":90,""fixed"":2,""unan"":true,""key"":null}]}",0.0048114887419342615,True,2,OPTIMAL,solution_within_gap,False,,5:1,CTV|5:2;SOV|5:1,CTV|5|Dec:1;CTV|5|Jan:1,SOV1|5|Apr:1;SOV1|5|Aug:1;SOV1|5|Dec:1;SOV1|5|Feb:1;SOV1|5|Jan:1;SOV1|5|Jul:1;SOV1|5|Jun:1;SOV1|5|Mar:1;SOV1|5|May:1;SOV1|5|Nov:1;SOV1|5|Oct:1;SOV1|5|Sep:1,27;152;165;171;175;290;367;370;425;472,8e1f6eec5f28b6aa,200,1-500,501-1500
5,15,26781354.00519024,8203525.0,18577829.005183578,5865000.0,1811250.0,527275.0,17806450.88278522,463906.5448388647,307471.5775661834,,496.6853098087013,25.91233859024942,25.886175039224327,0.007601524703204632,431.57557582855225,1,2,15,0.03985274868526895,1,3,4,15,0.039989427514898264,1,"{""eta"":[{""iter"":1,""solved"":15,""failed"":0,""gap_p90"":0,""cache_hr"":0,""fixed"":2,""unan"":true,""key"":null}],""gamma_LT"":[{""iter"":1,""solved"":15,""failed"":0,""gap_p90"":0,""cache_hr"":100,""fixed"":1,""unan"":false,""key"":""('gamma_LT', ('CTV',""},{""iter"":2,""solved"":15,""failed"":0,""gap_p90"":0,""cache_hr"":67,""fixed"":1,""unan"":false,""key"":""('gamma_LT', ('SOV',""},{""iter"":3,""solved"":15,""failed"":0,""gap_p90"":0,""cache_hr"":40,""fixed"":2,""unan"":true,""key"":null}]}",0.008977795395194199,True,2,OPTIMAL,solution_within_gap,False,,5:1,CTV|5:2,CTV|5|Aug:1;CTV|5|Jul:1;CTV|5|Jun:1;CTV|5|May:1;SOV|5|Apr:1;SOV|5|Dec:1;SOV|5|Feb:1;SOV|5|Jan:1;SOV|5|Mar:1;SOV|5|Nov:1;SOV|5|Oct:1;SOV|5|Sep:1,SOV1|5|Apr:1;SOV1|5|Dec:1;SOV1|5|Feb:1;SOV1|5|Jan:1;SOV1|5|Mar:1;SOV1|5|Nov:1;SOV1|5|Oct:1;SOV1|5|Sep:1,7;21;45;144;201;236;238;269;280;385;432;440;447;461;491,8e1f6eec5f28b6aa,200,1-500,501-1500
5,20,27573819.198660456,9508200.0,18065619.19865375,0.0,9056250.0,451950.0,17407189.82055951,246148.56644232463,412280.8116585265,,443.0678297923878,30.353726405650377,20.887699010781944,0.016251171939074993,375.1383080482483,1,2,20,0.03972126166619745,1,3,4,20,0.03994852641184082,1,"{""eta"":[{""iter"":1,""solved"":20,""failed"":0,""gap_p90"":0,""cache_hr"":0,""fixed"":2,""unan"":true,""key"":null}],""gamma_LT"":[{""iter"":1,""solved"":20,""failed"":0,""gap_p90"":0,""cache_hr"":100,""fixed"":1,""unan"":false,""key"":""('gamma_LT', ('SOV',""},{""iter"":2,""solved"":20,""failed"":0,""gap_p90"":0,""cache_hr"":70,""fixed"":1,""unan"":false,""key"":""('gamma_LT', ('CTV',""},{""iter"":3,""solved"":20,""failed"":0,""gap_p90"":0,""cache_hr"":70,""fixed"":2,""unan"":true,""key"":null}]}",0.006819184710737979,True,2,OPTIMAL,solution_within_gap,False,,5:1,CTV|5:2;SOV|5:1,,SOV1|5|Apr:1;SOV1|5|Aug:1;SOV1|5|Dec:1;SOV1|5|Feb:1;SOV1|5|Jan:1;SOV1|5|Jul:1;SOV1|5|Jun:1;SOV1|5|Mar:1;SOV1|5|May:1;SOV1|5|Nov:1;SOV1|5|Oct:1;SOV1|5|Sep:1,81;82;88;109;138;141;149;202;227;232;264;272;304;312;318;320;329;474;481;490,8e1f6eec5f28b6aa,200,1-500,501-1500
6,1,28408567.648736637,11512650.0,16895917.648736663,1552500.0,9056250.0,903900.0,16238276.561767586,263169.7196348882,394471.36733415443,,16.255624772049487,10.418046922422945,0.0003284020349383354,0.001022794283926487,1.9178969860076904,1,2,1,0.020817442603261963,1,1,4,1,0.020817442603261963,1,"{""eta"":[{""iter"":1,""solved"":1,""failed"":0,""gap_p90"":0,""cache_hr"":0,""fixed"":2,""unan"":true,""key"":null}],""gamma_LT"":[{""iter"":1,""solved"":1,""failed"":0,""gap_p90"":0,""cache_hr"":100,""fixed"":4,""unan"":true,""key"":null}]}",0.014868482877486038,True,2,OPTIMAL,solution_within_gap,False,,5:1,CTV|5:2;SOV|5:1,CTV|5|Dec:2;SOV|5|Dec:1;SOV|5|Nov:1,SOV1|5|Apr:1;SOV1|5|Aug:1;SOV1|5|Dec:1;SOV1|5|Feb:1;SOV1|5|Jan:1;SOV1|5|Jul:1;SOV1|5|Jun:1;SOV1|5|Mar:1;SOV1|5|May:1;SOV1|5|Nov:1;SOV1|5|Oct:1;SOV1|5|Sep:1;SOV2|5|Dec:1;SOV2|5|Nov:1,47,8e1f6eec5f28b6aa,200,1-500,501-1500
6,3,26334321.55629408,8041375.0,18292946.556293752,6382500.0,905625.0,753250.0,17476203.80288982,563083.4158779072,253659.33752636093,,48.51282308343798,23.366183323785663,11.294313691556454,0.0027534356340765953,9.015413999557495,1,2,3,0.039413210062285944,1,3,4,3,0.03999832160788259,1,"{""eta"":[{""iter"":1,""solved"":3,""failed"":0,""gap_p90"":0,""cache_hr"":0,""fixed"":2,""unan"":true,""key"":null}],""gamma_LT"":[{""iter"":1,""solved"":3,""failed"":0,""gap_p90"":0,""cache_hr"":100,""fixed"":1,""unan"":false,""key"":""('gamma_LT', ('CTV',""},{""iter"":2,""solved"":3,""failed"":0,""gap_p90"":0,""cache_hr"":67,""fixed"":1,""unan"":false,""key"":""('gamma_LT', ('SOV',""},{""iter"":3,""solved"":3,""failed"":0,""gap_p90"":0,""cache_hr"":33,""fixed"":2,""unan"":true,""key"":null}]}",0.01315566295773814,True,2,OPTIMAL,solution_within_gap,False,,5:1,CTV|5:1,CTV|5|Apr:2;CTV|5|Aug:2;CTV|5|Dec:1;CTV|5|Feb:1;CTV|5|Jan:1;CTV|5|Jul:2;CTV|5|Jun:2;CTV|5|Mar:2;CTV|5|May:2;CTV|5|Nov:1;CTV|5|Oct:1;CTV|5|Sep:1;SOV|5|Dec:2;SOV|5|Feb:1;SOV|5|Jan:1;SOV|5|Nov:1;SOV|5|Oct:1;SOV|5|Sep:1,SOV1|5|Dec:1;SOV1|5|Feb:1;SOV1|5|Jan:1;SOV1|5|Nov:1;SOV1|5|Oct:1;SOV1|5|Sep:1;SOV2|5|Dec:1,77;380;436,8e1f6eec5f28b6aa,200,1-500,501-1500
6,5,28219356.115072437,9508200.0,18711156.11507099,0.0,9056250.0,451950.0,18027935.679949787,247717.70906347272,435502.72605911427,,59.61975481547415,22.777031417004764,13.827374587766826,0.0015328088775277138,16.6751868724823,1,2,5,0.03999853453229748,1,3,4,5,0.03999853453229748,1,"{""eta"":[{""iter"":1,""solved"":5,""failed"":0,""gap_p90"":0,""cache_hr"":0,""fixed"":2,""unan"":true,""key"":null}],""gamma_LT"":[{""iter"":1,""solved"":5,""failed"":0,""gap_p90"":0,""cache_hr"":100,""fixed"":1,""unan"":false,""key"":""('gamma_LT', ('CTV',""},{""iter"":2,""solved"":5,""failed"":0,""gap_p90"":0,""cache_hr"":80,""fixed"":1,""unan"":false,""key"":""('gamma_LT', ('SOV',""},{""iter"":3,""solved"":5,""failed"":0,""gap_p90"":0,""cache_hr"":80,""fixed"":2,""unan"":true,""key"":null}]}",0.0015252648994981957,True,2,OPTIMAL,solution_within_gap,False,,5:1,CTV|5:2;SOV|5:1,,SOV1|5|Apr:1;SOV1|5|Aug:1;SOV1|5|Dec:1;SOV1|5|Feb:1;SOV1|5|Jan:1;SOV1|5|Jul:1;SOV1|5|Jun:1;SOV1|5|Mar:1;SOV1|5|May:1;SOV1|5|Nov:1;SOV1|5|Oct:1;SOV1|5|Sep:1,127;257;293;425;427,8e1f6eec5f28b6aa,200,1-500,501-1500
6,7,30558780.59282933,9917600.0,20641180.592831038,258750.0,9056250.0,602600.0,19988083.984582476,237156.72003564387,415939.8882111493,,130.89118815399706,22.648415252566338,13.281868723221123,0.006206325255334377,87.00164413452148,1,2,7,0.03905790995909009,1,3,4,7,0.03999827762000004,1,"{""eta"":[{""iter"":1,""solved"":7,""failed"":0,""gap_p90"":0,""cache_hr"":0,""fixed"":2,""unan"":true,""key"":null}],""gamma_LT"":[{""iter"":1,""solved"":7,""failed"":0,""gap_p90"":0,""cache_hr"":100,""fixed"":1,""unan"":false,""key"":""('gamma_LT', ('SOV',""},{""iter"":2,""solved"":7,""failed"":0,""gap_p90"":0,""cache_hr"":71,""fixed"":1,""unan"":false,""key"":""('gamma_LT', ('CTV',""},{""iter"":3,""solved"":7,""failed"":0,""gap_p90"":0,""cache_hr"":71,""fixed"":2,""unan"":true,""key"":null}]}",0.003850274213349886,True,2,OPTIMAL,solution_within_gap,False,,5:1,CTV|5:2;SOV|5:1,CTV|5|Dec:1;CTV|5|Jan:2,SOV1|5|Apr:1;SOV1|5|Aug:1;SOV1|5|Dec:1;SOV1|5|Feb:1;SOV1|5|Jan:1;SOV1|5|Jul:1;SOV1|5|Jun:1;SOV1|5|Mar:1;SOV1|5|May:1;SOV1|5|Nov:1;SOV1|5|Oct:1;SOV1|5|Sep:1,30;67;171;235;347;428;461,8e1f6eec5f28b6aa,200,1-500,501-1500
6,10,27797879.10679746,9055100.0,18742779.10680203,6641250.0,1811250.0,602600.0,18008883.824052185,406715.4514192542,327179.83132585895,,411.78784639853984,24.31205660663545,17.877426391467452,0.00873357243835926,359.83499002456665,1,2,10,0.03844681134595041,1,3,4,10,0.03986557720812169,1,"{""eta"":[{""iter"":1,""solved"":10,""failed"":0,""gap_p90"":0,""cache_hr"":0,""fixed"":2,""unan"":true,""key"":null}],""gamma_LT"":[{""iter"":1,""solved"":10,""failed"":0,""gap_p90"":0,""cache_hr"":100,""fixed"":1,""unan"":false,""key"":""('gamma_LT', ('CTV',""},{""iter"":2,""solved"":10,""failed"":0,""gap_p90"":0,""cache_hr"":70,""fixed"":1,""unan"":false,""key"":""('gamma_LT', ('SOV',""},{""iter"":3,""solved"":10,""failed"":0,""gap_p90"":0,""cache_hr"":50,""fixed"":2,""unan"":true,""key"":null}]}",7.237077918685423e-05,True,2,OPTIMAL,solution_within_gap,False,,5:1,CTV|5:2,CTV|5|Dec:1;CTV|5|Jan:1;CTV|5|Jul:1;CTV|5|Jun:1;CTV|5|May:1;SOV|5|Apr:1;SOV|5|Aug:1;SOV|5|Dec:1;SOV|5|Feb:1;SOV|5|Jan:1;SOV|5|Mar:1;SOV|5|Nov:1;SOV|5|Oct:1;SOV|5|Sep:1,SOV1|5|Apr:1;SOV1|5|Aug:1;SOV1|5|Dec:1;SOV1|5|Feb:1;SOV1|5|Jan:1;SOV1|5|Mar:1;SOV1|5|Nov:1;SOV1|5|Oct:1;SOV1|5|Sep:1,39;42;147;150;189;278;302;369;421;484,8e1f6eec5f28b6aa,200,1-500,501-1500
6,15,28312658.960461017,9508200.0,18804458.96045522,0.0,9056250.0,451950.0,18147430.56355086,246178.52969930074,410849.86721066013,,289.8309169514105,30.19425310846418,22.275326412171125,0.011293497867882252,223.9657998085022,1,2,15,0.03996619521656242,1,3,4,15,0.039994184955142315,1,"{""eta"":[{""iter"":1,""solved"":15,""failed"":0,""gap_p90"":0,""cache_hr"":0,""fixed"":2,""unan"":true,""key"":null}],""gamma_LT"":[{""iter"":1,""solved"":15,""failed"":0,""gap_p90"":0,""cache_hr"":100,""fixed"":1,""unan"":false,""key"":""('gamma_LT', ('CTV',""},{""iter"":2,""solved"":15,""failed"":0,""gap_p90"":0,""cache_hr"":60,""fixed"":1,""unan"":false,""key"":""('gamma_LT', ('SOV',""},{""iter"":3,""solved"":15,""failed"":0,""gap_p90"":0,""cache_hr"":60,""fixed"":2,""unan"":true,""key"":null}]}",0.007767060252172222,True,2,OPTIMAL,solution_within_gap,False,,5:1,CTV|5:2;SOV|5:1,,SOV1|5|Apr:1;SOV1|5|Aug:1;SOV1|5|Dec:1;SOV1|5|Feb:1;SOV1|5|Jan:1;SOV1|5|Jul:1;SOV1|5|Jun:1;SOV1|5|Mar:1;SOV1|5|May:1;SOV1|5|Nov:1;SOV1|5|Oct:1;SOV1|5|Sep:1,44;89;113;149;250;260;263;266;327;357;359;371;391;403;437,8e1f6eec5f28b6aa,200,1-500,501-1500
6,20,28542157.426125787,8807275.0,19734882.426119108,6468750.0,1811250.0,527275.0,18998655.434092723,406273.4682094768,329953.5238235808,,1174.0336977485567,29.174378604628146,31.17167874891311,0.0128936767578125,1095.6173648834229,1,2,20,0.03981126103187016,1,3,4,20,0.03999022987238314,1,"{""eta"":[{""iter"":1,""solved"":20,""failed"":0,""gap_p90"":0,""cache_hr"":0,""fixed"":2,""unan"":true,""key"":null}],""gamma_LT"":[{""iter"":1,""solved"":20,""failed"":0,""gap_p90"":0,""cache_hr"":100,""fixed"":1,""unan"":false,""key"":""('gamma_LT', ('SOV',""},{""iter"":2,""solved"":20,""failed"":0,""gap_p90"":0,""cache_hr"":40,""fixed"":1,""unan"":false,""key"":""('gamma_LT', ('CTV',""},{""iter"":3,""solved"":20,""failed"":0,""gap_p90"":0,""cache_hr"":50,""fixed"":2,""unan"":true,""key"":null}]}",0.004859085048785957,True,2,OPTIMAL,solution_within_gap,False,,5:1,CTV|5:2,CTV|5|Jul:1;CTV|5|Jun:1;CTV|5|May:1;SOV|5|Apr:1;SOV|5|Aug:1;SOV|5|Dec:1;SOV|5|Feb:1;SOV|5|Jan:1;SOV|5|Mar:1;SOV|5|Nov:1;SOV|5|Oct:1;SOV|5|Sep:1,SOV1|5|Apr:1;SOV1|5|Aug:1;SOV1|5|Dec:1;SOV1|5|Feb:1;SOV1|5|Jan:1;SOV1|5|Mar:1;SOV1|5|Nov:1;SOV1|5|Oct:1;SOV1|5|Sep:1,8;10;18;35;38;55;121;135;183;242;255;270;273;326;368;373;404;425;459;478,8e1f6eec5f28b6aa,200,1-500,501-1500
7,1,31880202.828490485,12601125.0,19279077.828490566,4226250.0,7245000.0,1129875.0,18719436.69797727,182694.73476133563,376946.39575185726,,22.200571440160275,16.421851444989443,0.00032957177609205246,0.0010038362815976143,2.158521890640259,1,2,1,0.024274457228269118,1,1,4,1,0.024274457228269118,1,"{""eta"":[{""iter"":1,""solved"":1,""failed"":0,""gap_p90"":0,""cache_hr"":0,""fixed"":2,""unan"":true,""key"":null}],""gamma_LT"":[{""iter"":1,""solved"":1,""failed"":0,""gap_p90"":0,""cache_hr"":100,""fixed"":4,""unan"":true,""key"":null}]}",0.0008576732035307304,True,2,OPTIMAL,solution_within_gap,False,,5:1,SOV|5:1,CTV|5|Apr:2;CTV|5|Aug:2;CTV|5|Feb:1;CTV|5|Jan:1;CTV|5|Jul:2;CTV|5|Jun:2;CTV|5|Mar:3;CTV|5|May:2;CTV|5|Oct:1;CTV|5|Sep:1;SOV|5|Dec:2;SOV|5|Nov:1;SOV|5|Oct:1,SOV1|5|Apr:1;SOV1|5|Aug:1;SOV1|5|Dec:1;SOV1|5|Feb:1;SOV1|5|Jan:1;SOV1|5|Jul:1;SOV1|5|Jun:1;SOV1|5|Mar:1;SOV1|5|May:1;SOV1|5|Nov:1;SOV1|5|Oct:1;SOV1|5|Sep:1;SOV2|5|Dec:1;SOV2|5|Nov:1;SOV2|5|Oct:1;SOV3|5|Dec:1,331,8e1f6eec5f28b6aa,200,1-500,501-1500
7,3,27716083.16475617,9917600.0,17798483.16475616,258750.0,9056250.0,602600.0,17137708.19696932,247002.0778325334,413772.88995431206,,55.39321538526565,25.617696815170348,12.722933259792626,0.0027669165283441544,11.590816020965576,1,2,3,0.03960370897310739,1,2,4,3,0.03964365379217294,1,"{""eta"":[{""iter"":1,""solved"":3,""failed"":0,""gap_p90"":0,""cache_hr"":0,""fixed"":2,""unan"":true,""key"":null}],""gamma_LT"":[{""iter"":1,""solved"":3,""failed"":0,""gap_p90"":0,""cache_hr"":100,""fixed"":1,""unan"":false,""key"":""('gamma_LT', ('SOV',""},{""iter"":2,""solved"":3,""failed"":0,""gap_p90"":0,""cache_hr"":67,""fixed"":3,""unan"":true,""key"":null}]}",0.017063935388968672,True,2,OPTIMAL,solution_within_gap,False,,5:1,CTV|5:2;SOV|5:1,CTV|5|Nov:1;CTV|5|Oct:2,SOV1|5|Apr:1;SOV1|5|Aug:1;SOV1|5|Dec:1;SOV1|5|Feb:1;SOV1|5|Jan:1;SOV1|5|Jul:1;SOV1|5|Jun:1;SOV1|5|Mar:1;SOV1|5|May:1;SOV1|5|Nov:1;SOV1|5|Oct:1;SOV1|5|Sep:1,112;345;454,8e1f6eec5f28b6aa,200,1-500,501-1500
7,5,24388160.803738497,8278850.0,16109310.803737933,5865000.0,1811250.0,602600.0,15321854.288092466,531919.3775804747,255537.13806551942,,77.83045198954642,24.076325959526002,17.57831333298236,0.004541496746242046,29.063881874084473,1,2,5,0.037531513447571746,1,3,4,5,0.03999889477142971,1,"{""eta"":[{""iter"":1,""solved"":5,""failed"":0,""gap_p90"":0,""cache_hr"":0,""fixed"":2,""unan"":true,""key"":null}],""gamma_LT"":[{""iter"":1,""solved"":5,""failed"":0,""gap_p90"":0,""cache_hr"":100,""fixed"":1,""unan"":false,""key"":""('gamma_LT', ('CTV',""},{""iter"":2,""solved"":5,""failed"":0,""gap_p90"":0,""cache_hr"":80,""fixed"":1,""unan"":false,""key"":""('gamma_LT', ('SOV',""},{""iter"":3,""solved"":5,""failed"":0,""gap_p90"":0,""cache_hr"":60,""fixed"":2,""unan"":true,""key"":null}]}",0.015438763009192303,True,2,OPTIMAL,solution_within_gap,False,,5:1,CTV|5:2,CTV|5|Apr:1;CTV|5|Aug:1;CTV|5|Dec:1;CTV|5|Feb:1;CTV|5|Jan:1;CTV|5|Jul:2;CTV|5|Jun:2;CTV|5|Mar:1;CTV|5|May:2;SOV|5|Dec:1;SOV|5|Feb:1;SOV|5|Jan:1;SOV|5|Mar:1;SOV|5|Nov:1;SOV|5|Oct:1;SOV|5|Sep:1,SOV1|5|Dec:1;SOV1|5|Feb:1;SOV1|5|Jan:1;SOV1|5|Mar:1;SOV1|5|Nov:1;SOV1|5|Oct:1;SOV1|5|Sep:1,12;35;148;182;500,8e1f6eec5f28b6aa,200,1-500,501-1500
7,7,31057176.053571925,9442650.0,21614526.0535745,6727500.0,1811250.0,903900.0,20891236.298473425,473720.081449491,249569.67364902797,,163.21358441747725,25.619474689476192,22.003320848569274,0.00570579431951046,107.85547709465027,1,2,7,0.03842984290592355,1,3,4,7,0.0399984530218557,1,"{""eta"":[{""iter"":1,""solved"":7,""failed"":0,""gap_p90"":0,""cache_hr"":0,""fixed"":2,""unan"":true,""key"":null}],""gamma_LT"":[{""iter"":1,""solved"":7,""failed"":0,""gap_p90"":0,""cache_hr"":100,""fixed"":1,""unan"":false,""key"":""('gamma_LT', ('CTV',""},{""iter"":2,""solved"":7,""failed"":0,""gap_p90"":0,""cache_hr"":71,""fixed"":1,""unan"":false,""key"":""('gamma_LT', ('SOV',""},{""iter"":3,""solved"":7,""failed"":0,""gap_p90"":0,""cache_hr"":29,""fixed"":2,""unan"":true,""key"":null}]}",0.011341558880092969,True,2,OPTIMAL,solution_within_gap,False,,5:1,CTV|5:2,CTV|5|Apr:1;CTV|5|Aug:1;CTV|5|Jul:1;CTV|5|Jun:2;CTV|5|May:1;SOV|5|Dec:2;SOV|5|Feb:1;SOV|5|Jan:1;SOV|5|Mar:1;SOV|5|Nov:2;SOV|5|Oct:1;SOV|5|Sep:1,SOV1|5|Dec:1;SOV1|5|Feb:1;SOV1|5|Jan:1;SOV1|5|Mar:1;SOV1|5|Nov:1;SOV1|5|Oct:1;SOV1|5|Sep:1;SOV2|5|Dec:1;SOV2|5|Nov:1,27;94;135;148;198;245;379,8e1f6eec5f28b6aa,200,1-500,501-1500
7,10,27833399.274818584,8968850.0,18864549.274823073,6555000.0,1811250.0,602600.0,18136202.930197816,406337.98814738664,322008.3564731988,,143.64679898880422,27.11444249469787,20.36470090225339,0.008796983398497105,86.31635189056396,1,2,10,0.039261143884753734,1,3,4,10,0.039994791616775806,1,"{""eta"":[{""iter"":1,""solved"":10,""failed"":0,""gap_p90"":0,""cache_hr"":0,""fixed"":2,""unan"":true,""key"":null}],""gamma_LT"":[{""iter"":1,""solved"":10,""failed"":0,""gap_p90"":0,""cache_hr"":100,""fixed"":1,""unan"":false,""key"":""('gamma_LT', ('CTV',""},{""iter"":2,""solved"":10,""failed"":0,""gap_p90"":0,""cache_hr"":70,""fixed"":1,""unan"":false,""key"":""('gamma_LT', ('SOV',""},{""iter"":3,""solved"":10,""failed"":0,""gap_p90"":0,""cache_hr"":30,""fixed"":2,""unan"":true,""key"":null}]}",0.019376188315444687,True,2,OPTIMAL,solution_within_gap,False,,5:1,CTV|5:2,CTV|5|Dec:1;CTV|5|Jul:1;CTV|5|Jun:1;CTV|5|May:1;SOV|5|Apr:1;SOV|5|Aug:1;SOV|5|Dec:1;SOV|5|Feb:1;SOV|5|Jan:1;SOV|5|Mar:1;SOV|5|Nov:1;SOV|5|Oct:1;SOV|5|Sep:1,SOV1|5|Apr:1;SOV1|5|Aug:1;SOV1|5|Dec:1;SOV1|5|Feb:1;SOV1|5|Jan:1;SOV1|5|Mar:1;SOV1|5|Nov:1;SOV1|5|Oct:1;SOV1|5|Sep:1,14;52;109;162;164;168;253;360;425;437,8e1f6eec5f28b6aa,200,1-500,501-1500
7,15,28417235.417030424,10187275.0,18229960.417024672,603750.0,9056250.0,527275.0,17582377.438195202,265359.84281938046,382223.1360156843,,257.80972419772297,26.947408406995237,19.046660500578582,0.012933216989040375,197.78454399108887,1,2,15,0.039927651646662156,1,3,4,15,0.039927651646662156,1,"{""eta"":[{""iter"":1,""solved"":15,""failed"":0,""gap_p90"":0,""cache_hr"":0,""fixed"":2,""unan"":true,""key"":null}],""gamma_LT"":[{""iter"":1,""solved"":15,""failed"":0,""gap_p90"":0,""cache_hr"":100,""fixed"":1,""unan"":false,""key"":""('gamma_LT', ('CTV',""},{""iter"":2,""solved"":15,""failed"":0,""gap_p90"":0,""cache_hr"":87,""fixed"":1,""unan"":false,""key"":""('gamma_LT', ('SOV',""},{""iter"":3,""solved"":15,""failed"":0,""gap_p90"":0,""cache_hr"":60,""fixed"":2,""unan"":true,""key"":null}]}",0.01829077077067701,True,2,OPTIMAL,solution_within_gap,False,,5:1,CTV|5:2;SOV|5:1,CTV|5|Apr:1;CTV|5|Dec:1;CTV|5|Feb:1;CTV|5|Jan:1;CTV|5|Mar:1;CTV|5|Nov:1;CTV|5|Oct:1,SOV1|5|Apr:1;SOV1|5|Aug:1;SOV1|5|Dec:1;SOV1|5|Feb:1;SOV1|5|Jan:1;SOV1|5|Jul:1;SOV1|5|Jun:1;SOV1|5|Mar:1;SOV1|5|May:1;SOV1|5|Nov:1;SOV1|5|Oct:1;SOV1|5|Sep:1,24;56;107;173;189;222;294;302;305;310;321;323;343;368;427,8e1f6eec5f28b6aa,200,1-500,501-1500
7,20,28773469.96770664,11189500.0,17583969.96770081,1380000.0,9056250.0,753250.0,16980264.59780898,216641.0942535058,387064.275644242,,393.5438123876229,25.47537616919726,22.801297299563885,0.016528872773051262,328.39110493659973,1,2,20,0.03972126166619745,1,3,4,20,0.03982887841619497,1,"{""eta"":[{""iter"":1,""solved"":20,""failed"":0,""gap_p90"":0,""cache_hr"":0,""fixed"":2,""unan"":true,""key"":null}],""gamma_LT"":[{""iter"":1,""solved"":20,""failed"":0,""gap_p90"":0,""cache_hr"":100,""fixed"":1,""unan"":false,""key"":""('gamma_LT', ('CTV',""},{""iter"":2,""solved"":20,""failed"":0,""gap_p90"":0,""cache_hr"":70,""fixed"":1,""unan"":false,""key"":""('gamma_LT', ('SOV',""},{""iter"":3,""solved"":20,""failed"":0,""gap_p90"":0,""cache_hr"":80,""fixed"":2,""unan"":true,""key"":null}]}",0.0185907106685736,True,2,OPTIMAL,solution_within_gap,False,,5:1,CTV|5:2;SOV|5:1,SOV|5|Dec:1;SOV|5|Jan:1,SOV1|5|Apr:1;SOV1|5|Aug:1;SOV1|5|Dec:1;SOV1|5|Feb:1;SOV1|5|Jan:1;SOV1|5|Jul:1;SOV1|5|Jun:1;SOV1|5|Mar:1;SOV1|5|May:1;SOV1|5|Nov:1;SOV1|5|Oct:1;SOV1|5|Sep:1;SOV2|5|Dec:1;SOV2|5|Jan:1,2;19;20;117;119;185;210;232;296;300;321;326;347;355;371;375;432;461;468;471,8e1f6eec5f28b6aa,200,1-500,501-1500
8,1,24778323.74674432,10445450.0,14332873.746744359,1466250.0,8150625.0,828575.0,13745105.903526522,235307.80160100988,352460.04161678394,,28.804900689981878,22.59572404716164,0.00033005326986312866,0.0010081697255373001,2.5860750675201416,1,2,1,0.0319612980294787,1,1,4,1,0.0319612980294787,1,"{""eta"":[{""iter"":1,""solved"":1,""failed"":0,""gap_p90"":0,""cache_hr"":0,""fixed"":2,""unan"":true,""key"":null}],""gamma_LT"":[{""iter"":1,""solved"":1,""failed"":0,""gap_p90"":0,""cache_hr"":100,""fixed"":4,""unan"":true,""key"":null}]}",0.0062340137831047625,True,2,OPTIMAL,solution_within_gap,False,,5:1,CTV|5:1;SOV|5:1,CTV|5|Apr:1;CTV|5|Aug:1;CTV|5|Dec:1;CTV|5|Jan:1;CTV|5|Jul:1;CTV|5|Jun:1;CTV|5|Nov:1;CTV|5|Oct:1;CTV|5|Sep:1;SOV|5|Dec:1,SOV1|5|Apr:1;SOV1|5|Aug:1;SOV1|5|Dec:1;SOV1|5|Feb:1;SOV1|5|Jan:1;SOV1|5|Jul:1;SOV1|5|Jun:1;SOV1|5|Mar:1;SOV1|5|May:1;SOV1|5|Nov:1;SOV1|5|Oct:1;SOV1|5|Sep:1;SOV2|5|Dec:1,373,8e1f6eec5f28b6aa,200,1-500,501-1500
8,3,22019297.340224497,9508200.0,12511097.340224488,0.0,9056250.0,451950.0,11862887.502821723,231819.12927992744,416390.70812284877,,50.66167007479817,24.45779938995838,10.685306506231427,0.0027603190392255783,9.597179889678955,1,2,3,0.03910940030608047,1,2,4,3,0.039900110524182505,1,"{""eta"":[{""iter"":1,""solved"":3,""failed"":0,""gap_p90"":0,""cache_hr"":0,""fixed"":2,""unan"":true,""key"":null}],""gamma_LT"":[{""iter"":1,""solved"":3,""failed"":0,""gap_p90"":0,""cache_hr"":100,""fixed"":1,""unan"":false,""key"":""('gamma_LT', ('SOV',""},{""iter"":2,""solved"":3,""failed"":0,""gap_p90"":0,""cache_hr"":67,""fixed"":3,""unan"":true,""key"":null}]}",0.013037077124048155,True,2,OPTIMAL,solution_within_gap,False,,5:1,CTV|5:2;SOV|5:1,,SOV1|5|Apr:1;SOV1|5|Aug:1;SOV1|5|Dec:1;SOV1|5|Feb:1;SOV1|5|Jan:1;SOV1|5|Jul:1;SOV1|5|Jun:1;SOV1|5|Mar:1;SOV1|5|May:1;SOV1|5|Nov:1;SOV1|5|Oct:1;SOV1|5|Sep:1,30;317;492,8e1f6eec5f28b6aa,200,1-500,501-1500
8,5,26821653.845936365,9842275.0,16979378.845935617,7503750.0,1811250.0,527275.0,16256557.110182649,370459.1941281989,352362.541625479,,77.06570415850729,25.094851026311517,10.945183240808547,0.004489396698772907,34.15861892700195,1,2,5,0.039526142349924166,1,3,4,5,0.03996885082799164,1,"{""eta"":[{""iter"":1,""solved"":5,""failed"":0,""gap_p90"":0,""cache_hr"":0,""fixed"":2,""unan"":true,""key"":null}],""gamma_LT"":[{""iter"":1,""solved"":5,""failed"":0,""gap_p90"":0,""cache_hr"":100,""fixed"":1,""unan"":false,""key"":""('gamma_LT', ('CTV',""},{""iter"":2,""solved"":5,""failed"":0,""gap_p90"":0,""cache_hr"":80,""fixed"":1,""unan"":false,""key"":""('gamma_LT', ('SOV',""},{""iter"":3,""solved"":5,""failed"":0,""gap_p90"":0,""cache_hr"":60,""fixed"":2,""unan"":true,""key"":null}]}",0.014749257777783657,True,2,OPTIMAL,solution_within_gap,False,,5:1,CTV|5:2,CTV|5|Apr:1;CTV|5|Dec:1;CTV|5|Feb:1;CTV|5|Jan:1;CTV|5|Mar:1;CTV|5|May:1;CTV|5|Nov:1;SOV|5|Aug:1;SOV|5|Dec:1;SOV|5|Feb:1;SOV|5|Jan:1;SOV|5|Jul:1;SOV|5|Jun:1;SOV|5|Mar:1;SOV|5|Nov:1;SOV|5|Oct:1;SOV|5|Sep:1,SOV1|5|Aug:1;SOV1|5|Dec:1;SOV1|5|Feb:1;SOV1|5|Jan:1;SOV1|5|Jul:1;SOV1|5|Jun:1;SOV1|5|Mar:1;SOV1|5|Nov:1;SOV1|5|Oct:1;SOV1|5|Sep:1,60;202;274;310;474,8e1f6eec5f28b6aa,200,1-500,501-1500
8,7,27207199.22445868,8807275.0,18399924.22446115,6468750.0,1811250.0,527275.0,17680325.29738378,406949.5789854499,312649.348089525,,118.3721420057118,27.395620823837817,19.759012570604682,0.005720888264477253,63.415467977523804,1,2,7,0.03954751290306779,1,3,4,7,0.03999783909510265,1,"{""eta"":[{""iter"":1,""solved"":7,""failed"":0,""gap_p90"":0,""cache_hr"":0,""fixed"":2,""unan"":true,""key"":null}],""gamma_LT"":[{""iter"":1,""solved"":7,""failed"":0,""gap_p90"":0,""cache_hr"":100,""fixed"":1,""unan"":false,""key"":""('gamma_LT', ('SOV',""},{""iter"":2,""solved"":7,""failed"":0,""gap_p90"":0,""cache_hr"":71,""fixed"":1,""unan"":false,""key"":""('gamma_LT', ('CTV',""},{""iter"":3,""solved"":7,""failed"":0,""gap_p90"":0,""cache_hr"":71,""fixed"":2,""unan"":true,""key"":null}]}",0.013638882169474542,True,2,OPTIMAL,solution_within_gap,False,,5:1,CTV|5:2,CTV|5|Jul:1;CTV|5|Jun:1;CTV|5|May:1;SOV|5|Apr:1;SOV|5|Aug:1;SOV|5|Dec:1;SOV|5|Feb:1;SOV|5|Jan:1;SOV|5|Mar:1;SOV|5|Nov:1;SOV|5|Oct:1;SOV|5|Sep:1,SOV1|5|Apr:1;SOV1|5|Aug:1;SOV1|5|Dec:1;SOV1|5|Feb:1;SOV1|5|Jan:1;SOV1|5|Mar:1;SOV1|5|Nov:1;SOV1|5|Oct:1;SOV1|5|Sep:1,13;138;212;292;401;432;493,8e1f6eec5f28b6aa,200,1-500,501-1500
8,10,28652016.095997643,8807275.0,19844741.09600219,6468750.0,1811250.0,527275.0,19098062.157165986,409157.75308698165,337521.1857445518,,238.59913453646004,25.944304791279137,17.95592567976564,0.008032347075641155,184.7086169719696,1,2,10,0.03873220715019894,1,3,4,10,0.03999143119043876,1,"{""eta"":[{""iter"":1,""solved"":10,""failed"":0,""gap_p90"":0,""cache_hr"":0,""fixed"":2,""unan"":true,""key"":null}],""gamma_LT"":[{""iter"":1,""solved"":10,""failed"":0,""gap_p90"":0,""cache_hr"":100,""fixed"":1,""unan"":false,""key"":""('gamma_LT', ('CTV',""},{""iter"":2,""solved"":10,""failed"":0,""gap_p90"":0,""cache_hr"":80,""fixed"":1,""unan"":false,""key"":""('gamma_LT', ('SOV',""},{""iter"":3,""solved"":10,""failed"":0,""gap_p90"":0,""cache_hr"":50,""fixed"":2,""unan"":true,""key"":null}]}",0.018144451755745403,True,2,OPTIMAL,solution_within_gap,False,,5:1,CTV|5:2,CTV|5|Aug:1;CTV|5|Jul:1;CTV|5|Jun:1;SOV|5|Apr:1;SOV|5|Dec:1;SOV|5|Feb:1;SOV|5|Jan:1;SOV|5|Mar:1;SOV|5|May:1;SOV|5|Nov:1;SOV|5|Oct:1;SOV|5|Sep:1,SOV1|5|Apr:1;SOV1|5|Dec:1;SOV1|5|Feb:1;SOV1|5|Jan:1;SOV1|5|Mar:1;SOV1|5|May:1;SOV1|5|Nov:1;SOV1|5|Oct:1;SOV1|5|Sep:1,10;16;33;59;135;140;144;148;289;409,8e1f6eec5f28b6aa,200,1-500,501-1500
8,15,29200689.9018786,9130425.0,20070264.901872195,6641250.0,1811250.0,677925.0,19327678.274560392,411594.83177207765,330991.7955461692,,543.3579079527408,30.928217632696033,23.957181809470057,0.012472868897020817,475.20947194099426,1,2,15,0.03896250874795055,1,3,4,15,0.0399941866476087,1,"{""eta"":[{""iter"":1,""solved"":15,""failed"":0,""gap_p90"":0,""cache_hr"":0,""fixed"":2,""unan"":true,""key"":null}],""gamma_LT"":[{""iter"":1,""solved"":15,""failed"":0,""gap_p90"":0,""cache_hr"":100,""fixed"":1,""unan"":false,""key"":""('gamma_LT', ('CTV',""},{""iter"":2,""solved"":15,""failed"":0,""gap_p90"":0,""cache_hr"":67,""fixed"":1,""unan"":false,""key"":""('gamma_LT', ('SOV',""},{""iter"":3,""solved"":15,""failed"":0,""gap_p90"":0,""cache_hr"":60,""fixed"":2,""unan"":true,""key"":null}]}",0.019998469587702614,True,2,OPTIMAL,solution_within_gap,False,,5:1,CTV|5:2,CTV|5|Aug:1;CTV|5|Jan:1;CTV|5|Jul:1;CTV|5|Jun:2;SOV|5|Apr:1;SOV|5|Dec:1;SOV|5|Feb:1;SOV|5|Jan:1;SOV|5|Mar:1;SOV|5|May:1;SOV|5|Nov:1;SOV|5|Oct:1;SOV|5|Sep:1,SOV1|5|Apr:1;SOV1|5|Dec:1;SOV1|5|Feb:1;SOV1|5|Jan:1;SOV1|5|Mar:1;SOV1|5|May:1;SOV1|5|Nov:1;SOV1|5|Oct:1;SOV1|5|Sep:1,38;90;131;144;162;174;186;242;273;275;290;301;360;427;434,8e1f6eec5f28b6aa,200,1-500,501-1500
8,20,28507354.28119144,10101025.0,18406329.28118508,517500.0,9056250.0,527275.0,17749895.9302323,257363.4416948645,399069.9092642409,,396.79674173146486,31.007932112552226,21.99993517715484,0.014948402531445026,327.7225329875946,1,2,20,0.039386810090136073,1,3,4,20,0.03998499734090526,1,"{""eta"":[{""iter"":1,""solved"":20,""failed"":0,""gap_p90"":0,""cache_hr"":0,""fixed"":2,""unan"":true,""key"":null}],""gamma_LT"":[{""iter"":1,""solved"":20,""failed"":0,""gap_p90"":0,""cache_hr"":100,""fixed"":1,""unan"":false,""key"":""('gamma_LT', ('CTV',""},{""iter"":2,""solved"":20,""failed"":0,""gap_p90"":0,""cache_hr"":75,""fixed"":1,""unan"":false,""key"":""('gamma_LT', ('SOV',""},{""iter"":3,""solved"":20,""failed"":0,""gap_p90"":0,""cache_hr"":70,""fixed"":2,""unan"":true,""key"":null}]}",0.015716772653297136,True,2,OPTIMAL,solution_within_gap,False,,5:1,CTV|5:2;SOV|5:1,CTV|5|Apr:1;CTV|5|Dec:1;CTV|5|Feb:1;CTV|5|Jan:1;CTV|5|Mar:1;CTV|5|May:1,SOV1|5|Apr:1;SOV1|5|Aug:1;SOV1|5|Dec:1;SOV1|5|Feb:1;SOV1|5|Jan:1;SOV1|5|Jul:1;SOV1|5|Jun:1;SOV1|5|Mar:1;SOV1|5|May:1;SOV1|5|Nov:1;SOV1|5|Oct:1;SOV1|5|Sep:1,23;35;45;96;119;169;226;230;237;241;244;247;268;295;309;400;426;432;440;472,8e1f6eec5f28b6aa,200,1-500,501-1500
9,1,38039148.63857878,11685150.0,26353998.63857891,1725000.0,9056250.0,903900.0,25752364.985505804,247899.74611049518,353733.90696250374,,18.69006264489144,12.98732448183,0.0003288211300969124,0.0010143360123038292,1.9531919956207275,1,2,1,0.034598779818302894,1,1,4,1,0.034598779818302894,1,"{""eta"":[{""iter"":1,""solved"":1,""failed"":0,""gap_p90"":0,""cache_hr"":0,""fixed"":2,""unan"":true,""key"":null}],""gamma_LT"":[{""iter"":1,""solved"":1,""failed"":0,""gap_p90"":0,""cache_hr"":100,""fixed"":4,""unan"":true,""key"":null}]}",0.009961206236003124,True,2,OPTIMAL,solution_within_gap,False,,5:1,CTV|5:2;SOV|5:1,CTV|5|Feb:1;CTV|5|Mar:1;CTV|5|Oct:1;CTV|5|Sep:1;SOV|5|Dec:1;SOV|5|Nov:1,SOV1|5|Apr:1;SOV1|5|Aug:1;SOV1|5|Dec:1;SOV1|5|Feb:1;SOV1|5|Jan:1;SOV1|5|Jul:1;SOV1|5|Jun:1;SOV1|5|Mar:1;SOV1|5|May:1;SOV1|5|Nov:1;SOV1|5|Oct:1;SOV1|5|Sep:1;SOV2|5|Dec:1;SOV2|5|Nov:1,379,8e1f6eec5f28b6aa,200,1-500,501-1500
9,3,28916834.66759248,8365100.0,20551734.667592302,5951250.0,1811250.0,602600.0,19786227.553406417,457514.10003502213,307993.0141510571,,49.11249336414039,20.79845869448036,11.608185299672186,0.0027746297419071198,11.495335102081299,1,2,3,0.03992481338678234,1,3,4,3,0.03992481338678234,1,"{""eta"":[{""iter"":1,""solved"":3,""failed"":0,""gap_p90"":0,""cache_hr"":0,""fixed"":2,""unan"":true,""key"":null}],""gamma_LT"":[{""iter"":1,""solved"":3,""failed"":0,""gap_p90"":0,""cache_hr"":100,""fixed"":1,""unan"":false,""key"":""('gamma_LT', ('CTV',""},{""iter"":2,""solved"":3,""failed"":0,""gap_p90"":0,""cache_hr"":67,""fixed"":1,""unan"":false,""key"":""('gamma_LT', ('SOV',""},{""iter"":3,""solved"":3,""failed"":0,""gap_p90"":0,""cache_hr"":67,""fixed"":2,""unan"":true,""key"":null}]}",0.01597318651857891,True,2,OPTIMAL,solution_within_gap,False,,5:1,CTV|5:2,CTV|5|Aug:1;CTV|5|Jan:1;CTV|5|Jul:1;CTV|5|Jun:1;CTV|5|May:1;SOV|5|Apr:1;SOV|5|Dec:1;SOV|5|Feb:1;SOV|5|Jan:1;SOV|5|Mar:1;SOV|5|Nov:1;SOV|5|Oct:1;SOV|5|Sep:1,SOV1|5|Apr:1;SOV1|5|Dec:1;SOV1|5|Feb:1;SOV1|5|Jan:1;SOV1|5|Mar:1;SOV1|5|Nov:1;SOV1|5|Oct:1;SOV1|5|Sep:1,74;361;424,8e1f6eec5f28b6aa,200,1-500,501-1500
9,5,25248901.333138037,9669775.0,15579126.333137408,86250.0,9056250.0,527275.0,14929673.999643095,252811.1723312167,396641.1611636968,,65.24569019768387,20.00060662254691,6.63927198946476,0.00442151352763176,32.13153314590454,1,2,5,0.03990443242995451,1,2,4,5,0.039997569467165484,1,"{""eta"":[{""iter"":1,""solved"":5,""failed"":0,""gap_p90"":0,""cache_hr"":0,""fixed"":2,""unan"":true,""key"":null}],""gamma_LT"":[{""iter"":1,""solved"":5,""failed"":0,""gap_p90"":0,""cache_hr"":100,""fixed"":1,""unan"":false,""key"":""('gamma_LT', ('CTV',""},{""iter"":2,""solved"":5,""failed"":0,""gap_p90"":0,""cache_hr"":60,""fixed"":3,""unan"":true,""key"":null}]}",0.007310692272846637,True,2,OPTIMAL,solution_within_gap,False,,5:1,CTV|5:2;SOV|5:1,CTV|5|Dec:1,SOV1|5|Apr:1;SOV1|5|Aug:1;SOV1|5|Dec:1;SOV1|5|Feb:1;SOV1|5|Jan:1;SOV1|5|Jul:1;SOV1|5|Jun:1;SOV1|5|Mar:1;SOV1|5|May:1;SOV1|5|Nov:1;SOV1|5|Oct:1;SOV1|5|Sep:1,7;153;296;431;498,8e1f6eec5f28b6aa,200,1-500,501-1500
9,7,28652290.89928411,9917600.0,18734690.89928574,258750.0,9056250.0,602600.0,18070086.909453396,237471.08917749472,427132.9006531432,,89.26778713613749,29.380155980587006,13.39482128340751,0.0057749561965465546,38.80079698562622,1,2,7,0.039747562546307354,1,3,4,7,0.03999842211282067,1,"{""eta"":[{""iter"":1,""solved"":7,""failed"":0,""gap_p90"":0,""cache_hr"":0,""fixed"":2,""unan"":true,""key"":null}],""gamma_LT"":[{""iter"":1,""solved"":7,""failed"":0,""gap_p90"":0,""cache_hr"":100,""fixed"":1,""unan"":false,""key"":""('gamma_LT', ('SOV',""},{""iter"":2,""solved"":7,""failed"":0,""gap_p90"":0,""cache_hr"":29,""fixed"":1,""unan"":false,""key"":""('gamma_LT', ('CTV',""},{""iter"":3,""solved"":7,""failed"":0,""gap_p90"":0,""cache_hr"":71,""fixed"":2,""unan"":true,""key"":null}]}",0.006729417743315568,True,2,OPTIMAL,solution_within_gap,False,,5:1,CTV|5:2;SOV|5:1,CTV|5|Dec:1;CTV|5|Jan:2,SOV1|5|Apr:1;SOV1|5|Aug:1;SOV1|5|Dec:1;SOV1|5|Feb:1;SOV1|5|Jan:1;SOV1|5|Jul:1;SOV1|5|Jun:1;SOV1|5|Mar:1;SOV1|5|May:1;SOV1|5|Nov:1;SOV1|5|Oct:1;SOV1|5|Sep:1,64;117;159;174;271;447;469,8e1f6eec5f28b6aa,200,1-500,501-1500
9,10,28550533.13804526,9756025.0,18794508.138049737,172500.0,9056250.0,527275.0,18127002.18522613,253806.2967030084,413699.65611624287,,179.79015105962753,23.30989061295986,14.61073040496558,0.00886282604187727,132.01883792877197,1,2,10,0.03960370897310739,1,3,4,10,0.03994014438287992,1,"{""eta"":[{""iter"":1,""solved"":10,""failed"":0,""gap_p90"":0,""cache_hr"":0,""fixed"":2,""unan"":true,""key"":null}],""gamma_LT"":[{""iter"":1,""solved"":10,""failed"":0,""gap_p90"":0,""cache_hr"":100,""fixed"":1,""unan"":false,""key"":""('gamma_LT', ('CTV',""},{""iter"":2,""solved"":10,""failed"":0,""gap_p90"":0,""cache_hr"":80,""fixed"":1,""unan"":false,""key"":""('gamma_LT', ('SOV',""},{""iter"":3,""solved"":10,""failed"":0,""gap_p90"":0,""cache_hr"":70,""fixed"":2,""unan"":true,""key"":null}]}",0.008724849353622416,True,2,OPTIMAL,solution_within_gap,False,,5:1,CTV|5:2;SOV|5:1,CTV|5|Dec:1;CTV|5|Jan:1,SOV1|5|Apr:1;SOV1|5|Aug:1;SOV1|5|Dec:1;SOV1|5|Feb:1;SOV1|5|Jan:1;SOV1|5|Jul:1;SOV1|5|Jun:1;SOV1|5|Mar:1;SOV1|5|May:1;SOV1|5|Nov:1;SOV1|5|Oct:1;SOV1|5|Sep:1,66;102;112;223;362;390;391;404;448;470,8e1f6eec5f28b6aa,200,1-500,501-1500
9,15,30819851.510173373,10079175.0,20740676.510167453,345000.0,9056250.0,677925.0,20086088.14211454,254604.4824248504,399983.8856338412,,316.21467277314514,30.90797713305801,19.34261258970946,0.012285533361136913,252.4011619091034,1,2,15,0.03942362584615643,1,3,4,15,0.039998139966016,1,"{""eta"":[{""iter"":1,""solved"":15,""failed"":0,""gap_p90"":0,""cache_hr"":0,""fixed"":2,""unan"":true,""key"":null}],""gamma_LT"":[{""iter"":1,""solved"":15,""failed"":0,""gap_p90"":0,""cache_hr"":100,""fixed"":1,""unan"":false,""key"":""('gamma_LT', ('CTV',""},{""iter"":2,""solved"":15,""failed"":0,""gap_p90"":0,""cache_hr"":60,""fixed"":1,""unan"":false,""key"":""('gamma_LT', ('SOV',""},{""iter"":3,""solved"":15,""failed"":0,""gap_p90"":0,""cache_hr"":47,""fixed"":2,""unan"":true,""key"":null}]}",0.012753568176950555,True,2,OPTIMAL,solution_within_gap,False,,5:1,CTV|5:2;SOV|5:1,CTV|5|Dec:3;CTV|5|Jan:1,SOV1|5|Apr:1;SOV1|5|Aug:1;SOV1|5|Dec:1;SOV1|5|Feb:1;SOV1|5|Jan:1;SOV1|5|Jul:1;SOV1|5|Jun:1;SOV1|5|Mar:1;SOV1|5|May:1;SOV1|5|Nov:1;SOV1|5|Oct:1;SOV1|5|Sep:1,35;52;80;132;171;178;188;208;220;223;309;331;397;424;482,8e1f6eec5f28b6aa,200,1-500,501-1500
9,20,29092818.268770687,10305150.0,18787668.26876405,7590000.0,1811250.0,903900.0,18053775.61115614,449071.505949248,284821.151665392,,1395.8713408131152,33.107388709671795,26.921279542148113,0.01511047687381506,1319.607183933258,1,2,20,0.03956824183469261,1,3,4,20,0.03998728931575478,1,"{""eta"":[{""iter"":1,""solved"":20,""failed"":0,""gap_p90"":0,""cache_hr"":0,""fixed"":2,""unan"":true,""key"":null}],""gamma_LT"":[{""iter"":1,""solved"":20,""failed"":0,""gap_p90"":0,""cache_hr"":100,""fixed"":1,""unan"":false,""key"":""('gamma_LT', ('SOV',""},{""iter"":2,""solved"":20,""failed"":0,""gap_p90"":0,""cache_hr"":60,""fixed"":1,""unan"":false,""key"":""('gamma_LT', ('CTV',""},{""iter"":3,""solved"":20,""failed"":0,""gap_p90"":0,""cache_hr"":50,""fixed"":2,""unan"":true,""key"":null}]}",0.0177271257535601,True,2,OPTIMAL,solution_within_gap,False,,5:1,CTV|5:2,CTV|5|Aug:2;CTV|5|Jul:2;CTV|5|Jun:2;CTV|5|May:2;SOV|5|Apr:1;SOV|5|Dec:2;SOV|5|Feb:1;SOV|5|Jan:2;SOV|5|Mar:1;SOV|5|Nov:1;SOV|5|Oct:1;SOV|5|Sep:1,SOV1|5|Apr:1;SOV1|5|Dec:1;SOV1|5|Feb:1;SOV1|5|Jan:1;SOV1|5|Mar:1;SOV1|5|Nov:1;SOV1|5|Oct:1;SOV1|5|Sep:1;SOV2|5|Dec:1;SOV2|5|Jan:1,12;38;91;113;116;122;132;180;186;188;250;292;297;315;397;405;452;453;457;464,8e1f6eec5f28b6aa,200,1-500,501-1500
10,1,22058952.40238421,8095425.0,13963527.402384194,5606250.0,1811250.0,677925.0,13210978.17726463,524273.1923512752,228276.0327682971,,26.6773941796273,21.780392182059586,0.00011118128895759583,0.0003288276493549347,1.2817671298980713,1,2,1,0.03546058985190683,1,1,4,1,0.03546058985190683,1,"{""eta"":[{""iter"":1,""solved"":1,""failed"":0,""gap_p90"":0,""cache_hr"":0,""fixed"":2,""unan"":true,""key"":null}],""gamma_LT"":[{""iter"":1,""solved"":1,""failed"":0,""gap_p90"":0,""cache_hr"":100,""fixed"":4,""unan"":true,""key"":null}]}",0.009393346293868133,True,2,OPTIMAL,solution_within_gap,False,,5:1,CTV|5:2,CTV|5|Apr:1;CTV|5|Aug:1;CTV|5|Feb:1;CTV|5|Jul:1;CTV|5|Jun:1;CTV|5|Mar:1;CTV|5|May:1;CTV|5|Nov:2;SOV|5|Dec:1;SOV|5|Feb:1;SOV|5|Jan:1;SOV|5|Mar:1;SOV|5|Nov:1;SOV|5|Oct:1;SOV|5|Sep:1,SOV1|5|Dec:1;SOV1|5|Feb:1;SOV1|5|Jan:1;SOV1|5|Mar:1;SOV1|5|Nov:1;SOV1|5|Oct:1;SOV1|5|Sep:1,187,8e1f6eec5f28b6aa,200,1-500,501-1500
10,3,32625766.984184265,8968850.0,23656916.984184094,6555000.0,1811250.0,602600.0,22924109.06666948,409859.2203735396,322948.6971412582,,54.19658442120999,24.252382474951446,9.344329485669732,0.002742369659245014,15.913758993148804,1,2,3,0.03997744910462123,1,3,4,3,0.03997744910462123,1,"{""eta"":[{""iter"":1,""solved"":3,""failed"":0,""gap_p90"":0,""cache_hr"":0,""fixed"":2,""unan"":true,""key"":null}],""gamma_LT"":[{""iter"":1,""solved"":3,""failed"":0,""gap_p90"":0,""cache_hr"":100,""fixed"":1,""unan"":false,""key"":""('gamma_LT', ('CTV',""},{""iter"":2,""solved"":3,""failed"":0,""gap_p90"":0,""cache_hr"":67,""fixed"":1,""unan"":false,""key"":""('gamma_LT', ('SOV',""},{""iter"":3,""solved"":3,""failed"":0,""gap_p90"":0,""cache_hr"":33,""fixed"":2,""unan"":true,""key"":null}]}",0.006756402219863315,True,2,OPTIMAL,solution_within_gap,False,,5:1,CTV|5:2,CTV|5|Jan:1;CTV|5|Jul:1;CTV|5|Jun:1;CTV|5|May:1;SOV|5|Apr:1;SOV|5|Aug:1;SOV|5|Dec:1;SOV|5|Feb:1;SOV|5|Jan:1;SOV|5|Mar:1;SOV|5|Nov:1;SOV|5|Oct:1;SOV|5|Sep:1,SOV1|5|Apr:1;SOV1|5|Aug:1;SOV1|5|Dec:1;SOV1|5|Feb:1;SOV1|5|Jan:1;SOV1|5|Mar:1;SOV1|5|Nov:1;SOV1|5|Oct:1;SOV1|5|Sep:1,80;412;490,8e1f6eec5f28b6aa,200,1-500,501-1500
10,5,25685010.688050095,9508200.0,16176810.688049491,0.0,9056250.0,451950.0,15520013.302462865,252758.95734814423,404038.4282390802,,80.09508941881359,26.793959442526102,16.965688483789563,0.004511306993663311,29.732008934020996,1,2,5,0.0399990127567793,1,3,4,5,0.0399990127567793,1,"{""eta"":[{""iter"":1,""solved"":5,""failed"":0,""gap_p90"":0,""cache_hr"":0,""fixed"":2,""unan"":true,""key"":null}],""gamma_LT"":[{""iter"":1,""solved"":5,""failed"":0,""gap_p90"":0,""cache_hr"":100,""fixed"":1,""unan"":false,""key"":""('gamma_LT', ('CTV',""},{""iter"":2,""solved"":5,""failed"":0,""gap_p90"":0,""cache_hr"":80,""fixed"":1,""unan"":false,""key"":""('gamma_LT', ('SOV',""},{""iter"":3,""solved"":5,""failed"":0,""gap_p90"":0,""cache_hr"":60,""fixed"":2,""unan"":true,""key"":null}]}",0.007165169142752724,True,2,OPTIMAL,solution_within_gap,False,,5:1,CTV|5:2;SOV|5:1,,SOV1|5|Apr:1;SOV1|5|Aug:1;SOV1|5|Dec:1;SOV1|5|Feb:1;SOV1|5|Jan:1;SOV1|5|Jul:1;SOV1|5|Jun:1;SOV1|5|Mar:1;SOV1|5|May:1;SOV1|5|Nov:1;SOV1|5|Oct:1;SOV1|5|Sep:1,38;216;446;475;476,8e1f6eec5f28b6aa,200,1-500,501-1500
10,7,25995742.134000935,9756025.0,16239717.133999987,172500.0,9056250.0,527275.0,15577795.376177995,248233.27445611262,413688.4833668143,,76.19859297107905,25.900748836807907,12.981206897646189,0.006295846775174141,29.813122987747192,1,2,7,0.039916469289388606,1,3,4,7,0.03999509157862471,1,"{""eta"":[{""iter"":1,""solved"":7,""failed"":0,""gap_p90"":0,""cache_hr"":0,""fixed"":2,""unan"":true,""key"":null}],""gamma_LT"":[{""iter"":1,""solved"":7,""failed"":0,""gap_p90"":0,""cache_hr"":100,""fixed"":1,""unan"":false,""key"":""('gamma_LT', ('CTV',""},{""iter"":2,""solved"":7,""failed"":0,""gap_p90"":0,""cache_hr"":71,""fixed"":1,""unan"":false,""key"":""('gamma_LT', ('SOV',""},{""iter"":3,""solved"":7,""failed"":0,""gap_p90"":0,""cache_hr"":71,""fixed"":2,""unan"":true,""key"":null}]}",0.011825503553170654,True,2,OPTIMAL,solution_within_gap,False,,5:1,CTV|5:2;SOV|5:1,CTV|5|Dec:1;CTV|5|Nov:1,SOV1|5|Apr:1;SOV1|5|Aug:1;SOV1|5|Dec:1;SOV1|5|Feb:1;SOV1|5|Jan:1;SOV1|5|Jul:1;SOV1|5|Jun:1;SOV1|5|Mar:1;SOV1|5|May:1;SOV1|5|Nov:1;SOV1|5|Oct:1;SOV1|5|Sep:1,105;196;209;221;374;410;485,8e1f6eec5f28b6aa,200,1-500,501-1500
10,10,25827718.213688478,8203525.0,17624193.2136931,5865000.0,1811250.0,527275.0,16882828.61752331,455976.9026034986,285387.69356157345,,517.9812012575567,29.082989532500505,19.707279067486525,0.008880292996764183,459.6538190841675,1,2,10,0.03985966978502692,1,3,4,10,0.039991870547573596,1,"{""eta"":[{""iter"":1,""solved"":10,""failed"":0,""gap_p90"":0,""cache_hr"":0,""fixed"":2,""unan"":true,""key"":null}],""gamma_LT"":[{""iter"":1,""solved"":10,""failed"":0,""gap_p90"":0,""cache_hr"":100,""fixed"":1,""unan"":false,""key"":""('gamma_LT', ('CTV',""},{""iter"":2,""solved"":10,""failed"":0,""gap_p90"":0,""cache_hr"":80,""fixed"":1,""unan"":false,""key"":""('gamma_LT', ('SOV',""},{""iter"":3,""solved"":10,""failed"":0,""gap_p90"":0,""cache_hr"":50,""fixed"":2,""unan"":true,""key"":null}]}",5.038933076064688e-05,True,2,OPTIMAL,solution_within_gap,False,,5:1,CTV|5:2,CTV|5|Aug:1;CTV|5|Jul:1;CTV|5|Jun:1;CTV|5|May:1;SOV|5|Apr:1;SOV|5|Dec:1;SOV|5|Feb:1;SOV|5|Jan:1;SOV|5|Mar:1;SOV|5|Nov:1;SOV|5|Oct:1;SOV|5|Sep:1,SOV1|5|Apr:1;SOV1|5|Dec:1;SOV1|5|Feb:1;SOV1|5|Jan:1;SOV1|5|Mar:1;SOV1|5|Nov:1;SOV1|5|Oct:1;SOV1|5|Sep:1,10;11;79;170;182;195;234;291;360;426,8e1f6eec5f28b6aa,200,1-500,501-1500
10,15,31190929.681381613,9756025.0,21434904.681375857,172500.0,9056250.0,527275.0,20759151.89303336,261466.8917627725,414285.89658524643,,319.4642229573801,30.378192899748683,21.44070336781442,0.01284351572394371,254.33232402801514,1,2,15,0.03954751290306779,1,3,4,15,0.03998611361577462,1,"{""eta"":[{""iter"":1,""solved"":15,""failed"":0,""gap_p90"":0,""cache_hr"":0,""fixed"":2,""unan"":true,""key"":null}],""gamma_LT"":[{""iter"":1,""solved"":15,""failed"":0,""gap_p90"":0,""cache_hr"":100,""fixed"":1,""unan"":false,""key"":""('gamma_LT', ('CTV',""},{""iter"":2,""solved"":15,""failed"":0,""gap_p90"":0,""cache_hr"":73,""fixed"":1,""unan"":false,""key"":""('gamma_LT', ('SOV',""},{""iter"":3,""solved"":15,""failed"":0,""gap_p90"":0,""cache_hr"":53,""fixed"":2,""unan"":true,""key"":null}]}",0.01235369336437509,True,2,OPTIMAL,solution_within_gap,False,,5:1,CTV|5:2;SOV|5:1,CTV|5|Dec:1;CTV|5|Jan:1,SOV1|5|Apr:1;SOV1|5|Aug:1;SOV1|5|Dec:1;SOV1|5|Feb:1;SOV1|5|Jan:1;SOV1|5|Jul:1;SOV1|5|Jun:1;SOV1|5|Mar:1;SOV1|5|May:1;SOV1|5|Nov:1;SOV1|5|Oct:1;SOV1|5|Sep:1,29;78;145;177;212;234;249;251;287;349;354;361;444;470;490,8e1f6eec5f28b6aa,200,1-500,501-1500
10,20,27435186.13436529,9756025.0,17679161.13435864,172500.0,9056250.0,527275.0,17025736.32879737,248712.45347357081,404712.3520942438,,967.8228527493775,29.362454371526837,17.569395715370774,0.015250676311552525,903.2138650417328,1,2,20,0.03939781006478543,1,3,4,20,0.03992955403722718,1,"{""eta"":[{""iter"":1,""solved"":20,""failed"":0,""gap_p90"":0,""cache_hr"":0,""fixed"":2,""unan"":true,""key"":null}],""gamma_LT"":[{""iter"":1,""solved"":20,""failed"":0,""gap_p90"":0,""cache_hr"":100,""fixed"":1,""unan"":false,""key"":""('gamma_LT', ('CTV',""},{""iter"":2,""solved"":20,""failed"":0,""gap_p90"":0,""cache_hr"":75,""fixed"":1,""unan"":false,""key"":""('gamma_LT', ('SOV',""},{""iter"":3,""solved"":20,""failed"":0,""gap_p90"":0,""cache_hr"":55,""fixed"":2,""unan"":true,""key"":null}]}",6.4216875311085e-06,True,2,OPTIMAL,solution_within_gap,False,,5:1,CTV|5:2;SOV|5:1,CTV|5|Dec:1;CTV|5|Jan:1,SOV1|5|Apr:1;SOV1|5|Aug:1;SOV1|5|Dec:1;SOV1|5|Feb:1;SOV1|5|Jan:1;SOV1|5|Jul:1;SOV1|5|Jun:1;SOV1|5|Mar:1;SOV1|5|May:1;SOV1|5|Nov:1;SOV1|5|Oct:1;SOV1|5|Sep:1,9;15;16;28;43;47;69;89;128;154;189;196;203;220;324;361;452;457;472;499,8e1f6eec5f28b6aa,200,1-500,501-1500
11,1,28408567.648736637,11512650.0,16895917.648736663,1552500.0,9056250.0,903900.0,16238276.561767586,263169.7196348882,394471.36733415443,,15.982358017005026,10.384164314717054,0.00034727342426776886,0.0009976448491215706,1.8004050254821777,1,2,1,0.020817442603261963,1,1,4,1,0.020817442603261963,1,"{""eta"":[{""iter"":1,""solved"":1,""failed"":0,""gap_p90"":0,""cache_hr"":0,""fixed"":2,""unan"":true,""key"":null}],""gamma_LT"":[{""iter"":1,""solved"":1,""failed"":0,""gap_p90"":0,""cache_hr"":100,""fixed"":4,""unan"":true,""key"":null}]}",0.014868482877486038,True,2,OPTIMAL,solution_within_gap,False,,5:1,CTV|5:2;SOV|5:1,CTV|5|Dec:2;SOV|5|Dec:1;SOV|5|Nov:1,SOV1|5|Apr:1;SOV1|5|Aug:1;SOV1|5|Dec:1;SOV1|5|Feb:1;SOV1|5|Jan:1;SOV1|5|Jul:1;SOV1|5|Jun:1;SOV1|5|Mar:1;SOV1|5|May:1;SOV1|5|Nov:1;SOV1|5|Oct:1;SOV1|5|Sep:1;SOV2|5|Dec:1;SOV2|5|Nov:1,47,8e1f6eec5f28b6aa,200,1-500,501-1500
11,3,30723371.619898535,8752650.0,21970721.619898245,6037500.0,1811250.0,903900.0,21213268.621623293,497831.16664212395,259621.83163310876,,47.07243540324271,21.360060094855726,11.269005168229342,0.002751407213509083,9.470156908035278,1,2,3,0.03938933904967296,1,3,4,3,0.03999875759062028,1,"{""eta"":[{""iter"":1,""solved"":3,""failed"":0,""gap_p90"":0,""cache_hr"":0,""fixed"":2,""unan"":true,""key"":null}],""gamma_LT"":[{""iter"":1,""solved"":3,""failed"":0,""gap_p90"":0,""cache_hr"":100,""fixed"":1,""unan"":false,""key"":""('gamma_LT', ('CTV',""},{""iter"":2,""solved"":3,""failed"":0,""gap_p90"":0,""cache_hr"":33,""fixed"":1,""unan"":false,""key"":""('gamma_LT', ('SOV',""},{""iter"":3,""solved"":3,""failed"":0,""gap_p90"":0,""cache_hr"":33,""fixed"":2,""unan"":true,""key"":null}]}",0.015776912986966384,True,2,OPTIMAL,solution_within_gap,False,,5:1,CTV|5:2,CTV|5|Apr:1;CTV|5|Jan:1;CTV|5|Jul:1;CTV|5|Jun:1;CTV|5|Mar:1;CTV|5|May:1;SOV|5|Aug:1;SOV|5|Dec:1;SOV|5|Feb:1;SOV|5|Jan:1;SOV|5|Nov:2;SOV|5|Oct:1;SOV|5|Sep:1,SOV1|5|Aug:1;SOV1|5|Dec:1;SOV1|5|Feb:1;SOV1|5|Jan:1;SOV1|5|Nov:1;SOV1|5|Oct:1;SOV1|5|Sep:1;SOV2|5|Nov:1,14;106;430,8e1f6eec5f28b6aa,200,1-500,501-1500
11,5,25611820.541603718,8699175.0,16912645.541603055,6210000.0,1811250.0,677925.0,16144468.69335583,470001.09311958187,298175.75512827956,,78.71437143906951,26.163643370382488,16.065264110453427,0.004535958170890808,29.981035232543945,1,2,5,0.039779884134722124,1,3,4,5,0.039997649022350645,1,"{""eta"":[{""iter"":1,""solved"":5,""failed"":0,""gap_p90"":0,""cache_hr"":0,""fixed"":2,""unan"":true,""key"":null}],""gamma_LT"":[{""iter"":1,""solved"":5,""failed"":0,""gap_p90"":0,""cache_hr"":100,""fixed"":1,""unan"":false,""key"":""('gamma_LT', ('CTV',""},{""iter"":2,""solved"":5,""failed"":0,""gap_p90"":0,""cache_hr"":60,""fixed"":1,""unan"":false,""key"":""('gamma_LT', ('SOV',""},{""iter"":3,""solved"":5,""failed"":0,""gap_p90"":0,""cache_hr"":40,""fixed"":2,""unan"":true,""key"":null}]}",0.01846185034926527,True,2,OPTIMAL,solution_within_gap,False,,5:1,CTV|5:2,CTV|5|Apr:2;CTV|5|Aug:1;CTV|5|Jul:1;CTV|5|Jun:1;CTV|5|May:2;CTV|5|Nov:1;SOV|5|Aug:1;SOV|5|Dec:1;SOV|5|Feb:1;SOV|5|Jan:1;SOV|5|Mar:1;SOV|5|Nov:1;SOV|5|Oct:1;SOV|5|Sep:1,SOV1|5|Aug:1;SOV1|5|Dec:1;SOV1|5|Feb:1;SOV1|5|Jan:1;SOV1|5|Mar:1;SOV1|5|Nov:1;SOV1|5|Oct:1;SOV1|5|Sep:1,28;122;417;418;474,8e1f6eec5f28b6aa,200,1-500,501-1500
11,7,28972687.36257422,8968850.0,20003837.362576693,6555000.0,1811250.0,602600.0,19268032.16186019,412857.6430632979,322947.55765080993,,184.52765779476613,28.01365470699966,20.542669152840972,0.006165000610053539,127.97517013549805,1,2,7,0.0392994348373639,1,3,4,7,0.03992292266242914,1,"{""eta"":[{""iter"":1,""solved"":7,""failed"":0,""gap_p90"":0,""cache_hr"":0,""fixed"":2,""unan"":true,""key"":null}],""gamma_LT"":[{""iter"":1,""solved"":7,""failed"":0,""gap_p90"":0,""cache_hr"":100,""fixed"":1,""unan"":false,""key"":""('gamma_LT', ('CTV',""},{""iter"":2,""solved"":7,""failed"":0,""gap_p90"":0,""cache_hr"":86,""fixed"":1,""unan"":false,""key"":""('gamma_LT', ('SOV',""},{""iter"":3,""solved"":7,""failed"":0,""gap_p90"":0,""cache_hr"":57,""fixed"":2,""unan"":true,""key"":null}]}",0.014468583878806441,True,2,OPTIMAL,solution_within_gap,False,,5:1,CTV|5:2,CTV|5|Jan:1;CTV|5|Jul:1;CTV|5|Jun:1;CTV|5|May:1;SOV|5|Apr:1;SOV|5|Aug:1;SOV|5|Dec:1;SOV|5|Feb:1;SOV|5|Jan:1;SOV|5|Mar:1;SOV|5|Nov:1;SOV|5|Oct:1;SOV|5|Sep:1,SOV1|5|Apr:1;SOV1|5|Aug:1;SOV1|5|Dec:1;SOV1|5|Feb:1;SOV1|5|Jan:1;SOV1|5|Mar:1;SOV1|5|Nov:1;SOV1|5|Oct:1;SOV1|5|Sep:1,16;81;228;302;314;387;409,8e1f6eec5f28b6aa,200,1-500,501-1500
11,10,26816662.884369656,7599775.0,19216887.8843744,5261250.0,1811250.0,527275.0,18425005.04688858,514502.53262808436,277380.3048529415,,557.6272518094629,27.444165477529168,18.427591829560697,0.008799848146736622,502.02429604530334,1,2,10,0.038889503013488876,1,3,4,10,0.039996185951230834,1,"{""eta"":[{""iter"":1,""solved"":10,""failed"":0,""gap_p90"":0,""cache_hr"":0,""fixed"":2,""unan"":true,""key"":null}],""gamma_LT"":[{""iter"":1,""solved"":10,""failed"":0,""gap_p90"":0,""cache_hr"":100,""fixed"":1,""unan"":false,""key"":""('gamma_LT', ('CTV',""},{""iter"":2,""solved"":10,""failed"":0,""gap_p90"":0,""cache_hr"":60,""fixed"":1,""unan"":false,""key"":""('gamma_LT', ('SOV',""},{""iter"":3,""solved"":10,""failed"":0,""gap_p90"":0,""cache_hr"":50,""fixed"":2,""unan"":true,""key"":null}]}",0.0002236346676231928,True,2,OPTIMAL,solution_within_gap,False,,5:1,CTV|5:2,CTV|5|Apr:1;CTV|5|Aug:1;CTV|5|Jul:1;CTV|5|Jun:1;CTV|5|May:1;SOV|5|Dec:1;SOV|5|Feb:1;SOV|5|Jan:1;SOV|5|Mar:1;SOV|5|Nov:1;SOV|5|Oct:1;SOV|5|Sep:1,SOV1|5|Dec:1;SOV1|5|Feb:1;SOV1|5|Jan:1;SOV1|5|Mar:1;SOV1|5|Nov:1;SOV1|5|Oct:1;SOV1|5|Sep:1,25;118;255;266;277;315;354;384;414;415,8e1f6eec5f28b6aa,200,1-500,501-1500
11,15,28242476.228757426,9508200.0,18734276.22875142,0.0,9056250.0,451950.0,18092111.322356444,235806.09402384344,406358.8123769357,,776.4755251435563,27.384701501578093,18.013552088290453,0.012876471504569054,717.9580051898956,1,2,15,0.03997449870313252,1,3,4,15,0.03999505590401851,1,"{""eta"":[{""iter"":1,""solved"":15,""failed"":0,""gap_p90"":0,""cache_hr"":0,""fixed"":2,""unan"":true,""key"":null}],""gamma_LT"":[{""iter"":1,""solved"":15,""failed"":0,""gap_p90"":0,""cache_hr"":100,""fixed"":1,""unan"":false,""key"":""('gamma_LT', ('CTV',""},{""iter"":2,""solved"":15,""failed"":0,""gap_p90"":0,""cache_hr"":80,""fixed"":1,""unan"":false,""key"":""('gamma_LT', ('SOV',""},{""iter"":3,""solved"":15,""failed"":0,""gap_p90"":0,""cache_hr"":67,""fixed"":2,""unan"":true,""key"":null}]}",7.586289510603064e-11,True,2,OPTIMAL,solution_within_gap,False,,5:1,CTV|5:2;SOV|5:1,,SOV1|5|Apr:1;SOV1|5|Aug:1;SOV1|5|Dec:1;SOV1|5|Feb:1;SOV1|5|Jan:1;SOV1|5|Jul:1;SOV1|5|Jun:1;SOV1|5|Mar:1;SOV1|5|May:1;SOV1|5|Nov:1;SOV1|5|Oct:1;SOV1|5|Sep:1,3;54;68;74;91;129;133;250;287;366;375;414;445;450;477,8e1f6eec5f28b6aa,200,1-500,501-1500
11,20,30634007.153488882,8947000.0,21687007.153482113,6382500.0,1811250.0,753250.0,20922775.636639625,473970.7609689939,290260.7558801922,,505.6765259373933,31.96835825033486,20.098710236139596,0.015436312183737755,437.0444178581238,1,2,20,0.03972777905863996,1,3,4,20,0.03996659832495763,1,"{""eta"":[{""iter"":1,""solved"":20,""failed"":0,""gap_p90"":0,""cache_hr"":0,""fixed"":2,""unan"":true,""key"":null}],""gamma_LT"":[{""iter"":1,""solved"":20,""failed"":0,""gap_p90"":0,""cache_hr"":100,""fixed"":1,""unan"":false,""key"":""('gamma_LT', ('CTV',""},{""iter"":2,""solved"":20,""failed"":0,""gap_p90"":0,""cache_hr"":70,""fixed"":1,""unan"":false,""key"":""('gamma_LT', ('SOV',""},{""iter"":3,""solved"":20,""failed"":0,""gap_p90"":0,""cache_hr"":45,""fixed"":2,""unan"":true,""key"":null}]}",0.01954456954630394,True,2,OPTIMAL,solution_within_gap,False,,5:1,CTV|5:2,CTV|5|Apr:2;CTV|5|Aug:1;CTV|5|Dec:2;CTV|5|Jan:1;CTV|5|Jul:1;CTV|5|Jun:1;CTV|5|May:2;SOV|5|Aug:1;SOV|5|Dec:1;SOV|5|Feb:1;SOV|5|Jan:1;SOV|5|Mar:1;SOV|5|Nov:1;SOV|5|Oct:1;SOV|5|Sep:1,SOV1|5|Aug:1;SOV1|5|Dec:1;SOV1|5|Feb:1;SOV1|5|Jan:1;SOV1|5|Mar:1;SOV1|5|Nov:1;SOV1|5|Oct:1;SOV1|5|Sep:1,13;40;47;89;118;130;136;168;210;240;302;306;352;366;391;392;393;405;471;497,8e1f6eec5f28b6aa,200,1-500,501-1500
12,1,36366946.72515775,11674225.0,24692721.72515787,1638750.0,9056250.0,979225.0,24071830.648464113,279700.3629273134,341190.7137663104,,20.11544285994023,15.286647981964052,0.00035961996763944626,0.0010028742253780365,1.3028590679168701,1,2,1,0.03890035332486391,1,1,4,1,0.03890035332486391,1,"{""eta"":[{""iter"":1,""solved"":1,""failed"":0,""gap_p90"":0,""cache_hr"":0,""fixed"":2,""unan"":true,""key"":null}],""gamma_LT"":[{""iter"":1,""solved"":1,""failed"":0,""gap_p90"":0,""cache_hr"":100,""fixed"":4,""unan"":true,""key"":null}]}",0.017824682257299853,True,2,OPTIMAL,solution_within_gap,False,,5:1,CTV|5:2;SOV|5:1,CTV|5|Jan:1;CTV|5|Mar:1;CTV|5|May:1;SOV|5|Dec:1;SOV|5|Nov:1,SOV1|5|Apr:1;SOV1|5|Aug:1;SOV1|5|Dec:1;SOV1|5|Feb:1;SOV1|5|Jan:1;SOV1|5|Jul:1;SOV1|5|Jun:1;SOV1|5|Mar:1;SOV1|5|May:1;SOV1|5|Nov:1;SOV1|5|Oct:1;SOV1|5|Sep:1;SOV2|5|Dec:1;SOV2|5|Nov:1,236,8e1f6eec5f28b6aa,200,1-500,501-1500
12,3,25689703.385701574,9884825.0,15804878.38570141,7245000.0,1811250.0,828575.0,15081742.747043498,491378.5791245826,231757.05953349563,,60.45284107141197,32.28498214762658,13.741231975145638,0.0027417680248618126,9.381134986877441,1,2,3,0.03997518215448598,1,3,4,3,0.03997518215448598,1,"{""eta"":[{""iter"":1,""solved"":3,""failed"":0,""gap_p90"":0,""cache_hr"":0,""fixed"":2,""unan"":true,""key"":null}],""gamma_LT"":[{""iter"":1,""solved"":3,""failed"":0,""gap_p90"":0,""cache_hr"":100,""fixed"":1,""unan"":false,""key"":""('gamma_LT', ('SOV',""},{""iter"":2,""solved"":3,""failed"":0,""gap_p90"":0,""cache_hr"":67,""fixed"":1,""unan"":false,""key"":""('gamma_LT', ('CTV',""},{""iter"":3,""solved"":3,""failed"":0,""gap_p90"":0,""cache_hr"":67,""fixed"":2,""unan"":true,""key"":null}]}",0.01652916877053396,True,2,OPTIMAL,solution_within_gap,False,,5:1,CTV|5:2,CTV|5|Aug:1;CTV|5|Jul:1;CTV|5|Jun:1;CTV|5|May:1;SOV|5|Dec:2;SOV|5|Feb:1;SOV|5|Jan:2;SOV|5|Mar:1;SOV|5|Nov:2;SOV|5|Oct:1;SOV|5|Sep:1,SOV1|5|Dec:1;SOV1|5|Feb:1;SOV1|5|Jan:1;SOV1|5|Mar:1;SOV1|5|Nov:1;SOV1|5|Oct:1;SOV1|5|Sep:1;SOV2|5|Dec:1;SOV2|5|Jan:1;SOV2|5|Nov:1,60;184;311,8e1f6eec5f28b6aa,200,1-500,501-1500
12,5,25088848.420915585,8699175.0,16389673.42091502,6210000.0,1811250.0,677925.0,15632144.569473261,454965.3716252857,302563.4798170063,,57.298294914886355,24.43124090693891,8.319217398762703,0.0044384244829416275,17.93314790725708,1,2,5,0.039864982938767626,1,2,4,5,0.039864982938767626,1,"{""eta"":[{""iter"":1,""solved"":5,""failed"":0,""gap_p90"":0,""cache_hr"":0,""fixed"":2,""unan"":true,""key"":null}],""gamma_LT"":[{""iter"":1,""solved"":5,""failed"":0,""gap_p90"":0,""cache_hr"":100,""fixed"":1,""unan"":false,""key"":""('gamma_LT', ('SOV',""},{""iter"":2,""solved"":5,""failed"":0,""gap_p90"":0,""cache_hr"":80,""fixed"":3,""unan"":true,""key"":null}]}",0.01861244698097929,True,2,OPTIMAL,solution_within_gap,False,,5:1,CTV|5:2,CTV|5|Apr:2;CTV|5|Dec:1;CTV|5|Jan:1;CTV|5|Jul:1;CTV|5|Jun:1;CTV|5|May:2;SOV|5|Aug:1;SOV|5|Dec:1;SOV|5|Feb:1;SOV|5|Jan:1;SOV|5|Mar:1;SOV|5|Nov:1;SOV|5|Oct:1;SOV|5|Sep:1,SOV1|5|Aug:1;SOV1|5|Dec:1;SOV1|5|Feb:1;SOV1|5|Jan:1;SOV1|5|Mar:1;SOV1|5|Nov:1;SOV1|5|Oct:1;SOV1|5|Sep:1,89;120;174;216;280,8e1f6eec5f28b6aa,200,1-500,501-1500
12,7,29381628.376860626,11481025.0,17900603.376862377,9142500.0,1811250.0,527275.0,17277753.9928417,224537.09051843444,398312.2935004873,,112.2101909276098,24.514394449070096,15.154577804729342,0.006083316169679165,64.43324494361877,1,2,7,0.03994014438287992,1,3,4,7,0.039995365703424095,1,"{""eta"":[{""iter"":1,""solved"":7,""failed"":0,""gap_p90"":0,""cache_hr"":0,""fixed"":2,""unan"":true,""key"":null}],""gamma_LT"":[{""iter"":1,""solved"":7,""failed"":0,""gap_p90"":0,""cache_hr"":100,""fixed"":1,""unan"":false,""key"":""('gamma_LT', ('CTV',""},{""iter"":2,""solved"":7,""failed"":0,""gap_p90"":0,""cache_hr"":71,""fixed"":1,""unan"":false,""key"":""('gamma_LT', ('SOV',""},{""iter"":3,""solved"":7,""failed"":0,""gap_p90"":0,""cache_hr"":29,""fixed"":2,""unan"":true,""key"":null}]}",0.018990964298984152,True,2,OPTIMAL,solution_within_gap,False,,5:1,CTV|5:2,CTV|5|Dec:1;CTV|5|Jan:1;SOV|5|Apr:1;SOV|5|Aug:1;SOV|5|Dec:2;SOV|5|Feb:1;SOV|5|Jan:1;SOV|5|Jul:1;SOV|5|Jun:1;SOV|5|Mar:1;SOV|5|May:1;SOV|5|Nov:1;SOV|5|Oct:1;SOV|5|Sep:1,SOV1|5|Apr:1;SOV1|5|Aug:1;SOV1|5|Dec:1;SOV1|5|Feb:1;SOV1|5|Jan:1;SOV1|5|Jul:1;SOV1|5|Jun:1;SOV1|5|Mar:1;SOV1|5|May:1;SOV1|5|Nov:1;SOV1|5|Oct:1;SOV1|5|Sep:1;SOV2|5|Dec:1,5;115;116;145;251;343;391,8e1f6eec5f28b6aa,200,1-500,501-1500
12,10,28319306.718537733,9938300.0,18381006.718542155,7072500.0,1811250.0,1054550.0,17648382.420379017,447846.6111606585,284777.6869979238,,137.28120419569314,26.549578030593693,28.052377626299858,0.008966662921011448,72.22289490699768,1,2,10,0.038094130411506895,1,3,4,10,0.039989427514898264,1,"{""eta"":[{""iter"":1,""solved"":10,""failed"":0,""gap_p90"":0,""cache_hr"":0,""fixed"":2,""unan"":true,""key"":null}],""gamma_LT"":[{""iter"":1,""solved"":10,""failed"":0,""gap_p90"":0,""cache_hr"":100,""fixed"":1,""unan"":false,""key"":""('gamma_LT', ('SOV',""},{""iter"":2,""solved"":10,""failed"":0,""gap_p90"":0,""cache_hr"":70,""fixed"":1,""unan"":false,""key"":""('gamma_LT', ('CTV',""},{""iter"":3,""solved"":10,""failed"":0,""gap_p90"":0,""cache_hr"":70,""fixed"":2,""unan"":true,""key"":null}]}",0.017390460598508076,True,2,OPTIMAL,solution_within_gap,False,,5:1,CTV|5:2,CTV|5|Aug:1;CTV|5|Dec:3;CTV|5|Jul:1;CTV|5|Jun:1;CTV|5|May:1;CTV|5|Nov:2;CTV|5|Oct:1;SOV|5|Apr:1;SOV|5|Dec:2;SOV|5|Feb:1;SOV|5|Jan:1;SOV|5|Mar:1;SOV|5|Nov:1;SOV|5|Oct:1;SOV|5|Sep:1,SOV1|5|Apr:1;SOV1|5|Dec:1;SOV1|5|Feb:1;SOV1|5|Jan:1;SOV1|5|Mar:1;SOV1|5|Nov:1;SOV1|5|Oct:1;SOV1|5|Sep:1;SOV2|5|Dec:1,105;162;164;168;219;233;253;337;432;447,8e1f6eec5f28b6aa,200,1-500,501-1500
12,15,28759273.48672723,10176350.0,18582923.486721348,517500.0,9056250.0,602600.0,17916653.36233315,277465.4013451618,388804.72304877435,,139.07591790519655,27.79272997006774,16.79300680756569,0.012908563017845154,81.65828895568848,1,2,15,0.039916469289388606,1,3,4,15,0.03999509157862471,1,"{""eta"":[{""iter"":1,""solved"":15,""failed"":0,""gap_p90"":0,""cache_hr"":0,""fixed"":2,""unan"":true,""key"":null}],""gamma_LT"":[{""iter"":1,""solved"":15,""failed"":0,""gap_p90"":0,""cache_hr"":100,""fixed"":1,""unan"":false,""key"":""('gamma_LT', ('CTV',""},{""iter"":2,""solved"":15,""failed"":0,""gap_p90"":0,""cache_hr"":80,""fixed"":1,""unan"":false,""key"":""('gamma_LT', ('SOV',""},{""iter"":3,""solved"":15,""failed"":0,""gap_p90"":0,""cache_hr"":67,""fixed"":2,""unan"":true,""key"":null}]}",0.018950672987855896,True,2,OPTIMAL,solution_within_gap,False,,5:1,CTV|5:2;SOV|5:1,CTV|5|Apr:1;CTV|5|Aug:1;CTV|5|Dec:1;CTV|5|Feb:1;CTV|5|Jan:1;CTV|5|Mar:1,SOV1|5|Apr:1;SOV1|5|Aug:1;SOV1|5|Dec:1;SOV1|5|Feb:1;SOV1|5|Jan:1;SOV1|5|Jul:1;SOV1|5|Jun:1;SOV1|5|Mar:1;SOV1|5|May:1;SOV1|5|Nov:1;SOV1|5|Oct:1;SOV1|5|Sep:1,47;139;173;182;185;198;209;275;306;336;393;408;431;463;468,8e1f6eec5f28b6aa,200,1-500,501-1500
12,20,29178638.65846486,8170750.0,21007888.658457916,5606250.0,1811250.0,753250.0,20223545.02229587,518245.42522448394,266098.2109445305,,1310.126001293771,32.20232056733221,21.946461747400463,0.016428976319730282,1240.0732109546661,1,2,20,0.03974213375786183,1,3,4,20,0.0399725299680756,1,"{""eta"":[{""iter"":1,""solved"":20,""failed"":0,""gap_p90"":0,""cache_hr"":0,""fixed"":2,""unan"":true,""key"":null}],""gamma_LT"":[{""iter"":1,""solved"":20,""failed"":0,""gap_p90"":0,""cache_hr"":100,""fixed"":1,""unan"":false,""key"":""('gamma_LT', ('CTV',""},{""iter"":2,""solved"":20,""failed"":0,""gap_p90"":0,""cache_hr"":85,""fixed"":1,""unan"":false,""key"":""('gamma_LT', ('SOV',""},{""iter"":3,""solved"":20,""failed"":0,""gap_p90"":0,""cache_hr"":50,""fixed"":2,""unan"":true,""key"":null}]}",0.009401180302009138,True,2,OPTIMAL,solution_within_gap,False,,5:1,CTV|5:2,CTV|5|Apr:2;CTV|5|Aug:2;CTV|5|Dec:1;CTV|5|Jan:1;CTV|5|Jul:1;CTV|5|Jun:1;CTV|5|May:1;SOV|5|Dec:1;SOV|5|Feb:1;SOV|5|Jan:1;SOV|5|Mar:1;SOV|5|Nov:1;SOV|5|Oct:1;SOV|5|Sep:1,SOV1|5|Dec:1;SOV1|5|Feb:1;SOV1|5|Jan:1;SOV1|5|Mar:1;SOV1|5|Nov:1;SOV1|5|Oct:1;SOV1|5|Sep:1,35;63;99;138;153;166;202;206;253;275;318;322;369;382;385;417;422;423;433;467,8e1f6eec5f28b6aa,200,1-500,501-1500
13,1,19941919.670227174,8375450.0,11566469.670227155,4830000.0,2716875.0,828575.0,10754729.66744301,580340.136366524,231399.86641764065,,20.299296801909804,15.67271903436631,0.0003635771572589874,0.0010095080360770226,1.1272640228271484,1,2,1,0.03873220715019894,1,1,4,1,0.03873220715019894,1,"{""eta"":[{""iter"":1,""solved"":1,""failed"":0,""gap_p90"":0,""cache_hr"":0,""fixed"":2,""unan"":true,""key"":null}],""gamma_LT"":[{""iter"":1,""solved"":1,""failed"":0,""gap_p90"":0,""cache_hr"":100,""fixed"":4,""unan"":true,""key"":null}]}",0.012407682211520674,True,2,OPTIMAL,solution_within_gap,False,,5:1,CTV|5:3,SOV|5|Dec:2;SOV|5|Feb:1;SOV|5|Jan:1;SOV|5|Nov:1;SOV|5|Oct:1;SOV|5|Sep:1,SOV1|5|Dec:1;SOV1|5|Feb:1;SOV1|5|Jan:1;SOV1|5|Nov:1;SOV1|5|Oct:1;SOV1|5|Sep:1;SOV2|5|Dec:1,140,8e1f6eec5f28b6aa,200,1-500,501-1500
13,3,28571908.978292525,7599775.0,20972133.978292283,5261250.0,1811250.0,527275.0,20171166.731021475,510017.7894985225,290949.4577725359,,50.685465215705335,22.28544105961919,13.172520504333079,0.002780514769256115,10.131645917892456,1,2,3,0.03972126166619745,1,3,4,3,0.03999714218883573,1,"{""eta"":[{""iter"":1,""solved"":3,""failed"":0,""gap_p90"":0,""cache_hr"":0,""fixed"":2,""unan"":true,""key"":null}],""gamma_LT"":[{""iter"":1,""solved"":3,""failed"":0,""gap_p90"":0,""cache_hr"":100,""fixed"":1,""unan"":false,""key"":""('gamma_LT', ('SOV',""},{""iter"":2,""solved"":3,""failed"":0,""gap_p90"":0,""cache_hr"":33,""fixed"":1,""unan"":false,""key"":""('gamma_LT', ('CTV',""},{""iter"":3,""solved"":3,""failed"":0,""gap_p90"":0,""cache_hr"":67,""fixed"":2,""unan"":true,""key"":null}]}",0.017437763029316357,True,2,OPTIMAL,solution_within_gap,False,,5:1,CTV|5:2,CTV|5|Apr:1;CTV|5|Aug:1;CTV|5|Jul:1;CTV|5|Jun:1;CTV|5|May:1;SOV|5|Dec:1;SOV|5|Feb:1;SOV|5|Jan:1;SOV|5|Mar:1;SOV|5|Nov:1;SOV|5|Oct:1;SOV|5|Sep:1,SOV1|5|Dec:1;SOV1|5|Feb:1;SOV1|5|Jan:1;SOV1|5|Mar:1;SOV1|5|Nov:1;SOV1|5|Oct:1;SOV1|5|Sep:1,115;232;287,8e1f6eec5f28b6aa,200,1-500,501-1500
13,5,27347101.979658205,7761350.0,19585751.979656696,5347500.0,1811250.0,602600.0,18794183.043814562,516914.9939819472,274653.9418616663,,89.44064128771424,26.7000640546903,20.067745759151876,0.004649418406188488,36.02752208709717,1,2,5,0.03829240210662831,1,3,4,5,0.03999839910601803,1,"{""eta"":[{""iter"":1,""solved"":5,""failed"":0,""gap_p90"":0,""cache_hr"":0,""fixed"":2,""unan"":true,""key"":null}],""gamma_LT"":[{""iter"":1,""solved"":5,""failed"":0,""gap_p90"":0,""cache_hr"":100,""fixed"":1,""unan"":false,""key"":""('gamma_LT', ('CTV',""},{""iter"":2,""solved"":5,""failed"":0,""gap_p90"":0,""cache_hr"":60,""fixed"":1,""unan"":false,""key"":""('gamma_LT', ('SOV',""},{""iter"":3,""solved"":5,""failed"":0,""gap_p90"":0,""cache_hr"":40,""fixed"":2,""unan"":true,""key"":null}]}",0.007600774817701126,True,2,OPTIMAL,solution_within_gap,False,,5:1,CTV|5:2,CTV|5|Apr:1;CTV|5|Aug:1;CTV|5|Jul:1;CTV|5|Jun:1;CTV|5|May:2;SOV|5|Dec:1;SOV|5|Feb:1;SOV|5|Jan:1;SOV|5|Mar:1;SOV|5|Nov:1;SOV|5|Oct:1;SOV|5|Sep:1,SOV1|5|Dec:1;SOV1|5|Feb:1;SOV1|5|Jan:1;SOV1|5|Mar:1;SOV1|5|Nov:1;SOV1|5|Oct:1;SOV1|5|Sep:1,78;135;258;303;395,8e1f6eec5f28b6aa,200,1-500,501-1500
13,7,26194642.819378845,10090100.0,16104542.819377936,431250.0,9056250.0,602600.0,15462231.853039376,263087.62298901065,379223.3433504473,,73.79087971244007,21.757166392169893,17.0659880079329,0.00627285148948431,27.350932121276855,1,2,7,0.039261143884753734,1,3,4,7,0.039998229791438744,1,"{""eta"":[{""iter"":1,""solved"":7,""failed"":0,""gap_p90"":0,""cache_hr"":0,""fixed"":2,""unan"":true,""key"":null}],""gamma_LT"":[{""iter"":1,""solved"":7,""failed"":0,""gap_p90"":0,""cache_hr"":100,""fixed"":1,""unan"":false,""key"":""('gamma_LT', ('SOV',""},{""iter"":2,""solved"":7,""failed"":0,""gap_p90"":0,""cache_hr"":71,""fixed"":1,""unan"":false,""key"":""('gamma_LT', ('CTV',""},{""iter"":3,""solved"":7,""failed"":0,""gap_p90"":0,""cache_hr"":57,""fixed"":2,""unan"":true,""key"":null}]}",0.017244227653576017,True,2,OPTIMAL,solution_within_gap,False,,5:1,CTV|5:2;SOV|5:1,CTV|5|Dec:1;CTV|5|Feb:1;CTV|5|Jan:1;CTV|5|Mar:1;CTV|5|Oct:1,SOV1|5|Apr:1;SOV1|5|Aug:1;SOV1|5|Dec:1;SOV1|5|Feb:1;SOV1|5|Jan:1;SOV1|5|Jul:1;SOV1|5|Jun:1;SOV1|5|Mar:1;SOV1|5|May:1;SOV1|5|Nov:1;SOV1|5|Oct:1;SOV1|5|Sep:1,9;125;251;263;296;302;425,8e1f6eec5f28b6aa,200,1-500,501-1500
13,10,28454403.701679647,10499500.0,17954903.701684125,690000.0,9056250.0,753250.0,17339238.00190022,229697.37437715082,385968.32540243154,,193.7155061038211,28.59397455304861,13.219342428259552,0.00806845910847187,142.39266300201416,1,2,10,0.03972134225784641,1,2,4,10,0.03990443242995451,1,"{""eta"":[{""iter"":1,""solved"":10,""failed"":0,""gap_p90"":0,""cache_hr"":0,""fixed"":2,""unan"":true,""key"":null}],""gamma_LT"":[{""iter"":1,""solved"":10,""failed"":0,""gap_p90"":0,""cache_hr"":100,""fixed"":1,""unan"":false,""key"":""('gamma_LT', ('SOV',""},{""iter"":2,""solved"":10,""failed"":0,""gap_p90"":0,""cache_hr"":60,""fixed"":3,""unan"":true,""key"":null}]}",0.004128273373584026,True,2,OPTIMAL,solution_within_gap,False,,5:1,CTV|5:2;SOV|5:1,SOV|5|Dec:1,SOV1|5|Apr:1;SOV1|5|Aug:1;SOV1|5|Dec:1;SOV1|5|Feb:1;SOV1|5|Jan:1;SOV1|5|Jul:1;SOV1|5|Jun:1;SOV1|5|Mar:1;SOV1|5|May:1;SOV1|5|Nov:1;SOV1|5|Oct:1;SOV1|5|Sep:1;SOV2|5|Dec:1,48;84;101;112;182;210;266;334;426;431,8e1f6eec5f28b6aa,200,1-500,501-1500
13,15,28015365.755784854,9842275.0,18173090.755778823,258750.0,9056250.0,527275.0,17523899.5120483,252550.08257264306,396641.16116369277,,307.264082679525,28.958357186987996,21.647383770905435,0.019202574156224728,243.34896397590637,1,2,15,0.039938056903458016,1,3,4,15,0.039991365616591765,1,"{""eta"":[{""iter"":1,""solved"":15,""failed"":0,""gap_p90"":0,""cache_hr"":0,""fixed"":2,""unan"":true,""key"":null}],""gamma_LT"":[{""iter"":1,""solved"":15,""failed"":0,""gap_p90"":0,""cache_hr"":100,""fixed"":1,""unan"":false,""key"":""('gamma_LT', ('CTV',""},{""iter"":2,""solved"":15,""failed"":0,""gap_p90"":0,""cache_hr"":73,""fixed"":1,""unan"":false,""key"":""('gamma_LT', ('SOV',""},{""iter"":3,""solved"":15,""failed"":0,""gap_p90"":0,""cache_hr"":80,""fixed"":2,""unan"":true,""key"":null}]}",0.0068039727260530945,True,2,OPTIMAL,solution_within_gap,False,,5:1,CTV|5:2;SOV|5:1,CTV|5|Dec:1;CTV|5|Jan:1;CTV|5|Nov:1,SOV1|5|Apr:1;SOV1|5|Aug:1;SOV1|5|Dec:1;SOV1|5|Feb:1;SOV1|5|Jan:1;SOV1|5|Jul:1;SOV1|5|Jun:1;SOV1|5|Mar:1;SOV1|5|May:1;SOV1|5|Nov:1;SOV1|5|Oct:1;SOV1|5|Sep:1,84;134;141;159;203;206;233;284;286;345;354;377;416;417;458,8e1f6eec5f28b6aa,200,1-500,501-1500
13,20,32382284.864686966,10574825.0,21807459.86468098,7935000.0,1811250.0,828575.0,21112325.8368005,416757.702528279,278376.3253582676,,1361.3555255532265,30.743485246784985,22.0769911557436,0.014355124905705452,1290.6632959842682,1,2,20,0.03997518215448598,1,3,4,20,0.03999661551048734,1,"{""eta"":[{""iter"":1,""solved"":20,""failed"":0,""gap_p90"":0,""cache_hr"":0,""fixed"":2,""unan"":true,""key"":null}],""gamma_LT"":[{""iter"":1,""solved"":20,""failed"":0,""gap_p90"":0,""cache_hr"":100,""fixed"":1,""unan"":false,""key"":""('gamma_LT', ('CTV',""},{""iter"":2,""solved"":20,""failed"":0,""gap_p90"":0,""cache_hr"":75,""fixed"":1,""unan"":false,""key"":""('gamma_LT', ('SOV',""},{""iter"":3,""solved"":20,""failed"":0,""gap_p90"":0,""cache_hr"":50,""fixed"":2,""unan"":true,""key"":null}]}",0.0024944138937842866,True,2,OPTIMAL,solution_within_gap,False,,5:1,CTV|5:2,CTV|5|Apr:1;CTV|5|Jul:1;CTV|5|Jun:1;CTV|5|May:1;SOV|5|Aug:1;SOV|5|Dec:2;SOV|5|Feb:1;SOV|5|Jan:2;SOV|5|Mar:1;SOV|5|Nov:2;SOV|5|Oct:1;SOV|5|Sep:1,SOV1|5|Aug:1;SOV1|5|Dec:1;SOV1|5|Feb:1;SOV1|5|Jan:1;SOV1|5|Mar:1;SOV1|5|Nov:1;SOV1|5|Oct:1;SOV1|5|Sep:1;SOV2|5|Dec:1;SOV2|5|Jan:1;SOV2|5|Nov:1,15;29;62;91;94;158;181;184;192;218;228;242;286;290;318;351;379;389;412;476,8e1f6eec5f28b6aa,200,1-500,501-1500
14,1,23992338.99156607,9842275.0,14150063.991566082,258750.0,9056250.0,527275.0,13436759.450063376,353342.24989643134,359962.2916062509,,15.955451942048967,11.204564271494746,0.0003240508958697319,0.0010023806244134903,1.5419988632202148,1,2,1,0.03617586550021646,1,1,4,1,0.03617586550021646,1,"{""eta"":[{""iter"":1,""solved"":1,""failed"":0,""gap_p90"":0,""cache_hr"":0,""fixed"":2,""unan"":true,""key"":null}],""gamma_LT"":[{""iter"":1,""solved"":1,""failed"":0,""gap_p90"":0,""cache_hr"":100,""fixed"":4,""unan"":true,""key"":null}]}",0.01839106879826276,True,2,OPTIMAL,solution_within_gap,False,,5:1,CTV|5:2;SOV|5:1,CTV|5|Dec:1;CTV|5|Feb:1;CTV|5|Jan:1,SOV1|5|Apr:1;SOV1|5|Aug:1;SOV1|5|Dec:1;SOV1|5|Feb:1;SOV1|5|Jan:1;SOV1|5|Jul:1;SOV1|5|Jun:1;SOV1|5|Mar:1;SOV1|5|May:1;SOV1|5|Nov:1;SOV1|5|Oct:1;SOV1|5|Sep:1,48,8e1f6eec5f28b6aa,200,1-500,501-1500
14,3,22602401.3588085,9508200.0,13094201.358808395,0.0,9056250.0,451950.0,12428666.487660367,310792.2630126689,354742.6081354515,,49.04243358038366,24.81895187869668,9.1315584667027,0.002787909470498562,10.125635862350464,1,2,3,0.03939003720261699,1,2,4,3,0.03999427313028265,1,"{""eta"":[{""iter"":1,""solved"":3,""failed"":0,""gap_p90"":0,""cache_hr"":0,""fixed"":2,""unan"":true,""key"":null}],""gamma_LT"":[{""iter"":1,""solved"":3,""failed"":0,""gap_p90"":0,""cache_hr"":100,""fixed"":1,""unan"":false,""key"":""('gamma_LT', ('CTV',""},{""iter"":2,""solved"":3,""failed"":0,""gap_p90"":0,""cache_hr"":67,""fixed"":3,""unan"":true,""key"":null}]}",0.008937531363039267,True,2,OPTIMAL,solution_within_gap,False,,5:1,CTV|5:2;SOV|5:1,,SOV1|5|Apr:1;SOV1|5|Aug:1;SOV1|5|Dec:1;SOV1|5|Feb:1;SOV1|5|Jan:1;SOV1|5|Jul:1;SOV1|5|Jun:1;SOV1|5|Mar:1;SOV1|5|May:1;SOV1|5|Nov:1;SOV1|5|Oct:1;SOV1|5|Sep:1,252;384;422,8e1f6eec5f28b6aa,200,1-500,501-1500
14,5,27148914.77745272,10499500.0,16649414.777452137,690000.0,9056250.0,753250.0,16061417.031499175,244559.28439244977,343438.46156105725,,69.65096096973866,25.525182427838445,13.938595002517104,0.004512891173362732,23.599417209625244,1,2,5,0.039216975602003615,1,3,4,5,0.03988474965991335,1,"{""eta"":[{""iter"":1,""solved"":5,""failed"":0,""gap_p90"":0,""cache_hr"":0,""fixed"":2,""unan"":true,""key"":null}],""gamma_LT"":[{""iter"":1,""solved"":5,""failed"":0,""gap_p90"":0,""cache_hr"":100,""fixed"":1,""unan"":false,""key"":""('gamma_LT', ('CTV',""},{""iter"":2,""solved"":5,""failed"":0,""gap_p90"":0,""cache_hr"":80,""fixed"":1,""unan"":false,""key"":""('gamma_LT', ('SOV',""},{""iter"":3,""solved"":5,""failed"":0,""gap_p90"":0,""cache_hr"":80,""fixed"":2,""unan"":true,""key"":null}]}",0.007301174486466429,True,2,OPTIMAL,solution_within_gap,False,,5:1,CTV|5:2;SOV|5:1,SOV|5|Dec:1,SOV1|5|Apr:1;SOV1|5|Aug:1;SOV1|5|Dec:1;SOV1|5|Feb:1;SOV1|5|Jan:1;SOV1|5|Jul:1;SOV1|5|Jun:1;SOV1|5|Mar:1;SOV1|5|May:1;SOV1|5|Nov:1;SOV1|5|Oct:1;SOV1|5|Sep:1;SOV2|5|Dec:1,78;142;317;373;394,8e1f6eec5f28b6aa,200,1-500,501-1500
14,7,28018600.59464079,9508200.0,18510400.594642475,0.0,9056250.0,451950.0,17850743.063794542,238190.41810416762,421467.1127420934,,96.28973692283034,23.433090096339583,17.209873478859663,0.006259133107960224,47.609148025512695,1,2,7,0.03999752035965575,1,3,4,7,0.03999752035965575,1,"{""eta"":[{""iter"":1,""solved"":7,""failed"":0,""gap_p90"":0,""cache_hr"":0,""fixed"":2,""unan"":true,""key"":null}],""gamma_LT"":[{""iter"":1,""solved"":7,""failed"":0,""gap_p90"":0,""cache_hr"":100,""fixed"":1,""unan"":false,""key"":""('gamma_LT', ('CTV',""},{""iter"":2,""solved"":7,""failed"":0,""gap_p90"":0,""cache_hr"":71,""fixed"":1,""unan"":false,""key"":""('gamma_LT', ('SOV',""},{""iter"":3,""solved"":7,""failed"":0,""gap_p90"":0,""cache_hr"":71,""fixed"":2,""unan"":true,""key"":null}]}",0.007197548231087403,True,2,OPTIMAL,solution_within_gap,False,,5:1,CTV|5:2;SOV|5:1,,SOV1|5|Apr:1;SOV1|5|Aug:1;SOV1|5|Dec:1;SOV1|5|Feb:1;SOV1|5|Jan:1;SOV1|5|Jul:1;SOV1|5|Jun:1;SOV1|5|Mar:1;SOV1|5|May:1;SOV1|5|Nov:1;SOV1|5|Oct:1;SOV1|5|Sep:1,54;261;286;385;442;472;481,8e1f6eec5f28b6aa,200,1-500,501-1500
14,10,27731478.31657103,8009175.0,19722303.316575747,5520000.0,1811250.0,677925.0,18930215.69222952,519562.42275962,272525.201581784,,221.7459411751479,28.47415062226355,14.394542725756764,0.008590360172092915,168.69571495056152,1,2,10,0.039413210062285944,1,3,4,10,0.03999045900589492,1,"{""eta"":[{""iter"":1,""solved"":10,""failed"":0,""gap_p90"":0,""cache_hr"":0,""fixed"":2,""unan"":true,""key"":null}],""gamma_LT"":[{""iter"":1,""solved"":10,""failed"":0,""gap_p90"":0,""cache_hr"":100,""fixed"":1,""unan"":false,""key"":""('gamma_LT', ('CTV',""},{""iter"":2,""solved"":10,""failed"":0,""gap_p90"":0,""cache_hr"":90,""fixed"":1,""unan"":false,""key"":""('gamma_LT', ('SOV',""},{""iter"":3,""solved"":10,""failed"":0,""gap_p90"":0,""cache_hr"":60,""fixed"":2,""unan"":true,""key"":null}]}",0.019586290872046726,True,2,OPTIMAL,solution_within_gap,False,,5:1,CTV|5:2,CTV|5|Apr:1;CTV|5|Aug:2;CTV|5|Dec:1;CTV|5|Jan:1;CTV|5|Jul:1;CTV|5|Jun:1;CTV|5|May:1;SOV|5|Dec:1;SOV|5|Feb:1;SOV|5|Jan:1;SOV|5|Mar:1;SOV|5|Nov:1;SOV|5|Oct:1;SOV|5|Sep:1,SOV1|5|Dec:1;SOV1|5|Feb:1;SOV1|5|Jan:1;SOV1|5|Mar:1;SOV1|5|Nov:1;SOV1|5|Oct:1;SOV1|5|Sep:1,6;115;180;187;322;366;380;428;446;450,8e1f6eec5f28b6aa,200,1-500,501-1500
14,15,30154937.354234233,11512650.0,18642287.35422852,1552500.0,9056250.0,903900.0,18020578.209017772,229532.53354632301,392176.6116699244,,338.5021896008402,29.833010176196694,20.70718921534717,0.012044769711792469,275.119029045105,1,2,15,0.039831026539044856,1,3,4,15,0.039831026539044856,1,"{""eta"":[{""iter"":1,""solved"":15,""failed"":0,""gap_p90"":0,""cache_hr"":0,""fixed"":2,""unan"":true,""key"":null}],""gamma_LT"":[{""iter"":1,""solved"":15,""failed"":0,""gap_p90"":0,""cache_hr"":100,""fixed"":1,""unan"":false,""key"":""('gamma_LT', ('CTV',""},{""iter"":2,""solved"":15,""failed"":0,""gap_p90"":0,""cache_hr"":60,""fixed"":1,""unan"":false,""key"":""('gamma_LT', ('SOV',""},{""iter"":3,""solved"":15,""failed"":0,""gap_p90"":0,""cache_hr"":80,""fixed"":2,""unan"":true,""key"":null}]}",0.004641233214525175,True,2,OPTIMAL,solution_within_gap,False,,5:1,CTV|5:2;SOV|5:1,CTV|5|Dec:2;SOV|5|Dec:1;SOV|5|Jan:1,SOV1|5|Apr:1;SOV1|5|Aug:1;SOV1|5|Dec:1;SOV1|5|Feb:1;SOV1|5|Jan:1;SOV1|5|Jul:1;SOV1|5|Jun:1;SOV1|5|Mar:1;SOV1|5|May:1;SOV1|5|Nov:1;SOV1|5|Oct:1;SOV1|5|Sep:1;SOV2|5|Dec:1;SOV2|5|Jan:1,34;48;57;194;198;200;266;284;319;326;338;366;424;446;461,8e1f6eec5f28b6aa,200,1-500,501-1500
14,20,27450781.412947528,9508200.0,17942581.412940886,0.0,9056250.0,451950.0,17284559.78987933,246414.5029326473,411607.1201355813,,382.4446196425706,28.194778392091393,17.869727429933846,0.01672824379056692,320.0896739959717,1,2,20,0.03998499734090526,1,3,4,20,0.03999661551048734,1,"{""eta"":[{""iter"":1,""solved"":20,""failed"":0,""gap_p90"":0,""cache_hr"":0,""fixed"":2,""unan"":true,""key"":null}],""gamma_LT"":[{""iter"":1,""solved"":20,""failed"":0,""gap_p90"":0,""cache_hr"":100,""fixed"":1,""unan"":false,""key"":""('gamma_LT', ('CTV',""},{""iter"":2,""solved"":20,""failed"":0,""gap_p90"":0,""cache_hr"":70,""fixed"":1,""unan"":false,""key"":""('gamma_LT', ('SOV',""},{""iter"":3,""solved"":20,""failed"":0,""gap_p90"":0,""cache_hr"":55,""fixed"":2,""unan"":true,""key"":null}]}",0.006771835792207479,True,2,OPTIMAL,solution_within_gap,False,,5:1,CTV|5:2;SOV|5:1,,SOV1|5|Apr:1;SOV1|5|Aug:1;SOV1|5|Dec:1;SOV1|5|Feb:1;SOV1|5|Jan:1;SOV1|5|Jul:1;SOV1|5|Jun:1;SOV1|5|Mar:1;SOV1|5|May:1;SOV1|5|Nov:1;SOV1|5|Oct:1;SOV1|5|Sep:1,6;12;19;52;53;86;117;139;154;160;187;204;218;268;316;339;400;418;424;489,8e1f6eec5f28b6aa,200,1-500,501-1500
15,1,23498135.414150406,10316075.0,13182060.41415043,431250.0,9056250.0,828575.0,12507123.321650447,329075.92269800097,345861.16980195406,,27.46219776570797,21.883577866479754,0.0003243563696742058,0.0010122517123818398,1.8634557723999023,1,2,1,0.03758183712255427,1,1,4,1,0.03758183712255427,1,"{""eta"":[{""iter"":1,""solved"":1,""failed"":0,""gap_p90"":0,""cache_hr"":0,""fixed"":2,""unan"":true,""key"":null}],""gamma_LT"":[{""iter"":1,""solved"":1,""failed"":0,""gap_p90"":0,""cache_hr"":100,""fixed"":4,""unan"":true,""key"":null}]}",0.002181793645053152,True,2,OPTIMAL,solution_within_gap,False,,5:1,CTV|5:2;SOV|5:1,CTV|5|Dec:4;CTV|5|May:1,SOV1|5|Apr:1;SOV1|5|Aug:1;SOV1|5|Dec:1;SOV1|5|Feb:1;SOV1|5|Jan:1;SOV1|5|Jul:1;SOV1|5|Jun:1;SOV1|5|Mar:1;SOV1|5|May:1;SOV1|5|Nov:1;SOV1|5|Oct:1;SOV1|5|Sep:1,196,8e1f6eec5f28b6aa,200,1-500,501-1500
15,3,25829614.94130977,8807275.0,17022339.941309724,6468750.0,1811250.0,527275.0,16284162.666037243,403737.29806237004,334439.977210155,,64.19755510613322,22.358034745790064,16.654590101912618,0.002757384441792965,20.129188060760498,1,2,3,0.039034639739450615,1,3,4,3,0.03997680732494286,1,"{""eta"":[{""iter"":1,""solved"":3,""failed"":0,""gap_p90"":0,""cache_hr"":0,""fixed"":2,""unan"":true,""key"":null}],""gamma_LT"":[{""iter"":1,""solved"":3,""failed"":0,""gap_p90"":0,""cache_hr"":100,""fixed"":1,""unan"":false,""key"":""('gamma_LT', ('CTV',""},{""iter"":2,""solved"":3,""failed"":0,""gap_p90"":0,""cache_hr"":67,""fixed"":1,""unan"":false,""key"":""('gamma_LT', ('SOV',""},{""iter"":3,""solved"":3,""failed"":0,""gap_p90"":0,""cache_hr"":67,""fixed"":2,""unan"":true,""key"":null}]}",0.019790754353813247,True,2,OPTIMAL,solution_within_gap,False,,5:1,CTV|5:2,CTV|5|Apr:1;CTV|5|Jun:1;CTV|5|May:1;SOV|5|Aug:1;SOV|5|Dec:1;SOV|5|Feb:1;SOV|5|Jan:1;SOV|5|Jul:1;SOV|5|Mar:1;SOV|5|Nov:1;SOV|5|Oct:1;SOV|5|Sep:1,SOV1|5|Aug:1;SOV1|5|Dec:1;SOV1|5|Feb:1;SOV1|5|Jan:1;SOV1|5|Jul:1;SOV1|5|Mar:1;SOV1|5|Nov:1;SOV1|5|Oct:1;SOV1|5|Sep:1,129;165;169,8e1f6eec5f28b6aa,200,1-500,501-1500
15,5,24529208.772246093,9831350.0,14697858.772245452,172500.0,9056250.0,602600.0,14050878.854228187,249397.61854279344,397582.29947506817,,68.34164004866034,25.40663886629045,11.602785915136337,0.004439648240804672,24.722187995910645,1,2,5,0.03910940030608047,1,2,4,5,0.03980869777102711,1,"{""eta"":[{""iter"":1,""solved"":5,""failed"":0,""gap_p90"":0,""cache_hr"":0,""fixed"":2,""unan"":true,""key"":null}],""gamma_LT"":[{""iter"":1,""solved"":5,""failed"":0,""gap_p90"":0,""cache_hr"":100,""fixed"":1,""unan"":false,""key"":""('gamma_LT', ('SOV',""},{""iter"":2,""solved"":5,""failed"":0,""gap_p90"":0,""cache_hr"":80,""fixed"":3,""unan"":true,""key"":null}]}",0.003566301228849374,True,2,OPTIMAL,solution_within_gap,False,,5:1,CTV|5:2;SOV|5:1,CTV|5|Dec:2,SOV1|5|Apr:1;SOV1|5|Aug:1;SOV1|5|Dec:1;SOV1|5|Feb:1;SOV1|5|Jan:1;SOV1|5|Jul:1;SOV1|5|Jun:1;SOV1|5|Mar:1;SOV1|5|May:1;SOV1|5|Nov:1;SOV1|5|Oct:1;SOV1|5|Sep:1,10;151;317;413;494,8e1f6eec5f28b6aa,200,1-500,501-1500
15,7,28204312.210007608,8203525.0,20000787.210010167,5865000.0,1811250.0,527275.0,19224795.649186365,462998.38578798005,312993.1750333231,,133.5267699006945,25.689081142656505,20.00803155824542,0.006220192648470402,80.31825113296509,1,2,7,0.03998358877738397,1,3,4,7,0.039998223330276236,1,"{""eta"":[{""iter"":1,""solved"":7,""failed"":0,""gap_p90"":0,""cache_hr"":0,""fixed"":2,""unan"":true,""key"":null}],""gamma_LT"":[{""iter"":1,""solved"":7,""failed"":0,""gap_p90"":0,""cache_hr"":100,""fixed"":1,""unan"":false,""key"":""('gamma_LT', ('SOV',""},{""iter"":2,""solved"":7,""failed"":0,""gap_p90"":0,""cache_hr"":71,""fixed"":1,""unan"":false,""key"":""('gamma_LT', ('CTV',""},{""iter"":3,""solved"":7,""failed"":0,""gap_p90"":0,""cache_hr"":57,""fixed"":2,""unan"":true,""key"":null}]}",0.006781521061151506,True,2,OPTIMAL,solution_within_gap,False,,5:1,CTV|5:2,CTV|5|Apr:1;CTV|5|Jul:1;CTV|5|Jun:1;CTV|5|May:1;SOV|5|Aug:1;SOV|5|Dec:1;SOV|5|Feb:1;SOV|5|Jan:1;SOV|5|Mar:1;SOV|5|Nov:1;SOV|5|Oct:1;SOV|5|Sep:1,SOV1|5|Aug:1;SOV1|5|Dec:1;SOV1|5|Feb:1;SOV1|5|Jan:1;SOV1|5|Mar:1;SOV1|5|Nov:1;SOV1|5|Oct:1;SOV1|5|Sep:1,89;154;202;224;256;374;498,8e1f6eec5f28b6aa,200,1-500,501-1500
15,10,26788470.388103507,8699175.0,18089295.388108026,6210000.0,1811250.0,677925.0,17335981.958711382,466109.37891547516,287204.05047652224,,293.76867009233683,28.463820906355977,19.03332667890936,0.008782765828073025,235.1377248764038,1,2,10,0.037038079702450294,1,3,4,10,0.03999335997181271,1,"{""eta"":[{""iter"":1,""solved"":10,""failed"":0,""gap_p90"":0,""cache_hr"":0,""fixed"":2,""unan"":true,""key"":null}],""gamma_LT"":[{""iter"":1,""solved"":10,""failed"":0,""gap_p90"":0,""cache_hr"":100,""fixed"":1,""unan"":false,""key"":""('gamma_LT', ('CTV',""},{""iter"":2,""solved"":10,""failed"":0,""gap_p90"":0,""cache_hr"":80,""fixed"":1,""unan"":false,""key"":""('gamma_LT', ('SOV',""},{""iter"":3,""solved"":10,""failed"":0,""gap_p90"":0,""cache_hr"":30,""fixed"":2,""unan"":true,""key"":null}]}",0.012822349216917281,True,2,OPTIMAL,solution_within_gap,False,,5:1,CTV|5:2,CTV|5|Apr:2;CTV|5|Dec:1;CTV|5|Jul:1;CTV|5|Jun:2;CTV|5|May:2;SOV|5|Aug:1;SOV|5|Dec:1;SOV|5|Feb:1;SOV|5|Jan:1;SOV|5|Mar:1;SOV|5|Nov:1;SOV|5|Oct:1;SOV|5|Sep:1,SOV1|5|Aug:1;SOV1|5|Dec:1;SOV1|5|Feb:1;SOV1|5|Jan:1;SOV1|5|Mar:1;SOV1|5|Nov:1;SOV1|5|Oct:1;SOV1|5|Sep:1,37;47;189;211;257;350;426;447;454;460,8e1f6eec5f28b6aa,200,1-500,501-1500
15,15,28425699.524535615,10489725.0,17935974.524529852,8452500.0,1811250.0,225975.0,17286814.69107137,249489.1288386634,399670.70462559327,,829.6693246886134,29.717128321528435,16.95602113381028,0.012065754272043705,769.2916600704193,1,2,15,0.03932727640035316,1,3,4,15,0.03999695109180529,1,"{""eta"":[{""iter"":1,""solved"":15,""failed"":0,""gap_p90"":0,""cache_hr"":0,""fixed"":2,""unan"":true,""key"":null}],""gamma_LT"":[{""iter"":1,""solved"":15,""failed"":0,""gap_p90"":0,""cache_hr"":100,""fixed"":1,""unan"":false,""key"":""('gamma_LT', ('CTV',""},{""iter"":2,""solved"":15,""failed"":0,""gap_p90"":0,""cache_hr"":87,""fixed"":1,""unan"":false,""key"":""('gamma_LT', ('SOV',""},{""iter"":3,""solved"":15,""failed"":0,""gap_p90"":0,""cache_hr"":27,""fixed"":2,""unan"":true,""key"":null}]}",0.01420081270488216,True,2,OPTIMAL,solution_within_gap,False,,5:1,CTV|5:2,CTV|5|Dec:1;CTV|5|Jan:1;SOV|5|Apr:1;SOV|5|Aug:1;SOV|5|Dec:1;SOV|5|Feb:1;SOV|5|Jan:1;SOV|5|Jul:1;SOV|5|Jun:1;SOV|5|Mar:1;SOV|5|May:1;SOV|5|Nov:1;SOV|5|Oct:1;SOV|5|Sep:1,SOV1|5|Apr:1;SOV1|5|Aug:1;SOV1|5|Dec:1;SOV1|5|Feb:1;SOV1|5|Jan:1;SOV1|5|Jul:1;SOV1|5|Jun:1;SOV1|5|Mar:1;SOV1|5|May:1;SOV1|5|Nov:1;SOV1|5|Oct:1;SOV1|5|Sep:1,25;66;94;100;102;193;195;299;350;376;392;423;433;445;483,8e1f6eec5f28b6aa,200,1-500,501-1500
15,20,26528565.329817362,8203525.0,18325040.329810426,5865000.0,1811250.0,527275.0,17561815.036243282,458202.498732569,305022.7948415086,,1048.527838180773,32.3863882208243,23.843829843215644,0.015876500867307186,975.648610830307,1,2,20,0.039831026539044856,1,3,4,20,0.03999707164128202,1,"{""eta"":[{""iter"":1,""solved"":20,""failed"":0,""gap_p90"":0,""cache_hr"":0,""fixed"":2,""unan"":true,""key"":null}],""gamma_LT"":[{""iter"":1,""solved"":20,""failed"":0,""gap_p90"":0,""cache_hr"":100,""fixed"":1,""unan"":false,""key"":""('gamma_LT', ('CTV',""},{""iter"":2,""solved"":20,""failed"":0,""gap_p90"":0,""cache_hr"":60,""fixed"":1,""unan"":false,""key"":""('gamma_LT', ('SOV',""},{""iter"":3,""solved"":20,""failed"":0,""gap_p90"":0,""cache_hr"":40,""fixed"":2,""unan"":true,""key"":null}]}",0.0004791239957638503,True,2,OPTIMAL,solution_within_gap,False,,5:1,CTV|5:2,CTV|5|Aug:1;CTV|5|Jul:1;CTV|5|Jun:1;CTV|5|May:1;SOV|5|Apr:1;SOV|5|Dec:1;SOV|5|Feb:1;SOV|5|Jan:1;SOV|5|Mar:1;SOV|5|Nov:1;SOV|5|Oct:1;SOV|5|Sep:1,SOV1|5|Apr:1;SOV1|5|Dec:1;SOV1|5|Feb:1;SOV1|5|Jan:1;SOV1|5|Mar:1;SOV1|5|Nov:1;SOV1|5|Oct:1;SOV1|5|Sep:1,34;62;125;129;150;158;170;181;198;212;222;250;252;271;285;335;360;396;418;496,8e1f6eec5f28b6aa,200,1-500,501-1500
16,1,33372231.774075493,8321400.0,25050831.77407571,5606250.0,1811250.0,903900.0,24211868.807446584,548338.1252620881,290624.84136684804,,19.436434099450707,14.73068171646446,0.0003479747101664543,0.0009989682585000992,1.0894548892974854,1,2,1,0.03997528138243999,1,1,4,1,0.03997528138243999,1,"{""eta"":[{""iter"":1,""solved"":1,""failed"":0,""gap_p90"":0,""cache_hr"":0,""fixed"":2,""unan"":true,""key"":null}],""gamma_LT"":[{""iter"":1,""solved"":1,""failed"":0,""gap_p90"":0,""cache_hr"":100,""fixed"":4,""unan"":true,""key"":null}]}",0.016865234317187332,True,2,OPTIMAL,solution_within_gap,False,,5:1,CTV|5:2,CTV|5|Apr:3;CTV|5|Aug:3;CTV|5|Dec:2;CTV|5|Jan:1;CTV|5|Jul:2;CTV|5|Jun:2;CTV|5|Mar:1;CTV|5|May:2;CTV|5|Nov:1;SOV|5|Dec:1;SOV|5|Feb:1;SOV|5|Jan:1;SOV|5|Nov:1;SOV|5|Oct:1;SOV|5|Sep:1,SOV1|5|Dec:1;SOV1|5|Feb:1;SOV1|5|Jan:1;SOV1|5|Nov:1;SOV1|5|Oct:1;SOV1|5|Sep:1,249,8e1f6eec5f28b6aa,200,1-500,501-1500
16,3,27628913.506257966,9992925.0,17635988.50625771,9315000.0,0.0,677925.0,16889652.263183013,431106.86947137595,315229.3736035245,,45.37999323196709,23.12666356563568,9.345584048889577,0.002719811163842678,8.055775880813599,1,2,3,0.03998358877738397,1,2,4,3,0.03998358877738397,1,"{""eta"":[{""iter"":1,""solved"":3,""failed"":0,""gap_p90"":0,""cache_hr"":0,""fixed"":2,""unan"":true,""key"":null}],""gamma_LT"":[{""iter"":1,""solved"":3,""failed"":0,""gap_p90"":0,""cache_hr"":100,""fixed"":1,""unan"":false,""key"":""('gamma_LT', ('CTV',""},{""iter"":2,""solved"":3,""failed"":0,""gap_p90"":0,""cache_hr"":33,""fixed"":3,""unan"":true,""key"":null}]}",0.019416577740281212,True,2,OPTIMAL,solution_within_gap,False,,5:1,,CTV|5|Apr:2;CTV|5|Aug:3;CTV|5|Dec:2;CTV|5|Feb:2;CTV|5|Jan:2;CTV|5|Jul:3;CTV|5|Jun:3;CTV|5|Mar:2;CTV|5|May:3;CTV|5|Nov:2;CTV|5|Oct:2;CTV|5|Sep:2;SOV|5|Apr:1;SOV|5|Dec:2;SOV|5|Feb:1;SOV|5|Jan:1;SOV|5|Mar:1;SOV|5|Nov:2;SOV|5|Oct:1;SOV|5|Sep:1,SOV1|5|Apr:1;SOV1|5|Dec:1;SOV1|5|Feb:1;SOV1|5|Jan:1;SOV1|5|Mar:1;SOV1|5|Nov:1;SOV1|5|Oct:1;SOV1|5|Sep:1;SOV2|5|Dec:1;SOV2|5|Nov:1,200;255;256,8e1f6eec5f28b6aa,200,1-500,501-1500
16,5,26758795.527420454,9842275.0,16916520.527419753,258750.0,9056250.0,527275.0,16270675.567466687,249516.9797982803,396327.9801554487,,63.602529691532254,24.028729607351124,12.612317346036434,0.004486337304115295,20.607683897018433,1,2,5,0.03972134225784641,1,3,4,5,0.039986896457334824,1,"{""eta"":[{""iter"":1,""solved"":5,""failed"":0,""gap_p90"":0,""cache_hr"":0,""fixed"":2,""unan"":true,""key"":null}],""gamma_LT"":[{""iter"":1,""solved"":5,""failed"":0,""gap_p90"":0,""cache_hr"":100,""fixed"":1,""unan"":false,""key"":""('gamma_LT', ('CTV',""},{""iter"":2,""solved"":5,""failed"":0,""gap_p90"":0,""cache_hr"":80,""fixed"":1,""unan"":false,""key"":""('gamma_LT', ('SOV',""},{""iter"":3,""solved"":5,""failed"":0,""gap_p90"":0,""cache_hr"":60,""fixed"":2,""unan"":true,""key"":null}]}",0.014549294700615065,True,2,OPTIMAL,solution_within_gap,False,,5:1,CTV|5:2;SOV|5:1,CTV|5|Feb:1;CTV|5|Jan:1;CTV|5|Mar:1,SOV1|5|Apr:1;SOV1|5|Aug:1;SOV1|5|Dec:1;SOV1|5|Feb:1;SOV1|5|Jan:1;SOV1|5|Jul:1;SOV1|5|Jun:1;SOV1|5|Mar:1;SOV1|5|May:1;SOV1|5|Nov:1;SOV1|5|Oct:1;SOV1|5|Sep:1,80;160;327;334;402,8e1f6eec5f28b6aa,200,1-500,501-1500
16,7,27846230.20859775,8537600.0,19308630.208600365,6123750.0,1811250.0,602600.0,18544908.55860491,462814.01130141283,300907.63869151677,,210.17661832738668,27.759356879629195,23.56980461347848,0.005797946825623512,151.19357991218567,1,2,7,0.03873220715019894,1,3,4,7,0.03999876014425808,1,"{""eta"":[{""iter"":1,""solved"":7,""failed"":0,""gap_p90"":0,""cache_hr"":0,""fixed"":2,""unan"":true,""key"":null}],""gamma_LT"":[{""iter"":1,""solved"":7,""failed"":0,""gap_p90"":0,""cache_hr"":100,""fixed"":1,""unan"":false,""key"":""('gamma_LT', ('CTV',""},{""iter"":2,""solved"":7,""failed"":0,""gap_p90"":0,""cache_hr"":71,""fixed"":1,""unan"":false,""key"":""('gamma_LT', ('SOV',""},{""iter"":3,""solved"":7,""failed"":0,""gap_p90"":0,""cache_hr"":43,""fixed"":2,""unan"":true,""key"":null}]}",0.005026701667797129,True,2,OPTIMAL,solution_within_gap,False,,5:1,CTV|5:2,CTV|5|Aug:1;CTV|5|Dec:1;CTV|5|Feb:1;CTV|5|Jan:1;CTV|5|Jul:1;CTV|5|Jun:1;CTV|5|May:1;SOV|5|Apr:1;SOV|5|Dec:1;SOV|5|Feb:1;SOV|5|Jan:1;SOV|5|Mar:1;SOV|5|Nov:1;SOV|5|Oct:1;SOV|5|Sep:1,SOV1|5|Apr:1;SOV1|5|Dec:1;SOV1|5|Feb:1;SOV1|5|Jan:1;SOV1|5|Mar:1;SOV1|5|Nov:1;SOV1|5|Oct:1;SOV1|5|Sep:1,140;303;335;343;389;408;417,8e1f6eec5f28b6aa,200,1-500,501-1500
16,10,30589117.988457564,9884825.0,20704292.98846206,7245000.0,1811250.0,828575.0,19939819.81402115,437136.75260628044,327336.421829983,,226.51320819184184,28.544598437845707,18.82847927417606,0.008029422722756863,169.4845609664917,1,2,10,0.03982269578674012,1,3,4,10,0.039987130448496375,1,"{""eta"":[{""iter"":1,""solved"":10,""failed"":0,""gap_p90"":0,""cache_hr"":0,""fixed"":2,""unan"":true,""key"":null}],""gamma_LT"":[{""iter"":1,""solved"":10,""failed"":0,""gap_p90"":0,""cache_hr"":100,""fixed"":1,""unan"":false,""key"":""('gamma_LT', ('SOV',""},{""iter"":2,""solved"":10,""failed"":0,""gap_p90"":0,""cache_hr"":70,""fixed"":1,""unan"":false,""key"":""('gamma_LT', ('CTV',""},{""iter"":3,""solved"":10,""failed"":0,""gap_p90"":0,""cache_hr"":50,""fixed"":2,""unan"":true,""key"":null}]}",0.019052633877501408,True,2,OPTIMAL,solution_within_gap,False,,5:1,CTV|5:2,CTV|5|Dec:3;CTV|5|Feb:1;CTV|5|Jan:2;CTV|5|Jul:1;CTV|5|Jun:1;CTV|5|May:2;CTV|5|Nov:2;SOV|5|Apr:1;SOV|5|Aug:1;SOV|5|Dec:1;SOV|5|Feb:1;SOV|5|Jan:1;SOV|5|Mar:1;SOV|5|Nov:1;SOV|5|Oct:1;SOV|5|Sep:1,SOV1|5|Apr:1;SOV1|5|Aug:1;SOV1|5|Dec:1;SOV1|5|Feb:1;SOV1|5|Jan:1;SOV1|5|Mar:1;SOV1|5|Nov:1;SOV1|5|Oct:1;SOV1|5|Sep:1,72;125;188;199;212;240;268;284;449;474,8e1f6eec5f28b6aa,200,1-500,501-1500
16,15,29953933.701920867,9055100.0,20898833.70191446,6641250.0,1811250.0,602600.0,20159779.52345511,413704.426927943,325349.75153782323,,518.3560123322532,105.14389347564429,19.836914537474513,0.012696251273155212,378.40069794654846,1,2,15,0.03990073261712836,1,3,4,15,0.039998821700294,1,"{""eta"":[{""iter"":1,""solved"":15,""failed"":0,""gap_p90"":0,""cache_hr"":0,""fixed"":2,""unan"":true,""key"":null}],""gamma_LT"":[{""iter"":1,""solved"":15,""failed"":0,""gap_p90"":0,""cache_hr"":100,""fixed"":1,""unan"":false,""key"":""('gamma_LT', ('CTV',""},{""iter"":2,""solved"":15,""failed"":0,""gap_p90"":0,""cache_hr"":87,""fixed"":1,""unan"":false,""key"":""('gamma_LT', ('SOV',""},{""iter"":3,""solved"":15,""failed"":0,""gap_p90"":0,""cache_hr"":47,""fixed"":2,""unan"":true,""key"":null}]}",0.016779623856075846,True,2,OPTIMAL,solution_within_gap,False,,5:1,CTV|5:2,CTV|5|Jul:1;CTV|5|Jun:2;CTV|5|May:2;SOV|5|Apr:1;SOV|5|Aug:1;SOV|5|Dec:1;SOV|5|Feb:1;SOV|5|Jan:1;SOV|5|Mar:1;SOV|5|Nov:1;SOV|5|Oct:1;SOV|5|Sep:1,SOV1|5|Apr:1;SOV1|5|Aug:1;SOV1|5|Dec:1;SOV1|5|Feb:1;SOV1|5|Jan:1;SOV1|5|Mar:1;SOV1|5|Nov:1;SOV1|5|Oct:1;SOV1|5|Sep:1,14;65;99;109;133;136;139;205;246;297;343;382;398;451;454,8e1f6eec5f28b6aa,200,1-500,501-1500
16,20,27790773.78663329,9756025.0,18034748.78662679,172500.0,9056250.0,527275.0,17381081.269360743,250757.15244066858,402910.3648318472,,409.49310487229377,29.797571343369782,22.993512799032032,0.01671931054443121,338.1437780857086,1,2,20,0.03941068502717162,1,3,4,20,0.03991594091320322,1,"{""eta"":[{""iter"":1,""solved"":20,""failed"":0,""gap_p90"":0,""cache_hr"":0,""fixed"":2,""unan"":true,""key"":null}],""gamma_LT"":[{""iter"":1,""solved"":20,""failed"":0,""gap_p90"":0,""cache_hr"":100,""fixed"":1,""unan"":false,""key"":""('gamma_LT', ('CTV',""},{""iter"":2,""solved"":20,""failed"":0,""gap_p90"":0,""cache_hr"":70,""fixed"":1,""unan"":false,""key"":""('gamma_LT', ('SOV',""},{""iter"":3,""solved"":20,""failed"":0,""gap_p90"":0,""cache_hr"":70,""fixed"":2,""unan"":true,""key"":null}]}",0.006920018207549558,True,2,OPTIMAL,solution_within_gap,False,,5:1,CTV|5:2;SOV|5:1,CTV|5|Dec:1;CTV|5|Jan:1,SOV1|5|Apr:1;SOV1|5|Aug:1;SOV1|5|Dec:1;SOV1|5|Feb:1;SOV1|5|Jan:1;SOV1|5|Jul:1;SOV1|5|Jun:1;SOV1|5|Mar:1;SOV1|5|May:1;SOV1|5|Nov:1;SOV1|5|Oct:1;SOV1|5|Sep:1,15;17;32;68;110;123;138;186;203;213;215;236;347;369;375;384;462;472;480;490,8e1f6eec5f28b6aa,200,1-500,501-1500
17,1,22230253.56614439,7157600.0,15072653.566144343,4743750.0,1811250.0,602600.0,14259661.43977526,617959.2804161364,195032.84595297714,,26.440025980584323,21.71734579000622,0.00035582296550273895,0.0010097408667206764,1.0365099906921387,1,2,1,0.03995214408929136,1,1,4,1,0.03995214408929136,1,"{""eta"":[{""iter"":1,""solved"":1,""failed"":0,""gap_p90"":0,""cache_hr"":0,""fixed"":2,""unan"":true,""key"":null}],""gamma_LT"":[{""iter"":1,""solved"":1,""failed"":0,""gap_p90"":0,""cache_hr"":100,""fixed"":4,""unan"":true,""key"":null}]}",0.0032579652793282275,True,2,OPTIMAL,solution_within_gap,False,,5:1,CTV|5:2,CTV|5|Apr:2;CTV|5|Aug:1;CTV|5|Jul:1;CTV|5|Jun:1;CTV|5|Mar:1;CTV|5|May:1;SOV|5|Dec:1;SOV|5|Feb:1;SOV|5|Jan:1;SOV|5|Nov:1;SOV|5|Oct:1;SOV|5|Sep:1,SOV1|5|Dec:1;SOV1|5|Feb:1;SOV1|5|Jan:1;SOV1|5|Nov:1;SOV1|5|Oct:1;SOV1|5|Sep:1,312,8e1f6eec5f28b6aa,200,1-500,501-1500
17,3,27359727.952297084,9508200.0,17851527.952297017,0.0,9056250.0,451950.0,17223508.637918726,242118.47288500977,385900.8414933295,,34.25686610303819,20.48908432200551,0.0003797551617026329,0.002444651909172535,9.082984924316406,1,2,3,0.038756349842292,1,1,4,3,0.038756349842292,1,"{""eta"":[{""iter"":1,""solved"":3,""failed"":0,""gap_p90"":0,""cache_hr"":0,""fixed"":2,""unan"":true,""key"":null}],""gamma_LT"":[{""iter"":1,""solved"":3,""failed"":0,""gap_p90"":0,""cache_hr"":100,""fixed"":4,""unan"":true,""key"":null}]}",0.00625503282655963,True,2,OPTIMAL,solution_within_gap,False,,5:1,CTV|5:2;SOV|5:1,,SOV1|5|Apr:1;SOV1|5|Aug:1;SOV1|5|Dec:1;SOV1|5|Feb:1;SOV1|5|Jan:1;SOV1|5|Jul:1;SOV1|5|Jun:1;SOV1|5|Mar:1;SOV1|5|May:1;SOV1|5|Nov:1;SOV1|5|Oct:1;SOV1|5|Sep:1,19;321;464,8e1f6eec5f28b6aa,200,1-500,501-1500
17,5,23941964.138036847,7761350.0,16180614.138036272,5347500.0,1811250.0,602600.0,15377980.434917245,516695.6732411939,285938.02987835836,,145.92265747394413,100.93150437809527,18.60557064693421,0.003740007057785988,20.083189964294434,1,2,5,0.039916469289388606,1,3,4,5,0.03999875759062028,1,"{""eta"":[{""iter"":1,""solved"":5,""failed"":0,""gap_p90"":0,""cache_hr"":0,""fixed"":2,""unan"":true,""key"":null}],""gamma_LT"":[{""iter"":1,""solved"":5,""failed"":0,""gap_p90"":0,""cache_hr"":100,""fixed"":1,""unan"":false,""key"":""('gamma_LT', ('CTV',""},{""iter"":2,""solved"":5,""failed"":0,""gap_p90"":0,""cache_hr"":60,""fixed"":1,""unan"":false,""key"":""('gamma_LT', ('SOV',""},{""iter"":3,""solved"":5,""failed"":0,""gap_p90"":0,""cache_hr"":40,""fixed"":2,""unan"":true,""key"":null}]}",0.019669774155925333,True,2,OPTIMAL,solution_within_gap,False,,5:1,CTV|5:2,CTV|5|Apr:2;CTV|5|Aug:1;CTV|5|Jul:1;CTV|5|Jun:1;CTV|5|May:1;SOV|5|Dec:1;SOV|5|Feb:1;SOV|5|Jan:1;SOV|5|Mar:1;SOV|5|Nov:1;SOV|5|Oct:1;SOV|5|Sep:1,SOV1|5|Dec:1;SOV1|5|Feb:1;SOV1|5|Jan:1;SOV1|5|Mar:1;SOV1|5|Nov:1;SOV1|5|Oct:1;SOV1|5|Sep:1,14;118;122;209;246,8e1f6eec5f28b6aa,200,1-500,501-1500
17,7,27767246.57006488,11189500.0,16577746.57006405,1380000.0,9056250.0,753250.0,15956248.576318491,225723.19926038146,395774.79448596435,,99.28695342317224,25.255440856330097,17.493358973413706,0.006206262856721878,48.75323486328125,1,2,7,0.03914099569931156,1,3,4,7,0.03997860286478526,1,"{""eta"":[{""iter"":1,""solved"":7,""failed"":0,""gap_p90"":0,""cache_hr"":0,""fixed"":2,""unan"":true,""key"":null}],""gamma_LT"":[{""iter"":1,""solved"":7,""failed"":0,""gap_p90"":0,""cache_hr"":100,""fixed"":1,""unan"":false,""key"":""('gamma_LT', ('CTV',""},{""iter"":2,""solved"":7,""failed"":0,""gap_p90"":0,""cache_hr"":71,""fixed"":1,""unan"":false,""key"":""('gamma_LT', ('SOV',""},{""iter"":3,""solved"":7,""failed"":0,""gap_p90"":0,""cache_hr"":71,""fixed"":2,""unan"":true,""key"":null}]}",0.019450108140986154,True,2,OPTIMAL,solution_within_gap,False,,5:1,CTV|5:2;SOV|5:1,SOV|5|Dec:1;SOV|5|Jan:1,SOV1|5|Apr:1;SOV1|5|Aug:1;SOV1|5|Dec:1;SOV1|5|Feb:1;SOV1|5|Jan:1;SOV1|5|Jul:1;SOV1|5|Jun:1;SOV1|5|Mar:1;SOV1|5|May:1;SOV1|5|Nov:1;SOV1|5|Oct:1;SOV1|5|Sep:1;SOV2|5|Dec:1;SOV2|5|Jan:1,56;57;125;370;393;432;466,8e1f6eec5f28b6aa,200,1-500,501-1500
17,10,31549649.120002467,9302925.0,22246724.120006885,6813750.0,1811250.0,677925.0,21498871.68220193,412681.7049043234,335170.73289606447,,250.24083016999066,27.671870312653482,19.74540483672172,0.008865689858794212,193.18426203727722,1,2,10,0.03912975215854186,1,3,4,10,0.03999772623852196,1,"{""eta"":[{""iter"":1,""solved"":10,""failed"":0,""gap_p90"":0,""cache_hr"":0,""fixed"":2,""unan"":true,""key"":null}],""gamma_LT"":[{""iter"":1,""solved"":10,""failed"":0,""gap_p90"":0,""cache_hr"":100,""fixed"":1,""unan"":false,""key"":""('gamma_LT', ('SOV',""},{""iter"":2,""solved"":10,""failed"":0,""gap_p90"":0,""cache_hr"":40,""fixed"":1,""unan"":false,""key"":""('gamma_LT', ('CTV',""},{""iter"":3,""solved"":10,""failed"":0,""gap_p90"":0,""cache_hr"":50,""fixed"":2,""unan"":true,""key"":null}]}",0.013272180870574659,True,2,OPTIMAL,solution_within_gap,False,,5:1,CTV|5:2,CTV|5|Dec:2;CTV|5|Jan:2;CTV|5|Jul:1;CTV|5|Jun:1;CTV|5|May:1;SOV|5|Apr:1;SOV|5|Aug:1;SOV|5|Dec:1;SOV|5|Feb:1;SOV|5|Jan:1;SOV|5|Mar:1;SOV|5|Nov:1;SOV|5|Oct:1;SOV|5|Sep:1,SOV1|5|Apr:1;SOV1|5|Aug:1;SOV1|5|Dec:1;SOV1|5|Feb:1;SOV1|5|Jan:1;SOV1|5|Mar:1;SOV1|5|Nov:1;SOV1|5|Oct:1;SOV1|5|Sep:1,2;90;150;183;196;220;275;330;407;473,8e1f6eec5f28b6aa,200,1-500,501-1500
17,15,26632171.023208898,9508200.0,17123971.023210157,0.0,9056250.0,451950.0,16481428.570842927,250810.98423794005,391731.46812788607,,317.26910458505154,28.530131824314594,21.515649403445423,0.012717829085886478,253.61987113952637,1,2,15,0.03993787654155765,1,3,4,15,0.03999392661969177,1,"{""eta"":[{""iter"":1,""solved"":15,""failed"":0,""gap_p90"":0,""cache_hr"":0,""fixed"":2,""unan"":true,""key"":null}],""gamma_LT"":[{""iter"":1,""solved"":15,""failed"":0,""gap_p90"":0,""cache_hr"":100,""fixed"":1,""unan"":false,""key"":""('gamma_LT', ('SOV',""},{""iter"":2,""solved"":15,""failed"":0,""gap_p90"":0,""cache_hr"":60,""fixed"":1,""unan"":false,""key"":""('gamma_LT', ('CTV',""},{""iter"":3,""solved"":15,""failed"":0,""gap_p90"":0,""cache_hr"":53,""fixed"":2,""unan"":true,""key"":null}]}",0.01044970536786027,True,2,OPTIMAL,solution_within_gap,False,,5:1,CTV|5:2;SOV|5:1,,SOV1|5|Apr:1;SOV1|5|Aug:1;SOV1|5|Dec:1;SOV1|5|Feb:1;SOV1|5|Jan:1;SOV1|5|Jul:1;SOV1|5|Jun:1;SOV1|5|Mar:1;SOV1|5|May:1;SOV1|5|Nov:1;SOV1|5|Oct:1;SOV1|5|Sep:1,50;60;77;102;138;178;180;242;250;266;353;381;401;429;496,8e1f6eec5f28b6aa,200,1-500,501-1500
17,20,27464750.344503313,9508200.0,17956550.344496835,0.0,9056250.0,451950.0,17291077.11233448,249166.00397960842,416307.2281892419,,412.80332859698683,28.907045389525592,20.56949893105775,0.01511453464627266,347.11670422554016,1,2,20,0.03985274868526895,1,3,4,20,0.03988471801087099,1,"{""eta"":[{""iter"":1,""solved"":20,""failed"":0,""gap_p90"":0,""cache_hr"":0,""fixed"":2,""unan"":true,""key"":null}],""gamma_LT"":[{""iter"":1,""solved"":20,""failed"":0,""gap_p90"":0,""cache_hr"":100,""fixed"":1,""unan"":false,""key"":""('gamma_LT', ('SOV',""},{""iter"":2,""solved"":20,""failed"":0,""gap_p90"":0,""cache_hr"":80,""fixed"":1,""unan"":false,""key"":""('gamma_LT', ('CTV',""},{""iter"":3,""solved"":20,""failed"":0,""gap_p90"":0,""cache_hr"":80,""fixed"":2,""unan"":true,""key"":null}]}",0.008989466446356138,True,2,OPTIMAL,solution_within_gap,False,,5:1,CTV|5:2;SOV|5:1,,SOV1|5|Apr:1;SOV1|5|Aug:1;SOV1|5|Dec:1;SOV1|5|Feb:1;SOV1|5|Jan:1;SOV1|5|Jul:1;SOV1|5|Jun:1;SOV1|5|Mar:1;SOV1|5|May:1;SOV1|5|Nov:1;SOV1|5|Oct:1;SOV1|5|Sep:1,25;51;59;108;116;127;164;172;201;285;315;339;347;375;401;402;406;432;439;487,8e1f6eec5f28b6aa,200,1-500,501-1500
18,1,32358354.419133637,10725475.0,21632879.419133797,7935000.0,1811250.0,979225.0,20942691.225716725,415787.1991985532,274400.9942183468,,25.724729944951832,20.39088385179639,0.00032345671206712723,0.0010050171986222267,1.4868390560150146,1,2,1,0.0389923126632549,1,1,4,1,0.0389923126632549,1,"{""eta"":[{""iter"":1,""solved"":1,""failed"":0,""gap_p90"":0,""cache_hr"":0,""fixed"":2,""unan"":true,""key"":null}],""gamma_LT"":[{""iter"":1,""solved"":1,""failed"":0,""gap_p90"":0,""cache_hr"":100,""fixed"":4,""unan"":true,""key"":null}]}",0.01408945463586309,True,2,OPTIMAL,solution_within_gap,False,,5:1,CTV|5:2,CTV|5|Jan:2;CTV|5|Jul:1;CTV|5|Jun:1;SOV|5|Apr:1;SOV|5|Dec:2;SOV|5|Feb:1;SOV|5|Jan:1;SOV|5|Mar:1;SOV|5|Nov:2;SOV|5|Oct:2;SOV|5|Sep:1,SOV1|5|Apr:1;SOV1|5|Dec:1;SOV1|5|Feb:1;SOV1|5|Jan:1;SOV1|5|Mar:1;SOV1|5|Nov:1;SOV1|5|Oct:1;SOV1|5|Sep:1;SOV2|5|Dec:1;SOV2|5|Nov:1;SOV2|5|Oct:1,208,8e1f6eec5f28b6aa,200,1-500,501-1500
18,3,30171079.2585619,9453575.0,20717504.258561585,6813750.0,1811250.0,828575.0,19944983.80743919,520824.38133140304,251696.06979129062,,45.6396602159366,21.9837987376377,8.650221863761544,0.00276760570704937,9.922441005706787,1,2,3,0.03727090607861567,1,3,4,3,0.039993954500614735,1,"{""eta"":[{""iter"":1,""solved"":3,""failed"":0,""gap_p90"":0,""cache_hr"":0,""fixed"":2,""unan"":true,""key"":null}],""gamma_LT"":[{""iter"":1,""solved"":3,""failed"":0,""gap_p90"":0,""cache_hr"":100,""fixed"":1,""unan"":false,""key"":""('gamma_LT', ('CTV',""},{""iter"":2,""solved"":3,""failed"":0,""gap_p90"":0,""cache_hr"":67,""fixed"":1,""unan"":false,""key"":""('gamma_LT', ('SOV',""},{""iter"":3,""solved"":3,""failed"":0,""gap_p90"":0,""cache_hr"":67,""fixed"":2,""unan"":true,""key"":null}]}",0.00787172259553533,True,2,OPTIMAL,solution_within_gap,False,,5:1,CTV|5:2,CTV|5|Apr:1;CTV|5|Feb:1;CTV|5|Jan:1;CTV|5|Jul:1;CTV|5|Jun:1;CTV|5|Mar:1;CTV|5|May:1;SOV|5|Aug:1;SOV|5|Dec:2;SOV|5|Feb:1;SOV|5|Jan:2;SOV|5|Nov:1;SOV|5|Oct:1;SOV|5|Sep:1,SOV1|5|Aug:1;SOV1|5|Dec:1;SOV1|5|Feb:1;SOV1|5|Jan:1;SOV1|5|Nov:1;SOV1|5|Oct:1;SOV1|5|Sep:1;SOV2|5|Dec:1;SOV2|5|Jan:1,31;441;484,8e1f6eec5f28b6aa,200,1-500,501-1500
18,5,28418733.05868221,7082275.0,21336458.05868069,4743750.0,1811250.0,527275.0,20497751.733488016,577226.4610338948,261479.86416025565,,70.66170562710613,24.887152895331383,13.483710026368499,0.004565002396702766,25.681127071380615,1,2,5,0.03999752035965575,1,3,4,5,0.03999752035965575,1,"{""eta"":[{""iter"":1,""solved"":5,""failed"":0,""gap_p90"":0,""cache_hr"":0,""fixed"":2,""unan"":true,""key"":null}],""gamma_LT"":[{""iter"":1,""solved"":5,""failed"":0,""gap_p90"":0,""cache_hr"":100,""fixed"":1,""unan"":false,""key"":""('gamma_LT', ('CTV',""},{""iter"":2,""solved"":5,""failed"":0,""gap_p90"":0,""cache_hr"":80,""fixed"":1,""unan"":false,""key"":""('gamma_LT', ('SOV',""},{""iter"":3,""solved"":5,""failed"":0,""gap_p90"":0,""cache_hr"":60,""fixed"":2,""unan"":true,""key"":null}]}",0.01694174810877443,True,2,OPTIMAL,solution_within_gap,False,,5:1,CTV|5:2,CTV|5|Apr:1;CTV|5|Aug:1;CTV|5|Feb:1;CTV|5|Jul:1;CTV|5|Jun:1;CTV|5|Mar:1;CTV|5|May:1;SOV|5|Dec:1;SOV|5|Feb:1;SOV|5|Jan:1;SOV|5|Nov:1;SOV|5|Oct:1;SOV|5|Sep:1,SOV1|5|Dec:1;SOV1|5|Feb:1;SOV1|5|Jan:1;SOV1|5|Nov:1;SOV1|5|Oct:1;SOV1|5|Sep:1,34;179;187;216;442,8e1f6eec5f28b6aa,200,1-500,501-1500
18,7,30458002.682581104,10101025.0,20356977.68258282,517500.0,9056250.0,527275.0,19683439.855190672,275062.54821938317,398475.2791710587,,75.71791957877576,22.613732209429145,15.932609296403825,0.00624370202422142,29.49720597267151,1,2,7,0.03999723353771438,1,3,4,7,0.03999723353771438,1,"{""eta"":[{""iter"":1,""solved"":7,""failed"":0,""gap_p90"":0,""cache_hr"":0,""fixed"":2,""unan"":true,""key"":null}],""gamma_LT"":[{""iter"":1,""solved"":7,""failed"":0,""gap_p90"":0,""cache_hr"":100,""fixed"":1,""unan"":false,""key"":""('gamma_LT', ('SOV',""},{""iter"":2,""solved"":7,""failed"":0,""gap_p90"":0,""cache_hr"":86,""fixed"":1,""unan"":false,""key"":""('gamma_LT', ('CTV',""},{""iter"":3,""solved"":7,""failed"":0,""gap_p90"":0,""cache_hr"":71,""fixed"":2,""unan"":true,""key"":null}]}",0.019430707875690515,True,2,OPTIMAL,solution_within_gap,False,,5:1,CTV|5:2;SOV|5:1,CTV|5|Dec:1;CTV|5|Feb:1;CTV|5|Jan:1;CTV|5|Mar:1;CTV|5|Nov:1;CTV|5|Oct:1,SOV1|5|Apr:1;SOV1|5|Aug:1;SOV1|5|Dec:1;SOV1|5|Feb:1;SOV1|5|Jan:1;SOV1|5|Jul:1;SOV1|5|Jun:1;SOV1|5|Mar:1;SOV1|5|May:1;SOV1|5|Nov:1;SOV1|5|Oct:1;SOV1|5|Sep:1,108;161;183;215;313;433;497,8e1f6eec5f28b6aa,200,1-500,501-1500
18,10,26442740.079293843,8807275.0,17635465.07929838,6468750.0,1811250.0,527275.0,16913106.5280941,402323.9397888194,320034.61141081236,,247.85966059472412,26.080285208299756,18.541243788786232,0.008429673500359058,193.62676811218262,1,2,10,0.039916469289388606,1,3,4,10,0.039994453098680875,1,"{""eta"":[{""iter"":1,""solved"":10,""failed"":0,""gap_p90"":0,""cache_hr"":0,""fixed"":2,""unan"":true,""key"":null}],""gamma_LT"":[{""iter"":1,""solved"":10,""failed"":0,""gap_p90"":0,""cache_hr"":100,""fixed"":1,""unan"":false,""key"":""('gamma_LT', ('CTV',""},{""iter"":2,""solved"":10,""failed"":0,""gap_p90"":0,""cache_hr"":70,""fixed"":1,""unan"":false,""key"":""('gamma_LT', ('SOV',""},{""iter"":3,""solved"":10,""failed"":0,""gap_p90"":0,""cache_hr"":50,""fixed"":2,""unan"":true,""key"":null}]}",0.005694763916867345,True,2,OPTIMAL,solution_within_gap,False,,5:1,CTV|5:2,CTV|5|Jul:1;CTV|5|Jun:1;CTV|5|May:1;SOV|5|Apr:1;SOV|5|Aug:1;SOV|5|Dec:1;SOV|5|Feb:1;SOV|5|Jan:1;SOV|5|Mar:1;SOV|5|Nov:1;SOV|5|Oct:1;SOV|5|Sep:1,SOV1|5|Apr:1;SOV1|5|Aug:1;SOV1|5|Dec:1;SOV1|5|Feb:1;SOV1|5|Jan:1;SOV1|5|Mar:1;SOV1|5|Nov:1;SOV1|5|Oct:1;SOV1|5|Sep:1,21;79;91;209;261;263;343;360;437;460,8e1f6eec5f28b6aa,200,1-500,501-1500
18,15,28331936.890914544,9055100.0,19276836.89090792,6641250.0,1811250.0,602600.0,18544891.743503317,405026.83202114794,326918.3153901087,,876.9933091672137,30.94837382622063,24.48707478772849,0.012452851980924606,808.7566578388214,1,2,15,0.03997528138243999,1,3,4,15,0.03999706999067586,1,"{""eta"":[{""iter"":1,""solved"":15,""failed"":0,""gap_p90"":0,""cache_hr"":0,""fixed"":2,""unan"":true,""key"":null}],""gamma_LT"":[{""iter"":1,""solved"":15,""failed"":0,""gap_p90"":0,""cache_hr"":100,""fixed"":1,""unan"":false,""key"":""('gamma_LT', ('CTV',""},{""iter"":2,""solved"":15,""failed"":0,""gap_p90"":0,""cache_hr"":53,""fixed"":1,""unan"":false,""key"":""('gamma_LT', ('SOV',""},{""iter"":3,""solved"":15,""failed"":0,""gap_p90"":0,""cache_hr"":47,""fixed"":2,""unan"":true,""key"":null}]}",0.0029713600013574057,True,2,OPTIMAL,solution_within_gap,False,,5:1,CTV|5:2,CTV|5|Dec:1;CTV|5|Jul:1;CTV|5|Jun:1;CTV|5|May:1;CTV|5|Nov:1;SOV|5|Apr:1;SOV|5|Aug:1;SOV|5|Dec:1;SOV|5|Feb:1;SOV|5|Jan:1;SOV|5|Mar:1;SOV|5|Nov:1;SOV|5|Oct:1;SOV|5|Sep:1,SOV1|5|Apr:1;SOV1|5|Aug:1;SOV1|5|Dec:1;SOV1|5|Feb:1;SOV1|5|Jan:1;SOV1|5|Mar:1;SOV1|5|Nov:1;SOV1|5|Oct:1;SOV1|5|Sep:1,71;77;108;141;162;186;193;217;249;270;327;344;363;478;486,8e1f6eec5f28b6aa,200,1-500,501-1500
18,20,29543914.095565118,10488575.0,19055339.09555867,7848750.0,1811250.0,828575.0,18349134.13029993,381928.09201030614,324276.8732548768,,1069.4365121824667,31.458348642103374,22.34708057064563,0.0165268462151289,998.7471280097961,1,2,20,0.03997518215448598,1,3,4,20,0.03999733343549338,1,"{""eta"":[{""iter"":1,""solved"":20,""failed"":0,""gap_p90"":0,""cache_hr"":0,""fixed"":2,""unan"":true,""key"":null}],""gamma_LT"":[{""iter"":1,""solved"":20,""failed"":0,""gap_p90"":0,""cache_hr"":100,""fixed"":1,""unan"":false,""key"":""('gamma_LT', ('CTV',""},{""iter"":2,""solved"":20,""failed"":0,""gap_p90"":0,""cache_hr"":75,""fixed"":1,""unan"":false,""key"":""('gamma_LT', ('SOV',""},{""iter"":3,""solved"":20,""failed"":0,""gap_p90"":0,""cache_hr"":40,""fixed"":2,""unan"":true,""key"":null}]}",0.0003707556960103564,True,2,OPTIMAL,solution_within_gap,False,,5:1,CTV|5:2,CTV|5|Jul:1;CTV|5|Jun:1;CTV|5|May:1;SOV|5|Apr:1;SOV|5|Aug:1;SOV|5|Dec:2;SOV|5|Feb:1;SOV|5|Jan:2;SOV|5|Mar:1;SOV|5|Nov:1;SOV|5|Oct:1;SOV|5|Sep:1,SOV1|5|Apr:1;SOV1|5|Aug:1;SOV1|5|Dec:1;SOV1|5|Feb:1;SOV1|5|Jan:1;SOV1|5|Mar:1;SOV1|5|Nov:1;SOV1|5|Oct:1;SOV1|5|Sep:1;SOV2|5|Dec:1;SOV2|5|Jan:1,49;54;118;121;152;155;163;184;193;251;259;279;306;329;360;374;407;419;435;489,8e1f6eec5f28b6aa,200,1-500,501-1500
19,1,32072093.3864547,10661075.0,21411018.38645479,776250.0,9056250.0,828575.0,20758839.453743372,250197.3389545547,401981.5937567579,,18.83474913518876,13.427918468602002,0.0003319093957543373,0.0010110130533576012,2.1034178733825684,1,2,1,0.03937753238571916,1,1,4,1,0.03937753238571916,1,"{""eta"":[{""iter"":1,""solved"":1,""failed"":0,""gap_p90"":0,""cache_hr"":0,""fixed"":2,""unan"":true,""key"":null}],""gamma_LT"":[{""iter"":1,""solved"":1,""failed"":0,""gap_p90"":0,""cache_hr"":100,""fixed"":4,""unan"":true,""key"":null}]}",0.0033207829606497607,True,2,OPTIMAL,solution_within_gap,False,,5:1,CTV|5:2;SOV|5:1,CTV|5|Oct:1;SOV|5|Nov:1,SOV1|5|Apr:1;SOV1|5|Aug:1;SOV1|5|Dec:1;SOV1|5|Feb:1;SOV1|5|Jan:1;SOV1|5|Jul:1;SOV1|5|Jun:1;SOV1|5|Mar:1;SOV1|5|May:1;SOV1|5|Nov:1;SOV1|5|Oct:1;SOV1|5|Sep:1;SOV2|5|Nov:1,339,8e1f6eec5f28b6aa,200,1-500,501-1500
19,3,26034661.729988787,7686025.0,18348636.729988515,5347500.0,1811250.0,527275.0,17566366.07952106,504582.15729838266,277688.49316936027,,55.07104619406164,24.991777514107525,17.379685942083597,0.0028897644951939583,7.265448093414307,1,2,3,0.03939003720261699,1,2,4,3,0.03976947866983677,1,"{""eta"":[{""iter"":1,""solved"":3,""failed"":0,""gap_p90"":0,""cache_hr"":0,""fixed"":2,""unan"":true,""key"":null}],""gamma_LT"":[{""iter"":1,""solved"":3,""failed"":0,""gap_p90"":0,""cache_hr"":100,""fixed"":1,""unan"":false,""key"":""('gamma_LT', ('SOV',""},{""iter"":2,""solved"":3,""failed"":0,""gap_p90"":0,""cache_hr"":33,""fixed"":3,""unan"":true,""key"":null}]}",0.014930762464112504,True,2,OPTIMAL,solution_within_gap,False,,5:1,CTV|5:2,CTV|5|Apr:1;CTV|5|Aug:1;CTV|5|Jul:1;CTV|5|Jun:1;CTV|5|Mar:1;CTV|5|May:1;SOV|5|Dec:1;SOV|5|Feb:1;SOV|5|Jan:1;SOV|5|Mar:1;SOV|5|Nov:1;SOV|5|Oct:1;SOV|5|Sep:1,SOV1|5|Dec:1;SOV1|5|Feb:1;SOV1|5|Jan:1;SOV1|5|Mar:1;SOV1|5|Nov:1;SOV1|5|Oct:1;SOV1|5|Sep:1,162;219;384,8e1f6eec5f28b6aa,200,1-500,501-1500
19,5,26525494.031632923,7761350.0,18764144.031631365,5347500.0,1811250.0,602600.0,17987113.92850175,502059.7896879658,274970.3134431689,,76.79595233127475,26.312583869323134,13.019471171312034,0.004052238538861275,30.83607506752014,1,2,5,0.03999723353771438,1,3,4,5,0.03999774745302162,1,"{""eta"":[{""iter"":1,""solved"":5,""failed"":0,""gap_p90"":0,""cache_hr"":0,""fixed"":2,""unan"":true,""key"":null}],""gamma_LT"":[{""iter"":1,""solved"":5,""failed"":0,""gap_p90"":0,""cache_hr"":100,""fixed"":1,""unan"":false,""key"":""('gamma_LT', ('CTV',""},{""iter"":2,""solved"":5,""failed"":0,""gap_p90"":0,""cache_hr"":80,""fixed"":1,""unan"":false,""key"":""('gamma_LT', ('SOV',""},{""iter"":3,""solved"":5,""failed"":0,""gap_p90"":0,""cache_hr"":80,""fixed"":2,""unan"":true,""key"":null}]}",0.008775895164779697,True,2,OPTIMAL,solution_within_gap,False,,5:1,CTV|5:2,CTV|5|Aug:1;CTV|5|Jul:1;CTV|5|Jun:1;CTV|5|May:1;CTV|5|Sep:2;SOV|5|Apr:1;SOV|5|Dec:1;SOV|5|Feb:1;SOV|5|Jan:1;SOV|5|Mar:1;SOV|5|Nov:1;SOV|5|Oct:1,SOV1|5|Apr:1;SOV1|5|Dec:1;SOV1|5|Feb:1;SOV1|5|Jan:1;SOV1|5|Mar:1;SOV1|5|Nov:1;SOV1|5|Oct:1,30;108;118;161;318,8e1f6eec5f28b6aa,200,1-500,501-1500
19,7,26042923.675387096,10413250.0,15629673.675386082,603750.0,9056250.0,753250.0,14982381.465727696,250518.0626907887,396774.146968535,,118.07446368504316,26.164177919737995,16.528896268457174,0.0061302632093429565,67.77923011779785,1,2,7,0.039708091502829945,1,3,4,7,0.03999602775040923,1,"{""eta"":[{""iter"":1,""solved"":7,""failed"":0,""gap_p90"":0,""cache_hr"":0,""fixed"":2,""unan"":true,""key"":null}],""gamma_LT"":[{""iter"":1,""solved"":7,""failed"":0,""gap_p90"":0,""cache_hr"":100,""fixed"":1,""unan"":false,""key"":""('gamma_LT', ('CTV',""},{""iter"":2,""solved"":7,""failed"":0,""gap_p90"":0,""cache_hr"":43,""fixed"":1,""unan"":false,""key"":""('gamma_LT', ('SOV',""},{""iter"":3,""solved"":7,""failed"":0,""gap_p90"":0,""cache_hr"":57,""fixed"":2,""unan"":true,""key"":null}]}",0.017673668179823923,True,2,OPTIMAL,solution_within_gap,False,,5:1,CTV|5:2;SOV|5:1,CTV|5|Dec:3;CTV|5|Jan:3;CTV|5|Mar:1,SOV1|5|Apr:1;SOV1|5|Aug:1;SOV1|5|Dec:1;SOV1|5|Feb:1;SOV1|5|Jan:1;SOV1|5|Jul:1;SOV1|5|Jun:1;SOV1|5|Mar:1;SOV1|5|May:1;SOV1|5|Nov:1;SOV1|5|Oct:1;SOV1|5|Sep:1,144;241;244;373;398;425;462,8e1f6eec5f28b6aa,200,1-500,501-1500
19,10,27881614.637754746,9842275.0,18039339.63775923,258750.0,9056250.0,527275.0,17385291.604379747,250512.1041700717,403535.9292050316,,187.8547572856769,27.431489513255656,17.525582164525986,0.008856474421918392,133.33842778205872,1,2,10,0.039779884134722124,1,3,4,10,0.03999161036947614,1,"{""eta"":[{""iter"":1,""solved"":10,""failed"":0,""gap_p90"":0,""cache_hr"":0,""fixed"":2,""unan"":true,""key"":null}],""gamma_LT"":[{""iter"":1,""solved"":10,""failed"":0,""gap_p90"":0,""cache_hr"":100,""fixed"":1,""unan"":false,""key"":""('gamma_LT', ('CTV',""},{""iter"":2,""solved"":10,""failed"":0,""gap_p90"":0,""cache_hr"":80,""fixed"":1,""unan"":false,""key"":""('gamma_LT', ('SOV',""},{""iter"":3,""solved"":10,""failed"":0,""gap_p90"":0,""cache_hr"":70,""fixed"":2,""unan"":true,""key"":null}]}",0.004461689785736703,True,2,OPTIMAL,solution_within_gap,False,,5:1,CTV|5:2;SOV|5:1,CTV|5|Dec:1;CTV|5|Jan:1;CTV|5|Nov:1,SOV1|5|Apr:1;SOV1|5|Aug:1;SOV1|5|Dec:1;SOV1|5|Feb:1;SOV1|5|Jan:1;SOV1|5|Jul:1;SOV1|5|Jun:1;SOV1|5|Mar:1;SOV1|5|May:1;SOV1|5|Nov:1;SOV1|5|Oct:1;SOV1|5|Sep:1,28;54;58;118;144;329;358;361;444;451,8e1f6eec5f28b6aa,200,1-500,501-1500
19,15,25997142.661236063,9756025.0,16241117.661237173,172500.0,9056250.0,527275.0,15554774.48112863,260604.04831673764,425739.1317905474,,366.1322267027572,30.85564809013158,19.518667622469366,0.01220463216304779,302.8254179954529,1,2,15,0.039096835343120445,1,3,4,15,0.03989890325195274,1,"{""eta"":[{""iter"":1,""solved"":15,""failed"":0,""gap_p90"":0,""cache_hr"":0,""fixed"":2,""unan"":true,""key"":null}],""gamma_LT"":[{""iter"":1,""solved"":15,""failed"":0,""gap_p90"":0,""cache_hr"":100,""fixed"":1,""unan"":false,""key"":""('gamma_LT', ('CTV',""},{""iter"":2,""solved"":15,""failed"":0,""gap_p90"":0,""cache_hr"":73,""fixed"":1,""unan"":false,""key"":""('gamma_LT', ('SOV',""},{""iter"":3,""solved"":15,""failed"":0,""gap_p90"":0,""cache_hr"":60,""fixed"":2,""unan"":true,""key"":null}]}",0.010149376603647588,True,2,OPTIMAL,solution_within_gap,False,,5:1,CTV|5:2;SOV|5:1,CTV|5|Dec:1;CTV|5|Jan:1,SOV1|5|Apr:1;SOV1|5|Aug:1;SOV1|5|Dec:1;SOV1|5|Feb:1;SOV1|5|Jan:1;SOV1|5|Jul:1;SOV1|5|Jun:1;SOV1|5|Mar:1;SOV1|5|May:1;SOV1|5|Nov:1;SOV1|5|Oct:1;SOV1|5|Sep:1,24;31;34;103;110;128;131;138;280;281;320;365;396;469;479,8e1f6eec5f28b6aa,200,1-500,501-1500
19,20,28514803.669887535,11189500.0,17325303.66988551,1380000.0,9056250.0,753250.0,16712454.658896824,217684.3319567649,395164.679033978,,490.30683222506195,36.85350045841187,14.553305574692786,0.015836472623050213,422.50103306770325,1,2,20,0.03911775209458688,1,3,4,20,0.03954751290306779,1,"{""eta"":[{""iter"":1,""solved"":20,""failed"":0,""gap_p90"":0,""cache_hr"":0,""fixed"":2,""unan"":true,""key"":null}],""gamma_LT"":[{""iter"":1,""solved"":20,""failed"":0,""gap_p90"":0,""cache_hr"":100,""fixed"":1,""unan"":false,""key"":""('gamma_LT', ('CTV',""},{""iter"":2,""solved"":20,""failed"":0,""gap_p90"":0,""cache_hr"":90,""fixed"":1,""unan"":false,""key"":""('gamma_LT', ('SOV',""},{""iter"":3,""solved"":20,""failed"":0,""gap_p90"":0,""cache_hr"":60,""fixed"":2,""unan"":true,""key"":null}]}",0.017759833228134434,True,2,OPTIMAL,solution_within_gap,False,,5:1,CTV|5:2;SOV|5:1,SOV|5|Dec:1;SOV|5|Jan:1,SOV1|5|Apr:1;SOV1|5|Aug:1;SOV1|5|Dec:1;SOV1|5|Feb:1;SOV1|5|Jan:1;SOV1|5|Jul:1;SOV1|5|Jun:1;SOV1|5|Mar:1;SOV1|5|May:1;SOV1|5|Nov:1;SOV1|5|Oct:1;SOV1|5|Sep:1;SOV2|5|Dec:1;SOV2|5|Jan:1,14;27;31;143;155;175;189;205;212;216;229;230;255;285;294;311;335;358;417;448,8e1f6eec5f28b6aa,200,1-500,501-1500
20,1,32139825.471540704,11879500.0,20260325.471540824,2070000.0,9056250.0,753250.0,19599133.034350026,207460.8593861014,453731.5778045748,,18.02195267379284,11.800946266390383,0.00032913219183683395,0.0066006975248456,2.2125279903411865,1,2,1,0.023557817415057247,1,1,4,1,0.023557817415057247,1,"{""eta"":[{""iter"":1,""solved"":1,""failed"":0,""gap_p90"":0,""cache_hr"":0,""fixed"":2,""unan"":true,""key"":null}],""gamma_LT"":[{""iter"":1,""solved"":1,""failed"":0,""gap_p90"":0,""cache_hr"":100,""fixed"":4,""unan"":true,""key"":null}]}",0.0022144308125970668,True,2,OPTIMAL,solution_within_gap,False,,5:1,CTV|5:2;SOV|5:1,SOV|5|Dec:1;SOV|5|Feb:1;SOV|5|Jan:1,SOV1|5|Apr:1;SOV1|5|Aug:1;SOV1|5|Dec:1;SOV1|5|Feb:1;SOV1|5|Jan:1;SOV1|5|Jul:1;SOV1|5|Jun:1;SOV1|5|Mar:1;SOV1|5|May:1;SOV1|5|Nov:1;SOV1|5|Oct:1;SOV1|5|Sep:1;SOV2|5|Dec:1;SOV2|5|Feb:1;SOV2|5|Jan:1,393,8e1f6eec5f28b6aa,200,1-500,501-1500
20,3,29281651.26380185,10822650.0,18459001.26380181,862500.0,9056250.0,903900.0,17816657.901289914,242031.44791322286,400311.9145986983,,56.76704027503729,26.168088941834867,14.943359143100679,0.0027730073779821396,10.311359882354736,1,2,3,0.0392994348373639,1,3,4,3,0.039954040211859373,1,"{""eta"":[{""iter"":1,""solved"":3,""failed"":0,""gap_p90"":0,""cache_hr"":0,""fixed"":2,""unan"":true,""key"":null}],""gamma_LT"":[{""iter"":1,""solved"":3,""failed"":0,""gap_p90"":0,""cache_hr"":100,""fixed"":1,""unan"":false,""key"":""('gamma_LT', ('CTV',""},{""iter"":2,""solved"":3,""failed"":0,""gap_p90"":0,""cache_hr"":67,""fixed"":1,""unan"":false,""key"":""('gamma_LT', ('SOV',""},{""iter"":3,""solved"":3,""failed"":0,""gap_p90"":0,""cache_hr"":67,""fixed"":2,""unan"":true,""key"":null}]}",0.017251330911410075,True,2,OPTIMAL,solution_within_gap,False,,5:1,CTV|5:2;SOV|5:1,CTV|5|Jan:2;SOV|5|Dec:1,SOV1|5|Apr:1;SOV1|5|Aug:1;SOV1|5|Dec:1;SOV1|5|Feb:1;SOV1|5|Jan:1;SOV1|5|Jul:1;SOV1|5|Jun:1;SOV1|5|Mar:1;SOV1|5|May:1;SOV1|5|Nov:1;SOV1|5|Oct:1;SOV1|5|Sep:1;SOV2|5|Dec:1,92;228;307,8e1f6eec5f28b6aa,200,1-500,501-1500
20,5,26402415.399346225,11189500.0,15212915.399345666,1380000.0,9056250.0,753250.0,14597546.489112612,224965.7054333913,390403.2048001864,,81.04100326821208,32.18166328687221,17.286050394177437,0.0040670279413461685,24.9023118019104,1,2,5,0.03999669923066909,1,3,4,5,0.03999669923066909,1,"{""eta"":[{""iter"":1,""solved"":5,""failed"":0,""gap_p90"":0,""cache_hr"":0,""fixed"":2,""unan"":true,""key"":null}],""gamma_LT"":[{""iter"":1,""solved"":5,""failed"":0,""gap_p90"":0,""cache_hr"":100,""fixed"":1,""unan"":false,""key"":""('gamma_LT', ('CTV',""},{""iter"":2,""solved"":5,""failed"":0,""gap_p90"":0,""cache_hr"":80,""fixed"":1,""unan"":false,""key"":""('gamma_LT', ('SOV',""},{""iter"":3,""solved"":5,""failed"":0,""gap_p90"":0,""cache_hr"":80,""fixed"":2,""unan"":true,""key"":null}]}",0.018365102320022218,True,2,OPTIMAL,solution_within_gap,False,,5:1,CTV|5:2;SOV|5:1,SOV|5|Dec:1;SOV|5|Jan:1,SOV1|5|Apr:1;SOV1|5|Aug:1;SOV1|5|Dec:1;SOV1|5|Feb:1;SOV1|5|Jan:1;SOV1|5|Jul:1;SOV1|5|Jun:1;SOV1|5|Mar:1;SOV1|5|May:1;SOV1|5|Nov:1;SOV1|5|Oct:1;SOV1|5|Sep:1;SOV2|5|Dec:1;SOV2|5|Jan:1,24;127;311;427;461,8e1f6eec5f28b6aa,200,1-500,501-1500
20,7,30227547.682690307,11189500.0,19038047.682692006,1380000.0,9056250.0,753250.0,18423712.771697022,232131.06076456475,382203.8502286748,,128.3091586465016,25.59641293529421,10.950837618671358,0.006281555630266666,83.88112020492554,1,2,7,0.03906080290932703,1,3,4,7,0.039995411096228096,1,"{""eta"":[{""iter"":1,""solved"":7,""failed"":0,""gap_p90"":0,""cache_hr"":0,""fixed"":2,""unan"":true,""key"":null}],""gamma_LT"":[{""iter"":1,""solved"":7,""failed"":0,""gap_p90"":0,""cache_hr"":100,""fixed"":1,""unan"":false,""key"":""('gamma_LT', ('CTV',""},{""iter"":2,""solved"":7,""failed"":0,""gap_p90"":0,""cache_hr"":86,""fixed"":1,""unan"":false,""key"":""('gamma_LT', ('SOV',""},{""iter"":3,""solved"":7,""failed"":0,""gap_p90"":0,""cache_hr"":57,""fixed"":2,""unan"":true,""key"":null}]}",0.005420123327553045,True,2,OPTIMAL,solution_within_gap,False,,5:1,CTV|5:2;SOV|5:1,SOV|5|Dec:1;SOV|5|Jan:1,SOV1|5|Apr:1;SOV1|5|Aug:1;SOV1|5|Dec:1;SOV1|5|Feb:1;SOV1|5|Jan:1;SOV1|5|Jul:1;SOV1|5|Jun:1;SOV1|5|Mar:1;SOV1|5|May:1;SOV1|5|Nov:1;SOV1|5|Oct:1;SOV1|5|Sep:1;SOV2|5|Dec:1;SOV2|5|Jan:1,17;51;167;310;381;400;493,8e1f6eec5f28b6aa,200,1-500,501-1500
20,10,28133108.798385885,9647925.0,18485183.798390403,7158750.0,1811250.0,677925.0,17757866.615436263,406249.96478766866,321067.2181618275,,195.79733696579933,23.24567799642682,19.094687312841415,0.008829277008771896,143.82676196098328,1,2,10,0.03937329906243869,1,3,4,10,0.03998946535527497,1,"{""eta"":[{""iter"":1,""solved"":10,""failed"":0,""gap_p90"":0,""cache_hr"":0,""fixed"":2,""unan"":true,""key"":null}],""gamma_LT"":[{""iter"":1,""solved"":10,""failed"":0,""gap_p90"":0,""cache_hr"":100,""fixed"":1,""unan"":false,""key"":""('gamma_LT', ('CTV',""},{""iter"":2,""solved"":10,""failed"":0,""gap_p90"":0,""cache_hr"":70,""fixed"":1,""unan"":false,""key"":""('gamma_LT', ('SOV',""},{""iter"":3,""solved"":10,""failed"":0,""gap_p90"":0,""cache_hr"":30,""fixed"":2,""unan"":true,""key"":null}]}",0.019677530447782827,True,2,OPTIMAL,solution_within_gap,False,,5:1,CTV|5:2,CTV|5|Aug:1;CTV|5|Dec:1;CTV|5|Feb:1;CTV|5|Jan:1;CTV|5|Jul:2;CTV|5|Jun:2;CTV|5|May:1;CTV|5|Oct:1;CTV|5|Sep:1;SOV|5|Apr:1;SOV|5|Aug:1;SOV|5|Dec:1;SOV|5|Feb:1;SOV|5|Jan:1;SOV|5|Mar:1;SOV|5|Nov:1;SOV|5|Oct:1;SOV|5|Sep:1,SOV1|5|Apr:1;SOV1|5|Aug:1;SOV1|5|Dec:1;SOV1|5|Feb:1;SOV1|5|Jan:1;SOV1|5|Mar:1;SOV1|5|Nov:1;SOV1|5|Oct:1;SOV1|5|Sep:1,3;173;205;227;328;362;375;470;479;494,8e1f6eec5f28b6aa,200,1-500,501-1500
20,15,26958788.434843406,10003850.0,16954938.4348446,345000.0,9056250.0,602600.0,16294307.839530656,260123.14604505248,400507.4492675486,,378.53594384528697,106.60643860232085,19.598726716823876,0.012875963002443314,238.91629791259766,1,2,15,0.039546818621966684,1,3,4,15,0.03999432678438235,1,"{""eta"":[{""iter"":1,""solved"":15,""failed"":0,""gap_p90"":0,""cache_hr"":0,""fixed"":2,""unan"":true,""key"":null}],""gamma_LT"":[{""iter"":1,""solved"":15,""failed"":0,""gap_p90"":0,""cache_hr"":100,""fixed"":1,""unan"":false,""key"":""('gamma_LT', ('CTV',""},{""iter"":2,""solved"":15,""failed"":0,""gap_p90"":0,""cache_hr"":80,""fixed"":1,""unan"":false,""key"":""('gamma_LT', ('SOV',""},{""iter"":3,""solved"":15,""failed"":0,""gap_p90"":0,""cache_hr"":60,""fixed"":2,""unan"":true,""key"":null}]}",0.012148692902792859,True,2,OPTIMAL,solution_within_gap,False,,5:1,CTV|5:2;SOV|5:1,CTV|5|Dec:2;CTV|5|Jan:2,SOV1|5|Apr:1;SOV1|5|Aug:1;SOV1|5|Dec:1;SOV1|5|Feb:1;SOV1|5|Jan:1;SOV1|5|Jul:1;SOV1|5|Jun:1;SOV1|5|Mar:1;SOV1|5|May:1;SOV1|5|Nov:1;SOV1|5|Oct:1;SOV1|5|Sep:1,31;42;53;58;104;159;231;246;261;285;347;370;387;388;481,8e1f6eec5f28b6aa,200,1-500,501-1500
20,20,28655530.64888688,9756025.0,18899505.64888054,172500.0,9056250.0,527275.0,18257533.192633085,241804.41935240652,400168.03690139303,,1168.0402841633186,29.586466868408024,21.392727288417518,0.01552677620202303,1100.93705701828,1,2,20,0.03988042676181899,1,3,4,20,0.039989216674532514,1,"{""eta"":[{""iter"":1,""solved"":20,""failed"":0,""gap_p90"":0,""cache_hr"":0,""fixed"":2,""unan"":true,""key"":null}],""gamma_LT"":[{""iter"":1,""solved"":20,""failed"":0,""gap_p90"":0,""cache_hr"":100,""fixed"":1,""unan"":false,""key"":""('gamma_LT', ('CTV',""},{""iter"":2,""solved"":20,""failed"":0,""gap_p90"":0,""cache_hr"":75,""fixed"":1,""unan"":false,""key"":""('gamma_LT', ('SOV',""},{""iter"":3,""solved"":20,""failed"":0,""gap_p90"":0,""cache_hr"":60,""fixed"":2,""unan"":true,""key"":null}]}",0.0,True,2,OPTIMAL,solution_within_gap,False,,5:1,CTV|5:2;SOV|5:1,CTV|5|Dec:1;CTV|5|Jan:1,SOV1|5|Apr:1;SOV1|5|Aug:1;SOV1|5|Dec:1;SOV1|5|Feb:1;SOV1|5|Jan:1;SOV1|5|Jul:1;SOV1|5|Jun:1;SOV1|5|Mar:1;SOV1|5|May:1;SOV1|5|Nov:1;SOV1|5|Oct:1;SOV1|5|Sep:1,3;41;87;104;111;135;156;202;241;242;272;274;291;299;326;353;368;391;423;438,8e1f6eec5f28b6aa,200,1-500,501-1500
