instance_id,tree_size,objective,first_stage_cost,second_stage_cost,charter_cost_ST,charter_cost_LT,charter_cost_mob,downtime_cost,travel_cost_S,travel_cost_M,MIP_runtime,Con_total runtime,Con_eta runtime,Con_gamma_LT_runtime,Con_gamma_ST_runtime,Con_Master_runtime,Con_eta_n_iters,Con_eta_vars_fixed,Con_eta_judges_solved_min,Con_eta_gap_p90_max,Con_eta_unanimous_count,Con_gamma_LT_n_iters,Con_gamma_LT_vars_fixed,Con_gamma_LT_judges_solved_min,Con_gamma_LT_gap_p90_max,Con_gamma_LT_unanimous_count,Con_fix_history_json,MIPGap,has_solution,solve_status_code,solve_status,solve_outcome,gap_pruned,optimize_error,eta,gamma_LT,gamma_ST,alpha,scenarios,param_signature,seed,iss_pool,oos_pool
1,1,44515066.28215675,17150525.0,27364541.282156948,6813750.0,9056250.0,1280525.0,25936288.654952556,435816.4244753261,992436.2027288772,,103.00923291221261,95.33665625844151,0.0003705732524394989,0.0010197283700108528,3.980923891067505,1,2,1,0.03966964411431889,1,1,4,1,0.03966964411431889,1,"{""eta"":[{""iter"":1,""solved"":1,""failed"":0,""gap_p90"":0,""cache_hr"":0,""fixed"":2,""unan"":true,""key"":null}],""gamma_LT"":[{""iter"":1,""solved"":1,""failed"":0,""gap_p90"":0,""cache_hr"":100,""fixed"":4,""unan"":true,""key"":null}]}",0.01690408800668786,True,2,OPTIMAL,solution_within_gap,False,,5:1,CTV|5:2;SOV|5:1,CTV|5|Apr:1;CTV|5|Aug:2;CTV|5|Jul:1;CTV|5|Jun:1;CTV|5|May:2;SOV|5|Dec:1;SOV|5|Feb:2;SOV|5|Jan:2;SOV|5|Mar:1;SOV|5|Nov:1;SOV|5|Oct:1;SOV|5|Sep:1,SOV1|5|Apr:1;SOV1|5|Aug:1;SOV1|5|Dec:1;SOV1|5|Feb:1;SOV1|5|Jan:1;SOV1|5|Jul:1;SOV1|5|Jun:1;SOV1|5|Mar:1;SOV1|5|May:1;SOV1|5|Nov:1;SOV1|5|Oct:1;SOV1|5|Sep:1;SOV2|5|Dec:1;SOV2|5|Feb:1;SOV2|5|Jan:1;SOV2|5|Mar:1;SOV2|5|Nov:1;SOV2|5|Oct:1;SOV2|5|Sep:1;SOV3|5|Feb:1;SOV3|5|Jan:1,20,dd12bca24f040401,200,1-500,501-1500
1,3,39008649.79848368,14616500.0,24392149.798483405,4053750.0,9056250.0,1506500.0,23255611.955649387,467908.16954206495,668629.6732922297,,161.25607359409332,125.94867277238518,10.045644362457097,0.002717341296374798,19.060807943344116,1,2,3,0.03818036658864328,1,2,4,3,0.03999758983089298,1,"{""eta"":[{""iter"":1,""solved"":3,""failed"":0,""gap_p90"":0,""cache_hr"":0,""fixed"":2,""unan"":true,""key"":null}],""gamma_LT"":[{""iter"":1,""solved"":3,""failed"":0,""gap_p90"":0,""cache_hr"":100,""fixed"":1,""unan"":false,""key"":""('gamma_LT', ('SOV',""},{""iter"":2,""solved"":3,""failed"":0,""gap_p90"":0,""cache_hr"":67,""fixed"":3,""unan"":true,""key"":null}]}",0.014213530760754971,True,2,OPTIMAL,solution_within_gap,False,,6:1,CTV|6:2;SOV|6:1,CTV|6|Apr:1;CTV|6|Aug:1;CTV|6|Dec:1;CTV|6|Jan:4;SOV|6|Dec:1;SOV|6|Feb:2;SOV|6|Jan:1;SOV|6|Nov:1,SOV1|6|Apr:1;SOV1|6|Aug:1;SOV1|6|Dec:1;SOV1|6|Feb:1;SOV1|6|Jan:1;SOV1|6|Jul:1;SOV1|6|Jun:1;SOV1|6|Mar:1;SOV1|6|May:1;SOV1|6|Nov:1;SOV1|6|Oct:1;SOV1|6|Sep:1;SOV2|6|Dec:1;SOV2|6|Feb:1;SOV2|6|Jan:1;SOV2|6|Nov:1;SOV3|6|Feb:1,118;323;332,dd12bca24f040401,200,1-500,501-1500
1,5,36297237.2413591,11178575.0,25118662.24135678,1293750.0,9056250.0,828575.0,23880341.706550967,541894.9270965359,696425.6077115356,,627.4445917531848,557.6084331702441,11.296600047498941,0.0044574011117219925,50.85116982460022,2,2,5,0.03999701592391697,1,2,4,5,0.03999701592391697,1,"{""eta"":[{""iter"":1,""solved"":5,""failed"":0,""gap_p90"":0,""cache_hr"":0,""fixed"":1,""unan"":false,""key"":""('eta', '5')""},{""iter"":2,""solved"":5,""failed"":0,""gap_p90"":0,""cache_hr"":80,""fixed"":1,""unan"":true,""key"":null}],""gamma_LT"":[{""iter"":1,""solved"":5,""failed"":0,""gap_p90"":0,""cache_hr"":100,""fixed"":1,""unan"":false,""key"":""('gamma_LT', ('CTV',""},{""iter"":2,""solved"":5,""failed"":0,""gap_p90"":0,""cache_hr"":60,""fixed"":3,""unan"":true,""key"":null}]}",0.01902244753746744,True,2,OPTIMAL,solution_within_gap,False,,6:1,CTV|6:2;SOV|6:1,CTV|6|Dec:1;CTV|6|Feb:1;CTV|6|Jan:1;CTV|6|Mar:1;CTV|6|Nov:1;CTV|6|Oct:1;CTV|6|Sep:1;SOV|6|Dec:1,SOV1|6|Apr:1;SOV1|6|Aug:1;SOV1|6|Dec:1;SOV1|6|Feb:1;SOV1|6|Jan:1;SOV1|6|Jul:1;SOV1|6|Jun:1;SOV1|6|Mar:1;SOV1|6|May:1;SOV1|6|Nov:1;SOV1|6|Oct:1;SOV1|6|Sep:1;SOV2|6|Dec:1,89;218;270;287;445,dd12bca24f040401,200,1-500,501-1500
1,7,43283315.78064533,13421075.0,29862240.780647326,3536250.0,9056250.0,828575.0,28701421.47360594,434321.9403624729,726497.3666769483,,241.3759164456278,123.3355619367212,22.53422692976892,0.006175350397825241,85.51539492607117,2,2,7,0.039838963650367605,1,3,4,7,0.039946926381233434,1,"{""eta"":[{""iter"":1,""solved"":7,""failed"":0,""gap_p90"":0,""cache_hr"":0,""fixed"":1,""unan"":false,""key"":""('eta', '5')""},{""iter"":2,""solved"":7,""failed"":0,""gap_p90"":0,""cache_hr"":71,""fixed"":1,""unan"":true,""key"":null}],""gamma_LT"":[{""iter"":1,""solved"":7,""failed"":0,""gap_p90"":0,""cache_hr"":100,""fixed"":1,""unan"":false,""key"":""('gamma_LT', ('SOV',""},{""iter"":2,""solved"":7,""failed"":0,""gap_p90"":0,""cache_hr"":86,""fixed"":1,""unan"":false,""key"":""('gamma_LT', ('CTV',""},{""iter"":3,""solved"":7,""failed"":0,""gap_p90"":0,""cache_hr"":43,""fixed"":2,""unan"":true,""key"":null}]}",0.005277672714450445,True,2,OPTIMAL,solution_within_gap,False,,6:1,CTV|6:2;SOV|6:1,CTV|6|Jan:1;SOV|6|Dec:1;SOV|6|Feb:1;SOV|6|Jan:1;SOV|6|Nov:1;SOV|6|Oct:1,SOV1|6|Apr:1;SOV1|6|Aug:1;SOV1|6|Dec:1;SOV1|6|Feb:1;SOV1|6|Jan:1;SOV1|6|Jul:1;SOV1|6|Jun:1;SOV1|6|Mar:1;SOV1|6|May:1;SOV1|6|Nov:1;SOV1|6|Oct:1;SOV1|6|Sep:1;SOV2|6|Dec:1;SOV2|6|Feb:1;SOV2|6|Jan:1;SOV2|6|Nov:1;SOV2|6|Oct:1,31;179;185;224;336;349;498,dd12bca24f040401,200,1-500,501-1500
1,10,37143916.120823026,13949500.0,23194416.12082758,4140000.0,9056250.0,753250.0,22087751.803942006,412324.04010280693,694340.276778182,,557.5374688077718,385.3895772751421,27.72670910973102,0.00870294775813818,130.75248098373413,2,2,10,0.03949037068889899,1,2,4,10,0.03998234110048013,1,"{""eta"":[{""iter"":1,""solved"":10,""failed"":0,""gap_p90"":0,""cache_hr"":0,""fixed"":1,""unan"":false,""key"":""('eta', '5')""},{""iter"":2,""solved"":10,""failed"":0,""gap_p90"":0,""cache_hr"":90,""fixed"":1,""unan"":true,""key"":null}],""gamma_LT"":[{""iter"":1,""solved"":10,""failed"":0,""gap_p90"":0,""cache_hr"":100,""fixed"":1,""unan"":false,""key"":""('gamma_LT', ('CTV',""},{""iter"":2,""solved"":10,""failed"":0,""gap_p90"":0,""cache_hr"":60,""fixed"":3,""unan"":true,""key"":null}]}",0.013975207596409543,True,2,OPTIMAL,solution_within_gap,False,,6:1,CTV|6:2;SOV|6:1,SOV|6|Dec:1;SOV|6|Feb:1;SOV|6|Jan:1;SOV|6|Nov:1;SOV|6|Oct:1;SOV|6|Sep:1,SOV1|6|Apr:1;SOV1|6|Aug:1;SOV1|6|Dec:1;SOV1|6|Feb:1;SOV1|6|Jan:1;SOV1|6|Jul:1;SOV1|6|Jun:1;SOV1|6|Mar:1;SOV1|6|May:1;SOV1|6|Nov:1;SOV1|6|Oct:1;SOV1|6|Sep:1;SOV2|6|Dec:1;SOV2|6|Feb:1;SOV2|6|Jan:1;SOV2|6|Nov:1;SOV2|6|Oct:1;SOV2|6|Sep:1,36;57;71;223;251;260;334;375;393;426,dd12bca24f040401,200,1-500,501-1500
1,15,39437335.550515845,13949500.0,25487835.550516788,4140000.0,9056250.0,753250.0,24358420.57241363,407429.48365082167,721985.4944513009,,582.6193970926106,282.3258372358978,34.313927387818694,0.012656218372285366,246.980938911438,2,2,15,0.03982657234947642,1,3,4,15,0.03998317641351132,1,"{""eta"":[{""iter"":1,""solved"":15,""failed"":0,""gap_p90"":0,""cache_hr"":0,""fixed"":1,""unan"":false,""key"":""('eta', '5')""},{""iter"":2,""solved"":15,""failed"":0,""gap_p90"":0,""cache_hr"":87,""fixed"":1,""unan"":true,""key"":null}],""gamma_LT"":[{""iter"":1,""solved"":15,""failed"":0,""gap_p90"":0,""cache_hr"":100,""fixed"":1,""unan"":false,""key"":""('gamma_LT', ('SOV',""},{""iter"":2,""solved"":15,""failed"":0,""gap_p90"":0,""cache_hr"":73,""fixed"":1,""unan"":false,""key"":""('gamma_LT', ('CTV',""},{""iter"":3,""solved"":15,""failed"":0,""gap_p90"":0,""cache_hr"":67,""fixed"":2,""unan"":true,""key"":null}]}",0.005669043949250354,True,2,OPTIMAL,solution_within_gap,False,,6:1,CTV|6:2;SOV|6:1,SOV|6|Dec:1;SOV|6|Feb:1;SOV|6|Jan:1;SOV|6|Nov:1;SOV|6|Oct:1;SOV|6|Sep:1,SOV1|6|Apr:1;SOV1|6|Aug:1;SOV1|6|Dec:1;SOV1|6|Feb:1;SOV1|6|Jan:1;SOV1|6|Jul:1;SOV1|6|Jun:1;SOV1|6|Mar:1;SOV1|6|May:1;SOV1|6|Nov:1;SOV1|6|Oct:1;SOV1|6|Sep:1;SOV2|6|Dec:1;SOV2|6|Feb:1;SOV2|6|Jan:1;SOV2|6|Nov:1;SOV2|6|Oct:1;SOV2|6|Sep:1,18;90;131;229;275;305;323;325;349;356;363;377;406;412;447,dd12bca24f040401,200,1-500,501-1500
1,20,37279026.133010045,13949500.0,23329526.133006856,4140000.0,9056250.0,753250.0,22188412.653477058,410507.1403940697,730606.3391392133,,664.7499696407467,262.13334473688155,21.29807240050286,0.01655373629182577,356.141499042511,2,2,20,0.03999397983540062,1,2,4,20,0.039991753782288635,1,"{""eta"":[{""iter"":1,""solved"":20,""failed"":0,""gap_p90"":0,""cache_hr"":0,""fixed"":1,""unan"":false,""key"":""('eta', '5')""},{""iter"":2,""solved"":20,""failed"":0,""gap_p90"":0,""cache_hr"":75,""fixed"":1,""unan"":true,""key"":null}],""gamma_LT"":[{""iter"":1,""solved"":20,""failed"":0,""gap_p90"":0,""cache_hr"":100,""fixed"":1,""unan"":false,""key"":""('gamma_LT', ('CTV',""},{""iter"":2,""solved"":20,""failed"":0,""gap_p90"":0,""cache_hr"":70,""fixed"":3,""unan"":true,""key"":null}]}",0.012396453606623952,True,2,OPTIMAL,solution_within_gap,False,,6:1,CTV|6:2;SOV|6:1,SOV|6|Dec:1;SOV|6|Feb:1;SOV|6|Jan:1;SOV|6|Nov:1;SOV|6|Oct:1;SOV|6|Sep:1,SOV1|6|Apr:1;SOV1|6|Aug:1;SOV1|6|Dec:1;SOV1|6|Feb:1;SOV1|6|Jan:1;SOV1|6|Jul:1;SOV1|6|Jun:1;SOV1|6|Mar:1;SOV1|6|May:1;SOV1|6|Nov:1;SOV1|6|Oct:1;SOV1|6|Sep:1;SOV2|6|Dec:1;SOV2|6|Feb:1;SOV2|6|Jan:1;SOV2|6|Nov:1;SOV2|6|Oct:1;SOV2|6|Sep:1,24;43;64;88;110;116;118;145;219;224;240;291;292;312;405;409;467;480;491;495,dd12bca24f040401,200,1-500,501-1500
2,1,38679174.68954797,13151400.0,25527774.689548373,3191250.0,9056250.0,903900.0,24350065.919824034,482681.7329319124,695027.0367920195,,46.43486092612147,39.038254207000136,0.00011328700929880142,0.00032020267099142075,3.431899070739746,1,2,1,0.0398533045435703,1,1,4,1,0.0398533045435703,1,"{""eta"":[{""iter"":1,""solved"":1,""failed"":0,""gap_p90"":0,""cache_hr"":0,""fixed"":2,""unan"":true,""key"":null}],""gamma_LT"":[{""iter"":1,""solved"":1,""failed"":0,""gap_p90"":0,""cache_hr"":100,""fixed"":4,""unan"":true,""key"":null}]}",0.009902143101080852,True,2,OPTIMAL,solution_within_gap,False,,6:1,CTV|6:2;SOV|6:1,CTV|6|Dec:1;CTV|6|Jan:2;CTV|6|Nov:1;CTV|6|Oct:1;SOV|6|Dec:1;SOV|6|Feb:1;SOV|6|Jan:1;SOV|6|Nov:1,SOV1|6|Apr:1;SOV1|6|Aug:1;SOV1|6|Dec:1;SOV1|6|Feb:1;SOV1|6|Jan:1;SOV1|6|Jul:1;SOV1|6|Jun:1;SOV1|6|Mar:1;SOV1|6|May:1;SOV1|6|Nov:1;SOV1|6|Oct:1;SOV1|6|Sep:1;SOV2|6|Dec:1;SOV2|6|Feb:1;SOV2|6|Jan:1;SOV2|6|Nov:1,212,dd12bca24f040401,200,1-500,501-1500
2,3,34942250.23693426,12375150.0,22567100.23693404,2415000.0,9056250.0,903900.0,21326023.61906744,499179.41250092245,741897.2053659362,,167.62292777746916,124.84468645509332,10.173859748989344,0.002786872908473015,26.522480964660645,2,2,3,0.03992671493164511,1,2,4,3,0.03992671493164511,1,"{""eta"":[{""iter"":1,""solved"":3,""failed"":0,""gap_p90"":0,""cache_hr"":0,""fixed"":1,""unan"":false,""key"":""('eta', '5')""},{""iter"":2,""solved"":3,""failed"":0,""gap_p90"":0,""cache_hr"":67,""fixed"":1,""unan"":true,""key"":null}],""gamma_LT"":[{""iter"":1,""solved"":3,""failed"":0,""gap_p90"":0,""cache_hr"":100,""fixed"":1,""unan"":false,""key"":""('gamma_LT', ('CTV',""},{""iter"":2,""solved"":3,""failed"":0,""gap_p90"":0,""cache_hr"":67,""fixed"":3,""unan"":true,""key"":null}]}",0.0062815600604154516,True,2,OPTIMAL,solution_within_gap,False,,6:1,CTV|6:2;SOV|6:1,CTV|6|Dec:2;CTV|6|Nov:1;CTV|6|Oct:1;SOV|6|Dec:1;SOV|6|Jan:1;SOV|6|Nov:1,SOV1|6|Apr:1;SOV1|6|Aug:1;SOV1|6|Dec:1;SOV1|6|Feb:1;SOV1|6|Jan:1;SOV1|6|Jul:1;SOV1|6|Jun:1;SOV1|6|Mar:1;SOV1|6|May:1;SOV1|6|Nov:1;SOV1|6|Oct:1;SOV1|6|Sep:1;SOV2|6|Dec:1;SOV2|6|Jan:1;SOV2|6|Nov:1,47;373;492,dd12bca24f040401,200,1-500,501-1500
2,5,34653958.06382403,13259500.0,21394458.06382203,3450000.0,9056250.0,753250.0,20283496.069145594,427526.22078689246,683435.7738914661,,274.9970298977569,191.62784682400525,11.556766734458506,0.004432979971170425,62.83829879760742,2,2,5,0.03997804735016034,1,2,4,5,0.03997804735016034,1,"{""eta"":[{""iter"":1,""solved"":5,""failed"":0,""gap_p90"":0,""cache_hr"":0,""fixed"":1,""unan"":false,""key"":""('eta', '5')""},{""iter"":2,""solved"":5,""failed"":0,""gap_p90"":0,""cache_hr"":80,""fixed"":1,""unan"":true,""key"":null}],""gamma_LT"":[{""iter"":1,""solved"":5,""failed"":0,""gap_p90"":0,""cache_hr"":100,""fixed"":1,""unan"":false,""key"":""('gamma_LT', ('CTV',""},{""iter"":2,""solved"":5,""failed"":0,""gap_p90"":0,""cache_hr"":60,""fixed"":3,""unan"":true,""key"":null}]}",0.004374194012808809,True,2,OPTIMAL,solution_within_gap,False,,6:1,CTV|6:2;SOV|6:1,SOV|6|Dec:1;SOV|6|Feb:1;SOV|6|Jan:1;SOV|6|Nov:1;SOV|6|Oct:1,SOV1|6|Apr:1;SOV1|6|Aug:1;SOV1|6|Dec:1;SOV1|6|Feb:1;SOV1|6|Jan:1;SOV1|6|Jul:1;SOV1|6|Jun:1;SOV1|6|Mar:1;SOV1|6|May:1;SOV1|6|Nov:1;SOV1|6|Oct:1;SOV1|6|Sep:1;SOV2|6|Dec:1;SOV2|6|Feb:1;SOV2|6|Jan:1;SOV2|6|Nov:1;SOV2|6|Oct:1,63;128;150;253;269,dd12bca24f040401,200,1-500,501-1500
2,7,40228084.433864586,12817325.0,27410759.433866635,2932500.0,9056250.0,828575.0,26203882.79169742,461365.2071952603,745511.4349719102,,371.3636940252036,212.39141073729843,25.26300989743322,0.006197438575327396,123.30896592140198,2,2,7,0.03995836130942072,1,2,4,7,0.03998375661082276,1,"{""eta"":[{""iter"":1,""solved"":7,""failed"":0,""gap_p90"":0,""cache_hr"":0,""fixed"":1,""unan"":false,""key"":""('eta', '5')""},{""iter"":2,""solved"":7,""failed"":0,""gap_p90"":0,""cache_hr"":71,""fixed"":1,""unan"":true,""key"":null}],""gamma_LT"":[{""iter"":1,""solved"":7,""failed"":0,""gap_p90"":0,""cache_hr"":100,""fixed"":1,""unan"":false,""key"":""('gamma_LT', ('CTV',""},{""iter"":2,""solved"":7,""failed"":0,""gap_p90"":0,""cache_hr"":71,""fixed"":3,""unan"":true,""key"":null}]}",0.010862250927559398,True,2,OPTIMAL,solution_within_gap,False,,6:1,CTV|6:2;SOV|6:1,CTV|6|Feb:1;CTV|6|Jan:1;SOV|6|Dec:1;SOV|6|Jan:1;SOV|6|Nov:1;SOV|6|Oct:1,SOV1|6|Apr:1;SOV1|6|Aug:1;SOV1|6|Dec:1;SOV1|6|Feb:1;SOV1|6|Jan:1;SOV1|6|Jul:1;SOV1|6|Jun:1;SOV1|6|Mar:1;SOV1|6|May:1;SOV1|6|Nov:1;SOV1|6|Oct:1;SOV1|6|Sep:1;SOV2|6|Dec:1;SOV2|6|Jan:1;SOV2|6|Nov:1;SOV2|6|Oct:1,52;62;145;308;315;342;443,dd12bca24f040401,200,1-500,501-1500
2,10,37144672.96874058,13593575.0,23551097.968745504,3708750.0,9056250.0,828575.0,22410274.73410504,445861.3674792802,694961.8671562478,,429.31123645137995,145.32209887448698,17.275397763587534,0.008599117398262024,252.67411088943481,2,2,10,0.03980753369779528,1,2,4,10,0.03980753369779528,1,"{""eta"":[{""iter"":1,""solved"":10,""failed"":0,""gap_p90"":0,""cache_hr"":0,""fixed"":1,""unan"":false,""key"":""('eta', '5')""},{""iter"":2,""solved"":10,""failed"":0,""gap_p90"":0,""cache_hr"":80,""fixed"":1,""unan"":true,""key"":null}],""gamma_LT"":[{""iter"":1,""solved"":10,""failed"":0,""gap_p90"":0,""cache_hr"":100,""fixed"":1,""unan"":false,""key"":""('gamma_LT', ('CTV',""},{""iter"":2,""solved"":10,""failed"":0,""gap_p90"":0,""cache_hr"":60,""fixed"":3,""unan"":true,""key"":null}]}",0.010388520516740966,True,2,OPTIMAL,solution_within_gap,False,,6:1,CTV|6:2;SOV|6:1,CTV|6|Dec:1;CTV|6|Nov:1;CTV|6|Oct:1;SOV|6|Dec:1;SOV|6|Feb:1;SOV|6|Jan:1;SOV|6|Nov:1;SOV|6|Oct:1,SOV1|6|Apr:1;SOV1|6|Aug:1;SOV1|6|Dec:1;SOV1|6|Feb:1;SOV1|6|Jan:1;SOV1|6|Jul:1;SOV1|6|Jun:1;SOV1|6|Mar:1;SOV1|6|May:1;SOV1|6|Nov:1;SOV1|6|Oct:1;SOV1|6|Sep:1;SOV2|6|Dec:1;SOV2|6|Feb:1;SOV2|6|Jan:1;SOV2|6|Nov:1;SOV2|6|Oct:1,58;108;125;162;180;216;218;219;338;341,dd12bca24f040401,200,1-500,501-1500
2,15,38217287.07158888,14250800.0,23966487.071589895,4140000.0,9056250.0,1054550.0,22817666.99766259,431948.55503148725,716871.5188948602,,1342.171193701215,354.3300137594342,28.96899590548128,0.012889020144939423,939.2665238380432,2,2,15,0.03981171175747622,1,3,4,15,0.03999612619817418,1,"{""eta"":[{""iter"":1,""solved"":15,""failed"":0,""gap_p90"":0,""cache_hr"":0,""fixed"":1,""unan"":false,""key"":""('eta', '5')""},{""iter"":2,""solved"":15,""failed"":0,""gap_p90"":0,""cache_hr"":80,""fixed"":1,""unan"":true,""key"":null}],""gamma_LT"":[{""iter"":1,""solved"":15,""failed"":0,""gap_p90"":0,""cache_hr"":100,""fixed"":1,""unan"":false,""key"":""('gamma_LT', ('SOV',""},{""iter"":2,""solved"":15,""failed"":0,""gap_p90"":0,""cache_hr"":93,""fixed"":1,""unan"":false,""key"":""('gamma_LT', ('CTV',""},{""iter"":3,""solved"":15,""failed"":0,""gap_p90"":0,""cache_hr"":67,""fixed"":2,""unan"":true,""key"":null}]}",0.018978647813995695,True,2,OPTIMAL,solution_within_gap,False,,6:1,CTV|6:2;SOV|6:1,SOV|6|Dec:2;SOV|6|Feb:1;SOV|6|Jan:1;SOV|6|Nov:1;SOV|6|Oct:1,SOV1|6|Apr:1;SOV1|6|Aug:1;SOV1|6|Dec:1;SOV1|6|Feb:1;SOV1|6|Jan:1;SOV1|6|Jul:1;SOV1|6|Jun:1;SOV1|6|Mar:1;SOV1|6|May:1;SOV1|6|Nov:1;SOV1|6|Oct:1;SOV1|6|Sep:1;SOV2|6|Dec:1;SOV2|6|Feb:1;SOV2|6|Jan:1;SOV2|6|Nov:1;SOV2|6|Oct:1;SOV3|6|Dec:1,10;32;86;131;180;202;216;235;267;280;330;346;423;434;475,dd12bca24f040401,200,1-500,501-1500
2,20,40840573.044045866,13259500.0,27581073.044043016,3450000.0,9056250.0,753250.0,26404842.66798637,438523.87694010686,737706.4991196537,,999.518562676385,412.63473728392273,34.784933023154736,0.01737226266413927,526.5954728126526,2,2,20,0.0399886916207109,1,3,4,20,0.0399886916207109,1,"{""eta"":[{""iter"":1,""solved"":20,""failed"":0,""gap_p90"":0,""cache_hr"":0,""fixed"":1,""unan"":false,""key"":""('eta', '5')""},{""iter"":2,""solved"":20,""failed"":0,""gap_p90"":0,""cache_hr"":75,""fixed"":1,""unan"":true,""key"":null}],""gamma_LT"":[{""iter"":1,""solved"":20,""failed"":0,""gap_p90"":0,""cache_hr"":100,""fixed"":1,""unan"":false,""key"":""('gamma_LT', ('SOV',""},{""iter"":2,""solved"":20,""failed"":0,""gap_p90"":0,""cache_hr"":95,""fixed"":1,""unan"":false,""key"":""('gamma_LT', ('CTV',""},{""iter"":3,""solved"":20,""failed"":0,""gap_p90"":0,""cache_hr"":45,""fixed"":2,""unan"":true,""key"":null}]}",0.013082879127849298,True,2,OPTIMAL,solution_within_gap,False,,6:1,CTV|6:2;SOV|6:1,SOV|6|Dec:1;SOV|6|Feb:1;SOV|6|Jan:1;SOV|6|Nov:1;SOV|6|Oct:1,SOV1|6|Apr:1;SOV1|6|Aug:1;SOV1|6|Dec:1;SOV1|6|Feb:1;SOV1|6|Jan:1;SOV1|6|Jul:1;SOV1|6|Jun:1;SOV1|6|Mar:1;SOV1|6|May:1;SOV1|6|Nov:1;SOV1|6|Oct:1;SOV1|6|Sep:1;SOV2|6|Dec:1;SOV2|6|Feb:1;SOV2|6|Jan:1;SOV2|6|Nov:1;SOV2|6|Oct:1,15;32;46;50;93;120;199;214;277;305;310;359;370;378;413;430;445;446;450;458,dd12bca24f040401,200,1-500,501-1500
3,1,32670553.137785435,11728275.0,20942278.137785878,862500.0,9961875.0,903900.0,19722669.288177438,585333.5198102081,634275.3297977935,,63.833441430702806,57.520370634272695,0.00032721739262342453,0.0009944755584001541,2.786069869995117,1,2,1,0.03851716414713987,1,1,4,1,0.03851716414713987,1,"{""eta"":[{""iter"":1,""solved"":1,""failed"":0,""gap_p90"":0,""cache_hr"":0,""fixed"":2,""unan"":true,""key"":null}],""gamma_LT"":[{""iter"":1,""solved"":1,""failed"":0,""gap_p90"":0,""cache_hr"":100,""fixed"":4,""unan"":true,""key"":null}]}",0.010801923584508296,True,2,OPTIMAL,solution_within_gap,False,,6:1,CTV|6:3;SOV|6:1,CTV|6|Dec:1;CTV|6|Jan:1;SOV|6|Dec:1,SOV1|6|Apr:1;SOV1|6|Aug:1;SOV1|6|Dec:1;SOV1|6|Feb:1;SOV1|6|Jan:1;SOV1|6|Jul:1;SOV1|6|Jun:1;SOV1|6|Mar:1;SOV1|6|May:1;SOV1|6|Nov:1;SOV1|6|Oct:1;SOV1|6|Sep:1;SOV2|6|Dec:1,42,dd12bca24f040401,200,1-500,501-1500
3,3,36081988.56336087,13906375.0,22175613.563360658,5002500.0,8150625.0,753250.0,21095670.79917931,393303.09340046917,686639.6707810963,,208.63497566990554,146.25693308375776,14.409299398772418,0.002749393694102764,42.12212610244751,2,2,3,0.039796511965903864,1,2,4,3,0.03997747173065206,1,"{""eta"":[{""iter"":1,""solved"":3,""failed"":0,""gap_p90"":0,""cache_hr"":0,""fixed"":1,""unan"":false,""key"":""('eta', '5')""},{""iter"":2,""solved"":3,""failed"":0,""gap_p90"":0,""cache_hr"":67,""fixed"":1,""unan"":true,""key"":null}],""gamma_LT"":[{""iter"":1,""solved"":3,""failed"":0,""gap_p90"":0,""cache_hr"":100,""fixed"":1,""unan"":false,""key"":""('gamma_LT', ('CTV',""},{""iter"":2,""solved"":3,""failed"":0,""gap_p90"":0,""cache_hr"":33,""fixed"":3,""unan"":true,""key"":null}]}",0.007515106929375796,True,2,OPTIMAL,solution_within_gap,False,,6:1,CTV|6:1;SOV|6:1,CTV|6|Apr:1;CTV|6|Aug:1;CTV|6|Dec:1;CTV|6|Feb:1;CTV|6|Jan:1;CTV|6|Jul:1;CTV|6|Jun:1;CTV|6|Mar:1;CTV|6|May:1;CTV|6|Sep:1;SOV|6|Dec:1;SOV|6|Feb:1;SOV|6|Jan:1;SOV|6|Nov:1;SOV|6|Oct:1;SOV|6|Sep:1,SOV1|6|Apr:1;SOV1|6|Aug:1;SOV1|6|Dec:1;SOV1|6|Feb:1;SOV1|6|Jan:1;SOV1|6|Jul:1;SOV1|6|Jun:1;SOV1|6|Mar:1;SOV1|6|May:1;SOV1|6|Nov:1;SOV1|6|Oct:1;SOV1|6|Sep:1;SOV2|6|Dec:1;SOV2|6|Feb:1;SOV2|6|Jan:1;SOV2|6|Nov:1;SOV2|6|Oct:1;SOV2|6|Sep:1,354;388;419,dd12bca24f040401,200,1-500,501-1500
3,5,42973186.71037561,13259500.0,29713686.71037361,3450000.0,9056250.0,753250.0,28543725.951331522,410803.12840543647,759157.6306385392,,170.33903096150607,59.3895048070699,33.087739828042686,0.004451354965567589,70.08126187324524,1,2,5,0.039712302787146804,1,3,4,5,0.03999304947929092,1,"{""eta"":[{""iter"":1,""solved"":5,""failed"":0,""gap_p90"":0,""cache_hr"":0,""fixed"":2,""unan"":true,""key"":null}],""gamma_LT"":[{""iter"":1,""solved"":5,""failed"":0,""gap_p90"":0,""cache_hr"":100,""fixed"":1,""unan"":false,""key"":""('gamma_LT', ('CTV',""},{""iter"":2,""solved"":5,""failed"":0,""gap_p90"":0,""cache_hr"":80,""fixed"":1,""unan"":false,""key"":""('gamma_LT', ('SOV',""},{""iter"":3,""solved"":5,""failed"":0,""gap_p90"":0,""cache_hr"":80,""fixed"":2,""unan"":true,""key"":null}]}",0.008261938145294096,True,2,OPTIMAL,solution_within_gap,False,,6:1,CTV|6:2;SOV|6:1,SOV|6|Dec:1;SOV|6|Feb:1;SOV|6|Jan:1;SOV|6|Nov:1;SOV|6|Oct:1,SOV1|6|Apr:1;SOV1|6|Aug:1;SOV1|6|Dec:1;SOV1|6|Feb:1;SOV1|6|Jan:1;SOV1|6|Jul:1;SOV1|6|Jun:1;SOV1|6|Mar:1;SOV1|6|May:1;SOV1|6|Nov:1;SOV1|6|Oct:1;SOV1|6|Sep:1;SOV2|6|Dec:1;SOV2|6|Feb:1;SOV2|6|Jan:1;SOV2|6|Nov:1;SOV2|6|Oct:1,45;52;231;235;276,dd12bca24f040401,200,1-500,501-1500
3,7,42385023.29234436,14940800.0,27444223.292346444,4830000.0,9056250.0,1054550.0,26274370.273530155,414215.59419996385,755637.4246143132,,411.6829952830449,177.80415771901608,26.85022656712681,0.006148736923933029,196.61990094184875,2,2,7,0.039682702770929466,1,2,4,7,0.039995870311047836,1,"{""eta"":[{""iter"":1,""solved"":7,""failed"":0,""gap_p90"":0,""cache_hr"":0,""fixed"":1,""unan"":false,""key"":""('eta', '5')""},{""iter"":2,""solved"":7,""failed"":0,""gap_p90"":0,""cache_hr"":71,""fixed"":1,""unan"":true,""key"":null}],""gamma_LT"":[{""iter"":1,""solved"":7,""failed"":0,""gap_p90"":0,""cache_hr"":100,""fixed"":1,""unan"":false,""key"":""('gamma_LT', ('CTV',""},{""iter"":2,""solved"":7,""failed"":0,""gap_p90"":0,""cache_hr"":43,""fixed"":3,""unan"":true,""key"":null}]}",0.019934516478454397,True,2,OPTIMAL,solution_within_gap,False,,6:1,CTV|6:2;SOV|6:1,SOV|6|Dec:2;SOV|6|Feb:1;SOV|6|Jan:2;SOV|6|Nov:1;SOV|6|Oct:1,SOV1|6|Apr:1;SOV1|6|Aug:1;SOV1|6|Dec:1;SOV1|6|Feb:1;SOV1|6|Jan:1;SOV1|6|Jul:1;SOV1|6|Jun:1;SOV1|6|Mar:1;SOV1|6|May:1;SOV1|6|Nov:1;SOV1|6|Oct:1;SOV1|6|Sep:1;SOV2|6|Dec:1;SOV2|6|Feb:1;SOV2|6|Jan:1;SOV2|6|Nov:1;SOV2|6|Oct:1;SOV3|6|Dec:1;SOV3|6|Jan:1,31;97;222;224;251;393;455,dd12bca24f040401,200,1-500,501-1500
3,10,38594822.41946144,13259500.0,25335322.41946612,3450000.0,9056250.0,753250.0,24182108.86700607,437439.87255752773,715773.6798977946,,890.873240548186,551.8065913263708,21.023164686746895,0.008733072318136692,304.60874581336975,2,2,10,0.03982434893239402,1,2,4,10,0.03982434893239402,1,"{""eta"":[{""iter"":1,""solved"":10,""failed"":0,""gap_p90"":0,""cache_hr"":0,""fixed"":1,""unan"":false,""key"":""('eta', '5')""},{""iter"":2,""solved"":10,""failed"":0,""gap_p90"":0,""cache_hr"":80,""fixed"":1,""unan"":true,""key"":null}],""gamma_LT"":[{""iter"":1,""solved"":10,""failed"":0,""gap_p90"":0,""cache_hr"":100,""fixed"":1,""unan"":false,""key"":""('gamma_LT', ('CTV',""},{""iter"":2,""solved"":10,""failed"":0,""gap_p90"":0,""cache_hr"":80,""fixed"":3,""unan"":true,""key"":null}]}",0.013950530718701025,True,2,OPTIMAL,solution_within_gap,False,,6:1,CTV|6:2;SOV|6:1,SOV|6|Dec:1;SOV|6|Feb:1;SOV|6|Jan:1;SOV|6|Nov:1;SOV|6|Oct:1,SOV1|6|Apr:1;SOV1|6|Aug:1;SOV1|6|Dec:1;SOV1|6|Feb:1;SOV1|6|Jan:1;SOV1|6|Jul:1;SOV1|6|Jun:1;SOV1|6|Mar:1;SOV1|6|May:1;SOV1|6|Nov:1;SOV1|6|Oct:1;SOV1|6|Sep:1;SOV2|6|Dec:1;SOV2|6|Feb:1;SOV2|6|Jan:1;SOV2|6|Nov:1;SOV2|6|Oct:1,39;52;155;160;209;211;217;238;244;499,dd12bca24f040401,200,1-500,501-1500
3,15,37400485.821587704,12127325.0,25273160.82158881,2242500.0,9056250.0,828575.0,24055555.52143493,483472.36064635444,734132.9395063227,,690.01478739921,219.51893885899335,18.47605540882796,0.012742802500724792,432.923730134964,2,2,15,0.03997627424467197,1,2,4,15,0.03997627424467197,1,"{""eta"":[{""iter"":1,""solved"":15,""failed"":0,""gap_p90"":0,""cache_hr"":0,""fixed"":1,""unan"":false,""key"":""('eta', '5')""},{""iter"":2,""solved"":15,""failed"":0,""gap_p90"":0,""cache_hr"":87,""fixed"":1,""unan"":true,""key"":null}],""gamma_LT"":[{""iter"":1,""solved"":15,""failed"":0,""gap_p90"":0,""cache_hr"":100,""fixed"":1,""unan"":false,""key"":""('gamma_LT', ('CTV',""},{""iter"":2,""solved"":15,""failed"":0,""gap_p90"":0,""cache_hr"":60,""fixed"":3,""unan"":true,""key"":null}]}",0.017148732434607024,True,2,OPTIMAL,solution_within_gap,False,,6:1,CTV|6:2;SOV|6:1,CTV|6|Aug:1;CTV|6|Sep:1;SOV|6|Dec:1;SOV|6|Jan:1;SOV|6|Nov:1,SOV1|6|Apr:1;SOV1|6|Aug:1;SOV1|6|Dec:1;SOV1|6|Feb:1;SOV1|6|Jan:1;SOV1|6|Jul:1;SOV1|6|Jun:1;SOV1|6|Mar:1;SOV1|6|May:1;SOV1|6|Nov:1;SOV1|6|Oct:1;SOV1|6|Sep:1;SOV2|6|Dec:1;SOV2|6|Jan:1;SOV2|6|Nov:1,64;121;144;158;159;208;287;337;341;377;404;443;466;479;489,dd12bca24f040401,200,1-500,501-1500
3,20,37702194.8157588,14250800.0,23451394.815756254,4140000.0,9056250.0,1054550.0,22327175.400977064,425059.87515922735,699159.5396228028,,1637.9699628371745,340.81377153564245,39.98042594175786,0.01539803296327591,1232.0628640651703,2,2,20,0.03985044305660815,1,3,4,20,0.039949413278004546,1,"{""eta"":[{""iter"":1,""solved"":20,""failed"":0,""gap_p90"":0,""cache_hr"":0,""fixed"":1,""unan"":false,""key"":""('eta', '5')""},{""iter"":2,""solved"":20,""failed"":0,""gap_p90"":0,""cache_hr"":90,""fixed"":1,""unan"":true,""key"":null}],""gamma_LT"":[{""iter"":1,""solved"":20,""failed"":0,""gap_p90"":0,""cache_hr"":100,""fixed"":1,""unan"":false,""key"":""('gamma_LT', ('SOV',""},{""iter"":2,""solved"":20,""failed"":0,""gap_p90"":0,""cache_hr"":95,""fixed"":1,""unan"":false,""key"":""('gamma_LT', ('CTV',""},{""iter"":3,""solved"":20,""failed"":0,""gap_p90"":0,""cache_hr"":70,""fixed"":2,""unan"":true,""key"":null}]}",0.019997705561896017,True,2,OPTIMAL,solution_within_gap,False,,6:1,CTV|6:2;SOV|6:1,SOV|6|Dec:2;SOV|6|Feb:1;SOV|6|Jan:1;SOV|6|Nov:1;SOV|6|Oct:1,SOV1|6|Apr:1;SOV1|6|Aug:1;SOV1|6|Dec:1;SOV1|6|Feb:1;SOV1|6|Jan:1;SOV1|6|Jul:1;SOV1|6|Jun:1;SOV1|6|Mar:1;SOV1|6|May:1;SOV1|6|Nov:1;SOV1|6|Oct:1;SOV1|6|Sep:1;SOV2|6|Dec:1;SOV2|6|Feb:1;SOV2|6|Jan:1;SOV2|6|Nov:1;SOV2|6|Oct:1;SOV3|6|Dec:1,17;39;48;51;70;87;91;114;125;128;227;251;263;291;387;395;406;419;493;498,dd12bca24f040401,200,1-500,501-1500
4,1,45340286.58523266,14541750.0,30798536.585233055,3450000.0,9961875.0,1129875.0,29542752.15632977,527478.8585573754,728305.5703454856,,148.2715791882947,141.38331650011241,0.00037587061524391174,0.0010225092992186546,3.0688059329986572,1,2,1,0.033755606084094815,1,1,4,1,0.033755606084094815,1,"{""eta"":[{""iter"":1,""solved"":1,""failed"":0,""gap_p90"":0,""cache_hr"":0,""fixed"":2,""unan"":true,""key"":null}],""gamma_LT"":[{""iter"":1,""solved"":1,""failed"":0,""gap_p90"":0,""cache_hr"":100,""fixed"":4,""unan"":true,""key"":null}]}",0.010173279037758286,True,2,OPTIMAL,solution_within_gap,False,,6:1,CTV|6:3;SOV|6:1,SOV|6|Dec:1;SOV|6|Jan:2;SOV|6|Nov:1;SOV|6|Oct:1,SOV1|6|Apr:1;SOV1|6|Aug:1;SOV1|6|Dec:1;SOV1|6|Feb:1;SOV1|6|Jan:1;SOV1|6|Jul:1;SOV1|6|Jun:1;SOV1|6|Mar:1;SOV1|6|May:1;SOV1|6|Nov:1;SOV1|6|Oct:1;SOV1|6|Sep:1;SOV2|6|Dec:1;SOV2|6|Jan:1;SOV2|6|Nov:1;SOV2|6|Oct:1;SOV3|6|Jan:1,29,dd12bca24f040401,200,1-500,501-1500
4,3,42715115.61794959,12978900.0,29736215.61794926,3018750.0,9056250.0,903900.0,28583316.682511505,512552.8605512259,640346.0748868225,,246.91030733752996,225.38102423306555,0.0004793712869286537,0.002746986225247383,15.754835844039917,2,2,3,0.039997564285635015,1,1,4,3,0.039968816924645115,1,"{""eta"":[{""iter"":1,""solved"":3,""failed"":0,""gap_p90"":0,""cache_hr"":0,""fixed"":1,""unan"":false,""key"":""('eta', '5')""},{""iter"":2,""solved"":3,""failed"":0,""gap_p90"":0,""cache_hr"":67,""fixed"":1,""unan"":true,""key"":null}],""gamma_LT"":[{""iter"":1,""solved"":3,""failed"":0,""gap_p90"":0,""cache_hr"":100,""fixed"":4,""unan"":true,""key"":null}]}",0.017882183876334314,True,2,OPTIMAL,solution_within_gap,False,,6:1,CTV|6:2;SOV|6:1,CTV|6|Apr:1;CTV|6|Aug:1;CTV|6|Feb:2;CTV|6|Jan:2;CTV|6|Jul:1;CTV|6|Jun:1;CTV|6|Mar:1;CTV|6|May:1;CTV|6|Sep:1;SOV|6|Dec:1;SOV|6|Jan:1;SOV|6|Nov:1,SOV1|6|Apr:1;SOV1|6|Aug:1;SOV1|6|Dec:1;SOV1|6|Feb:1;SOV1|6|Jan:1;SOV1|6|Jul:1;SOV1|6|Jun:1;SOV1|6|Mar:1;SOV1|6|May:1;SOV1|6|Nov:1;SOV1|6|Oct:1;SOV1|6|Sep:1;SOV2|6|Dec:1;SOV2|6|Jan:1;SOV2|6|Nov:1,88;458;468,dd12bca24f040401,200,1-500,501-1500
4,5,37839657.454818755,13259500.0,24580157.45481675,3450000.0,9056250.0,753250.0,23452478.16102347,430588.3607081523,697090.9330870525,,296.4333425378427,209.5281506208703,14.574598518200219,0.0029759323224425316,64.084636926651,1,2,5,0.039345966969920224,1,2,4,5,0.03998870675041797,1,"{""eta"":[{""iter"":1,""solved"":5,""failed"":0,""gap_p90"":0,""cache_hr"":0,""fixed"":2,""unan"":true,""key"":null}],""gamma_LT"":[{""iter"":1,""solved"":5,""failed"":0,""gap_p90"":0,""cache_hr"":100,""fixed"":1,""unan"":false,""key"":""('gamma_LT', ('CTV',""},{""iter"":2,""solved"":5,""failed"":0,""gap_p90"":0,""cache_hr"":60,""fixed"":3,""unan"":true,""key"":null}]}",0.005545792285369926,True,2,OPTIMAL,solution_within_gap,False,,6:1,CTV|6:2;SOV|6:1,SOV|6|Dec:1;SOV|6|Feb:1;SOV|6|Jan:1;SOV|6|Nov:1;SOV|6|Oct:1,SOV1|6|Apr:1;SOV1|6|Aug:1;SOV1|6|Dec:1;SOV1|6|Feb:1;SOV1|6|Jan:1;SOV1|6|Jul:1;SOV1|6|Jun:1;SOV1|6|Mar:1;SOV1|6|May:1;SOV1|6|Nov:1;SOV1|6|Oct:1;SOV1|6|Sep:1;SOV2|6|Dec:1;SOV2|6|Feb:1;SOV2|6|Jan:1;SOV2|6|Nov:1;SOV2|6|Oct:1,85;164;220;221;298,dd12bca24f040401,200,1-500,501-1500
4,7,34379225.0419532,13507325.0,20871900.04195508,3622500.0,9056250.0,828575.0,19728630.715637676,446881.2027009255,696388.1236145837,,307.20445120241493,195.6139918807894,10.968837205320597,0.00620128121227026,90.4452109336853,2,2,7,0.03942210851664807,1,2,4,7,0.03925380001045356,1,"{""eta"":[{""iter"":1,""solved"":7,""failed"":0,""gap_p90"":0,""cache_hr"":0,""fixed"":1,""unan"":false,""key"":""('eta', '5')""},{""iter"":2,""solved"":7,""failed"":0,""gap_p90"":0,""cache_hr"":86,""fixed"":1,""unan"":true,""key"":null}],""gamma_LT"":[{""iter"":1,""solved"":7,""failed"":0,""gap_p90"":0,""cache_hr"":100,""fixed"":1,""unan"":false,""key"":""('gamma_LT', ('CTV',""},{""iter"":2,""solved"":7,""failed"":0,""gap_p90"":0,""cache_hr"":86,""fixed"":3,""unan"":true,""key"":null}]}",0.011385988624045527,True,2,OPTIMAL,solution_within_gap,False,,6:1,CTV|6:2;SOV|6:1,CTV|6|Feb:1;CTV|6|Mar:1;SOV|6|Dec:1;SOV|6|Jan:1;SOV|6|Nov:1;SOV|6|Oct:1;SOV|6|Sep:1,SOV1|6|Apr:1;SOV1|6|Aug:1;SOV1|6|Dec:1;SOV1|6|Feb:1;SOV1|6|Jan:1;SOV1|6|Jul:1;SOV1|6|Jun:1;SOV1|6|Mar:1;SOV1|6|May:1;SOV1|6|Nov:1;SOV1|6|Oct:1;SOV1|6|Sep:1;SOV2|6|Dec:1;SOV2|6|Jan:1;SOV2|6|Nov:1;SOV2|6|Oct:1;SOV2|6|Sep:1,7;31;149;189;233;272;291,dd12bca24f040401,200,1-500,501-1500
4,10,35620061.557913855,11879500.0,23740561.557919264,2070000.0,9056250.0,753250.0,22537163.025613695,478798.5618707333,724599.9704294353,,837.1271698074415,570.8208961198106,29.161881773732603,0.008828156627714634,223.9897210597992,2,2,10,0.03982058675175062,1,3,4,10,0.03982058675175062,1,"{""eta"":[{""iter"":1,""solved"":10,""failed"":0,""gap_p90"":0,""cache_hr"":0,""fixed"":1,""unan"":false,""key"":""('eta', '5')""},{""iter"":2,""solved"":10,""failed"":0,""gap_p90"":0,""cache_hr"":90,""fixed"":1,""unan"":true,""key"":null}],""gamma_LT"":[{""iter"":1,""solved"":10,""failed"":0,""gap_p90"":0,""cache_hr"":100,""fixed"":1,""unan"":false,""key"":""('gamma_LT', ('SOV',""},{""iter"":2,""solved"":10,""failed"":0,""gap_p90"":0,""cache_hr"":90,""fixed"":1,""unan"":false,""key"":""('gamma_LT', ('CTV',""},{""iter"":3,""solved"":10,""failed"":0,""gap_p90"":0,""cache_hr"":50,""fixed"":2,""unan"":true,""key"":null}]}",0.01526754908527752,True,2,OPTIMAL,solution_within_gap,False,,6:1,CTV|6:2;SOV|6:1,SOV|6|Dec:1;SOV|6|Jan:1;SOV|6|Nov:1,SOV1|6|Apr:1;SOV1|6|Aug:1;SOV1|6|Dec:1;SOV1|6|Feb:1;SOV1|6|Jan:1;SOV1|6|Jul:1;SOV1|6|Jun:1;SOV1|6|Mar:1;SOV1|6|May:1;SOV1|6|Nov:1;SOV1|6|Oct:1;SOV1|6|Sep:1;SOV2|6|Dec:1;SOV2|6|Jan:1;SOV2|6|Nov:1,113;141;182;297;342;386;415;416;484;498,dd12bca24f040401,200,1-500,501-1500
4,15,43835848.814751476,13582650.0,30253198.814752564,3622500.0,9056250.0,903900.0,29092158.024005495,429426.6849324925,731614.1058135356,,813.24858287815,341.8260650597513,29.649511978961527,0.012134772725403309,423.2325279712677,2,2,15,0.0399975544279464,1,3,4,15,0.0399975544279464,1,"{""eta"":[{""iter"":1,""solved"":15,""failed"":0,""gap_p90"":0,""cache_hr"":0,""fixed"":1,""unan"":false,""key"":""('eta', '5')""},{""iter"":2,""solved"":15,""failed"":0,""gap_p90"":0,""cache_hr"":47,""fixed"":1,""unan"":true,""key"":null}],""gamma_LT"":[{""iter"":1,""solved"":15,""failed"":0,""gap_p90"":0,""cache_hr"":100,""fixed"":1,""unan"":false,""key"":""('gamma_LT', ('SOV',""},{""iter"":2,""solved"":15,""failed"":0,""gap_p90"":0,""cache_hr"":93,""fixed"":1,""unan"":false,""key"":""('gamma_LT', ('CTV',""},{""iter"":3,""solved"":15,""failed"":0,""gap_p90"":0,""cache_hr"":33,""fixed"":2,""unan"":true,""key"":null}]}",0.014646524043336998,True,2,OPTIMAL,solution_within_gap,False,,6:1,CTV|6:2;SOV|6:1,CTV|6|Mar:1;CTV|6|Sep:1;SOV|6|Dec:1;SOV|6|Feb:1;SOV|6|Jan:1;SOV|6|Nov:1;SOV|6|Oct:1,SOV1|6|Apr:1;SOV1|6|Aug:1;SOV1|6|Dec:1;SOV1|6|Feb:1;SOV1|6|Jan:1;SOV1|6|Jul:1;SOV1|6|Jun:1;SOV1|6|Mar:1;SOV1|6|May:1;SOV1|6|Nov:1;SOV1|6|Oct:1;SOV1|6|Sep:1;SOV2|6|Dec:1;SOV2|6|Feb:1;SOV2|6|Jan:1;SOV2|6|Nov:1;SOV2|6|Oct:1,8;43;46;79;153;171;192;202;236;269;305;358;388;432;445,dd12bca24f040401,200,1-500,501-1500
4,20,41056352.66145432,14639500.0,26416852.661451243,4830000.0,9056250.0,753250.0,25317138.666399032,381614.1117162909,718099.8833392764,,984.1249362463132,228.82222959585488,21.45281619951129,0.01620366983115673,709.5955958366394,2,2,20,0.03999701592391697,1,2,4,20,0.03999701592391697,1,"{""eta"":[{""iter"":1,""solved"":20,""failed"":0,""gap_p90"":0,""cache_hr"":0,""fixed"":1,""unan"":false,""key"":""('eta', '5')""},{""iter"":2,""solved"":20,""failed"":0,""gap_p90"":0,""cache_hr"":65,""fixed"":1,""unan"":true,""key"":null}],""gamma_LT"":[{""iter"":1,""solved"":20,""failed"":0,""gap_p90"":0,""cache_hr"":100,""fixed"":1,""unan"":false,""key"":""('gamma_LT', ('CTV',""},{""iter"":2,""solved"":20,""failed"":0,""gap_p90"":0,""cache_hr"":60,""fixed"":3,""unan"":true,""key"":null}]}",0.012885710207182809,True,2,OPTIMAL,solution_within_gap,False,,6:1,CTV|6:2;SOV|6:1,SOV|6|Dec:1;SOV|6|Feb:1;SOV|6|Jan:1;SOV|6|Mar:1;SOV|6|Nov:1;SOV|6|Oct:1;SOV|6|Sep:1,SOV1|6|Apr:1;SOV1|6|Aug:1;SOV1|6|Dec:1;SOV1|6|Feb:1;SOV1|6|Jan:1;SOV1|6|Jul:1;SOV1|6|Jun:1;SOV1|6|Mar:1;SOV1|6|May:1;SOV1|6|Nov:1;SOV1|6|Oct:1;SOV1|6|Sep:1;SOV2|6|Dec:1;SOV2|6|Feb:1;SOV2|6|Jan:1;SOV2|6|Mar:1;SOV2|6|Nov:1;SOV2|6|Oct:1;SOV2|6|Sep:1,11;15;59;61;92;94;185;192;219;270;300;342;350;380;389;410;478;487;497;500,dd12bca24f040401,200,1-500,501-1500
5,1,39014202.440068044,13883950.0,25130252.440068465,3622500.0,9056250.0,1205200.0,24020328.531151332,483745.9531188982,626177.9557977973,,48.46889932453632,40.80759902019054,0.00035450514405965805,0.0010385047644376755,3.67156982421875,1,2,1,0.022993220149483067,1,1,4,1,0.022993220149483067,1,"{""eta"":[{""iter"":1,""solved"":1,""failed"":0,""gap_p90"":0,""cache_hr"":0,""fixed"":2,""unan"":true,""key"":null}],""gamma_LT"":[{""iter"":1,""solved"":1,""failed"":0,""gap_p90"":0,""cache_hr"":100,""fixed"":4,""unan"":true,""key"":null}]}",0.002913152492533039,True,2,OPTIMAL,solution_within_gap,False,,6:1,CTV|6:2;SOV|6:1,CTV|6|Aug:1;CTV|6|Nov:1;SOV|6|Dec:1;SOV|6|Feb:1;SOV|6|Jan:2;SOV|6|Mar:1,SOV1|6|Apr:1;SOV1|6|Aug:1;SOV1|6|Dec:1;SOV1|6|Feb:1;SOV1|6|Jan:1;SOV1|6|Jul:1;SOV1|6|Jun:1;SOV1|6|Mar:1;SOV1|6|May:1;SOV1|6|Nov:1;SOV1|6|Oct:1;SOV1|6|Sep:1;SOV2|6|Dec:1;SOV2|6|Feb:1;SOV2|6|Jan:1;SOV2|6|Mar:1;SOV3|6|Jan:1,301,dd12bca24f040401,200,1-500,501-1500
5,3,42013763.13814871,13259500.0,28754263.13814841,3450000.0,9056250.0,753250.0,27611332.997225784,422343.3304049788,720586.8105179336,,189.9909989796579,148.68455467373133,9.782270687632263,0.002720422111451626,25.341049909591675,2,2,3,0.03999416654670614,1,2,4,3,0.03999416654670614,1,"{""eta"":[{""iter"":1,""solved"":3,""failed"":0,""gap_p90"":0,""cache_hr"":0,""fixed"":1,""unan"":false,""key"":""('eta', '5')""},{""iter"":2,""solved"":3,""failed"":0,""gap_p90"":0,""cache_hr"":67,""fixed"":1,""unan"":true,""key"":null}],""gamma_LT"":[{""iter"":1,""solved"":3,""failed"":0,""gap_p90"":0,""cache_hr"":100,""fixed"":1,""unan"":false,""key"":""('gamma_LT', ('CTV',""},{""iter"":2,""solved"":3,""failed"":0,""gap_p90"":0,""cache_hr"":67,""fixed"":3,""unan"":true,""key"":null}]}",0.009327047045689603,True,2,OPTIMAL,solution_within_gap,False,,6:1,CTV|6:2;SOV|6:1,SOV|6|Dec:1;SOV|6|Feb:1;SOV|6|Jan:1;SOV|6|Nov:1;SOV|6|Oct:1,SOV1|6|Apr:1;SOV1|6|Aug:1;SOV1|6|Dec:1;SOV1|6|Feb:1;SOV1|6|Jan:1;SOV1|6|Jul:1;SOV1|6|Jun:1;SOV1|6|Mar:1;SOV1|6|May:1;SOV1|6|Nov:1;SOV1|6|Oct:1;SOV1|6|Sep:1;SOV2|6|Dec:1;SOV2|6|Feb:1;SOV2|6|Jan:1;SOV2|6|Nov:1;SOV2|6|Oct:1,14;22;80,dd12bca24f040401,200,1-500,501-1500
5,5,39060608.55248039,12569500.0,26491108.55247833,2760000.0,9056250.0,753250.0,25295724.66244128,450474.02343952697,744909.8665995175,,248.69065228197724,182.15960207860917,0.0005869315937161446,0.004405226558446884,58.41719698905945,2,2,5,0.039953562079474626,1,1,4,5,0.039953562079474626,1,"{""eta"":[{""iter"":1,""solved"":5,""failed"":0,""gap_p90"":0,""cache_hr"":0,""fixed"":1,""unan"":false,""key"":""('eta', '5')""},{""iter"":2,""solved"":5,""failed"":0,""gap_p90"":0,""cache_hr"":80,""fixed"":1,""unan"":true,""key"":null}],""gamma_LT"":[{""iter"":1,""solved"":5,""failed"":0,""gap_p90"":0,""cache_hr"":100,""fixed"":4,""unan"":true,""key"":null}]}",0.013464812623620905,True,2,OPTIMAL,solution_within_gap,False,,6:1,CTV|6:2;SOV|6:1,SOV|6|Dec:1;SOV|6|Jan:1;SOV|6|Nov:1;SOV|6|Oct:1,SOV1|6|Apr:1;SOV1|6|Aug:1;SOV1|6|Dec:1;SOV1|6|Feb:1;SOV1|6|Jan:1;SOV1|6|Jul:1;SOV1|6|Jun:1;SOV1|6|Mar:1;SOV1|6|May:1;SOV1|6|Nov:1;SOV1|6|Oct:1;SOV1|6|Sep:1;SOV2|6|Dec:1;SOV2|6|Jan:1;SOV2|6|Nov:1;SOV2|6|Oct:1,25;119;132;187;370,dd12bca24f040401,200,1-500,501-1500
5,7,38877151.93127235,14294500.0,24582651.93127417,4485000.0,9056250.0,753250.0,23439517.26373201,456028.4104130917,687106.2571272139,,265.26622778363526,170.41302952356637,16.62709773145616,0.0061632972210645676,67.881756067276,2,2,7,0.0399975544279464,1,2,4,7,0.0399975544279464,1,"{""eta"":[{""iter"":1,""solved"":7,""failed"":0,""gap_p90"":0,""cache_hr"":0,""fixed"":1,""unan"":false,""key"":""('eta', '5')""},{""iter"":2,""solved"":7,""failed"":0,""gap_p90"":0,""cache_hr"":71,""fixed"":1,""unan"":true,""key"":null}],""gamma_LT"":[{""iter"":1,""solved"":7,""failed"":0,""gap_p90"":0,""cache_hr"":100,""fixed"":1,""unan"":false,""key"":""('gamma_LT', ('CTV',""},{""iter"":2,""solved"":7,""failed"":0,""gap_p90"":0,""cache_hr"":71,""fixed"":3,""unan"":true,""key"":null}]}",0.01953380833883248,True,2,OPTIMAL,solution_within_gap,False,,6:1,CTV|6:2;SOV|6:1,CTV|6|Apr:1;CTV|6|Aug:1;CTV|6|Dec:1;CTV|6|Feb:1;CTV|6|Jan:1;CTV|6|Jul:1;CTV|6|Jun:1;CTV|6|Mar:1;CTV|6|May:1;CTV|6|Nov:1;CTV|6|Oct:1;CTV|6|Sep:1;SOV|6|Dec:1;SOV|6|Feb:1;SOV|6|Jan:1;SOV|6|Nov:1;SOV|6|Oct:1,SOV1|6|Apr:1;SOV1|6|Aug:1;SOV1|6|Dec:1;SOV1|6|Feb:1;SOV1|6|Jan:1;SOV1|6|Jul:1;SOV1|6|Jun:1;SOV1|6|Mar:1;SOV1|6|May:1;SOV1|6|Nov:1;SOV1|6|Oct:1;SOV1|6|Sep:1;SOV2|6|Dec:1;SOV2|6|Feb:1;SOV2|6|Jan:1;SOV2|6|Nov:1;SOV2|6|Oct:1,165;192;216;232;237;482;488,dd12bca24f040401,200,1-500,501-1500
5,10,41847743.437905475,14111075.0,27736668.43790988,4226250.0,9056250.0,828575.0,26578605.01872584,410586.2854901622,747477.1336894343,,377.187597297132,141.49834337458014,16.84201750345528,0.0073814233765006065,205.80134797096252,2,2,10,0.039255806760136756,1,2,4,10,0.03992148243471206,1,"{""eta"":[{""iter"":1,""solved"":10,""failed"":0,""gap_p90"":0,""cache_hr"":0,""fixed"":1,""unan"":false,""key"":""('eta', '5')""},{""iter"":2,""solved"":10,""failed"":0,""gap_p90"":0,""cache_hr"":80,""fixed"":1,""unan"":true,""key"":null}],""gamma_LT"":[{""iter"":1,""solved"":10,""failed"":0,""gap_p90"":0,""cache_hr"":100,""fixed"":1,""unan"":false,""key"":""('gamma_LT', ('CTV',""},{""iter"":2,""solved"":10,""failed"":0,""gap_p90"":0,""cache_hr"":70,""fixed"":3,""unan"":true,""key"":null}]}",0.0190232775787817,True,2,OPTIMAL,solution_within_gap,False,,6:1,CTV|6:2;SOV|6:1,CTV|6|Nov:1;SOV|6|Dec:1;SOV|6|Feb:1;SOV|6|Jan:1;SOV|6|Nov:1;SOV|6|Oct:1;SOV|6|Sep:1,SOV1|6|Apr:1;SOV1|6|Aug:1;SOV1|6|Dec:1;SOV1|6|Feb:1;SOV1|6|Jan:1;SOV1|6|Jul:1;SOV1|6|Jun:1;SOV1|6|Mar:1;SOV1|6|May:1;SOV1|6|Nov:1;SOV1|6|Oct:1;SOV1|6|Sep:1;SOV2|6|Dec:1;SOV2|6|Feb:1;SOV2|6|Jan:1;SOV2|6|Nov:1;SOV2|6|Oct:1;SOV2|6|Sep:1,27;152;165;171;175;290;367;370;425;472,dd12bca24f040401,200,1-500,501-1500
5,15,36793746.24810004,14197325.0,22596421.24810094,4312500.0,9056250.0,828575.0,21467564.46991597,412925.9724665389,715930.8057174778,,485.02436335012317,213.47829532809556,26.150048069655895,0.011986066587269306,226.71983289718628,2,2,15,0.03997804735016034,1,3,4,15,0.03997804735016034,1,"{""eta"":[{""iter"":1,""solved"":15,""failed"":0,""gap_p90"":0,""cache_hr"":0,""fixed"":1,""unan"":false,""key"":""('eta', '5')""},{""iter"":2,""solved"":15,""failed"":0,""gap_p90"":0,""cache_hr"":93,""fixed"":1,""unan"":true,""key"":null}],""gamma_LT"":[{""iter"":1,""solved"":15,""failed"":0,""gap_p90"":0,""cache_hr"":100,""fixed"":1,""unan"":false,""key"":""('gamma_LT', ('CTV',""},{""iter"":2,""solved"":15,""failed"":0,""gap_p90"":0,""cache_hr"":93,""fixed"":1,""unan"":false,""key"":""('gamma_LT', ('SOV',""},{""iter"":3,""solved"":15,""failed"":0,""gap_p90"":0,""cache_hr"":93,""fixed"":2,""unan"":true,""key"":null}]}",0.019016873766452853,True,2,OPTIMAL,solution_within_gap,False,,6:1,CTV|6:2;SOV|6:1,CTV|6|Dec:1;CTV|6|Jan:1;SOV|6|Dec:1;SOV|6|Feb:1;SOV|6|Jan:1;SOV|6|Mar:1;SOV|6|Nov:1;SOV|6|Oct:1,SOV1|6|Apr:1;SOV1|6|Aug:1;SOV1|6|Dec:1;SOV1|6|Feb:1;SOV1|6|Jan:1;SOV1|6|Jul:1;SOV1|6|Jun:1;SOV1|6|Mar:1;SOV1|6|May:1;SOV1|6|Nov:1;SOV1|6|Oct:1;SOV1|6|Sep:1;SOV2|6|Dec:1;SOV2|6|Feb:1;SOV2|6|Jan:1;SOV2|6|Mar:1;SOV2|6|Nov:1;SOV2|6|Oct:1,7;21;45;144;201;236;238;269;280;385;432;440;447;461;491,dd12bca24f040401,200,1-500,501-1500
5,20,37860263.21721493,13949500.0,23910763.21721179,4140000.0,9056250.0,753250.0,22771320.707040418,420363.91717138357,719078.5930033186,,929.7716508237645,448.75969643704593,30.285623157396913,0.016016310080885887,426.03876280784607,2,2,20,0.039968816924645115,1,2,4,20,0.039968816924645115,1,"{""eta"":[{""iter"":1,""solved"":20,""failed"":0,""gap_p90"":0,""cache_hr"":0,""fixed"":1,""unan"":false,""key"":""('eta', '5')""},{""iter"":2,""solved"":20,""failed"":0,""gap_p90"":0,""cache_hr"":75,""fixed"":1,""unan"":true,""key"":null}],""gamma_LT"":[{""iter"":1,""solved"":20,""failed"":0,""gap_p90"":0,""cache_hr"":100,""fixed"":1,""unan"":false,""key"":""('gamma_LT', ('CTV',""},{""iter"":2,""solved"":20,""failed"":0,""gap_p90"":0,""cache_hr"":60,""fixed"":3,""unan"":true,""key"":null}]}",0.019134566076880348,True,2,OPTIMAL,solution_within_gap,False,,6:1,CTV|6:2;SOV|6:1,SOV|6|Dec:1;SOV|6|Feb:1;SOV|6|Jan:1;SOV|6|Mar:1;SOV|6|Nov:1;SOV|6|Oct:1,SOV1|6|Apr:1;SOV1|6|Aug:1;SOV1|6|Dec:1;SOV1|6|Feb:1;SOV1|6|Jan:1;SOV1|6|Jul:1;SOV1|6|Jun:1;SOV1|6|Mar:1;SOV1|6|May:1;SOV1|6|Nov:1;SOV1|6|Oct:1;SOV1|6|Sep:1;SOV2|6|Dec:1;SOV2|6|Feb:1;SOV2|6|Jan:1;SOV2|6|Mar:1;SOV2|6|Nov:1;SOV2|6|Oct:1,81;82;88;109;138;141;149;202;227;232;264;272;304;312;318;320;329;474;481;490,dd12bca24f040401,200,1-500,501-1500
6,1,37486993.81141564,14164550.0,23322443.811415795,4053750.0,9056250.0,1054550.0,21755183.72451956,506698.24939740606,1060561.8374986583,,52.99500616453588,45.330168382264674,0.00032136496156454086,0.0009978031739592552,3.931088924407959,1,2,1,0.03725113748876179,1,1,4,1,0.03725113748876179,1,"{""eta"":[{""iter"":1,""solved"":1,""failed"":0,""gap_p90"":0,""cache_hr"":0,""fixed"":2,""unan"":true,""key"":null}],""gamma_LT"":[{""iter"":1,""solved"":1,""failed"":0,""gap_p90"":0,""cache_hr"":100,""fixed"":4,""unan"":true,""key"":null}]}",0.003797997075860075,True,2,OPTIMAL,solution_within_gap,False,,5:1,CTV|5:2;SOV|5:1,CTV|5|Aug:1;CTV|5|Dec:3;CTV|5|Jul:1;CTV|5|Oct:1;CTV|5|Sep:1;SOV|5|Dec:1;SOV|5|Feb:1;SOV|5|Jan:1;SOV|5|Mar:1;SOV|5|Nov:1,SOV1|5|Apr:1;SOV1|5|Aug:1;SOV1|5|Dec:1;SOV1|5|Feb:1;SOV1|5|Jan:1;SOV1|5|Jul:1;SOV1|5|Jun:1;SOV1|5|Mar:1;SOV1|5|May:1;SOV1|5|Nov:1;SOV1|5|Oct:1;SOV1|5|Sep:1;SOV2|5|Dec:1;SOV2|5|Feb:1;SOV2|5|Jan:1;SOV2|5|Mar:1;SOV2|5|Nov:1,47,dd12bca24f040401,200,1-500,501-1500
6,3,37094696.31080786,14940800.0,22153896.310807586,4830000.0,9056250.0,1054550.0,21057056.612721194,421909.8922073722,674929.8058792715,,145.41984520852566,104.69139831420034,0.0004196828231215477,0.0026803920045495033,34.926143169403076,1,2,3,0.025904746408415207,1,1,4,3,0.025904746408415207,1,"{""eta"":[{""iter"":1,""solved"":3,""failed"":0,""gap_p90"":0,""cache_hr"":0,""fixed"":2,""unan"":true,""key"":null}],""gamma_LT"":[{""iter"":1,""solved"":3,""failed"":0,""gap_p90"":0,""cache_hr"":100,""fixed"":4,""unan"":true,""key"":null}]}",0.015675206597772284,True,2,OPTIMAL,solution_within_gap,False,,6:1,CTV|6:2;SOV|6:1,SOV|6|Dec:2;SOV|6|Feb:1;SOV|6|Jan:1;SOV|6|Nov:1;SOV|6|Oct:1;SOV|6|Sep:1,SOV1|6|Apr:1;SOV1|6|Aug:1;SOV1|6|Dec:1;SOV1|6|Feb:1;SOV1|6|Jan:1;SOV1|6|Jul:1;SOV1|6|Jun:1;SOV1|6|Mar:1;SOV1|6|May:1;SOV1|6|Nov:1;SOV1|6|Oct:1;SOV1|6|Sep:1;SOV2|6|Dec:1;SOV2|6|Feb:1;SOV2|6|Jan:1;SOV2|6|Nov:1;SOV2|6|Oct:1;SOV2|6|Sep:1;SOV3|6|Dec:1,77;380;436,dd12bca24f040401,200,1-500,501-1500
6,5,39518424.421438046,13755150.0,25763274.421435975,3795000.0,9056250.0,903900.0,24592014.621249523,453142.05237888516,718117.7478095357,,157.59563973080367,84.05352545902133,28.869667953811586,0.004477991722524166,36.37474298477173,2,2,5,0.03999550665764819,1,3,4,5,0.03999550665764819,1,"{""eta"":[{""iter"":1,""solved"":5,""failed"":0,""gap_p90"":0,""cache_hr"":0,""fixed"":1,""unan"":false,""key"":""('eta', '5')""},{""iter"":2,""solved"":5,""failed"":0,""gap_p90"":0,""cache_hr"":80,""fixed"":1,""unan"":true,""key"":null}],""gamma_LT"":[{""iter"":1,""solved"":5,""failed"":0,""gap_p90"":0,""cache_hr"":100,""fixed"":1,""unan"":false,""key"":""('gamma_LT', ('SOV',""},{""iter"":2,""solved"":5,""failed"":0,""gap_p90"":0,""cache_hr"":80,""fixed"":1,""unan"":false,""key"":""('gamma_LT', ('CTV',""},{""iter"":3,""solved"":5,""failed"":0,""gap_p90"":0,""cache_hr"":40,""fixed"":2,""unan"":true,""key"":null}]}",0.013523765581070232,True,2,OPTIMAL,solution_within_gap,False,,6:1,CTV|6:2;SOV|6:1,CTV|6|Apr:1;CTV|6|May:1;CTV|6|Oct:1;CTV|6|Sep:1;SOV|6|Dec:1;SOV|6|Feb:1;SOV|6|Jan:1;SOV|6|Mar:1;SOV|6|Nov:1,SOV1|6|Apr:1;SOV1|6|Aug:1;SOV1|6|Dec:1;SOV1|6|Feb:1;SOV1|6|Jan:1;SOV1|6|Jul:1;SOV1|6|Jun:1;SOV1|6|Mar:1;SOV1|6|May:1;SOV1|6|Nov:1;SOV1|6|Oct:1;SOV1|6|Sep:1;SOV2|6|Dec:1;SOV2|6|Feb:1;SOV2|6|Jan:1;SOV2|6|Mar:1;SOV2|6|Nov:1,127;257;293;425;427,dd12bca24f040401,200,1-500,501-1500
6,7,40898927.68915887,13421075.0,27477852.68916091,3536250.0,9056250.0,828575.0,26300350.66963395,440836.9813074785,736665.0382174928,,345.847204990685,174.562611438334,11.926788081414998,0.006218040362000465,148.5792739391327,2,2,7,0.039983350584262334,1,2,4,7,0.039983350584262334,1,"{""eta"":[{""iter"":1,""solved"":7,""failed"":0,""gap_p90"":0,""cache_hr"":0,""fixed"":1,""unan"":false,""key"":""('eta', '5')""},{""iter"":2,""solved"":7,""failed"":0,""gap_p90"":0,""cache_hr"":71,""fixed"":1,""unan"":true,""key"":null}],""gamma_LT"":[{""iter"":1,""solved"":7,""failed"":0,""gap_p90"":0,""cache_hr"":100,""fixed"":1,""unan"":false,""key"":""('gamma_LT', ('CTV',""},{""iter"":2,""solved"":7,""failed"":0,""gap_p90"":0,""cache_hr"":57,""fixed"":3,""unan"":true,""key"":null}]}",0.009405722441099964,True,2,OPTIMAL,solution_within_gap,False,,6:1,CTV|6:2;SOV|6:1,CTV|6|Jan:1;SOV|6|Dec:1;SOV|6|Feb:1;SOV|6|Jan:1;SOV|6|Nov:1;SOV|6|Oct:1,SOV1|6|Apr:1;SOV1|6|Aug:1;SOV1|6|Dec:1;SOV1|6|Feb:1;SOV1|6|Jan:1;SOV1|6|Jul:1;SOV1|6|Jun:1;SOV1|6|Mar:1;SOV1|6|May:1;SOV1|6|Nov:1;SOV1|6|Oct:1;SOV1|6|Sep:1;SOV2|6|Dec:1;SOV2|6|Feb:1;SOV2|6|Jan:1;SOV2|6|Nov:1;SOV2|6|Oct:1,30;67;171;235;347;428;461,dd12bca24f040401,200,1-500,501-1500
6,10,38017700.06781939,12892650.0,25125050.067824464,2932500.0,9056250.0,903900.0,23944487.508712385,500026.56848694984,680535.9906201281,,1014.5500873047858,558.0100196832791,26.44168896600604,0.007965565659105778,415.44485092163086,2,2,10,0.039510761757594666,1,2,4,10,0.03991061497396553,1,"{""eta"":[{""iter"":1,""solved"":10,""failed"":0,""gap_p90"":0,""cache_hr"":0,""fixed"":1,""unan"":false,""key"":""('eta', '5')""},{""iter"":2,""solved"":10,""failed"":0,""gap_p90"":0,""cache_hr"":80,""fixed"":1,""unan"":true,""key"":null}],""gamma_LT"":[{""iter"":1,""solved"":10,""failed"":0,""gap_p90"":0,""cache_hr"":100,""fixed"":1,""unan"":false,""key"":""('gamma_LT', ('CTV',""},{""iter"":2,""solved"":10,""failed"":0,""gap_p90"":0,""cache_hr"":60,""fixed"":3,""unan"":true,""key"":null}]}",0.011132866448613598,True,2,OPTIMAL,solution_within_gap,False,,6:1,CTV|6:2;SOV|6:1,CTV|6|Dec:2;CTV|6|Feb:2;CTV|6|Jan:2;CTV|6|Mar:1;CTV|6|Nov:1;CTV|6|Oct:1;CTV|6|Sep:1;SOV|6|Dec:1;SOV|6|Jan:1;SOV|6|Nov:1,SOV1|6|Apr:1;SOV1|6|Aug:1;SOV1|6|Dec:1;SOV1|6|Feb:1;SOV1|6|Jan:1;SOV1|6|Jul:1;SOV1|6|Jun:1;SOV1|6|Mar:1;SOV1|6|May:1;SOV1|6|Nov:1;SOV1|6|Oct:1;SOV1|6|Sep:1;SOV2|6|Dec:1;SOV2|6|Jan:1;SOV2|6|Nov:1,39;42;147;150;189;278;302;369;421;484,dd12bca24f040401,200,1-500,501-1500
6,15,37915117.12301685,13259500.0,24655617.12301784,3450000.0,9056250.0,753250.0,23524309.54514199,431945.62391968333,699361.9539552075,,957.7714548204094,648.6499282354489,30.892216474749148,0.011800707317888737,258.2789008617401,2,2,15,0.039945579218399294,1,3,4,15,0.03999502507271726,1,"{""eta"":[{""iter"":1,""solved"":15,""failed"":0,""gap_p90"":0,""cache_hr"":0,""fixed"":1,""unan"":false,""key"":""('eta', '5')""},{""iter"":2,""solved"":15,""failed"":0,""gap_p90"":0,""cache_hr"":80,""fixed"":1,""unan"":true,""key"":null}],""gamma_LT"":[{""iter"":1,""solved"":15,""failed"":0,""gap_p90"":0,""cache_hr"":100,""fixed"":1,""unan"":false,""key"":""('gamma_LT', ('SOV',""},{""iter"":2,""solved"":15,""failed"":0,""gap_p90"":0,""cache_hr"":93,""fixed"":1,""unan"":false,""key"":""('gamma_LT', ('CTV',""},{""iter"":3,""solved"":15,""failed"":0,""gap_p90"":0,""cache_hr"":33,""fixed"":2,""unan"":true,""key"":null}]}",0.012887645575403589,True,2,OPTIMAL,solution_within_gap,False,,6:1,CTV|6:2;SOV|6:1,SOV|6|Dec:1;SOV|6|Feb:1;SOV|6|Jan:1;SOV|6|Nov:1;SOV|6|Oct:1,SOV1|6|Apr:1;SOV1|6|Aug:1;SOV1|6|Dec:1;SOV1|6|Feb:1;SOV1|6|Jan:1;SOV1|6|Jul:1;SOV1|6|Jun:1;SOV1|6|Mar:1;SOV1|6|May:1;SOV1|6|Nov:1;SOV1|6|Oct:1;SOV1|6|Sep:1;SOV2|6|Dec:1;SOV2|6|Feb:1;SOV2|6|Jan:1;SOV2|6|Nov:1;SOV2|6|Oct:1,44;89;113;149;250;260;263;266;327;357;359;371;391;403;437,dd12bca24f040401,200,1-500,501-1500
6,20,38339087.45967102,13755150.0,24583937.4596682,3795000.0,9056250.0,903900.0,23437056.19734594,438525.2901617556,708355.9721635868,,1083.8858342571184,412.6317932419479,31.88662855513394,0.006381146609783173,611.7226560115814,2,2,20,0.039964920543855295,1,2,4,20,0.039964920543855295,1,"{""eta"":[{""iter"":1,""solved"":20,""failed"":0,""gap_p90"":0,""cache_hr"":0,""fixed"":1,""unan"":false,""key"":""('eta', '5')""},{""iter"":2,""solved"":20,""failed"":0,""gap_p90"":0,""cache_hr"":65,""fixed"":1,""unan"":true,""key"":null}],""gamma_LT"":[{""iter"":1,""solved"":20,""failed"":0,""gap_p90"":0,""cache_hr"":100,""fixed"":1,""unan"":false,""key"":""('gamma_LT', ('CTV',""},{""iter"":2,""solved"":20,""failed"":0,""gap_p90"":0,""cache_hr"":55,""fixed"":3,""unan"":true,""key"":null}]}",0.017468045937258966,True,2,OPTIMAL,solution_within_gap,False,,6:1,CTV|6:2;SOV|6:1,CTV|6|Dec:2;CTV|6|Jan:2;SOV|6|Dec:1;SOV|6|Feb:1;SOV|6|Jan:1;SOV|6|Nov:1;SOV|6|Oct:1,SOV1|6|Apr:1;SOV1|6|Aug:1;SOV1|6|Dec:1;SOV1|6|Feb:1;SOV1|6|Jan:1;SOV1|6|Jul:1;SOV1|6|Jun:1;SOV1|6|Mar:1;SOV1|6|May:1;SOV1|6|Nov:1;SOV1|6|Oct:1;SOV1|6|Sep:1;SOV2|6|Dec:1;SOV2|6|Feb:1;SOV2|6|Jan:1;SOV2|6|Nov:1;SOV2|6|Oct:1,8;10;18;35;38;55;121;135;183;242;255;270;273;326;368;373;404;425;459;478,dd12bca24f040401,200,1-500,501-1500
7,1,44127789.82648462,15748675.0,28379114.826484814,7072500.0,7245000.0,1431175.0,26950277.539887145,563347.0238711203,865490.2627263265,,221.7827121410519,214.55713336076587,0.0003492385149002075,0.0009966278448700905,3.6250030994415283,1,2,1,0.038632970771392654,1,1,4,1,0.038632970771392654,1,"{""eta"":[{""iter"":1,""solved"":1,""failed"":0,""gap_p90"":0,""cache_hr"":0,""fixed"":2,""unan"":true,""key"":null}],""gamma_LT"":[{""iter"":1,""solved"":1,""failed"":0,""gap_p90"":0,""cache_hr"":100,""fixed"":4,""unan"":true,""key"":null}]}",0.016258286490513713,True,2,OPTIMAL,solution_within_gap,False,,5:1,SOV|5:1,CTV|5|Apr:3;CTV|5|Aug:3;CTV|5|Feb:3;CTV|5|Jan:2;CTV|5|Jul:3;CTV|5|Jun:3;CTV|5|Mar:3;CTV|5|May:3;CTV|5|Oct:1;CTV|5|Sep:2;SOV|5|Dec:3;SOV|5|Nov:2;SOV|5|Oct:2,SOV1|5|Apr:1;SOV1|5|Aug:1;SOV1|5|Dec:1;SOV1|5|Feb:1;SOV1|5|Jan:1;SOV1|5|Jul:1;SOV1|5|Jun:1;SOV1|5|Mar:1;SOV1|5|May:1;SOV1|5|Nov:1;SOV1|5|Oct:1;SOV1|5|Sep:1;SOV2|5|Dec:1;SOV2|5|Nov:1;SOV2|5|Oct:1;SOV3|5|Dec:1;SOV3|5|Nov:1;SOV3|5|Oct:1;SOV4|5|Dec:1,331,dd12bca24f040401,200,1-500,501-1500
7,3,36423813.262128755,12569500.0,23854313.262128443,2760000.0,9056250.0,753250.0,22675388.585055597,460364.91081631486,718559.7662568466,,95.9014765555039,51.070212428458035,12.980990178883076,0.002760644070804119,26.165804862976074,1,2,3,0.038225138768089445,1,2,4,3,0.039945755784869176,1,"{""eta"":[{""iter"":1,""solved"":3,""failed"":0,""gap_p90"":0,""cache_hr"":0,""fixed"":2,""unan"":true,""key"":null}],""gamma_LT"":[{""iter"":1,""solved"":3,""failed"":0,""gap_p90"":0,""cache_hr"":100,""fixed"":1,""unan"":false,""key"":""('gamma_LT', ('CTV',""},{""iter"":2,""solved"":3,""failed"":0,""gap_p90"":0,""cache_hr"":33,""fixed"":3,""unan"":true,""key"":null}]}",0.005933817660304429,True,2,OPTIMAL,solution_within_gap,False,,6:1,CTV|6:2;SOV|6:1,SOV|6|Dec:1;SOV|6|Feb:1;SOV|6|Jan:1;SOV|6|Nov:1,SOV1|6|Apr:1;SOV1|6|Aug:1;SOV1|6|Dec:1;SOV1|6|Feb:1;SOV1|6|Jan:1;SOV1|6|Jul:1;SOV1|6|Jun:1;SOV1|6|Mar:1;SOV1|6|May:1;SOV1|6|Nov:1;SOV1|6|Oct:1;SOV1|6|Sep:1;SOV2|6|Dec:1;SOV2|6|Feb:1;SOV2|6|Jan:1;SOV2|6|Nov:1,112;345;454,dd12bca24f040401,200,1-500,501-1500
7,5,33512828.932677582,12569500.0,20943328.932675473,2760000.0,9056250.0,753250.0,19729873.935747642,461121.24069116014,752333.756238697,,260.42754628136754,176.06964530982077,11.01573283970356,0.0044787731021642685,65.10322117805481,2,2,5,0.039989966587253116,1,2,4,5,0.039989966587253116,1,"{""eta"":[{""iter"":1,""solved"":5,""failed"":0,""gap_p90"":0,""cache_hr"":0,""fixed"":1,""unan"":false,""key"":""('eta', '5')""},{""iter"":2,""solved"":5,""failed"":0,""gap_p90"":0,""cache_hr"":80,""fixed"":1,""unan"":true,""key"":null}],""gamma_LT"":[{""iter"":1,""solved"":5,""failed"":0,""gap_p90"":0,""cache_hr"":100,""fixed"":1,""unan"":false,""key"":""('gamma_LT', ('CTV',""},{""iter"":2,""solved"":5,""failed"":0,""gap_p90"":0,""cache_hr"":80,""fixed"":3,""unan"":true,""key"":null}]}",0.01816401432742814,True,2,OPTIMAL,solution_within_gap,False,,6:1,CTV|6:2;SOV|6:1,SOV|6|Dec:1;SOV|6|Feb:1;SOV|6|Jan:1;SOV|6|Nov:1,SOV1|6|Apr:1;SOV1|6|Aug:1;SOV1|6|Dec:1;SOV1|6|Feb:1;SOV1|6|Jan:1;SOV1|6|Jul:1;SOV1|6|Jun:1;SOV1|6|Mar:1;SOV1|6|May:1;SOV1|6|Nov:1;SOV1|6|Oct:1;SOV1|6|Sep:1;SOV2|6|Dec:1;SOV2|6|Feb:1;SOV2|6|Jan:1;SOV2|6|Nov:1,12;35;148;182;500,dd12bca24f040401,200,1-500,501-1500
7,7,40444629.9121698,14024825.0,26419804.912171617,4140000.0,9056250.0,828575.0,25291283.20927923,443646.25495336414,684875.4479372186,,239.79798679891974,130.07160129211843,23.12732595950365,0.005610404536128044,75.47651886940002,1,2,7,0.039231701082970395,1,2,4,7,0.03999242921776447,1,"{""eta"":[{""iter"":1,""solved"":7,""failed"":0,""gap_p90"":0,""cache_hr"":0,""fixed"":2,""unan"":true,""key"":null}],""gamma_LT"":[{""iter"":1,""solved"":7,""failed"":0,""gap_p90"":0,""cache_hr"":100,""fixed"":1,""unan"":false,""key"":""('gamma_LT', ('CTV',""},{""iter"":2,""solved"":7,""failed"":0,""gap_p90"":0,""cache_hr"":71,""fixed"":3,""unan"":true,""key"":null}]}",0.019574817398478533,True,2,OPTIMAL,solution_within_gap,False,,6:1,CTV|6:2;SOV|6:1,CTV|6|Apr:1;CTV|6|Aug:1;CTV|6|Feb:1;CTV|6|Jul:1;CTV|6|Jun:1;CTV|6|Mar:1;CTV|6|May:1;CTV|6|Sep:1;SOV|6|Dec:1;SOV|6|Feb:1;SOV|6|Jan:1;SOV|6|Mar:1;SOV|6|Nov:1,SOV1|6|Apr:1;SOV1|6|Aug:1;SOV1|6|Dec:1;SOV1|6|Feb:1;SOV1|6|Jan:1;SOV1|6|Jul:1;SOV1|6|Jun:1;SOV1|6|Mar:1;SOV1|6|May:1;SOV1|6|Nov:1;SOV1|6|Oct:1;SOV1|6|Sep:1;SOV2|6|Dec:1;SOV2|6|Feb:1;SOV2|6|Jan:1;SOV2|6|Mar:1;SOV2|6|Nov:1,27;94;135;148;198;245;379,dd12bca24f040401,200,1-500,501-1500
7,10,37560203.061783925,13538950.0,24021253.06178901,3277500.0,9056250.0,1205200.0,22855626.118125144,463255.75866434415,702371.1849944525,,878.2502881363034,423.9831683766097,28.880994820035994,0.004822910763323307,410.7425169944763,2,2,10,0.03997998384107579,1,2,4,10,0.03997998384107579,1,"{""eta"":[{""iter"":1,""solved"":10,""failed"":0,""gap_p90"":0,""cache_hr"":0,""fixed"":1,""unan"":false,""key"":""('eta', '5')""},{""iter"":2,""solved"":10,""failed"":0,""gap_p90"":0,""cache_hr"":70,""fixed"":1,""unan"":true,""key"":null}],""gamma_LT"":[{""iter"":1,""solved"":10,""failed"":0,""gap_p90"":0,""cache_hr"":100,""fixed"":1,""unan"":false,""key"":""('gamma_LT', ('CTV',""},{""iter"":2,""solved"":10,""failed"":0,""gap_p90"":0,""cache_hr"":50,""fixed"":3,""unan"":true,""key"":null}]}",0.013196427670368376,True,2,OPTIMAL,solution_within_gap,False,,6:1,CTV|6:2;SOV|6:1,CTV|6|Dec:6;SOV|6|Dec:1;SOV|6|Feb:1;SOV|6|Jan:1;SOV|6|Nov:1,SOV1|6|Apr:1;SOV1|6|Aug:1;SOV1|6|Dec:1;SOV1|6|Feb:1;SOV1|6|Jan:1;SOV1|6|Jul:1;SOV1|6|Jun:1;SOV1|6|Mar:1;SOV1|6|May:1;SOV1|6|Nov:1;SOV1|6|Oct:1;SOV1|6|Sep:1;SOV2|6|Dec:1;SOV2|6|Feb:1;SOV2|6|Jan:1;SOV2|6|Nov:1,14;52;109;162;164;168;253;360;425;437,dd12bca24f040401,200,1-500,501-1500
7,15,38852982.980507776,12989825.0,25863157.980508845,3105000.0,9056250.0,828575.0,24673668.766179334,463112.94163017644,726376.2726982288,,764.92382985726,309.14676326327026,27.29032866936177,0.00458967499434948,409.9559121131897,2,2,15,0.039682702770929466,1,3,4,15,0.039959870250618146,1,"{""eta"":[{""iter"":1,""solved"":15,""failed"":0,""gap_p90"":0,""cache_hr"":0,""fixed"":1,""unan"":false,""key"":""('eta', '5')""},{""iter"":2,""solved"":15,""failed"":0,""gap_p90"":0,""cache_hr"":80,""fixed"":1,""unan"":true,""key"":null}],""gamma_LT"":[{""iter"":1,""solved"":15,""failed"":0,""gap_p90"":0,""cache_hr"":100,""fixed"":1,""unan"":false,""key"":""('gamma_LT', ('SOV',""},{""iter"":2,""solved"":15,""failed"":0,""gap_p90"":0,""cache_hr"":93,""fixed"":1,""unan"":false,""key"":""('gamma_LT', ('CTV',""},{""iter"":3,""solved"":15,""failed"":0,""gap_p90"":0,""cache_hr"":60,""fixed"":2,""unan"":true,""key"":null}]}",0.011878505736034172,True,2,OPTIMAL,solution_within_gap,False,,6:1,CTV|6:2;SOV|6:1,CTV|6|Dec:1;CTV|6|Jan:1;CTV|6|Nov:1;CTV|6|Oct:1;SOV|6|Dec:1;SOV|6|Feb:1;SOV|6|Jan:1;SOV|6|Nov:1,SOV1|6|Apr:1;SOV1|6|Aug:1;SOV1|6|Dec:1;SOV1|6|Feb:1;SOV1|6|Jan:1;SOV1|6|Jul:1;SOV1|6|Jun:1;SOV1|6|Mar:1;SOV1|6|May:1;SOV1|6|Nov:1;SOV1|6|Oct:1;SOV1|6|Sep:1;SOV2|6|Dec:1;SOV2|6|Feb:1;SOV2|6|Jan:1;SOV2|6|Nov:1,24;56;107;173;189;222;294;302;305;310;321;323;343;368;427,dd12bca24f040401,200,1-500,501-1500
7,20,39462385.2254522,14639500.0,24822885.225448895,4830000.0,9056250.0,753250.0,23730821.348008644,385474.70356537413,706589.1738783475,,1681.1375928362831,421.15590878762305,19.55544695071876,0.01642482914030552,1209.3238830566406,2,2,20,0.039654883894327926,1,2,4,20,0.039983350584262334,1,"{""eta"":[{""iter"":1,""solved"":20,""failed"":0,""gap_p90"":0,""cache_hr"":0,""fixed"":1,""unan"":false,""key"":""('eta', '5')""},{""iter"":2,""solved"":20,""failed"":0,""gap_p90"":0,""cache_hr"":95,""fixed"":1,""unan"":true,""key"":null}],""gamma_LT"":[{""iter"":1,""solved"":20,""failed"":0,""gap_p90"":0,""cache_hr"":100,""fixed"":1,""unan"":false,""key"":""('gamma_LT', ('CTV',""},{""iter"":2,""solved"":20,""failed"":0,""gap_p90"":0,""cache_hr"":70,""fixed"":3,""unan"":true,""key"":null}]}",0.019998727831670837,True,2,OPTIMAL,solution_within_gap,False,,6:1,CTV|6:2;SOV|6:1,SOV|6|Dec:1;SOV|6|Feb:1;SOV|6|Jan:1;SOV|6|Mar:1;SOV|6|Nov:1;SOV|6|Oct:1;SOV|6|Sep:1,SOV1|6|Apr:1;SOV1|6|Aug:1;SOV1|6|Dec:1;SOV1|6|Feb:1;SOV1|6|Jan:1;SOV1|6|Jul:1;SOV1|6|Jun:1;SOV1|6|Mar:1;SOV1|6|May:1;SOV1|6|Nov:1;SOV1|6|Oct:1;SOV1|6|Sep:1;SOV2|6|Dec:1;SOV2|6|Feb:1;SOV2|6|Jan:1;SOV2|6|Mar:1;SOV2|6|Nov:1;SOV2|6|Oct:1;SOV2|6|Sep:1,2;19;20;117;119;185;210;232;296;300;321;326;347;355;371;375;432;461;468;471,dd12bca24f040401,200,1-500,501-1500
8,1,32463173.98981511,12213575.0,20249598.989815556,2328750.0,9056250.0,828575.0,19121886.212500777,491253.7224333495,636459.0548809912,,92.7565448153764,85.56902785785496,0.0003274204209446907,0.0009996956214308739,3.618091106414795,1,2,1,0.02446725315423019,1,1,4,1,0.02446725315423019,1,"{""eta"":[{""iter"":1,""solved"":1,""failed"":0,""gap_p90"":0,""cache_hr"":0,""fixed"":2,""unan"":true,""key"":null}],""gamma_LT"":[{""iter"":1,""solved"":1,""failed"":0,""gap_p90"":0,""cache_hr"":100,""fixed"":4,""unan"":true,""key"":null}]}",0.006949771369830051,True,2,OPTIMAL,solution_within_gap,False,,6:1,CTV|6:2;SOV|6:1,CTV|6|Dec:1;CTV|6|Nov:1;CTV|6|Oct:1;SOV|6|Dec:1;SOV|6|Jan:1;SOV|6|Nov:1,SOV1|6|Apr:1;SOV1|6|Aug:1;SOV1|6|Dec:1;SOV1|6|Feb:1;SOV1|6|Jan:1;SOV1|6|Jul:1;SOV1|6|Jun:1;SOV1|6|Mar:1;SOV1|6|May:1;SOV1|6|Nov:1;SOV1|6|Oct:1;SOV1|6|Sep:1;SOV2|6|Dec:1;SOV2|6|Jan:1;SOV2|6|Nov:1,373,dd12bca24f040401,200,1-500,501-1500
8,3,31301154.202936597,12127325.0,19173829.202936348,2242500.0,9056250.0,828575.0,17935782.578730624,509078.06576431094,728968.5584416804,,202.13097065594047,155.5365726482123,12.928303202614188,0.0027377260848879814,27.701807975769043,1,2,3,0.03936966441570535,1,2,4,3,0.03999842978060787,1,"{""eta"":[{""iter"":1,""solved"":3,""failed"":0,""gap_p90"":0,""cache_hr"":0,""fixed"":2,""unan"":true,""key"":null}],""gamma_LT"":[{""iter"":1,""solved"":3,""failed"":0,""gap_p90"":0,""cache_hr"":100,""fixed"":1,""unan"":false,""key"":""('gamma_LT', ('CTV',""},{""iter"":2,""solved"":3,""failed"":0,""gap_p90"":0,""cache_hr"":33,""fixed"":3,""unan"":true,""key"":null}]}",0.005932471118703102,True,2,OPTIMAL,solution_within_gap,False,,6:1,CTV|6:2;SOV|6:1,CTV|6|Nov:1;CTV|6|Oct:1;SOV|6|Dec:1;SOV|6|Jan:1;SOV|6|Nov:1,SOV1|6|Apr:1;SOV1|6|Aug:1;SOV1|6|Dec:1;SOV1|6|Feb:1;SOV1|6|Jan:1;SOV1|6|Jul:1;SOV1|6|Jun:1;SOV1|6|Mar:1;SOV1|6|May:1;SOV1|6|Nov:1;SOV1|6|Oct:1;SOV1|6|Sep:1;SOV2|6|Dec:1;SOV2|6|Jan:1;SOV2|6|Nov:1,30;317;492,dd12bca24f040401,200,1-500,501-1500
8,5,35041038.59123247,14240450.0,20800588.59123036,3450000.0,9961875.0,828575.0,19627613.4752399,474084.96534637496,698890.1506460641,,470.61576219368726,405.1686149695888,12.254008390009403,0.0040556080639362335,44.82334589958191,2,2,5,0.03994128552367342,1,2,4,5,0.03999820839656238,1,"{""eta"":[{""iter"":1,""solved"":5,""failed"":0,""gap_p90"":0,""cache_hr"":0,""fixed"":1,""unan"":false,""key"":""('eta', '5')""},{""iter"":2,""solved"":5,""failed"":0,""gap_p90"":0,""cache_hr"":80,""fixed"":1,""unan"":true,""key"":null}],""gamma_LT"":[{""iter"":1,""solved"":5,""failed"":0,""gap_p90"":0,""cache_hr"":100,""fixed"":1,""unan"":false,""key"":""('gamma_LT', ('CTV',""},{""iter"":2,""solved"":5,""failed"":0,""gap_p90"":0,""cache_hr"":80,""fixed"":3,""unan"":true,""key"":null}]}",0.0025444847884635293,True,2,OPTIMAL,solution_within_gap,False,,6:1,CTV|6:3;SOV|6:1,SOV|6|Dec:1;SOV|6|Feb:1;SOV|6|Jan:1;SOV|6|Nov:1;SOV|6|Oct:1,SOV1|6|Apr:1;SOV1|6|Aug:1;SOV1|6|Dec:1;SOV1|6|Feb:1;SOV1|6|Jan:1;SOV1|6|Jul:1;SOV1|6|Jun:1;SOV1|6|Mar:1;SOV1|6|May:1;SOV1|6|Nov:1;SOV1|6|Oct:1;SOV1|6|Sep:1;SOV2|6|Dec:1;SOV2|6|Feb:1;SOV2|6|Jan:1;SOV2|6|Nov:1;SOV2|6|Oct:1,60;202;274;310;474,dd12bca24f040401,200,1-500,501-1500
8,7,37291938.34538715,13259500.0,24032438.345389124,3450000.0,9056250.0,753250.0,22904227.78459329,435377.1457401097,692833.4150537443,,351.5759770674631,217.39046564977616,10.704045971855521,0.006211427040398121,112.72116708755493,2,2,7,0.039995955730034075,1,2,4,7,0.039995955730034075,1,"{""eta"":[{""iter"":1,""solved"":7,""failed"":0,""gap_p90"":0,""cache_hr"":0,""fixed"":1,""unan"":false,""key"":""('eta', '5')""},{""iter"":2,""solved"":7,""failed"":0,""gap_p90"":0,""cache_hr"":86,""fixed"":1,""unan"":true,""key"":null}],""gamma_LT"":[{""iter"":1,""solved"":7,""failed"":0,""gap_p90"":0,""cache_hr"":100,""fixed"":1,""unan"":false,""key"":""('gamma_LT', ('CTV',""},{""iter"":2,""solved"":7,""failed"":0,""gap_p90"":0,""cache_hr"":86,""fixed"":3,""unan"":true,""key"":null}]}",0.007211953594282196,True,2,OPTIMAL,solution_within_gap,False,,6:1,CTV|6:2;SOV|6:1,SOV|6|Dec:1;SOV|6|Feb:1;SOV|6|Jan:1;SOV|6|Nov:1;SOV|6|Oct:1,SOV1|6|Apr:1;SOV1|6|Aug:1;SOV1|6|Dec:1;SOV1|6|Feb:1;SOV1|6|Jan:1;SOV1|6|Jul:1;SOV1|6|Jun:1;SOV1|6|Mar:1;SOV1|6|May:1;SOV1|6|Nov:1;SOV1|6|Oct:1;SOV1|6|Sep:1;SOV2|6|Dec:1;SOV2|6|Feb:1;SOV2|6|Jan:1;SOV2|6|Nov:1;SOV2|6|Oct:1,13;138;212;292;401;432;493,dd12bca24f040401,200,1-500,501-1500
8,10,37692413.44705534,13259500.0,24432913.447060123,3450000.0,9056250.0,753250.0,23297989.470876712,431638.5345987967,703285.441579889,,371.5394819425419,142.74894610699266,13.33042496908456,0.007087270729243755,199.60209703445435,2,2,10,0.03854130726419071,1,2,4,10,0.03981171175747622,1,"{""eta"":[{""iter"":1,""solved"":10,""failed"":0,""gap_p90"":0,""cache_hr"":0,""fixed"":1,""unan"":false,""key"":""('eta', '5')""},{""iter"":2,""solved"":10,""failed"":0,""gap_p90"":0,""cache_hr"":80,""fixed"":1,""unan"":true,""key"":null}],""gamma_LT"":[{""iter"":1,""solved"":10,""failed"":0,""gap_p90"":0,""cache_hr"":100,""fixed"":1,""unan"":false,""key"":""('gamma_LT', ('CTV',""},{""iter"":2,""solved"":10,""failed"":0,""gap_p90"":0,""cache_hr"":80,""fixed"":3,""unan"":true,""key"":null}]}",0.010249398267527179,True,2,OPTIMAL,solution_within_gap,False,,6:1,CTV|6:2;SOV|6:1,SOV|6|Dec:1;SOV|6|Feb:1;SOV|6|Jan:1;SOV|6|Nov:1;SOV|6|Oct:1,SOV1|6|Apr:1;SOV1|6|Aug:1;SOV1|6|Dec:1;SOV1|6|Feb:1;SOV1|6|Jan:1;SOV1|6|Jul:1;SOV1|6|Jun:1;SOV1|6|Mar:1;SOV1|6|May:1;SOV1|6|Nov:1;SOV1|6|Oct:1;SOV1|6|Sep:1;SOV2|6|Dec:1;SOV2|6|Feb:1;SOV2|6|Jan:1;SOV2|6|Nov:1;SOV2|6|Oct:1,10;16;33;59;135;140;144;148;289;409,dd12bca24f040401,200,1-500,501-1500
8,15,38712375.57337965,13949500.0,24762875.573380392,4140000.0,9056250.0,753250.0,23656656.455490477,406623.3288269594,699595.789062049,,1462.5030727135018,454.27218146342784,36.779492216184735,0.012794733978807926,951.1233551502228,2,2,15,0.039820798968429064,1,3,4,15,0.03998317641351132,1,"{""eta"":[{""iter"":1,""solved"":15,""failed"":0,""gap_p90"":0,""cache_hr"":0,""fixed"":1,""unan"":false,""key"":""('eta', '5')""},{""iter"":2,""solved"":15,""failed"":0,""gap_p90"":0,""cache_hr"":87,""fixed"":1,""unan"":true,""key"":null}],""gamma_LT"":[{""iter"":1,""solved"":15,""failed"":0,""gap_p90"":0,""cache_hr"":100,""fixed"":1,""unan"":false,""key"":""('gamma_LT', ('SOV',""},{""iter"":2,""solved"":15,""failed"":0,""gap_p90"":0,""cache_hr"":93,""fixed"":1,""unan"":false,""key"":""('gamma_LT', ('CTV',""},{""iter"":3,""solved"":15,""failed"":0,""gap_p90"":0,""cache_hr"":87,""fixed"":2,""unan"":true,""key"":null}]}",0.004006175148081332,True,2,OPTIMAL,solution_within_gap,False,,6:1,CTV|6:2;SOV|6:1,SOV|6|Dec:1;SOV|6|Feb:1;SOV|6|Jan:1;SOV|6|Nov:1;SOV|6|Oct:1;SOV|6|Sep:1,SOV1|6|Apr:1;SOV1|6|Aug:1;SOV1|6|Dec:1;SOV1|6|Feb:1;SOV1|6|Jan:1;SOV1|6|Jul:1;SOV1|6|Jun:1;SOV1|6|Mar:1;SOV1|6|May:1;SOV1|6|Nov:1;SOV1|6|Oct:1;SOV1|6|Sep:1;SOV2|6|Dec:1;SOV2|6|Feb:1;SOV2|6|Jan:1;SOV2|6|Nov:1;SOV2|6|Oct:1;SOV2|6|Sep:1,38;90;131;144;162;174;186;242;273;275;290;301;360;427;434,dd12bca24f040401,200,1-500,501-1500
8,20,38686958.110896215,13949500.0,24737458.110893227,4140000.0,9056250.0,753250.0,23605130.14701113,412109.66521468596,720218.2986706948,,756.7618417656049,215.1593695934862,31.76395276747644,0.006455675698816776,482.92537093162537,2,2,20,0.039956841516545744,1,3,4,20,0.039956841516545744,1,"{""eta"":[{""iter"":1,""solved"":20,""failed"":0,""gap_p90"":0,""cache_hr"":0,""fixed"":1,""unan"":false,""key"":""('eta', '5')""},{""iter"":2,""solved"":20,""failed"":0,""gap_p90"":0,""cache_hr"":85,""fixed"":1,""unan"":true,""key"":null}],""gamma_LT"":[{""iter"":1,""solved"":20,""failed"":0,""gap_p90"":0,""cache_hr"":100,""fixed"":1,""unan"":false,""key"":""('gamma_LT', ('SOV',""},{""iter"":2,""solved"":20,""failed"":0,""gap_p90"":0,""cache_hr"":90,""fixed"":1,""unan"":false,""key"":""('gamma_LT', ('CTV',""},{""iter"":3,""solved"":20,""failed"":0,""gap_p90"":0,""cache_hr"":75,""fixed"":2,""unan"":true,""key"":null}]}",0.01869954798388702,True,2,OPTIMAL,solution_within_gap,False,,6:1,CTV|6:2;SOV|6:1,SOV|6|Dec:1;SOV|6|Feb:1;SOV|6|Jan:1;SOV|6|Nov:1;SOV|6|Oct:1;SOV|6|Sep:1,SOV1|6|Apr:1;SOV1|6|Aug:1;SOV1|6|Dec:1;SOV1|6|Feb:1;SOV1|6|Jan:1;SOV1|6|Jul:1;SOV1|6|Jun:1;SOV1|6|Mar:1;SOV1|6|May:1;SOV1|6|Nov:1;SOV1|6|Oct:1;SOV1|6|Sep:1;SOV2|6|Dec:1;SOV2|6|Feb:1;SOV2|6|Jan:1;SOV2|6|Nov:1;SOV2|6|Oct:1;SOV2|6|Sep:1,23;35;45;96;119;169;226;230;237;241;244;247;268;295;309;400;426;432;440;472,dd12bca24f040401,200,1-500,501-1500
9,1,48727531.41053454,12461400.0,36266131.41053433,2501250.0,9056250.0,903900.0,35123549.38504098,485846.12881893717,656735.8966746317,,66.54470988642424,56.080150003544986,0.0002017877995967865,0.0006002429872751236,6.468860149383545,1,2,1,0.024948192294994356,1,1,4,1,0.024948192294994356,1,"{""eta"":[{""iter"":1,""solved"":1,""failed"":0,""gap_p90"":0,""cache_hr"":0,""fixed"":2,""unan"":true,""key"":null}],""gamma_LT"":[{""iter"":1,""solved"":1,""failed"":0,""gap_p90"":0,""cache_hr"":100,""fixed"":4,""unan"":true,""key"":null}]}",0.00787797029286462,True,2,OPTIMAL,solution_within_gap,False,,6:1,CTV|6:2;SOV|6:1,CTV|6|Apr:1;CTV|6|Feb:1;CTV|6|Jan:1;CTV|6|Mar:1;CTV|6|Nov:1;SOV|6|Dec:1;SOV|6|Nov:1;SOV|6|Oct:1,SOV1|6|Apr:1;SOV1|6|Aug:1;SOV1|6|Dec:1;SOV1|6|Feb:1;SOV1|6|Jan:1;SOV1|6|Jul:1;SOV1|6|Jun:1;SOV1|6|Mar:1;SOV1|6|May:1;SOV1|6|Nov:1;SOV1|6|Oct:1;SOV1|6|Sep:1;SOV2|6|Dec:1;SOV2|6|Nov:1;SOV2|6|Oct:1,379,dd12bca24f040401,200,1-500,501-1500
9,3,39959984.9379564,14240450.0,25719534.9379561,3450000.0,9961875.0,828575.0,24578150.518072553,463818.38435085455,677566.0355329664,,155.45040731877089,127.56915685441345,9.871316232718527,0.0014135688543319702,11.808794021606445,2,2,3,0.03998155417500481,1,2,4,3,0.03999006190349765,1,"{""eta"":[{""iter"":1,""solved"":3,""failed"":0,""gap_p90"":0,""cache_hr"":0,""fixed"":1,""unan"":false,""key"":""('eta', '5')""},{""iter"":2,""solved"":3,""failed"":0,""gap_p90"":0,""cache_hr"":67,""fixed"":1,""unan"":true,""key"":null}],""gamma_LT"":[{""iter"":1,""solved"":3,""failed"":0,""gap_p90"":0,""cache_hr"":100,""fixed"":1,""unan"":false,""key"":""('gamma_LT', ('CTV',""},{""iter"":2,""solved"":3,""failed"":0,""gap_p90"":0,""cache_hr"":67,""fixed"":3,""unan"":true,""key"":null}]}",0.019522995445414585,True,2,OPTIMAL,solution_within_gap,False,,6:1,CTV|6:3;SOV|6:1,SOV|6|Dec:1;SOV|6|Feb:1;SOV|6|Jan:1;SOV|6|Mar:1;SOV|6|Nov:1,SOV1|6|Apr:1;SOV1|6|Aug:1;SOV1|6|Dec:1;SOV1|6|Feb:1;SOV1|6|Jan:1;SOV1|6|Jul:1;SOV1|6|Jun:1;SOV1|6|Mar:1;SOV1|6|May:1;SOV1|6|Nov:1;SOV1|6|Oct:1;SOV1|6|Sep:1;SOV2|6|Dec:1;SOV2|6|Feb:1;SOV2|6|Jan:1;SOV2|6|Mar:1;SOV2|6|Nov:1,74;361;424,dd12bca24f040401,200,1-500,501-1500
9,5,34808736.981470704,12989825.0,21818911.981468644,3105000.0,9056250.0,828575.0,20634995.3307388,472038.8483701018,711877.8023617477,,310.505586752668,188.18477422278374,12.127398965880275,0.004089695401489735,101.86955189704895,2,2,5,0.039993909242241096,1,2,4,5,0.039936316546326414,1,"{""eta"":[{""iter"":1,""solved"":5,""failed"":0,""gap_p90"":0,""cache_hr"":0,""fixed"":1,""unan"":false,""key"":""('eta', '5')""},{""iter"":2,""solved"":5,""failed"":0,""gap_p90"":0,""cache_hr"":80,""fixed"":1,""unan"":true,""key"":null}],""gamma_LT"":[{""iter"":1,""solved"":5,""failed"":0,""gap_p90"":0,""cache_hr"":100,""fixed"":1,""unan"":false,""key"":""('gamma_LT', ('CTV',""},{""iter"":2,""solved"":5,""failed"":0,""gap_p90"":0,""cache_hr"":40,""fixed"":3,""unan"":true,""key"":null}]}",0.017359478281710104,True,2,OPTIMAL,solution_within_gap,False,,6:1,CTV|6:2;SOV|6:1,CTV|6|Dec:1;CTV|6|Feb:1;CTV|6|Jan:1;CTV|6|Mar:1;SOV|6|Dec:1;SOV|6|Feb:1;SOV|6|Jan:1;SOV|6|Nov:1,SOV1|6|Apr:1;SOV1|6|Aug:1;SOV1|6|Dec:1;SOV1|6|Feb:1;SOV1|6|Jan:1;SOV1|6|Jul:1;SOV1|6|Jun:1;SOV1|6|Mar:1;SOV1|6|May:1;SOV1|6|Nov:1;SOV1|6|Oct:1;SOV1|6|Sep:1;SOV2|6|Dec:1;SOV2|6|Feb:1;SOV2|6|Jan:1;SOV2|6|Nov:1,7;153;296;431;498,dd12bca24f040401,200,1-500,501-1500
9,7,38445763.12256639,12569500.0,25876263.122568373,2760000.0,9056250.0,753250.0,24685602.341869555,448631.2362337084,742029.5444630695,,182.34533065278083,77.12443823553622,15.683056280948222,0.005695057101547718,78.63115000724792,1,2,7,0.039976554088897616,1,2,4,7,0.039976554088897616,1,"{""eta"":[{""iter"":1,""solved"":7,""failed"":0,""gap_p90"":0,""cache_hr"":0,""fixed"":2,""unan"":true,""key"":null}],""gamma_LT"":[{""iter"":1,""solved"":7,""failed"":0,""gap_p90"":0,""cache_hr"":100,""fixed"":1,""unan"":false,""key"":""('gamma_LT', ('CTV',""},{""iter"":2,""solved"":7,""failed"":0,""gap_p90"":0,""cache_hr"":71,""fixed"":3,""unan"":true,""key"":null}]}",0.016765139922944285,True,2,OPTIMAL,solution_within_gap,False,,6:1,CTV|6:2;SOV|6:1,SOV|6|Dec:1;SOV|6|Jan:1;SOV|6|Nov:1;SOV|6|Oct:1,SOV1|6|Apr:1;SOV1|6|Aug:1;SOV1|6|Dec:1;SOV1|6|Feb:1;SOV1|6|Jan:1;SOV1|6|Jul:1;SOV1|6|Jun:1;SOV1|6|Mar:1;SOV1|6|May:1;SOV1|6|Nov:1;SOV1|6|Oct:1;SOV1|6|Sep:1;SOV2|6|Dec:1;SOV2|6|Jan:1;SOV2|6|Nov:1;SOV2|6|Oct:1,64;117;159;174;271;447;469,dd12bca24f040401,200,1-500,501-1500
9,10,38681503.73840126,13259500.0,25422003.73840591,3450000.0,9056250.0,753250.0,24268708.39509327,428665.43050528894,724629.912802692,,532.4491345426068,332.2700935304165,18.396429842337966,0.003100465051829815,166.64730405807495,2,2,10,0.03997627424467197,1,2,4,10,0.03997627424467197,1,"{""eta"":[{""iter"":1,""solved"":10,""failed"":0,""gap_p90"":0,""cache_hr"":0,""fixed"":1,""unan"":false,""key"":""('eta', '5')""},{""iter"":2,""solved"":10,""failed"":0,""gap_p90"":0,""cache_hr"":60,""fixed"":1,""unan"":true,""key"":null}],""gamma_LT"":[{""iter"":1,""solved"":10,""failed"":0,""gap_p90"":0,""cache_hr"":100,""fixed"":1,""unan"":false,""key"":""('gamma_LT', ('CTV',""},{""iter"":2,""solved"":10,""failed"":0,""gap_p90"":0,""cache_hr"":50,""fixed"":3,""unan"":true,""key"":null}]}",0.011842518141793342,True,2,OPTIMAL,solution_within_gap,False,,6:1,CTV|6:2;SOV|6:1,SOV|6|Dec:1;SOV|6|Feb:1;SOV|6|Jan:1;SOV|6|Nov:1;SOV|6|Oct:1,SOV1|6|Apr:1;SOV1|6|Aug:1;SOV1|6|Dec:1;SOV1|6|Feb:1;SOV1|6|Jan:1;SOV1|6|Jul:1;SOV1|6|Jun:1;SOV1|6|Mar:1;SOV1|6|May:1;SOV1|6|Nov:1;SOV1|6|Oct:1;SOV1|6|Sep:1;SOV2|6|Dec:1;SOV2|6|Feb:1;SOV2|6|Jan:1;SOV2|6|Nov:1;SOV2|6|Oct:1,66;102;112;223;362;390;391;404;448;470,dd12bca24f040401,200,1-500,501-1500
9,15,40881090.00815137,13949500.0,26931590.008152086,4140000.0,9056250.0,753250.0,25790329.48964754,415901.40970197343,725359.108801738,,692.8404255341738,307.32826993241906,20.093269553035498,0.012110603973269463,345.2043330669403,2,2,15,0.039956841516545744,1,2,4,15,0.039956841516545744,1,"{""eta"":[{""iter"":1,""solved"":15,""failed"":0,""gap_p90"":0,""cache_hr"":0,""fixed"":1,""unan"":false,""key"":""('eta', '5')""},{""iter"":2,""solved"":15,""failed"":0,""gap_p90"":0,""cache_hr"":80,""fixed"":1,""unan"":true,""key"":null}],""gamma_LT"":[{""iter"":1,""solved"":15,""failed"":0,""gap_p90"":0,""cache_hr"":100,""fixed"":1,""unan"":false,""key"":""('gamma_LT', ('CTV',""},{""iter"":2,""solved"":15,""failed"":0,""gap_p90"":0,""cache_hr"":53,""fixed"":3,""unan"":true,""key"":null}]}",0.01567738773674399,True,2,OPTIMAL,solution_within_gap,False,,6:1,CTV|6:2;SOV|6:1,SOV|6|Dec:1;SOV|6|Feb:1;SOV|6|Jan:1;SOV|6|Nov:1;SOV|6|Oct:1;SOV|6|Sep:1,SOV1|6|Apr:1;SOV1|6|Aug:1;SOV1|6|Dec:1;SOV1|6|Feb:1;SOV1|6|Jan:1;SOV1|6|Jul:1;SOV1|6|Jun:1;SOV1|6|Mar:1;SOV1|6|May:1;SOV1|6|Nov:1;SOV1|6|Oct:1;SOV1|6|Sep:1;SOV2|6|Dec:1;SOV2|6|Feb:1;SOV2|6|Jan:1;SOV2|6|Nov:1;SOV2|6|Oct:1;SOV2|6|Sep:1,35;52;80;132;171;178;188;208;220;223;309;331;397;424;482,dd12bca24f040401,200,1-500,501-1500
9,20,37661869.71592942,13259500.0,24402369.715926643,3450000.0,9056250.0,753250.0,23253435.780241467,438944.9549387032,709988.980749512,,983.0933334119618,382.8320133453235,36.60800451878458,0.01623446960002184,539.689945936203,2,2,20,0.039799237680445576,1,3,4,20,0.0399802918164838,1,"{""eta"":[{""iter"":1,""solved"":20,""failed"":0,""gap_p90"":0,""cache_hr"":0,""fixed"":1,""unan"":false,""key"":""('eta', '5')""},{""iter"":2,""solved"":20,""failed"":0,""gap_p90"":0,""cache_hr"":95,""fixed"":1,""unan"":true,""key"":null}],""gamma_LT"":[{""iter"":1,""solved"":20,""failed"":0,""gap_p90"":0,""cache_hr"":100,""fixed"":1,""unan"":false,""key"":""('gamma_LT', ('SOV',""},{""iter"":2,""solved"":20,""failed"":0,""gap_p90"":0,""cache_hr"":95,""fixed"":1,""unan"":false,""key"":""('gamma_LT', ('CTV',""},{""iter"":3,""solved"":20,""failed"":0,""gap_p90"":0,""cache_hr"":70,""fixed"":2,""unan"":true,""key"":null}]}",0.010038790789217236,True,2,OPTIMAL,solution_within_gap,False,,6:1,CTV|6:2;SOV|6:1,SOV|6|Dec:1;SOV|6|Feb:1;SOV|6|Jan:1;SOV|6|Nov:1;SOV|6|Oct:1,SOV1|6|Apr:1;SOV1|6|Aug:1;SOV1|6|Dec:1;SOV1|6|Feb:1;SOV1|6|Jan:1;SOV1|6|Jul:1;SOV1|6|Jun:1;SOV1|6|Mar:1;SOV1|6|May:1;SOV1|6|Nov:1;SOV1|6|Oct:1;SOV1|6|Sep:1;SOV2|6|Dec:1;SOV2|6|Feb:1;SOV2|6|Jan:1;SOV2|6|Nov:1;SOV2|6|Oct:1,12;38;91;113;116;122;132;180;186;188;250;292;297;315;397;405;452;453;457;464,dd12bca24f040401,200,1-500,501-1500
10,1,30454006.20835735,10348850.0,20105156.20835782,690000.0,9056250.0,602600.0,18852210.6327375,589381.7214974049,663563.8541224358,,159.51412142347544,152.4792959149927,0.0003234483301639557,0.0010049697011709213,3.6312808990478516,1,2,1,0.03004105578787803,1,1,4,1,0.03004105578787803,1,"{""eta"":[{""iter"":1,""solved"":1,""failed"":0,""gap_p90"":0,""cache_hr"":0,""fixed"":2,""unan"":true,""key"":null}],""gamma_LT"":[{""iter"":1,""solved"":1,""failed"":0,""gap_p90"":0,""cache_hr"":100,""fixed"":4,""unan"":true,""key"":null}]}",0.0028455584707157773,True,2,OPTIMAL,solution_within_gap,False,,6:1,CTV|6:2;SOV|6:1,CTV|6|Dec:2;CTV|6|Feb:1;CTV|6|Jan:1;CTV|6|Nov:2;CTV|6|Oct:2,SOV1|6|Apr:1;SOV1|6|Aug:1;SOV1|6|Dec:1;SOV1|6|Feb:1;SOV1|6|Jan:1;SOV1|6|Jul:1;SOV1|6|Jun:1;SOV1|6|Mar:1;SOV1|6|May:1;SOV1|6|Nov:1;SOV1|6|Oct:1;SOV1|6|Sep:1,187,dd12bca24f040401,200,1-500,501-1500
10,3,43118284.15336557,13949500.0,29168784.153365415,4140000.0,9056250.0,753250.0,28019783.19131533,408393.14619532425,740607.8158549861,,157.0788494758308,96.532634886913,30.041687602177262,0.002778688445687294,24.35406494140625,2,2,3,0.039993589310003116,1,3,4,3,0.0399591526183165,1,"{""eta"":[{""iter"":1,""solved"":3,""failed"":0,""gap_p90"":0,""cache_hr"":0,""fixed"":1,""unan"":false,""key"":""('eta', '5')""},{""iter"":2,""solved"":3,""failed"":0,""gap_p90"":0,""cache_hr"":67,""fixed"":1,""unan"":true,""key"":null}],""gamma_LT"":[{""iter"":1,""solved"":3,""failed"":0,""gap_p90"":0,""cache_hr"":100,""fixed"":1,""unan"":false,""key"":""('gamma_LT', ('CTV',""},{""iter"":2,""solved"":3,""failed"":0,""gap_p90"":0,""cache_hr"":67,""fixed"":1,""unan"":false,""key"":""('gamma_LT', ('SOV',""},{""iter"":3,""solved"":3,""failed"":0,""gap_p90"":0,""cache_hr"":67,""fixed"":2,""unan"":true,""key"":null}]}",0.0051786692331478226,True,2,OPTIMAL,solution_within_gap,False,,6:1,CTV|6:2;SOV|6:1,SOV|6|Dec:1;SOV|6|Feb:1;SOV|6|Jan:1;SOV|6|Nov:1;SOV|6|Oct:1;SOV|6|Sep:1,SOV1|6|Apr:1;SOV1|6|Aug:1;SOV1|6|Dec:1;SOV1|6|Feb:1;SOV1|6|Jan:1;SOV1|6|Jul:1;SOV1|6|Jun:1;SOV1|6|Mar:1;SOV1|6|May:1;SOV1|6|Nov:1;SOV1|6|Oct:1;SOV1|6|Sep:1;SOV2|6|Dec:1;SOV2|6|Feb:1;SOV2|6|Jan:1;SOV2|6|Nov:1;SOV2|6|Oct:1;SOV2|6|Sep:1,80;412;490,dd12bca24f040401,200,1-500,501-1500
10,5,35007268.77538924,13237650.0,21769618.775387153,3277500.0,9056250.0,903900.0,20586293.66155902,470338.90212142887,712986.2117087025,,172.0787621838972,115.22426393534988,10.900584073737264,0.004443373531103134,37.8220648765564,1,2,5,0.03818969282790004,1,2,4,5,0.039940246730049894,1,"{""eta"":[{""iter"":1,""solved"":5,""failed"":0,""gap_p90"":0,""cache_hr"":0,""fixed"":2,""unan"":true,""key"":null}],""gamma_LT"":[{""iter"":1,""solved"":5,""failed"":0,""gap_p90"":0,""cache_hr"":100,""fixed"":1,""unan"":false,""key"":""('gamma_LT', ('CTV',""},{""iter"":2,""solved"":5,""failed"":0,""gap_p90"":0,""cache_hr"":80,""fixed"":3,""unan"":true,""key"":null}]}",0.01851387114127907,True,2,OPTIMAL,solution_within_gap,False,,6:1,CTV|6:2;SOV|6:1,CTV|6|Dec:1;CTV|6|Jul:1;CTV|6|Jun:1;CTV|6|Nov:1;CTV|6|Oct:1;CTV|6|Sep:1;SOV|6|Dec:1;SOV|6|Feb:1;SOV|6|Jan:1;SOV|6|Nov:1,SOV1|6|Apr:1;SOV1|6|Aug:1;SOV1|6|Dec:1;SOV1|6|Feb:1;SOV1|6|Jan:1;SOV1|6|Jul:1;SOV1|6|Jun:1;SOV1|6|Mar:1;SOV1|6|May:1;SOV1|6|Nov:1;SOV1|6|Oct:1;SOV1|6|Sep:1;SOV2|6|Dec:1;SOV2|6|Feb:1;SOV2|6|Jan:1;SOV2|6|Nov:1,38;216;446;475;476,dd12bca24f040401,200,1-500,501-1500
10,7,36360919.503022745,13679825.0,22681094.503025986,3795000.0,9056250.0,828575.0,21187202.557355747,478707.39050617366,1015184.5551609733,,766.7761829905212,568.3047308260575,47.44902331009507,0.006190992891788483,140.64575600624084,2,2,7,0.03998707478703287,1,2,4,7,0.03998707478703287,1,"{""eta"":[{""iter"":1,""solved"":7,""failed"":0,""gap_p90"":0,""cache_hr"":0,""fixed"":1,""unan"":false,""key"":""('eta', '5')""},{""iter"":2,""solved"":7,""failed"":0,""gap_p90"":0,""cache_hr"":57,""fixed"":1,""unan"":true,""key"":null}],""gamma_LT"":[{""iter"":1,""solved"":7,""failed"":0,""gap_p90"":0,""cache_hr"":100,""fixed"":1,""unan"":false,""key"":""('gamma_LT', ('CTV',""},{""iter"":2,""solved"":7,""failed"":0,""gap_p90"":0,""cache_hr"":57,""fixed"":3,""unan"":true,""key"":null}]}",0.01588493713406599,True,2,OPTIMAL,solution_within_gap,False,,5:1,CTV|5:2;SOV|5:1,CTV|5|Dec:1;CTV|5|Feb:1;CTV|5|Jan:1;CTV|5|Nov:1;SOV|5|Dec:1;SOV|5|Jan:1;SOV|5|Nov:1;SOV|5|Oct:1;SOV|5|Sep:1,SOV1|5|Apr:1;SOV1|5|Aug:1;SOV1|5|Dec:1;SOV1|5|Feb:1;SOV1|5|Jan:1;SOV1|5|Jul:1;SOV1|5|Jun:1;SOV1|5|Mar:1;SOV1|5|May:1;SOV1|5|Nov:1;SOV1|5|Oct:1;SOV1|5|Sep:1;SOV2|5|Dec:1;SOV2|5|Jan:1;SOV2|5|Nov:1;SOV2|5|Oct:1;SOV2|5|Sep:1,105;196;209;221;374;410;485,dd12bca24f040401,200,1-500,501-1500
10,10,35772212.795227334,12569500.0,23202712.795232363,2760000.0,9056250.0,753250.0,22057398.758470587,443503.78330973495,701810.2534470626,,721.5597794139758,443.43907781131566,12.538037221878767,0.003183109685778618,251.42024397850037,2,2,10,0.03981171175747622,1,2,4,10,0.03981171175747622,1,"{""eta"":[{""iter"":1,""solved"":10,""failed"":0,""gap_p90"":0,""cache_hr"":0,""fixed"":1,""unan"":false,""key"":""('eta', '5')""},{""iter"":2,""solved"":10,""failed"":0,""gap_p90"":0,""cache_hr"":70,""fixed"":1,""unan"":true,""key"":null}],""gamma_LT"":[{""iter"":1,""solved"":10,""failed"":0,""gap_p90"":0,""cache_hr"":100,""fixed"":1,""unan"":false,""key"":""('gamma_LT', ('CTV',""},{""iter"":2,""solved"":10,""failed"":0,""gap_p90"":0,""cache_hr"":90,""fixed"":3,""unan"":true,""key"":null}]}",0.017579440702671558,True,2,OPTIMAL,solution_within_gap,False,,6:1,CTV|6:2;SOV|6:1,SOV|6|Dec:1;SOV|6|Jan:1;SOV|6|Nov:1;SOV|6|Oct:1,SOV1|6|Apr:1;SOV1|6|Aug:1;SOV1|6|Dec:1;SOV1|6|Feb:1;SOV1|6|Jan:1;SOV1|6|Jul:1;SOV1|6|Jun:1;SOV1|6|Mar:1;SOV1|6|May:1;SOV1|6|Nov:1;SOV1|6|Oct:1;SOV1|6|Sep:1;SOV2|6|Dec:1;SOV2|6|Jan:1;SOV2|6|Nov:1;SOV2|6|Oct:1,10;11;79;170;182;195;234;291;360;426,dd12bca24f040401,200,1-500,501-1500
10,15,41938566.49922704,14445150.0,27493416.499227755,4485000.0,9056250.0,903900.0,26362317.49788749,409837.1683558061,721261.8329835851,,905.840888839215,246.9758053459227,38.27550037205219,0.012367457151412964,600.6820330619812,2,2,15,0.039993589310003116,1,3,4,15,0.03996110667933088,1,"{""eta"":[{""iter"":1,""solved"":15,""failed"":0,""gap_p90"":0,""cache_hr"":0,""fixed"":1,""unan"":false,""key"":""('eta', '5')""},{""iter"":2,""solved"":15,""failed"":0,""gap_p90"":0,""cache_hr"":80,""fixed"":1,""unan"":true,""key"":null}],""gamma_LT"":[{""iter"":1,""solved"":15,""failed"":0,""gap_p90"":0,""cache_hr"":100,""fixed"":1,""unan"":false,""key"":""('gamma_LT', ('SOV',""},{""iter"":2,""solved"":15,""failed"":0,""gap_p90"":0,""cache_hr"":93,""fixed"":1,""unan"":false,""key"":""('gamma_LT', ('CTV',""},{""iter"":3,""solved"":15,""failed"":0,""gap_p90"":0,""cache_hr"":47,""fixed"":2,""unan"":true,""key"":null}]}",0.016565915981116605,True,2,OPTIMAL,solution_within_gap,False,,6:1,CTV|6:2;SOV|6:1,CTV|6|Dec:2;CTV|6|Jan:2;SOV|6|Dec:1;SOV|6|Feb:1;SOV|6|Jan:1;SOV|6|Nov:1;SOV|6|Oct:1;SOV|6|Sep:1,SOV1|6|Apr:1;SOV1|6|Aug:1;SOV1|6|Dec:1;SOV1|6|Feb:1;SOV1|6|Jan:1;SOV1|6|Jul:1;SOV1|6|Jun:1;SOV1|6|Mar:1;SOV1|6|May:1;SOV1|6|Nov:1;SOV1|6|Oct:1;SOV1|6|Sep:1;SOV2|6|Dec:1;SOV2|6|Feb:1;SOV2|6|Jan:1;SOV2|6|Nov:1;SOV2|6|Oct:1;SOV2|6|Sep:1,29;78;145;177;212;234;249;251;287;349;354;361;444;470;490,dd12bca24f040401,200,1-500,501-1500
10,20,37846110.24662596,13992050.0,23854060.24662315,3881250.0,9056250.0,1054550.0,22714978.79428786,436023.2470954821,703058.2052428324,,2422.2554993564263,646.2024355744943,41.59737759176642,0.0089725311845541,1707.424633026123,2,2,20,0.03992671493164511,1,3,4,20,0.0399802918164838,1,"{""eta"":[{""iter"":1,""solved"":20,""failed"":0,""gap_p90"":0,""cache_hr"":0,""fixed"":1,""unan"":false,""key"":""('eta', '5')""},{""iter"":2,""solved"":20,""failed"":0,""gap_p90"":0,""cache_hr"":75,""fixed"":1,""unan"":true,""key"":null}],""gamma_LT"":[{""iter"":1,""solved"":20,""failed"":0,""gap_p90"":0,""cache_hr"":100,""fixed"":1,""unan"":false,""key"":""('gamma_LT', ('SOV',""},{""iter"":2,""solved"":20,""failed"":0,""gap_p90"":0,""cache_hr"":95,""fixed"":1,""unan"":false,""key"":""('gamma_LT', ('CTV',""},{""iter"":3,""solved"":20,""failed"":0,""gap_p90"":0,""cache_hr"":60,""fixed"":2,""unan"":true,""key"":null}]}",0.019755081853226542,True,2,OPTIMAL,solution_within_gap,False,,6:1,CTV|6:2;SOV|6:1,CTV|6|Dec:3;CTV|6|Jan:1;CTV|6|Oct:1;SOV|6|Dec:1;SOV|6|Feb:1;SOV|6|Jan:1;SOV|6|Mar:1;SOV|6|Nov:1,SOV1|6|Apr:1;SOV1|6|Aug:1;SOV1|6|Dec:1;SOV1|6|Feb:1;SOV1|6|Jan:1;SOV1|6|Jul:1;SOV1|6|Jun:1;SOV1|6|Mar:1;SOV1|6|May:1;SOV1|6|Nov:1;SOV1|6|Oct:1;SOV1|6|Sep:1;SOV2|6|Dec:1;SOV2|6|Feb:1;SOV2|6|Jan:1;SOV2|6|Mar:1;SOV2|6|Nov:1,9;15;16;28;43;47;69;89;128;154;189;196;203;220;324;361;452;457;472;499,dd12bca24f040401,200,1-500,501-1500
11,1,37486993.81141564,14164550.0,23322443.811415795,4053750.0,9056250.0,1054550.0,21755183.72451956,506698.24939740606,1060561.8374986583,,55.47035328950733,47.97282249201089,0.00035765767097473145,0.0010312404483556747,3.8294219970703125,1,2,1,0.03725113748876179,1,1,4,1,0.03725113748876179,1,"{""eta"":[{""iter"":1,""solved"":1,""failed"":0,""gap_p90"":0,""cache_hr"":0,""fixed"":2,""unan"":true,""key"":null}],""gamma_LT"":[{""iter"":1,""solved"":1,""failed"":0,""gap_p90"":0,""cache_hr"":100,""fixed"":4,""unan"":true,""key"":null}]}",0.003797997075860075,True,2,OPTIMAL,solution_within_gap,False,,5:1,CTV|5:2;SOV|5:1,CTV|5|Aug:1;CTV|5|Dec:3;CTV|5|Jul:1;CTV|5|Oct:1;CTV|5|Sep:1;SOV|5|Dec:1;SOV|5|Feb:1;SOV|5|Jan:1;SOV|5|Mar:1;SOV|5|Nov:1,SOV1|5|Apr:1;SOV1|5|Aug:1;SOV1|5|Dec:1;SOV1|5|Feb:1;SOV1|5|Jan:1;SOV1|5|Jul:1;SOV1|5|Jun:1;SOV1|5|Mar:1;SOV1|5|May:1;SOV1|5|Nov:1;SOV1|5|Oct:1;SOV1|5|Sep:1;SOV2|5|Dec:1;SOV2|5|Feb:1;SOV2|5|Jan:1;SOV2|5|Mar:1;SOV2|5|Nov:1,47,dd12bca24f040401,200,1-500,501-1500
11,3,41801361.05711648,12569500.0,29231861.05711624,2760000.0,9056250.0,753250.0,28056353.381362204,441913.67918047856,733593.9965737829,,175.73653077334166,128.76890573929995,13.41496508475393,0.0025287726894021034,27.025529861450195,2,2,3,0.03999416654670614,1,2,4,3,0.03999416654670614,1,"{""eta"":[{""iter"":1,""solved"":3,""failed"":0,""gap_p90"":0,""cache_hr"":0,""fixed"":1,""unan"":false,""key"":""('eta', '5')""},{""iter"":2,""solved"":3,""failed"":0,""gap_p90"":0,""cache_hr"":67,""fixed"":1,""unan"":true,""key"":null}],""gamma_LT"":[{""iter"":1,""solved"":3,""failed"":0,""gap_p90"":0,""cache_hr"":100,""fixed"":1,""unan"":false,""key"":""('gamma_LT', ('CTV',""},{""iter"":2,""solved"":3,""failed"":0,""gap_p90"":0,""cache_hr"":33,""fixed"":3,""unan"":true,""key"":null}]}",0.013397062527337,True,2,OPTIMAL,solution_within_gap,False,,6:1,CTV|6:2;SOV|6:1,SOV|6|Dec:1;SOV|6|Feb:1;SOV|6|Jan:1;SOV|6|Nov:1,SOV1|6|Apr:1;SOV1|6|Aug:1;SOV1|6|Dec:1;SOV1|6|Feb:1;SOV1|6|Jan:1;SOV1|6|Jul:1;SOV1|6|Jun:1;SOV1|6|Mar:1;SOV1|6|May:1;SOV1|6|Nov:1;SOV1|6|Oct:1;SOV1|6|Sep:1;SOV2|6|Dec:1;SOV2|6|Feb:1;SOV2|6|Jan:1;SOV2|6|Nov:1,14;106;430,dd12bca24f040401,200,1-500,501-1500
11,5,34923534.237724945,13259500.0,21664034.237722907,3450000.0,9056250.0,753250.0,20534243.424723182,448493.3990123,681297.4139893888,,474.85338971111923,390.8465128056705,19.302702153101563,0.004483146592974663,56.48833608627319,2,2,5,0.03998721238311047,1,3,4,5,0.039999014437730164,1,"{""eta"":[{""iter"":1,""solved"":5,""failed"":0,""gap_p90"":0,""cache_hr"":0,""fixed"":1,""unan"":false,""key"":""('eta', '5')""},{""iter"":2,""solved"":5,""failed"":0,""gap_p90"":0,""cache_hr"":80,""fixed"":1,""unan"":true,""key"":null}],""gamma_LT"":[{""iter"":1,""solved"":5,""failed"":0,""gap_p90"":0,""cache_hr"":100,""fixed"":1,""unan"":false,""key"":""('gamma_LT', ('SOV',""},{""iter"":2,""solved"":5,""failed"":0,""gap_p90"":0,""cache_hr"":80,""fixed"":1,""unan"":false,""key"":""('gamma_LT', ('CTV',""},{""iter"":3,""solved"":5,""failed"":0,""gap_p90"":0,""cache_hr"":80,""fixed"":2,""unan"":true,""key"":null}]}",0.007396687622377949,True,2,OPTIMAL,solution_within_gap,False,,6:1,CTV|6:2;SOV|6:1,SOV|6|Dec:1;SOV|6|Feb:1;SOV|6|Jan:1;SOV|6|Nov:1;SOV|6|Oct:1,SOV1|6|Apr:1;SOV1|6|Aug:1;SOV1|6|Dec:1;SOV1|6|Feb:1;SOV1|6|Jan:1;SOV1|6|Jul:1;SOV1|6|Jun:1;SOV1|6|Mar:1;SOV1|6|May:1;SOV1|6|Nov:1;SOV1|6|Oct:1;SOV1|6|Sep:1;SOV2|6|Dec:1;SOV2|6|Feb:1;SOV2|6|Jan:1;SOV2|6|Nov:1;SOV2|6|Oct:1,28;122;417;418;474,dd12bca24f040401,200,1-500,501-1500
11,7,38743265.89513314,13259500.0,25483765.895135134,3450000.0,9056250.0,753250.0,24351208.97303456,435318.58667912096,697238.3354194423,,272.0889704665169,133.7839017463848,13.647124860435724,0.006172659806907177,113.67718315124512,2,2,7,0.039746209503227346,1,2,4,7,0.039986921922165485,1,"{""eta"":[{""iter"":1,""solved"":7,""failed"":0,""gap_p90"":0,""cache_hr"":0,""fixed"":1,""unan"":false,""key"":""('eta', '5')""},{""iter"":2,""solved"":7,""failed"":0,""gap_p90"":0,""cache_hr"":71,""fixed"":1,""unan"":true,""key"":null}],""gamma_LT"":[{""iter"":1,""solved"":7,""failed"":0,""gap_p90"":0,""cache_hr"":100,""fixed"":1,""unan"":false,""key"":""('gamma_LT', ('CTV',""},{""iter"":2,""solved"":7,""failed"":0,""gap_p90"":0,""cache_hr"":43,""fixed"":3,""unan"":true,""key"":null}]}",0.013429440490786405,True,2,OPTIMAL,solution_within_gap,False,,6:1,CTV|6:2;SOV|6:1,SOV|6|Dec:1;SOV|6|Feb:1;SOV|6|Jan:1;SOV|6|Nov:1;SOV|6|Oct:1,SOV1|6|Apr:1;SOV1|6|Aug:1;SOV1|6|Dec:1;SOV1|6|Feb:1;SOV1|6|Jan:1;SOV1|6|Jul:1;SOV1|6|Jun:1;SOV1|6|Mar:1;SOV1|6|May:1;SOV1|6|Nov:1;SOV1|6|Oct:1;SOV1|6|Sep:1;SOV2|6|Dec:1;SOV2|6|Feb:1;SOV2|6|Jan:1;SOV2|6|Nov:1;SOV2|6|Oct:1,16;81;228;302;314;387;409,dd12bca24f040401,200,1-500,501-1500
11,10,37648570.984417856,13259500.0,24389070.98442273,3450000.0,9056250.0,753250.0,23230690.659496862,433868.40307140595,724511.921849598,,608.7558831786737,192.12476032506675,28.4611484259367,0.002947690896689892,373.48409605026245,2,2,10,0.039953562079474626,1,3,4,10,0.039953562079474626,1,"{""eta"":[{""iter"":1,""solved"":10,""failed"":0,""gap_p90"":0,""cache_hr"":0,""fixed"":1,""unan"":false,""key"":""('eta', '5')""},{""iter"":2,""solved"":10,""failed"":0,""gap_p90"":0,""cache_hr"":70,""fixed"":1,""unan"":true,""key"":null}],""gamma_LT"":[{""iter"":1,""solved"":10,""failed"":0,""gap_p90"":0,""cache_hr"":100,""fixed"":1,""unan"":false,""key"":""('gamma_LT', ('CTV',""},{""iter"":2,""solved"":10,""failed"":0,""gap_p90"":0,""cache_hr"":90,""fixed"":1,""unan"":false,""key"":""('gamma_LT', ('SOV',""},{""iter"":3,""solved"":10,""failed"":0,""gap_p90"":0,""cache_hr"":90,""fixed"":2,""unan"":true,""key"":null}]}",0.019095816096360015,True,2,OPTIMAL,solution_within_gap,False,,6:1,CTV|6:2;SOV|6:1,SOV|6|Dec:1;SOV|6|Feb:1;SOV|6|Jan:1;SOV|6|Nov:1;SOV|6|Oct:1,SOV1|6|Apr:1;SOV1|6|Aug:1;SOV1|6|Dec:1;SOV1|6|Feb:1;SOV1|6|Jan:1;SOV1|6|Jul:1;SOV1|6|Jun:1;SOV1|6|Mar:1;SOV1|6|May:1;SOV1|6|Nov:1;SOV1|6|Oct:1;SOV1|6|Sep:1;SOV2|6|Dec:1;SOV2|6|Feb:1;SOV2|6|Jan:1;SOV2|6|Nov:1;SOV2|6|Oct:1,25;118;255;266;277;315;354;384;414;415,dd12bca24f040401,200,1-500,501-1500
11,15,37977118.08249318,13259500.0,24717618.082494285,3450000.0,9056250.0,753250.0,23574478.008406807,430631.6396543836,712508.4344320793,,699.8485405296087,354.30747417733073,11.274886728264391,0.007312323898077011,314.2734990119934,2,2,15,0.03998155417500481,1,2,4,15,0.03999412155752944,1,"{""eta"":[{""iter"":1,""solved"":15,""failed"":0,""gap_p90"":0,""cache_hr"":0,""fixed"":1,""unan"":false,""key"":""('eta', '5')""},{""iter"":2,""solved"":15,""failed"":0,""gap_p90"":0,""cache_hr"":80,""fixed"":1,""unan"":true,""key"":null}],""gamma_LT"":[{""iter"":1,""solved"":15,""failed"":0,""gap_p90"":0,""cache_hr"":100,""fixed"":1,""unan"":false,""key"":""('gamma_LT', ('CTV',""},{""iter"":2,""solved"":15,""failed"":0,""gap_p90"":0,""cache_hr"":73,""fixed"":3,""unan"":true,""key"":null}]}",0.005133996567952635,True,2,OPTIMAL,solution_within_gap,False,,6:1,CTV|6:2;SOV|6:1,SOV|6|Dec:1;SOV|6|Feb:1;SOV|6|Jan:1;SOV|6|Nov:1;SOV|6|Oct:1,SOV1|6|Apr:1;SOV1|6|Aug:1;SOV1|6|Dec:1;SOV1|6|Feb:1;SOV1|6|Jan:1;SOV1|6|Jul:1;SOV1|6|Jun:1;SOV1|6|Mar:1;SOV1|6|May:1;SOV1|6|Nov:1;SOV1|6|Oct:1;SOV1|6|Sep:1;SOV2|6|Dec:1;SOV2|6|Feb:1;SOV2|6|Jan:1;SOV2|6|Nov:1;SOV2|6|Oct:1,3;54;68;74;91;129;133;250;287;366;375;414;445;450;477,dd12bca24f040401,200,1-500,501-1500
11,20,40613496.82000876,14821775.0,25791721.82000593,4485000.0,9056250.0,1280525.0,24640968.302333217,426353.36519576015,724400.1524800797,,2044.4147058222443,652.4098292849958,28.42994157690555,0.014869019389152527,1335.8654160499573,2,2,20,0.03992671493164511,1,2,4,20,0.03999391824754448,1,"{""eta"":[{""iter"":1,""solved"":20,""failed"":0,""gap_p90"":0,""cache_hr"":0,""fixed"":1,""unan"":false,""key"":""('eta', '5')""},{""iter"":2,""solved"":20,""failed"":0,""gap_p90"":0,""cache_hr"":70,""fixed"":1,""unan"":true,""key"":null}],""gamma_LT"":[{""iter"":1,""solved"":20,""failed"":0,""gap_p90"":0,""cache_hr"":100,""fixed"":1,""unan"":false,""key"":""('gamma_LT', ('CTV',""},{""iter"":2,""solved"":20,""failed"":0,""gap_p90"":0,""cache_hr"":55,""fixed"":3,""unan"":true,""key"":null}]}",0.019771343131022644,True,2,OPTIMAL,solution_within_gap,False,,6:1,CTV|6:2;SOV|6:1,CTV|6|Dec:3;CTV|6|Jan:1;SOV|6|Dec:1;SOV|6|Feb:1;SOV|6|Jan:2;SOV|6|Nov:1;SOV|6|Oct:1,SOV1|6|Apr:1;SOV1|6|Aug:1;SOV1|6|Dec:1;SOV1|6|Feb:1;SOV1|6|Jan:1;SOV1|6|Jul:1;SOV1|6|Jun:1;SOV1|6|Mar:1;SOV1|6|May:1;SOV1|6|Nov:1;SOV1|6|Oct:1;SOV1|6|Sep:1;SOV2|6|Dec:1;SOV2|6|Feb:1;SOV2|6|Jan:1;SOV2|6|Nov:1;SOV2|6|Oct:1;SOV3|6|Jan:1,13;40;47;89;118;130;136;168;210;240;302;306;352;366;391;392;393;405;471;497,dd12bca24f040401,200,1-500,501-1500
12,1,46990542.919504866,12774775.0,34215767.91950531,10436250.0,1811250.0,527275.0,33014465.10794225,472903.3613078147,728399.4502547551,,47.83429826889187,39.980656864121556,0.000346609391272068,0.0009964276105165482,3.7721078395843506,1,2,1,0.03781444269152443,1,1,4,1,0.03781444269152443,1,"{""eta"":[{""iter"":1,""solved"":1,""failed"":0,""gap_p90"":0,""cache_hr"":0,""fixed"":2,""unan"":true,""key"":null}],""gamma_LT"":[{""iter"":1,""solved"":1,""failed"":0,""gap_p90"":0,""cache_hr"":100,""fixed"":4,""unan"":true,""key"":null}]}",0.01134104319999887,True,2,OPTIMAL,solution_within_gap,False,,6:1,CTV|6:2,CTV|6|Sep:1;SOV|6|Apr:1;SOV|6|Aug:1;SOV|6|Dec:2;SOV|6|Feb:1;SOV|6|Jan:2;SOV|6|Jul:1;SOV|6|Jun:1;SOV|6|Mar:1;SOV|6|May:1;SOV|6|Nov:2;SOV|6|Oct:1;SOV|6|Sep:1,SOV1|6|Apr:1;SOV1|6|Aug:1;SOV1|6|Dec:1;SOV1|6|Feb:1;SOV1|6|Jan:1;SOV1|6|Jul:1;SOV1|6|Jun:1;SOV1|6|Mar:1;SOV1|6|May:1;SOV1|6|Nov:1;SOV1|6|Oct:1;SOV1|6|Sep:1;SOV2|6|Dec:1;SOV2|6|Jan:1;SOV2|6|Nov:1,236,dd12bca24f040401,200,1-500,501-1500
12,3,34503616.04153254,13550450.0,20953166.04153232,2760000.0,9961875.0,828575.0,19749293.0418849,515768.8259256647,688104.1737219999,,275.93324743490666,240.1019618269056,10.582923965528607,0.0027574263513088226,19.166787147521973,1,2,3,0.03994128552367342,1,2,4,3,0.039998260239281415,1,"{""eta"":[{""iter"":1,""solved"":3,""failed"":0,""gap_p90"":0,""cache_hr"":0,""fixed"":2,""unan"":true,""key"":null}],""gamma_LT"":[{""iter"":1,""solved"":3,""failed"":0,""gap_p90"":0,""cache_hr"":100,""fixed"":1,""unan"":false,""key"":""('gamma_LT', ('CTV',""},{""iter"":2,""solved"":3,""failed"":0,""gap_p90"":0,""cache_hr"":33,""fixed"":3,""unan"":true,""key"":null}]}",0.015115444270573507,True,2,OPTIMAL,solution_within_gap,False,,6:1,CTV|6:3;SOV|6:1,SOV|6|Dec:1;SOV|6|Jan:1;SOV|6|Nov:1;SOV|6|Oct:1,SOV1|6|Apr:1;SOV1|6|Aug:1;SOV1|6|Dec:1;SOV1|6|Feb:1;SOV1|6|Jan:1;SOV1|6|Jul:1;SOV1|6|Jun:1;SOV1|6|Mar:1;SOV1|6|May:1;SOV1|6|Nov:1;SOV1|6|Oct:1;SOV1|6|Sep:1;SOV2|6|Dec:1;SOV2|6|Jan:1;SOV2|6|Nov:1;SOV2|6|Oct:1,60;184;311,dd12bca24f040401,200,1-500,501-1500
12,5,34763587.581876695,13065150.0,21698437.581874624,3105000.0,9056250.0,903900.0,20478281.032900646,473548.68919994746,746607.8597760439,,638.3554273433983,583.6783252712339,9.677743329666555,0.004499858245253563,35.995465993881226,1,2,5,0.03961901985309663,1,2,4,5,0.039917986122740896,1,"{""eta"":[{""iter"":1,""solved"":5,""failed"":0,""gap_p90"":0,""cache_hr"":0,""fixed"":2,""unan"":true,""key"":null}],""gamma_LT"":[{""iter"":1,""solved"":5,""failed"":0,""gap_p90"":0,""cache_hr"":100,""fixed"":1,""unan"":false,""key"":""('gamma_LT', ('CTV',""},{""iter"":2,""solved"":5,""failed"":0,""gap_p90"":0,""cache_hr"":60,""fixed"":3,""unan"":true,""key"":null}]}",0.019358797506216812,True,2,OPTIMAL,solution_within_gap,False,,6:1,CTV|6:2;SOV|6:1,CTV|6|Dec:1;CTV|6|Feb:1;CTV|6|Jan:1;CTV|6|Jun:1;SOV|6|Dec:1;SOV|6|Jan:1;SOV|6|Nov:1;SOV|6|Oct:1,SOV1|6|Apr:1;SOV1|6|Aug:1;SOV1|6|Dec:1;SOV1|6|Feb:1;SOV1|6|Jan:1;SOV1|6|Jul:1;SOV1|6|Jun:1;SOV1|6|Mar:1;SOV1|6|May:1;SOV1|6|Nov:1;SOV1|6|Oct:1;SOV1|6|Sep:1;SOV2|6|Dec:1;SOV2|6|Jan:1;SOV2|6|Nov:1;SOV2|6|Oct:1,89;120;174;216;280,dd12bca24f040401,200,1-500,501-1500
12,7,39412163.18332681,14250800.0,25161363.18332887,4140000.0,9056250.0,1054550.0,24010846.022439986,437673.76573651633,712843.3951503404,,472.05904897209257,260.70674061216414,17.99857833981514,0.00448058545589447,182.43282103538513,2,2,7,0.039931737755231275,1,2,4,7,0.03998234110048013,1,"{""eta"":[{""iter"":1,""solved"":7,""failed"":0,""gap_p90"":0,""cache_hr"":0,""fixed"":1,""unan"":false,""key"":""('eta', '5')""},{""iter"":2,""solved"":7,""failed"":0,""gap_p90"":0,""cache_hr"":71,""fixed"":1,""unan"":true,""key"":null}],""gamma_LT"":[{""iter"":1,""solved"":7,""failed"":0,""gap_p90"":0,""cache_hr"":100,""fixed"":1,""unan"":false,""key"":""('gamma_LT', ('CTV',""},{""iter"":2,""solved"":7,""failed"":0,""gap_p90"":0,""cache_hr"":43,""fixed"":3,""unan"":true,""key"":null}]}",0.013715486438488198,True,2,OPTIMAL,solution_within_gap,False,,6:1,CTV|6:2;SOV|6:1,SOV|6|Dec:2;SOV|6|Feb:1;SOV|6|Jan:1;SOV|6|Nov:1;SOV|6|Oct:1,SOV1|6|Apr:1;SOV1|6|Aug:1;SOV1|6|Dec:1;SOV1|6|Feb:1;SOV1|6|Jan:1;SOV1|6|Jul:1;SOV1|6|Jun:1;SOV1|6|Mar:1;SOV1|6|May:1;SOV1|6|Nov:1;SOV1|6|Oct:1;SOV1|6|Sep:1;SOV2|6|Dec:1;SOV2|6|Feb:1;SOV2|6|Jan:1;SOV2|6|Nov:1;SOV2|6|Oct:1;SOV3|6|Dec:1,5;115;116;145;251;343;391,dd12bca24f040401,200,1-500,501-1500
12,10,38059463.94711314,14228950.0,23830513.94711793,3967500.0,9056250.0,1205200.0,22685786.17359542,438883.5617921433,705844.2117255526,,425.224572644569,173.09477981645614,16.18864674307406,0.008803578093647957,222.09307217597961,2,2,10,0.039820798968429064,1,2,4,10,0.03999067767872775,1,"{""eta"":[{""iter"":1,""solved"":10,""failed"":0,""gap_p90"":0,""cache_hr"":0,""fixed"":1,""unan"":false,""key"":""('eta', '5')""},{""iter"":2,""solved"":10,""failed"":0,""gap_p90"":0,""cache_hr"":80,""fixed"":1,""unan"":true,""key"":null}],""gamma_LT"":[{""iter"":1,""solved"":10,""failed"":0,""gap_p90"":0,""cache_hr"":100,""fixed"":1,""unan"":false,""key"":""('gamma_LT', ('CTV',""},{""iter"":2,""solved"":10,""failed"":0,""gap_p90"":0,""cache_hr"":70,""fixed"":3,""unan"":true,""key"":null}]}",0.008312611956609412,True,2,OPTIMAL,solution_within_gap,False,,6:1,CTV|6:2;SOV|6:1,CTV|6|Dec:6;SOV|6|Dec:1;SOV|6|Feb:1;SOV|6|Jan:1;SOV|6|Nov:1;SOV|6|Oct:1,SOV1|6|Apr:1;SOV1|6|Aug:1;SOV1|6|Dec:1;SOV1|6|Feb:1;SOV1|6|Jan:1;SOV1|6|Jul:1;SOV1|6|Jun:1;SOV1|6|Mar:1;SOV1|6|May:1;SOV1|6|Nov:1;SOV1|6|Oct:1;SOV1|6|Sep:1;SOV2|6|Dec:1;SOV2|6|Feb:1;SOV2|6|Jan:1;SOV2|6|Nov:1;SOV2|6|Oct:1,105;162;164;168;219;233;253;337;432;447,dd12bca24f040401,200,1-500,501-1500
12,15,38754461.994405985,14887325.0,23867136.99440676,5002500.0,9056250.0,828575.0,22756393.125143465,390518.7636030745,720225.105659337,,1643.553227584809,582.9361678389832,31.691864302381873,0.011404869146645069,1007.8338780403137,2,2,15,0.039936316546326414,1,2,4,15,0.03998375937452163,1,"{""eta"":[{""iter"":1,""solved"":15,""failed"":0,""gap_p90"":0,""cache_hr"":0,""fixed"":1,""unan"":false,""key"":""('eta', '5')""},{""iter"":2,""solved"":15,""failed"":0,""gap_p90"":0,""cache_hr"":80,""fixed"":1,""unan"":true,""key"":null}],""gamma_LT"":[{""iter"":1,""solved"":15,""failed"":0,""gap_p90"":0,""cache_hr"":100,""fixed"":1,""unan"":false,""key"":""('gamma_LT', ('CTV',""},{""iter"":2,""solved"":15,""failed"":0,""gap_p90"":0,""cache_hr"":67,""fixed"":3,""unan"":true,""key"":null}]}",0.015440251290206788,True,2,OPTIMAL,solution_within_gap,False,,6:1,CTV|6:2;SOV|6:1,CTV|6|Dec:1;CTV|6|Jan:1;SOV|6|Dec:1;SOV|6|Feb:1;SOV|6|Jan:1;SOV|6|Mar:1;SOV|6|Nov:1;SOV|6|Oct:1;SOV|6|Sep:1,SOV1|6|Apr:1;SOV1|6|Aug:1;SOV1|6|Dec:1;SOV1|6|Feb:1;SOV1|6|Jan:1;SOV1|6|Jul:1;SOV1|6|Jun:1;SOV1|6|Mar:1;SOV1|6|May:1;SOV1|6|Nov:1;SOV1|6|Oct:1;SOV1|6|Sep:1;SOV2|6|Dec:1;SOV2|6|Feb:1;SOV2|6|Jan:1;SOV2|6|Mar:1;SOV2|6|Nov:1;SOV2|6|Oct:1;SOV2|6|Sep:1,47;139;173;182;185;198;209;275;306;336;393;408;431;463;468,dd12bca24f040401,200,1-500,501-1500
12,20,38839507.977361776,13949500.0,24890007.9773589,4140000.0,9056250.0,753250.0,23759307.949734822,419245.6898592338,711454.337767972,,2134.6015259707347,368.8137474413961,47.594977860338986,0.006293131038546562,1693.147521018982,2,2,20,0.039956841516545744,1,3,4,20,0.039994884595942956,1,"{""eta"":[{""iter"":1,""solved"":20,""failed"":0,""gap_p90"":0,""cache_hr"":0,""fixed"":1,""unan"":false,""key"":""('eta', '5')""},{""iter"":2,""solved"":20,""failed"":0,""gap_p90"":0,""cache_hr"":60,""fixed"":1,""unan"":true,""key"":null}],""gamma_LT"":[{""iter"":1,""solved"":20,""failed"":0,""gap_p90"":0,""cache_hr"":100,""fixed"":1,""unan"":false,""key"":""('gamma_LT', ('SOV',""},{""iter"":2,""solved"":20,""failed"":0,""gap_p90"":0,""cache_hr"":90,""fixed"":1,""unan"":false,""key"":""('gamma_LT', ('CTV',""},{""iter"":3,""solved"":20,""failed"":0,""gap_p90"":0,""cache_hr"":50,""fixed"":2,""unan"":true,""key"":null}]}",0.006449385587183824,True,2,OPTIMAL,solution_within_gap,False,,6:1,CTV|6:2;SOV|6:1,SOV|6|Dec:1;SOV|6|Feb:1;SOV|6|Jan:1;SOV|6|Nov:1;SOV|6|Oct:1;SOV|6|Sep:1,SOV1|6|Apr:1;SOV1|6|Aug:1;SOV1|6|Dec:1;SOV1|6|Feb:1;SOV1|6|Jan:1;SOV1|6|Jul:1;SOV1|6|Jun:1;SOV1|6|Mar:1;SOV1|6|May:1;SOV1|6|Nov:1;SOV1|6|Oct:1;SOV1|6|Sep:1;SOV2|6|Dec:1;SOV2|6|Feb:1;SOV2|6|Jan:1;SOV2|6|Nov:1;SOV2|6|Oct:1;SOV2|6|Sep:1,35;63;99;138;153;166;202;206;253;275;318;322;369;382;385;417;422;423;433;467,dd12bca24f040401,200,1-500,501-1500
13,1,28940581.645739675,13421075.0,15519506.645739304,3536250.0,9056250.0,828575.0,14372897.823872436,445933.6197813412,700675.2020859024,,111.39137122873217,104.12267143186182,0.000319797545671463,0.000991756096482277,3.530025005340576,1,2,1,0.03850167002980344,1,1,4,1,0.03850167002980344,1,"{""eta"":[{""iter"":1,""solved"":1,""failed"":0,""gap_p90"":0,""cache_hr"":0,""fixed"":2,""unan"":true,""key"":null}],""gamma_LT"":[{""iter"":1,""solved"":1,""failed"":0,""gap_p90"":0,""cache_hr"":100,""fixed"":4,""unan"":true,""key"":null}]}",0.012323773100567018,True,2,OPTIMAL,solution_within_gap,False,,6:1,CTV|6:2;SOV|6:1,CTV|6|Dec:1;SOV|6|Dec:1;SOV|6|Jan:1;SOV|6|Nov:1;SOV|6|Oct:1;SOV|6|Sep:1,SOV1|6|Apr:1;SOV1|6|Aug:1;SOV1|6|Dec:1;SOV1|6|Feb:1;SOV1|6|Jan:1;SOV1|6|Jul:1;SOV1|6|Jun:1;SOV1|6|Mar:1;SOV1|6|May:1;SOV1|6|Nov:1;SOV1|6|Oct:1;SOV1|6|Sep:1;SOV2|6|Dec:1;SOV2|6|Jan:1;SOV2|6|Nov:1;SOV2|6|Oct:1;SOV2|6|Sep:1,140,dd12bca24f040401,200,1-500,501-1500
13,3,39097575.485493235,13259500.0,25838075.48549304,3450000.0,9056250.0,753250.0,24687507.252691194,433050.70011433394,717517.5326877268,,260.1855622557923,229.8255684878677,10.370107216760516,0.0024940045550465584,13.949863910675049,1,2,3,0.037869085554988136,1,2,4,3,0.03922068204601252,1,"{""eta"":[{""iter"":1,""solved"":3,""failed"":0,""gap_p90"":0,""cache_hr"":0,""fixed"":2,""unan"":true,""key"":null}],""gamma_LT"":[{""iter"":1,""solved"":3,""failed"":0,""gap_p90"":0,""cache_hr"":100,""fixed"":1,""unan"":false,""key"":""('gamma_LT', ('CTV',""},{""iter"":2,""solved"":3,""failed"":0,""gap_p90"":0,""cache_hr"":67,""fixed"":3,""unan"":true,""key"":null}]}",0.01547011755925496,True,2,OPTIMAL,solution_within_gap,False,,6:1,CTV|6:2;SOV|6:1,SOV|6|Dec:1;SOV|6|Feb:1;SOV|6|Jan:1;SOV|6|Nov:1;SOV|6|Oct:1,SOV1|6|Apr:1;SOV1|6|Aug:1;SOV1|6|Dec:1;SOV1|6|Feb:1;SOV1|6|Jan:1;SOV1|6|Jul:1;SOV1|6|Jun:1;SOV1|6|Mar:1;SOV1|6|May:1;SOV1|6|Nov:1;SOV1|6|Oct:1;SOV1|6|Sep:1;SOV2|6|Dec:1;SOV2|6|Feb:1;SOV2|6|Jan:1;SOV2|6|Nov:1;SOV2|6|Oct:1,115;232;287,dd12bca24f040401,200,1-500,501-1500
13,5,37262778.02391872,13259500.0,24003278.02391674,3450000.0,9056250.0,753250.0,22894990.542704362,438139.1828508364,670148.2983635025,,213.284963933751,125.76370938401669,11.724930600263178,0.003215300850570202,67.29346108436584,2,2,5,0.03995735851492064,1,2,4,5,0.03999543257988847,1,"{""eta"":[{""iter"":1,""solved"":5,""failed"":0,""gap_p90"":0,""cache_hr"":0,""fixed"":1,""unan"":false,""key"":""('eta', '5')""},{""iter"":2,""solved"":5,""failed"":0,""gap_p90"":0,""cache_hr"":80,""fixed"":1,""unan"":true,""key"":null}],""gamma_LT"":[{""iter"":1,""solved"":5,""failed"":0,""gap_p90"":0,""cache_hr"":100,""fixed"":1,""unan"":false,""key"":""('gamma_LT', ('CTV',""},{""iter"":2,""solved"":5,""failed"":0,""gap_p90"":0,""cache_hr"":60,""fixed"":3,""unan"":true,""key"":null}]}",0.0036664832969761866,True,2,OPTIMAL,solution_within_gap,False,,6:1,CTV|6:2;SOV|6:1,SOV|6|Dec:1;SOV|6|Feb:1;SOV|6|Jan:1;SOV|6|Nov:1;SOV|6|Oct:1,SOV1|6|Apr:1;SOV1|6|Aug:1;SOV1|6|Dec:1;SOV1|6|Feb:1;SOV1|6|Jan:1;SOV1|6|Jul:1;SOV1|6|Jun:1;SOV1|6|Mar:1;SOV1|6|May:1;SOV1|6|Nov:1;SOV1|6|Oct:1;SOV1|6|Sep:1;SOV2|6|Dec:1;SOV2|6|Feb:1;SOV2|6|Jan:1;SOV2|6|Nov:1;SOV2|6|Oct:1,78;135;258;303;395,dd12bca24f040401,200,1-500,501-1500
13,7,36217367.29885122,13259500.0,22957867.29885318,3450000.0,9056250.0,753250.0,21816500.422318205,435497.5735400617,705869.3029929003,,317.6161746038124,179.21705835219473,29.116941739805043,0.006212261505424976,98.78598213195801,2,2,7,0.039994609158029534,1,2,4,7,0.039994609158029534,1,"{""eta"":[{""iter"":1,""solved"":7,""failed"":0,""gap_p90"":0,""cache_hr"":0,""fixed"":1,""unan"":false,""key"":""('eta', '5')""},{""iter"":2,""solved"":7,""failed"":0,""gap_p90"":0,""cache_hr"":57,""fixed"":1,""unan"":true,""key"":null}],""gamma_LT"":[{""iter"":1,""solved"":7,""failed"":0,""gap_p90"":0,""cache_hr"":100,""fixed"":1,""unan"":false,""key"":""('gamma_LT', ('CTV',""},{""iter"":2,""solved"":7,""failed"":0,""gap_p90"":0,""cache_hr"":57,""fixed"":3,""unan"":true,""key"":null}]}",0.005184532318941788,True,2,OPTIMAL,solution_within_gap,False,,6:1,CTV|6:2;SOV|6:1,SOV|6|Dec:1;SOV|6|Feb:1;SOV|6|Jan:1;SOV|6|Nov:1;SOV|6|Oct:1,SOV1|6|Apr:1;SOV1|6|Aug:1;SOV1|6|Dec:1;SOV1|6|Feb:1;SOV1|6|Jan:1;SOV1|6|Jul:1;SOV1|6|Jun:1;SOV1|6|Mar:1;SOV1|6|May:1;SOV1|6|Nov:1;SOV1|6|Oct:1;SOV1|6|Sep:1;SOV2|6|Dec:1;SOV2|6|Feb:1;SOV2|6|Jan:1;SOV2|6|Nov:1;SOV2|6|Oct:1,9;125;251;263;296;302;425,dd12bca24f040401,200,1-500,501-1500
13,10,39203821.60840069,13560800.0,25643021.60840561,3450000.0,9056250.0,1054550.0,24491135.191855367,443730.50327102334,708155.9132742923,,374.1202097069472,199.71988392528147,18.29874232504517,0.008188012056052685,142.31197690963745,1,2,10,0.03751307261355682,1,2,4,10,0.039945755784869176,1,"{""eta"":[{""iter"":1,""solved"":10,""failed"":0,""gap_p90"":0,""cache_hr"":0,""fixed"":2,""unan"":true,""key"":null}],""gamma_LT"":[{""iter"":1,""solved"":10,""failed"":0,""gap_p90"":0,""cache_hr"":100,""fixed"":1,""unan"":false,""key"":""('gamma_LT', ('CTV',""},{""iter"":2,""solved"":10,""failed"":0,""gap_p90"":0,""cache_hr"":70,""fixed"":3,""unan"":true,""key"":null}]}",0.013800911737210278,True,2,OPTIMAL,solution_within_gap,False,,6:1,CTV|6:2;SOV|6:1,SOV|6|Dec:2;SOV|6|Feb:1;SOV|6|Jan:1;SOV|6|Nov:1,SOV1|6|Apr:1;SOV1|6|Aug:1;SOV1|6|Dec:1;SOV1|6|Feb:1;SOV1|6|Jan:1;SOV1|6|Jul:1;SOV1|6|Jun:1;SOV1|6|Mar:1;SOV1|6|May:1;SOV1|6|Nov:1;SOV1|6|Oct:1;SOV1|6|Sep:1;SOV2|6|Dec:1;SOV2|6|Feb:1;SOV2|6|Jan:1;SOV2|6|Nov:1;SOV3|6|Dec:1,48;84;101;112;182;210;266;334;426;431,dd12bca24f040401,200,1-500,501-1500
13,15,37296086.24821538,12731075.0,24565011.248216398,2846250.0,9056250.0,828575.0,23381810.769104917,457825.2039021929,725375.275208135,,1118.6942962193862,435.46243720222265,29.52406870946288,0.006260992027819157,634.126543045044,2,2,15,0.039796511965903864,1,3,4,15,0.039940943224394336,1,"{""eta"":[{""iter"":1,""solved"":15,""failed"":0,""gap_p90"":0,""cache_hr"":0,""fixed"":1,""unan"":false,""key"":""('eta', '5')""},{""iter"":2,""solved"":15,""failed"":0,""gap_p90"":0,""cache_hr"":93,""fixed"":1,""unan"":true,""key"":null}],""gamma_LT"":[{""iter"":1,""solved"":15,""failed"":0,""gap_p90"":0,""cache_hr"":100,""fixed"":1,""unan"":false,""key"":""('gamma_LT', ('SOV',""},{""iter"":2,""solved"":15,""failed"":0,""gap_p90"":0,""cache_hr"":93,""fixed"":1,""unan"":false,""key"":""('gamma_LT', ('CTV',""},{""iter"":3,""solved"":15,""failed"":0,""gap_p90"":0,""cache_hr"":87,""fixed"":2,""unan"":true,""key"":null}]}",0.01688383614607404,True,2,OPTIMAL,solution_within_gap,False,,6:1,CTV|6:2;SOV|6:1,CTV|6|Jan:1;SOV|6|Dec:1;SOV|6|Feb:1;SOV|6|Jan:1;SOV|6|Nov:1,SOV1|6|Apr:1;SOV1|6|Aug:1;SOV1|6|Dec:1;SOV1|6|Feb:1;SOV1|6|Jan:1;SOV1|6|Jul:1;SOV1|6|Jun:1;SOV1|6|Mar:1;SOV1|6|May:1;SOV1|6|Nov:1;SOV1|6|Oct:1;SOV1|6|Sep:1;SOV2|6|Dec:1;SOV2|6|Feb:1;SOV2|6|Jan:1;SOV2|6|Nov:1,84;134;141;159;203;206;233;284;286;345;354;377;416;417;458,dd12bca24f040401,200,1-500,501-1500
13,20,42077354.46491185,13421075.0,28656279.464909125,3536250.0,9056250.0,828575.0,27504778.287446212,424713.1760318618,726788.0014340904,,1067.628554765135,350.8872660975903,40.3933490999043,0.01730945333838463,649.8058710098267,2,2,20,0.03995836130942072,1,3,4,20,0.03995836130942072,1,"{""eta"":[{""iter"":1,""solved"":20,""failed"":0,""gap_p90"":0,""cache_hr"":0,""fixed"":1,""unan"":false,""key"":""('eta', '5')""},{""iter"":2,""solved"":20,""failed"":0,""gap_p90"":0,""cache_hr"":85,""fixed"":1,""unan"":true,""key"":null}],""gamma_LT"":[{""iter"":1,""solved"":20,""failed"":0,""gap_p90"":0,""cache_hr"":100,""fixed"":1,""unan"":false,""key"":""('gamma_LT', ('SOV',""},{""iter"":2,""solved"":20,""failed"":0,""gap_p90"":0,""cache_hr"":95,""fixed"":1,""unan"":false,""key"":""('gamma_LT', ('CTV',""},{""iter"":3,""solved"":20,""failed"":0,""gap_p90"":0,""cache_hr"":60,""fixed"":2,""unan"":true,""key"":null}]}",0.01025297741863058,True,2,OPTIMAL,solution_within_gap,False,,6:1,CTV|6:2;SOV|6:1,CTV|6|Nov:1;SOV|6|Dec:1;SOV|6|Feb:1;SOV|6|Jan:1;SOV|6|Nov:1;SOV|6|Oct:1,SOV1|6|Apr:1;SOV1|6|Aug:1;SOV1|6|Dec:1;SOV1|6|Feb:1;SOV1|6|Jan:1;SOV1|6|Jul:1;SOV1|6|Jun:1;SOV1|6|Mar:1;SOV1|6|May:1;SOV1|6|Nov:1;SOV1|6|Oct:1;SOV1|6|Sep:1;SOV2|6|Dec:1;SOV2|6|Feb:1;SOV2|6|Jan:1;SOV2|6|Nov:1;SOV2|6|Oct:1,15;29;62;91;94;158;181;184;192;218;228;242;286;290;318;351;379;389;412;476,dd12bca24f040401,200,1-500,501-1500
14,1,33402277.412244488,13668900.0,19733377.412244882,3708750.0,9056250.0,903900.0,18508087.47084286,477882.7489318548,747407.1924697818,,145.72383750136942,137.7135824142024,0.00031838566064834595,0.0010006483644247055,3.983306884765625,1,2,1,0.030520844061039054,1,1,4,1,0.030520844061039054,1,"{""eta"":[{""iter"":1,""solved"":1,""failed"":0,""gap_p90"":0,""cache_hr"":0,""fixed"":2,""unan"":true,""key"":null}],""gamma_LT"":[{""iter"":1,""solved"":1,""failed"":0,""gap_p90"":0,""cache_hr"":100,""fixed"":4,""unan"":true,""key"":null}]}",0.010906779191516395,True,2,OPTIMAL,solution_within_gap,False,,6:1,CTV|6:2;SOV|6:1,CTV|6|Dec:1;CTV|6|Jan:1;CTV|6|Sep:1;SOV|6|Dec:1;SOV|6|Feb:1;SOV|6|Jan:1;SOV|6|Nov:1;SOV|6|Oct:1,SOV1|6|Apr:1;SOV1|6|Aug:1;SOV1|6|Dec:1;SOV1|6|Feb:1;SOV1|6|Jan:1;SOV1|6|Jul:1;SOV1|6|Jun:1;SOV1|6|Mar:1;SOV1|6|May:1;SOV1|6|Nov:1;SOV1|6|Oct:1;SOV1|6|Sep:1;SOV2|6|Dec:1;SOV2|6|Feb:1;SOV2|6|Jan:1;SOV2|6|Nov:1;SOV2|6|Oct:1,48,dd12bca24f040401,200,1-500,501-1500
14,3,32453222.087524496,12569500.0,19883722.08752423,2760000.0,9056250.0,753250.0,18729320.035626918,460761.8006018864,693640.2512957017,,98.18981010373682,50.690174530260265,12.642440738156438,0.0027105025947093964,28.391215801239014,1,2,3,0.039740141868953464,1,2,4,3,0.039997529641729646,1,"{""eta"":[{""iter"":1,""solved"":3,""failed"":0,""gap_p90"":0,""cache_hr"":0,""fixed"":2,""unan"":true,""key"":null}],""gamma_LT"":[{""iter"":1,""solved"":3,""failed"":0,""gap_p90"":0,""cache_hr"":100,""fixed"":1,""unan"":false,""key"":""('gamma_LT', ('SOV',""},{""iter"":2,""solved"":3,""failed"":0,""gap_p90"":0,""cache_hr"":67,""fixed"":3,""unan"":true,""key"":null}]}",0.011109313759613092,True,2,OPTIMAL,solution_within_gap,False,,6:1,CTV|6:2;SOV|6:1,SOV|6|Dec:1;SOV|6|Feb:1;SOV|6|Jan:1;SOV|6|Nov:1,SOV1|6|Apr:1;SOV1|6|Aug:1;SOV1|6|Dec:1;SOV1|6|Feb:1;SOV1|6|Jan:1;SOV1|6|Jul:1;SOV1|6|Jun:1;SOV1|6|Mar:1;SOV1|6|May:1;SOV1|6|Nov:1;SOV1|6|Oct:1;SOV1|6|Sep:1;SOV2|6|Dec:1;SOV2|6|Feb:1;SOV2|6|Jan:1;SOV2|6|Nov:1,252;384;422,dd12bca24f040401,200,1-500,501-1500
14,5,36603837.85821773,12870800.0,23733037.858215578,2760000.0,9056250.0,1054550.0,22580615.343442164,482242.4017005368,670180.1130749844,,230.5021452875808,139.2036417759955,17.269731423817575,0.004497484304010868,65.27665305137634,1,2,5,0.039252405545699594,1,2,4,5,0.03994568125218739,1,"{""eta"":[{""iter"":1,""solved"":5,""failed"":0,""gap_p90"":0,""cache_hr"":0,""fixed"":2,""unan"":true,""key"":null}],""gamma_LT"":[{""iter"":1,""solved"":5,""failed"":0,""gap_p90"":0,""cache_hr"":100,""fixed"":1,""unan"":false,""key"":""('gamma_LT', ('CTV',""},{""iter"":2,""solved"":5,""failed"":0,""gap_p90"":0,""cache_hr"":40,""fixed"":3,""unan"":true,""key"":null}]}",0.00344387517628543,True,2,OPTIMAL,solution_within_gap,False,,6:1,CTV|6:2;SOV|6:1,SOV|6|Dec:2;SOV|6|Jan:1;SOV|6|Nov:1,SOV1|6|Apr:1;SOV1|6|Aug:1;SOV1|6|Dec:1;SOV1|6|Feb:1;SOV1|6|Jan:1;SOV1|6|Jul:1;SOV1|6|Jun:1;SOV1|6|Mar:1;SOV1|6|May:1;SOV1|6|Nov:1;SOV1|6|Oct:1;SOV1|6|Sep:1;SOV2|6|Dec:1;SOV2|6|Jan:1;SOV2|6|Nov:1;SOV3|6|Dec:1,78;142;317;373;394,dd12bca24f040401,200,1-500,501-1500
14,7,37461410.16005544,13259500.0,24201910.160057485,3450000.0,9056250.0,753250.0,23068900.713288575,435510.2944039817,697499.1523628933,,459.46834704093635,346.6014563003555,16.892818138934672,0.006194319576025009,84.72838807106018,2,2,7,0.039989548346746076,1,2,4,7,0.039989548346746076,1,"{""eta"":[{""iter"":1,""solved"":7,""failed"":0,""gap_p90"":0,""cache_hr"":0,""fixed"":1,""unan"":false,""key"":""('eta', '5')""},{""iter"":2,""solved"":7,""failed"":0,""gap_p90"":0,""cache_hr"":86,""fixed"":1,""unan"":true,""key"":null}],""gamma_LT"":[{""iter"":1,""solved"":7,""failed"":0,""gap_p90"":0,""cache_hr"":100,""fixed"":1,""unan"":false,""key"":""('gamma_LT', ('CTV',""},{""iter"":2,""solved"":7,""failed"":0,""gap_p90"":0,""cache_hr"":71,""fixed"":3,""unan"":true,""key"":null}]}",0.008127149978021907,True,2,OPTIMAL,solution_within_gap,False,,6:1,CTV|6:2;SOV|6:1,SOV|6|Dec:1;SOV|6|Feb:1;SOV|6|Jan:1;SOV|6|Nov:1;SOV|6|Oct:1,SOV1|6|Apr:1;SOV1|6|Aug:1;SOV1|6|Dec:1;SOV1|6|Feb:1;SOV1|6|Jan:1;SOV1|6|Jul:1;SOV1|6|Jun:1;SOV1|6|Mar:1;SOV1|6|May:1;SOV1|6|Nov:1;SOV1|6|Oct:1;SOV1|6|Sep:1;SOV2|6|Dec:1;SOV2|6|Feb:1;SOV2|6|Jan:1;SOV2|6|Nov:1;SOV2|6|Oct:1,54;261;286;385;442;472;481,dd12bca24f040401,200,1-500,501-1500
14,10,36822174.20115614,13259500.0,23562674.201160908,3450000.0,9056250.0,753250.0,22420422.717558302,439833.6256136027,702417.8579841666,,538.9367577815428,264.07199059426785,17.080555983819067,0.008625888265669346,241.98217678070068,2,2,10,0.03899783094891407,1,2,4,10,0.03899413336885744,1,"{""eta"":[{""iter"":1,""solved"":10,""failed"":0,""gap_p90"":0,""cache_hr"":0,""fixed"":1,""unan"":false,""key"":""('eta', '5')""},{""iter"":2,""solved"":10,""failed"":0,""gap_p90"":0,""cache_hr"":80,""fixed"":1,""unan"":true,""key"":null}],""gamma_LT"":[{""iter"":1,""solved"":10,""failed"":0,""gap_p90"":0,""cache_hr"":100,""fixed"":1,""unan"":false,""key"":""('gamma_LT', ('CTV',""},{""iter"":2,""solved"":10,""failed"":0,""gap_p90"":0,""cache_hr"":70,""fixed"":3,""unan"":true,""key"":null}]}",0.0061509856377880605,True,2,OPTIMAL,solution_within_gap,False,,6:1,CTV|6:2;SOV|6:1,SOV|6|Dec:1;SOV|6|Feb:1;SOV|6|Jan:1;SOV|6|Nov:1;SOV|6|Oct:1,SOV1|6|Apr:1;SOV1|6|Aug:1;SOV1|6|Dec:1;SOV1|6|Feb:1;SOV1|6|Jan:1;SOV1|6|Jul:1;SOV1|6|Jun:1;SOV1|6|Mar:1;SOV1|6|May:1;SOV1|6|Nov:1;SOV1|6|Oct:1;SOV1|6|Sep:1;SOV2|6|Dec:1;SOV2|6|Feb:1;SOV2|6|Jan:1;SOV2|6|Nov:1;SOV2|6|Oct:1,6;115;180;187;322;366;380;428;446;450,dd12bca24f040401,200,1-500,501-1500
14,15,40520021.66550982,14197325.0,26322696.66551059,4312500.0,9056250.0,828575.0,25185230.390806217,421933.1676457229,715533.1070578275,,725.2658500988036,406.8166277417913,17.253628029488027,0.012037652544677258,281.83369612693787,2,2,15,0.03888185965983041,1,2,4,15,0.039982637261620345,1,"{""eta"":[{""iter"":1,""solved"":15,""failed"":0,""gap_p90"":0,""cache_hr"":0,""fixed"":1,""unan"":false,""key"":""('eta', '5')""},{""iter"":2,""solved"":15,""failed"":0,""gap_p90"":0,""cache_hr"":93,""fixed"":1,""unan"":true,""key"":null}],""gamma_LT"":[{""iter"":1,""solved"":15,""failed"":0,""gap_p90"":0,""cache_hr"":100,""fixed"":1,""unan"":false,""key"":""('gamma_LT', ('CTV',""},{""iter"":2,""solved"":15,""failed"":0,""gap_p90"":0,""cache_hr"":73,""fixed"":3,""unan"":true,""key"":null}]}",0.014175002294414672,True,2,OPTIMAL,solution_within_gap,False,,6:1,CTV|6:2;SOV|6:1,CTV|6|Dec:1;CTV|6|Jan:1;SOV|6|Dec:1;SOV|6|Feb:1;SOV|6|Jan:1;SOV|6|Mar:1;SOV|6|Nov:1;SOV|6|Oct:1,SOV1|6|Apr:1;SOV1|6|Aug:1;SOV1|6|Dec:1;SOV1|6|Feb:1;SOV1|6|Jan:1;SOV1|6|Jul:1;SOV1|6|Jun:1;SOV1|6|Mar:1;SOV1|6|May:1;SOV1|6|Nov:1;SOV1|6|Oct:1;SOV1|6|Sep:1;SOV2|6|Dec:1;SOV2|6|Feb:1;SOV2|6|Jan:1;SOV2|6|Mar:1;SOV2|6|Nov:1;SOV2|6|Oct:1,34;48;57;194;198;200;266;284;319;326;338;366;424;446;461,dd12bca24f040401,200,1-500,501-1500
14,20,37905244.16315505,12817325.0,25087919.163151976,2932500.0,9056250.0,828575.0,23912480.70662817,458462.10318844893,716976.3533386389,,1208.3852945016697,363.6158129023388,31.203279641456902,0.015340467914938927,788.4561710357666,2,2,20,0.03998402372095378,1,3,4,20,0.039989966587253116,1,"{""eta"":[{""iter"":1,""solved"":20,""failed"":0,""gap_p90"":0,""cache_hr"":0,""fixed"":1,""unan"":false,""key"":""('eta', '5')""},{""iter"":2,""solved"":20,""failed"":0,""gap_p90"":0,""cache_hr"":80,""fixed"":1,""unan"":true,""key"":null}],""gamma_LT"":[{""iter"":1,""solved"":20,""failed"":0,""gap_p90"":0,""cache_hr"":100,""fixed"":1,""unan"":false,""key"":""('gamma_LT', ('SOV',""},{""iter"":2,""solved"":20,""failed"":0,""gap_p90"":0,""cache_hr"":95,""fixed"":1,""unan"":false,""key"":""('gamma_LT', ('CTV',""},{""iter"":3,""solved"":20,""failed"":0,""gap_p90"":0,""cache_hr"":65,""fixed"":2,""unan"":true,""key"":null}]}",0.012365889078813282,True,2,OPTIMAL,solution_within_gap,False,,6:1,CTV|6:2;SOV|6:1,CTV|6|Feb:1;CTV|6|Jan:1;SOV|6|Dec:1;SOV|6|Jan:1;SOV|6|Nov:1;SOV|6|Oct:1,SOV1|6|Apr:1;SOV1|6|Aug:1;SOV1|6|Dec:1;SOV1|6|Feb:1;SOV1|6|Jan:1;SOV1|6|Jul:1;SOV1|6|Jun:1;SOV1|6|Mar:1;SOV1|6|May:1;SOV1|6|Nov:1;SOV1|6|Oct:1;SOV1|6|Sep:1;SOV2|6|Dec:1;SOV2|6|Jan:1;SOV2|6|Nov:1;SOV2|6|Oct:1,6;12;19;52;53;86;117;139;154;160;187;204;218;268;316;339;400;418;424;489,dd12bca24f040401,200,1-500,501-1500
15,1,33746022.295193136,14142700.0,19603322.29519335,3881250.0,9056250.0,1205200.0,18138601.11031543,641867.5238481053,822853.6610296061,,396.9028337644413,388.4303804906085,0.0003163255751132965,0.0009992187842726707,4.685863971710205,1,2,1,0.02391348785229878,1,1,4,1,0.02391348785229878,1,"{""eta"":[{""iter"":1,""solved"":1,""failed"":0,""gap_p90"":0,""cache_hr"":0,""fixed"":2,""unan"":true,""key"":null}],""gamma_LT"":[{""iter"":1,""solved"":1,""failed"":0,""gap_p90"":0,""cache_hr"":100,""fixed"":4,""unan"":true,""key"":null}]}",0.0027059926819174357,True,2,OPTIMAL,solution_within_gap,False,,5:1,CTV|5:2;SOV|5:1,CTV|5|Aug:1;CTV|5|Dec:4;CTV|5|Feb:1;CTV|5|Jan:2;CTV|5|Jul:1;CTV|5|Jun:1;CTV|5|May:2;CTV|5|Sep:1;SOV|5|Dec:1;SOV|5|Jan:1;SOV|5|Nov:1;SOV|5|Oct:1,SOV1|5|Apr:1;SOV1|5|Aug:1;SOV1|5|Dec:1;SOV1|5|Feb:1;SOV1|5|Jan:1;SOV1|5|Jul:1;SOV1|5|Jun:1;SOV1|5|Mar:1;SOV1|5|May:1;SOV1|5|Nov:1;SOV1|5|Oct:1;SOV1|5|Sep:1;SOV2|5|Dec:1;SOV2|5|Jan:1;SOV2|5|Nov:1;SOV2|5|Oct:1,196,dd12bca24f040401,200,1-500,501-1500
15,3,35635233.05321608,14272650.0,21362583.05321583,4312500.0,9056250.0,903900.0,20204579.90870058,428283.02873146825,729720.1157840186,,198.54068150371313,168.72279348690063,8.564156766049564,0.002771250903606415,15.434314966201782,2,2,3,0.03789025916092824,1,2,4,3,0.03979321341773659,1,"{""eta"":[{""iter"":1,""solved"":3,""failed"":0,""gap_p90"":0,""cache_hr"":0,""fixed"":1,""unan"":false,""key"":""('eta', '5')""},{""iter"":2,""solved"":3,""failed"":0,""gap_p90"":0,""cache_hr"":67,""fixed"":1,""unan"":true,""key"":null}],""gamma_LT"":[{""iter"":1,""solved"":3,""failed"":0,""gap_p90"":0,""cache_hr"":100,""fixed"":1,""unan"":false,""key"":""('gamma_LT', ('CTV',""},{""iter"":2,""solved"":3,""failed"":0,""gap_p90"":0,""cache_hr"":67,""fixed"":3,""unan"":true,""key"":null}]}",0.010110610873128121,True,2,OPTIMAL,solution_within_gap,False,,6:1,CTV|6:2;SOV|6:1,CTV|6|Aug:1;CTV|6|Feb:1;SOV|6|Dec:1;SOV|6|Feb:1;SOV|6|Jan:1;SOV|6|Nov:1;SOV|6|Oct:1;SOV|6|Sep:1,SOV1|6|Apr:1;SOV1|6|Aug:1;SOV1|6|Dec:1;SOV1|6|Feb:1;SOV1|6|Jan:1;SOV1|6|Jul:1;SOV1|6|Jun:1;SOV1|6|Mar:1;SOV1|6|May:1;SOV1|6|Nov:1;SOV1|6|Oct:1;SOV1|6|Sep:1;SOV2|6|Dec:1;SOV2|6|Feb:1;SOV2|6|Jan:1;SOV2|6|Nov:1;SOV2|6|Oct:1;SOV2|6|Sep:1,129;165;169,dd12bca24f040401,200,1-500,501-1500
15,5,34416406.7195362,12180800.0,22235606.719533972,2070000.0,9056250.0,1054550.0,21013837.45286748,503008.38256594056,718760.8841026805,,251.0168811045587,140.15594420488924,19.14759751688689,0.004464426077902317,83.72320199012756,2,2,5,0.03981171175747622,1,2,4,5,0.039990809963444306,1,"{""eta"":[{""iter"":1,""solved"":5,""failed"":0,""gap_p90"":0,""cache_hr"":0,""fixed"":1,""unan"":false,""key"":""('eta', '5')""},{""iter"":2,""solved"":5,""failed"":0,""gap_p90"":0,""cache_hr"":80,""fixed"":1,""unan"":true,""key"":null}],""gamma_LT"":[{""iter"":1,""solved"":5,""failed"":0,""gap_p90"":0,""cache_hr"":100,""fixed"":1,""unan"":false,""key"":""('gamma_LT', ('CTV',""},{""iter"":2,""solved"":5,""failed"":0,""gap_p90"":0,""cache_hr"":60,""fixed"":3,""unan"":true,""key"":null}]}",0.012870495186764601,True,2,OPTIMAL,solution_within_gap,False,,6:1,CTV|6:2;SOV|6:1,SOV|6|Dec:2;SOV|6|Jan:1,SOV1|6|Apr:1;SOV1|6|Aug:1;SOV1|6|Dec:1;SOV1|6|Feb:1;SOV1|6|Jan:1;SOV1|6|Jul:1;SOV1|6|Jun:1;SOV1|6|Mar:1;SOV1|6|May:1;SOV1|6|Nov:1;SOV1|6|Oct:1;SOV1|6|Sep:1;SOV2|6|Dec:1;SOV2|6|Jan:1;SOV3|6|Dec:1,10;151;317;413;494,dd12bca24f040401,200,1-500,501-1500
15,7,37694426.08334272,14639500.0,23054926.083344657,4830000.0,9056250.0,753250.0,21930240.589786433,381371.27227619494,743314.2212801444,,709.0273418901488,602.0138936368749,16.241646808572114,0.005894442088901997,79.96515893936157,2,2,7,0.039809005011089034,1,2,4,7,0.039917986122740896,1,"{""eta"":[{""iter"":1,""solved"":7,""failed"":0,""gap_p90"":0,""cache_hr"":0,""fixed"":1,""unan"":false,""key"":""('eta', '5')""},{""iter"":2,""solved"":7,""failed"":0,""gap_p90"":0,""cache_hr"":71,""fixed"":1,""unan"":true,""key"":null}],""gamma_LT"":[{""iter"":1,""solved"":7,""failed"":0,""gap_p90"":0,""cache_hr"":100,""fixed"":1,""unan"":false,""key"":""('gamma_LT', ('CTV',""},{""iter"":2,""solved"":7,""failed"":0,""gap_p90"":0,""cache_hr"":43,""fixed"":3,""unan"":true,""key"":null}]}",0.015298141803645412,True,2,OPTIMAL,solution_within_gap,False,,6:1,CTV|6:2;SOV|6:1,SOV|6|Dec:1;SOV|6|Feb:1;SOV|6|Jan:1;SOV|6|Mar:1;SOV|6|Nov:1;SOV|6|Oct:1;SOV|6|Sep:1,SOV1|6|Apr:1;SOV1|6|Aug:1;SOV1|6|Dec:1;SOV1|6|Feb:1;SOV1|6|Jan:1;SOV1|6|Jul:1;SOV1|6|Jun:1;SOV1|6|Mar:1;SOV1|6|May:1;SOV1|6|Nov:1;SOV1|6|Oct:1;SOV1|6|Sep:1;SOV2|6|Dec:1;SOV2|6|Feb:1;SOV2|6|Jan:1;SOV2|6|Mar:1;SOV2|6|Nov:1;SOV2|6|Oct:1;SOV2|6|Sep:1,89;154;202;224;256;374;498,dd12bca24f040401,200,1-500,501-1500
15,10,35811305.49795694,12569500.0,23241805.497962017,2760000.0,9056250.0,753250.0,22059089.645354837,460744.1100067948,721971.742595267,,555.6433690916747,157.61621624603868,17.19707589317113,0.008776606060564518,366.4587080478668,2,2,10,0.03992671493164511,1,2,4,10,0.03992671493164511,1,"{""eta"":[{""iter"":1,""solved"":10,""failed"":0,""gap_p90"":0,""cache_hr"":0,""fixed"":1,""unan"":false,""key"":""('eta', '5')""},{""iter"":2,""solved"":10,""failed"":0,""gap_p90"":0,""cache_hr"":70,""fixed"":1,""unan"":true,""key"":null}],""gamma_LT"":[{""iter"":1,""solved"":10,""failed"":0,""gap_p90"":0,""cache_hr"":100,""fixed"":1,""unan"":false,""key"":""('gamma_LT', ('CTV',""},{""iter"":2,""solved"":10,""failed"":0,""gap_p90"":0,""cache_hr"":70,""fixed"":3,""unan"":true,""key"":null}]}",0.018485915734747976,True,2,OPTIMAL,solution_within_gap,False,,6:1,CTV|6:2;SOV|6:1,SOV|6|Dec:1;SOV|6|Feb:1;SOV|6|Jan:1;SOV|6|Nov:1,SOV1|6|Apr:1;SOV1|6|Aug:1;SOV1|6|Dec:1;SOV1|6|Feb:1;SOV1|6|Jan:1;SOV1|6|Jul:1;SOV1|6|Jun:1;SOV1|6|Mar:1;SOV1|6|May:1;SOV1|6|Nov:1;SOV1|6|Oct:1;SOV1|6|Sep:1;SOV2|6|Dec:1;SOV2|6|Feb:1;SOV2|6|Jan:1;SOV2|6|Nov:1,37;47;189;211;257;350;426;447;454;460,dd12bca24f040401,200,1-500,501-1500
15,15,37775779.06999644,13421075.0,24354704.06999755,3536250.0,9056250.0,828575.0,23199813.86923603,439183.72528056306,715706.4754798978,,1025.5693619921803,361.0136855188757,20.692951092496514,0.012694374658167362,622.381963968277,2,2,15,0.039953562079474626,1,2,4,15,0.03999678844092779,1,"{""eta"":[{""iter"":1,""solved"":15,""failed"":0,""gap_p90"":0,""cache_hr"":0,""fixed"":1,""unan"":false,""key"":""('eta', '5')""},{""iter"":2,""solved"":15,""failed"":0,""gap_p90"":0,""cache_hr"":73,""fixed"":1,""unan"":true,""key"":null}],""gamma_LT"":[{""iter"":1,""solved"":15,""failed"":0,""gap_p90"":0,""cache_hr"":100,""fixed"":1,""unan"":false,""key"":""('gamma_LT', ('CTV',""},{""iter"":2,""solved"":15,""failed"":0,""gap_p90"":0,""cache_hr"":53,""fixed"":3,""unan"":true,""key"":null}]}",0.00923743616097258,True,2,OPTIMAL,solution_within_gap,False,,6:1,CTV|6:2;SOV|6:1,CTV|6|Jan:1;SOV|6|Dec:1;SOV|6|Feb:1;SOV|6|Jan:1;SOV|6|Nov:1;SOV|6|Oct:1,SOV1|6|Apr:1;SOV1|6|Aug:1;SOV1|6|Dec:1;SOV1|6|Feb:1;SOV1|6|Jan:1;SOV1|6|Jul:1;SOV1|6|Jun:1;SOV1|6|Mar:1;SOV1|6|May:1;SOV1|6|Nov:1;SOV1|6|Oct:1;SOV1|6|Sep:1;SOV2|6|Dec:1;SOV2|6|Feb:1;SOV2|6|Jan:1;SOV2|6|Nov:1;SOV2|6|Oct:1,25;66;94;100;102;193;195;299;350;376;392;423;433;445;483,dd12bca24f040401,200,1-500,501-1500
15,20,36770920.365778364,13949500.0,22821420.365775354,4140000.0,9056250.0,753250.0,21698741.461407445,412914.4401094068,709764.4642617357,,2120.364271520637,473.5513266976923,18.576658330857754,0.015259637497365475,1601.4592192173004,2,2,20,0.03995836130942072,1,2,4,20,0.03998721238311047,1,"{""eta"":[{""iter"":1,""solved"":20,""failed"":0,""gap_p90"":0,""cache_hr"":0,""fixed"":1,""unan"":false,""key"":""('eta', '5')""},{""iter"":2,""solved"":20,""failed"":0,""gap_p90"":0,""cache_hr"":85,""fixed"":1,""unan"":true,""key"":null}],""gamma_LT"":[{""iter"":1,""solved"":20,""failed"":0,""gap_p90"":0,""cache_hr"":100,""fixed"":1,""unan"":false,""key"":""('gamma_LT', ('CTV',""},{""iter"":2,""solved"":20,""failed"":0,""gap_p90"":0,""cache_hr"":70,""fixed"":3,""unan"":true,""key"":null}]}",0.013724208513816312,True,2,OPTIMAL,solution_within_gap,False,,6:1,CTV|6:2;SOV|6:1,SOV|6|Dec:1;SOV|6|Feb:1;SOV|6|Jan:1;SOV|6|Mar:1;SOV|6|Nov:1;SOV|6|Oct:1,SOV1|6|Apr:1;SOV1|6|Aug:1;SOV1|6|Dec:1;SOV1|6|Feb:1;SOV1|6|Jan:1;SOV1|6|Jul:1;SOV1|6|Jun:1;SOV1|6|Mar:1;SOV1|6|May:1;SOV1|6|Nov:1;SOV1|6|Oct:1;SOV1|6|Sep:1;SOV2|6|Dec:1;SOV2|6|Feb:1;SOV2|6|Jan:1;SOV2|6|Mar:1;SOV2|6|Nov:1;SOV2|6|Oct:1,34;62;125;129;150;158;170;181;198;212;222;250;252;271;285;335;360;396;418;496,dd12bca24f040401,200,1-500,501-1500
16,1,43834832.261059836,16417400.0,27417432.26106025,6986250.0,8150625.0,1280525.0,26328894.727538213,386025.32439912943,702512.2091225426,,38.44341773632914,30.973033181391656,0.0003183241933584213,0.001003027893602848,3.1277520656585693,1,2,1,0.038522533457872224,1,1,4,1,0.038522533457872224,1,"{""eta"":[{""iter"":1,""solved"":1,""failed"":0,""gap_p90"":0,""cache_hr"":0,""fixed"":2,""unan"":true,""key"":null}],""gamma_LT"":[{""iter"":1,""solved"":1,""failed"":0,""gap_p90"":0,""cache_hr"":100,""fixed"":4,""unan"":true,""key"":null}]}",0.0001815596527484303,True,2,OPTIMAL,solution_within_gap,False,,6:1,CTV|6:1;SOV|6:1,CTV|6|Apr:2;CTV|6|Aug:2;CTV|6|Dec:3;CTV|6|Jul:2;CTV|6|Jun:2;CTV|6|Mar:1;CTV|6|May:2;CTV|6|Nov:1;CTV|6|Oct:1;CTV|6|Sep:1;SOV|6|Dec:1;SOV|6|Feb:2;SOV|6|Jan:2;SOV|6|Nov:1;SOV|6|Oct:1;SOV|6|Sep:1,SOV1|6|Apr:1;SOV1|6|Aug:1;SOV1|6|Dec:1;SOV1|6|Feb:1;SOV1|6|Jan:1;SOV1|6|Jul:1;SOV1|6|Jun:1;SOV1|6|Mar:1;SOV1|6|May:1;SOV1|6|Nov:1;SOV1|6|Oct:1;SOV1|6|Sep:1;SOV2|6|Dec:1;SOV2|6|Feb:1;SOV2|6|Jan:1;SOV2|6|Nov:1;SOV2|6|Oct:1;SOV2|6|Sep:1;SOV3|6|Feb:1;SOV3|6|Jan:1,249,dd12bca24f040401,200,1-500,501-1500
16,3,37813083.752329856,14639500.0,23173583.752329625,4830000.0,9056250.0,753250.0,22114271.903653346,383663.8357687857,675648.0129076875,,159.3669559918344,117.61706689558923,11.341348554007709,0.002744409255683422,24.271706104278564,2,2,3,0.039964920543855295,1,2,4,3,0.039964920543855295,1,"{""eta"":[{""iter"":1,""solved"":3,""failed"":0,""gap_p90"":0,""cache_hr"":0,""fixed"":1,""unan"":false,""key"":""('eta', '5')""},{""iter"":2,""solved"":3,""failed"":0,""gap_p90"":0,""cache_hr"":67,""fixed"":1,""unan"":true,""key"":null}],""gamma_LT"":[{""iter"":1,""solved"":3,""failed"":0,""gap_p90"":0,""cache_hr"":100,""fixed"":1,""unan"":false,""key"":""('gamma_LT', ('CTV',""},{""iter"":2,""solved"":3,""failed"":0,""gap_p90"":0,""cache_hr"":67,""fixed"":3,""unan"":true,""key"":null}]}",0.0011987623364614287,True,2,OPTIMAL,solution_within_gap,False,,6:1,CTV|6:2;SOV|6:1,SOV|6|Dec:1;SOV|6|Feb:1;SOV|6|Jan:1;SOV|6|Mar:1;SOV|6|Nov:1;SOV|6|Oct:1;SOV|6|Sep:1,SOV1|6|Apr:1;SOV1|6|Aug:1;SOV1|6|Dec:1;SOV1|6|Feb:1;SOV1|6|Jan:1;SOV1|6|Jul:1;SOV1|6|Jun:1;SOV1|6|Mar:1;SOV1|6|May:1;SOV1|6|Nov:1;SOV1|6|Oct:1;SOV1|6|Sep:1;SOV2|6|Dec:1;SOV2|6|Feb:1;SOV2|6|Jan:1;SOV2|6|Mar:1;SOV2|6|Nov:1;SOV2|6|Oct:1;SOV2|6|Sep:1,200;255;256,dd12bca24f040401,200,1-500,501-1500
16,5,35862378.023841605,14111075.0,21751303.023839645,4226250.0,9056250.0,828575.0,20643227.154842906,409308.71543546836,698767.1535631628,,263.5015154443681,186.1380033250898,11.62413939833641,0.004451113753020763,56.31078004837036,1,2,5,0.03982434893239402,1,2,4,5,0.039998962410948274,1,"{""eta"":[{""iter"":1,""solved"":5,""failed"":0,""gap_p90"":0,""cache_hr"":0,""fixed"":2,""unan"":true,""key"":null}],""gamma_LT"":[{""iter"":1,""solved"":5,""failed"":0,""gap_p90"":0,""cache_hr"":100,""fixed"":1,""unan"":false,""key"":""('gamma_LT', ('CTV',""},{""iter"":2,""solved"":5,""failed"":0,""gap_p90"":0,""cache_hr"":80,""fixed"":3,""unan"":true,""key"":null}]}",0.0069417910471676085,True,2,OPTIMAL,solution_within_gap,False,,6:1,CTV|6:2;SOV|6:1,CTV|6|Mar:1;SOV|6|Dec:1;SOV|6|Feb:1;SOV|6|Jan:1;SOV|6|Nov:1;SOV|6|Oct:1;SOV|6|Sep:1,SOV1|6|Apr:1;SOV1|6|Aug:1;SOV1|6|Dec:1;SOV1|6|Feb:1;SOV1|6|Jan:1;SOV1|6|Jul:1;SOV1|6|Jun:1;SOV1|6|Mar:1;SOV1|6|May:1;SOV1|6|Nov:1;SOV1|6|Oct:1;SOV1|6|Sep:1;SOV2|6|Dec:1;SOV2|6|Feb:1;SOV2|6|Jan:1;SOV2|6|Nov:1;SOV2|6|Oct:1;SOV2|6|Sep:1,80;160;327;334;402,dd12bca24f040401,200,1-500,501-1500
16,7,37748828.55973829,14240450.0,23508378.55974013,3450000.0,9961875.0,828575.0,22363871.603847906,469385.8390449434,675121.1168454714,,280.81095966976136,113.68111265078187,23.36097863037139,0.0033747507259249687,131.49233388900757,1,2,7,0.03937669112286241,1,3,4,7,0.03999230382100279,1,"{""eta"":[{""iter"":1,""solved"":7,""failed"":0,""gap_p90"":0,""cache_hr"":0,""fixed"":2,""unan"":true,""key"":null}],""gamma_LT"":[{""iter"":1,""solved"":7,""failed"":0,""gap_p90"":0,""cache_hr"":100,""fixed"":1,""unan"":false,""key"":""('gamma_LT', ('SOV',""},{""iter"":2,""solved"":7,""failed"":0,""gap_p90"":0,""cache_hr"":86,""fixed"":1,""unan"":false,""key"":""('gamma_LT', ('CTV',""},{""iter"":3,""solved"":7,""failed"":0,""gap_p90"":0,""cache_hr"":43,""fixed"":2,""unan"":true,""key"":null}]}",0.00495681269452,True,2,OPTIMAL,solution_within_gap,False,,6:1,CTV|6:3;SOV|6:1,SOV|6|Dec:1;SOV|6|Feb:1;SOV|6|Jan:1;SOV|6|Nov:1;SOV|6|Oct:1,SOV1|6|Apr:1;SOV1|6|Aug:1;SOV1|6|Dec:1;SOV1|6|Feb:1;SOV1|6|Jan:1;SOV1|6|Jul:1;SOV1|6|Jun:1;SOV1|6|Mar:1;SOV1|6|May:1;SOV1|6|Nov:1;SOV1|6|Oct:1;SOV1|6|Sep:1;SOV2|6|Dec:1;SOV2|6|Feb:1;SOV2|6|Jan:1;SOV2|6|Nov:1;SOV2|6|Oct:1,140;303;335;343;389;408;417,dd12bca24f040401,200,1-500,501-1500
16,10,39889940.358014435,12569500.0,27320440.358019475,2760000.0,9056250.0,753250.0,26164853.07947091,459029.54277888103,696557.7357645482,,609.2224642345682,400.0562166236341,22.433246632106602,0.008722838014364243,171.9584231376648,2,2,10,0.0398533045435703,1,2,4,10,0.0398533045435703,1,"{""eta"":[{""iter"":1,""solved"":10,""failed"":0,""gap_p90"":0,""cache_hr"":0,""fixed"":1,""unan"":false,""key"":""('eta', '5')""},{""iter"":2,""solved"":10,""failed"":0,""gap_p90"":0,""cache_hr"":80,""fixed"":1,""unan"":true,""key"":null}],""gamma_LT"":[{""iter"":1,""solved"":10,""failed"":0,""gap_p90"":0,""cache_hr"":100,""fixed"":1,""unan"":false,""key"":""('gamma_LT', ('CTV',""},{""iter"":2,""solved"":10,""failed"":0,""gap_p90"":0,""cache_hr"":50,""fixed"":3,""unan"":true,""key"":null}]}",0.011788061746393711,True,2,OPTIMAL,solution_within_gap,False,,6:1,CTV|6:2;SOV|6:1,SOV|6|Dec:1;SOV|6|Feb:1;SOV|6|Jan:1;SOV|6|Nov:1,SOV1|6|Apr:1;SOV1|6|Aug:1;SOV1|6|Dec:1;SOV1|6|Feb:1;SOV1|6|Jan:1;SOV1|6|Jul:1;SOV1|6|Jun:1;SOV1|6|Mar:1;SOV1|6|May:1;SOV1|6|Nov:1;SOV1|6|Oct:1;SOV1|6|Sep:1;SOV2|6|Dec:1;SOV2|6|Feb:1;SOV2|6|Jan:1;SOV2|6|Nov:1,72;125;188;199;212;240;268;284;449;474,dd12bca24f040401,200,1-500,501-1500
16,15,39833375.31377892,13259500.0,26573875.313779995,3450000.0,9056250.0,753250.0,25388025.963381667,432288.50550447055,753560.8448928102,,652.8251874037087,263.21373901702464,16.867070771753788,0.01169118657708168,352.6339499950409,2,2,15,0.03997998384107579,1,2,4,15,0.039991008417700265,1,"{""eta"":[{""iter"":1,""solved"":15,""failed"":0,""gap_p90"":0,""cache_hr"":0,""fixed"":1,""unan"":false,""key"":""('eta', '5')""},{""iter"":2,""solved"":15,""failed"":0,""gap_p90"":0,""cache_hr"":73,""fixed"":1,""unan"":true,""key"":null}],""gamma_LT"":[{""iter"":1,""solved"":15,""failed"":0,""gap_p90"":0,""cache_hr"":100,""fixed"":1,""unan"":false,""key"":""('gamma_LT', ('CTV',""},{""iter"":2,""solved"":15,""failed"":0,""gap_p90"":0,""cache_hr"":60,""fixed"":3,""unan"":true,""key"":null}]}",0.019904014227644894,True,2,OPTIMAL,solution_within_gap,False,,6:1,CTV|6:2;SOV|6:1,SOV|6|Dec:1;SOV|6|Feb:1;SOV|6|Jan:1;SOV|6|Nov:1;SOV|6|Oct:1,SOV1|6|Apr:1;SOV1|6|Aug:1;SOV1|6|Dec:1;SOV1|6|Feb:1;SOV1|6|Jan:1;SOV1|6|Jul:1;SOV1|6|Jun:1;SOV1|6|Mar:1;SOV1|6|May:1;SOV1|6|Nov:1;SOV1|6|Oct:1;SOV1|6|Sep:1;SOV2|6|Dec:1;SOV2|6|Feb:1;SOV2|6|Jan:1;SOV2|6|Nov:1;SOV2|6|Oct:1,14;65;99;109;133;136;139;205;246;297;343;382;398;451;454,dd12bca24f040401,200,1-500,501-1500
16,20,38527480.39201625,14250800.0,24276680.392013524,4140000.0,9056250.0,1054550.0,23140441.783188764,424806.66661507974,711431.9422126777,,1230.5053479224443,345.37625841237605,41.382584093138576,0.01656623464077711,817.3406848907471,2,2,20,0.039995006383081406,1,3,4,20,0.039995006383081406,1,"{""eta"":[{""iter"":1,""solved"":20,""failed"":0,""gap_p90"":0,""cache_hr"":0,""fixed"":1,""unan"":false,""key"":""('eta', '5')""},{""iter"":2,""solved"":20,""failed"":0,""gap_p90"":0,""cache_hr"":75,""fixed"":1,""unan"":true,""key"":null}],""gamma_LT"":[{""iter"":1,""solved"":20,""failed"":0,""gap_p90"":0,""cache_hr"":100,""fixed"":1,""unan"":false,""key"":""('gamma_LT', ('SOV',""},{""iter"":2,""solved"":20,""failed"":0,""gap_p90"":0,""cache_hr"":95,""fixed"":1,""unan"":false,""key"":""('gamma_LT', ('CTV',""},{""iter"":3,""solved"":20,""failed"":0,""gap_p90"":0,""cache_hr"":60,""fixed"":2,""unan"":true,""key"":null}]}",0.019115331111544443,True,2,OPTIMAL,solution_within_gap,False,,6:1,CTV|6:2;SOV|6:1,SOV|6|Dec:2;SOV|6|Feb:1;SOV|6|Jan:1;SOV|6|Nov:1;SOV|6|Oct:1,SOV1|6|Apr:1;SOV1|6|Aug:1;SOV1|6|Dec:1;SOV1|6|Feb:1;SOV1|6|Jan:1;SOV1|6|Jul:1;SOV1|6|Jun:1;SOV1|6|Mar:1;SOV1|6|May:1;SOV1|6|Nov:1;SOV1|6|Oct:1;SOV1|6|Sep:1;SOV2|6|Dec:1;SOV2|6|Feb:1;SOV2|6|Jan:1;SOV2|6|Nov:1;SOV2|6|Oct:1;SOV3|6|Dec:1,15;17;32;68;110;123;138;186;203;213;215;236;347;369;375;384;462;472;480;490,dd12bca24f040401,200,1-500,501-1500
17,1,31457111.558530185,12892650.0,18564461.558530655,2932500.0,9056250.0,903900.0,17322226.87579408,500453.4423932949,741781.2403428096,,51.46289426740259,43.78024373855442,0.0003161448985338211,0.0009942082688212395,3.160295009613037,1,2,1,0.03894845417889069,1,1,4,1,0.03894845417889069,1,"{""eta"":[{""iter"":1,""solved"":1,""failed"":0,""gap_p90"":0,""cache_hr"":0,""fixed"":2,""unan"":true,""key"":null}],""gamma_LT"":[{""iter"":1,""solved"":1,""failed"":0,""gap_p90"":0,""cache_hr"":100,""fixed"":4,""unan"":true,""key"":null}]}",0.013763261351423582,True,2,OPTIMAL,solution_within_gap,False,,6:1,CTV|6:2;SOV|6:1,CTV|6|Jan:2;SOV|6|Dec:1;SOV|6|Nov:1;SOV|6|Oct:1;SOV|6|Sep:1,SOV1|6|Apr:1;SOV1|6|Aug:1;SOV1|6|Dec:1;SOV1|6|Feb:1;SOV1|6|Jan:1;SOV1|6|Jul:1;SOV1|6|Jun:1;SOV1|6|Mar:1;SOV1|6|May:1;SOV1|6|Nov:1;SOV1|6|Oct:1;SOV1|6|Sep:1;SOV2|6|Dec:1;SOV2|6|Nov:1;SOV2|6|Oct:1;SOV2|6|Sep:1,312,dd12bca24f040401,200,1-500,501-1500
17,3,36706536.23671561,12213575.0,24492961.23671535,2328750.0,9056250.0,828575.0,23319818.373646367,490762.62424323644,682380.238825993,,196.1459176754579,153.88387080095708,8.167483044788241,0.0027081603184342384,27.77408504486084,1,2,3,0.03188697026145502,1,2,4,3,0.03998159183441778,1,"{""eta"":[{""iter"":1,""solved"":3,""failed"":0,""gap_p90"":0,""cache_hr"":0,""fixed"":2,""unan"":true,""key"":null}],""gamma_LT"":[{""iter"":1,""solved"":3,""failed"":0,""gap_p90"":0,""cache_hr"":100,""fixed"":1,""unan"":false,""key"":""('gamma_LT', ('CTV',""},{""iter"":2,""solved"":3,""failed"":0,""gap_p90"":0,""cache_hr"":67,""fixed"":3,""unan"":true,""key"":null}]}",0.013473370492506733,True,2,OPTIMAL,solution_within_gap,False,,6:1,CTV|6:2;SOV|6:1,CTV|6|Dec:1;CTV|6|Nov:1;CTV|6|Oct:1;SOV|6|Dec:1;SOV|6|Feb:1;SOV|6|Jan:1,SOV1|6|Apr:1;SOV1|6|Aug:1;SOV1|6|Dec:1;SOV1|6|Feb:1;SOV1|6|Jan:1;SOV1|6|Jul:1;SOV1|6|Jun:1;SOV1|6|Mar:1;SOV1|6|May:1;SOV1|6|Nov:1;SOV1|6|Oct:1;SOV1|6|Sep:1;SOV2|6|Dec:1;SOV2|6|Feb:1;SOV2|6|Jan:1,19;321;464,dd12bca24f040401,200,1-500,501-1500
17,5,32757184.682609744,13259500.0,19497684.682607643,3450000.0,9056250.0,753250.0,18355883.829561297,440659.5657092174,701141.287339099,,621.5204597031698,549.0265219723806,13.639341521076858,0.004470106214284897,50.42303681373596,2,2,5,0.03999416654670614,1,2,4,5,0.03999416654670614,1,"{""eta"":[{""iter"":1,""solved"":5,""failed"":0,""gap_p90"":0,""cache_hr"":0,""fixed"":1,""unan"":false,""key"":""('eta', '5')""},{""iter"":2,""solved"":5,""failed"":0,""gap_p90"":0,""cache_hr"":60,""fixed"":1,""unan"":true,""key"":null}],""gamma_LT"":[{""iter"":1,""solved"":5,""failed"":0,""gap_p90"":0,""cache_hr"":100,""fixed"":1,""unan"":false,""key"":""('gamma_LT', ('CTV',""},{""iter"":2,""solved"":5,""failed"":0,""gap_p90"":0,""cache_hr"":60,""fixed"":3,""unan"":true,""key"":null}]}",0.0170459933282383,True,2,OPTIMAL,solution_within_gap,False,,6:1,CTV|6:2;SOV|6:1,SOV|6|Dec:1;SOV|6|Feb:1;SOV|6|Jan:1;SOV|6|Nov:1;SOV|6|Oct:1,SOV1|6|Apr:1;SOV1|6|Aug:1;SOV1|6|Dec:1;SOV1|6|Feb:1;SOV1|6|Jan:1;SOV1|6|Jul:1;SOV1|6|Jun:1;SOV1|6|Mar:1;SOV1|6|May:1;SOV1|6|Nov:1;SOV1|6|Oct:1;SOV1|6|Sep:1;SOV2|6|Dec:1;SOV2|6|Feb:1;SOV2|6|Jan:1;SOV2|6|Nov:1;SOV2|6|Oct:1,14;118;122;209;246,dd12bca24f040401,200,1-500,501-1500
17,7,36859197.648126096,13259500.0,23599697.648128107,3450000.0,9056250.0,753250.0,22473174.1210334,430476.1344758382,696047.392616928,,296.44496217463166,156.32390245143324,17.786918103694916,0.005924561060965061,110.8082230091095,1,2,7,0.038644526960930216,1,2,4,7,0.03998658593183017,1,"{""eta"":[{""iter"":1,""solved"":7,""failed"":0,""gap_p90"":0,""cache_hr"":0,""fixed"":2,""unan"":true,""key"":null}],""gamma_LT"":[{""iter"":1,""solved"":7,""failed"":0,""gap_p90"":0,""cache_hr"":100,""fixed"":1,""unan"":false,""key"":""('gamma_LT', ('CTV',""},{""iter"":2,""solved"":7,""failed"":0,""gap_p90"":0,""cache_hr"":71,""fixed"":3,""unan"":true,""key"":null}]}",0.012534938678361189,True,2,OPTIMAL,solution_within_gap,False,,6:1,CTV|6:2;SOV|6:1,SOV|6|Dec:1;SOV|6|Feb:1;SOV|6|Jan:1;SOV|6|Nov:1;SOV|6|Oct:1,SOV1|6|Apr:1;SOV1|6|Aug:1;SOV1|6|Dec:1;SOV1|6|Feb:1;SOV1|6|Jan:1;SOV1|6|Jul:1;SOV1|6|Jun:1;SOV1|6|Mar:1;SOV1|6|May:1;SOV1|6|Nov:1;SOV1|6|Oct:1;SOV1|6|Sep:1;SOV2|6|Dec:1;SOV2|6|Feb:1;SOV2|6|Jan:1;SOV2|6|Nov:1;SOV2|6|Oct:1,56;57;125;370;393;432;466,dd12bca24f040401,200,1-500,501-1500
17,10,41371426.500538826,14358900.0,27012526.500543255,4398750.0,9056250.0,903900.0,25890662.590259105,420178.76234913577,701685.1479305337,,622.5314285419881,434.942238913849,29.75137827079743,0.008845457807183266,144.07817888259888,2,2,10,0.03982657234947642,1,3,4,10,0.039951330468971646,1,"{""eta"":[{""iter"":1,""solved"":10,""failed"":0,""gap_p90"":0,""cache_hr"":0,""fixed"":1,""unan"":false,""key"":""('eta', '5')""},{""iter"":2,""solved"":10,""failed"":0,""gap_p90"":0,""cache_hr"":90,""fixed"":1,""unan"":true,""key"":null}],""gamma_LT"":[{""iter"":1,""solved"":10,""failed"":0,""gap_p90"":0,""cache_hr"":100,""fixed"":1,""unan"":false,""key"":""('gamma_LT', ('SOV',""},{""iter"":2,""solved"":10,""failed"":0,""gap_p90"":0,""cache_hr"":90,""fixed"":1,""unan"":false,""key"":""('gamma_LT', ('CTV',""},{""iter"":3,""solved"":10,""failed"":0,""gap_p90"":0,""cache_hr"":70,""fixed"":2,""unan"":true,""key"":null}]}",0.013978302013484718,True,2,OPTIMAL,solution_within_gap,False,,6:1,CTV|6:2;SOV|6:1,CTV|6|Dec:2;CTV|6|Jan:1;SOV|6|Dec:1;SOV|6|Feb:1;SOV|6|Jan:1;SOV|6|Nov:1;SOV|6|Oct:1;SOV|6|Sep:1,SOV1|6|Apr:1;SOV1|6|Aug:1;SOV1|6|Dec:1;SOV1|6|Feb:1;SOV1|6|Jan:1;SOV1|6|Jul:1;SOV1|6|Jun:1;SOV1|6|Mar:1;SOV1|6|May:1;SOV1|6|Nov:1;SOV1|6|Oct:1;SOV1|6|Sep:1;SOV2|6|Dec:1;SOV2|6|Feb:1;SOV2|6|Jan:1;SOV2|6|Nov:1;SOV2|6|Oct:1;SOV2|6|Sep:1,2;90;150;183;196;220;275;330;407;473,dd12bca24f040401,200,1-500,501-1500
17,15,36394497.17173735,13949500.0,22444997.17173808,4140000.0,9056250.0,753250.0,21316984.856218588,422442.00230082165,705570.313217776,,866.3571749506518,315.65098937414587,16.087386580184102,0.012653173878788948,514.7388470172882,2,2,15,0.03985553974825092,1,2,4,15,0.03994128552367342,1,"{""eta"":[{""iter"":1,""solved"":15,""failed"":0,""gap_p90"":0,""cache_hr"":0,""fixed"":1,""unan"":false,""key"":""('eta', '5')""},{""iter"":2,""solved"":15,""failed"":0,""gap_p90"":0,""cache_hr"":93,""fixed"":1,""unan"":true,""key"":null}],""gamma_LT"":[{""iter"":1,""solved"":15,""failed"":0,""gap_p90"":0,""cache_hr"":100,""fixed"":1,""unan"":false,""key"":""('gamma_LT', ('CTV',""},{""iter"":2,""solved"":15,""failed"":0,""gap_p90"":0,""cache_hr"":80,""fixed"":3,""unan"":true,""key"":null}]}",0.012680391082767433,True,2,OPTIMAL,solution_within_gap,False,,6:1,CTV|6:2;SOV|6:1,SOV|6|Dec:1;SOV|6|Feb:1;SOV|6|Jan:1;SOV|6|Nov:1;SOV|6|Oct:1;SOV|6|Sep:1,SOV1|6|Apr:1;SOV1|6|Aug:1;SOV1|6|Dec:1;SOV1|6|Feb:1;SOV1|6|Jan:1;SOV1|6|Jul:1;SOV1|6|Jun:1;SOV1|6|Mar:1;SOV1|6|May:1;SOV1|6|Nov:1;SOV1|6|Oct:1;SOV1|6|Sep:1;SOV2|6|Dec:1;SOV2|6|Feb:1;SOV2|6|Jan:1;SOV2|6|Nov:1;SOV2|6|Oct:1;SOV2|6|Sep:1,50;60;77;102;138;178;180;242;250;266;353;381;401;429;496,dd12bca24f040401,200,1-500,501-1500
17,20,37481673.234458774,13259500.0,24222173.23445577,3450000.0,9056250.0,753250.0,23063540.470818993,437043.5323292561,721589.2313106644,,2308.517710761167,348.7878367630765,37.56942625902593,0.006266152486205101,1896.4395978450775,2,2,20,0.03995297190331405,1,3,4,20,0.039953562079474626,1,"{""eta"":[{""iter"":1,""solved"":20,""failed"":0,""gap_p90"":0,""cache_hr"":0,""fixed"":1,""unan"":false,""key"":""('eta', '5')""},{""iter"":2,""solved"":20,""failed"":0,""gap_p90"":0,""cache_hr"":95,""fixed"":1,""unan"":true,""key"":null}],""gamma_LT"":[{""iter"":1,""solved"":20,""failed"":0,""gap_p90"":0,""cache_hr"":100,""fixed"":1,""unan"":false,""key"":""('gamma_LT', ('SOV',""},{""iter"":2,""solved"":20,""failed"":0,""gap_p90"":0,""cache_hr"":95,""fixed"":1,""unan"":false,""key"":""('gamma_LT', ('CTV',""},{""iter"":3,""solved"":20,""failed"":0,""gap_p90"":0,""cache_hr"":70,""fixed"":2,""unan"":true,""key"":null}]}",0.00965836668516184,True,2,OPTIMAL,solution_within_gap,False,,6:1,CTV|6:2;SOV|6:1,SOV|6|Dec:1;SOV|6|Feb:1;SOV|6|Jan:1;SOV|6|Nov:1;SOV|6|Oct:1,SOV1|6|Apr:1;SOV1|6|Aug:1;SOV1|6|Dec:1;SOV1|6|Feb:1;SOV1|6|Jan:1;SOV1|6|Jul:1;SOV1|6|Jun:1;SOV1|6|Mar:1;SOV1|6|May:1;SOV1|6|Nov:1;SOV1|6|Oct:1;SOV1|6|Sep:1;SOV2|6|Dec:1;SOV2|6|Feb:1;SOV2|6|Jan:1;SOV2|6|Nov:1;SOV2|6|Oct:1,25;51;59;108;116;127;164;172;201;285;315;339;347;375;401;402;406;432;439;487,dd12bca24f040401,200,1-500,501-1500
18,1,44857667.13219948,16611750.0,28245917.132199857,5520000.0,9961875.0,1129875.0,27138311.8159109,436154.3880655699,671450.9282230191,,184.34138805791736,177.82392927166075,0.0003433646634221077,0.001003696583211422,2.7238259315490723,1,2,1,0.038960732669719514,1,1,4,1,0.038960732669719514,1,"{""eta"":[{""iter"":1,""solved"":1,""failed"":0,""gap_p90"":0,""cache_hr"":0,""fixed"":2,""unan"":true,""key"":null}],""gamma_LT"":[{""iter"":1,""solved"":1,""failed"":0,""gap_p90"":0,""cache_hr"":100,""fixed"":4,""unan"":true,""key"":null}]}",0.017137140809392694,True,2,OPTIMAL,solution_within_gap,False,,6:1,CTV|6:3;SOV|6:1,SOV|6|Dec:1;SOV|6|Feb:1;SOV|6|Jan:1;SOV|6|Nov:2;SOV|6|Oct:2;SOV|6|Sep:1,SOV1|6|Apr:1;SOV1|6|Aug:1;SOV1|6|Dec:1;SOV1|6|Feb:1;SOV1|6|Jan:1;SOV1|6|Jul:1;SOV1|6|Jun:1;SOV1|6|Mar:1;SOV1|6|May:1;SOV1|6|Nov:1;SOV1|6|Oct:1;SOV1|6|Sep:1;SOV2|6|Dec:1;SOV2|6|Feb:1;SOV2|6|Jan:1;SOV2|6|Nov:1;SOV2|6|Oct:1;SOV2|6|Sep:1;SOV3|6|Nov:1;SOV3|6|Oct:1,208,dd12bca24f040401,200,1-500,501-1500
18,3,39093809.83712497,13614850.0,25478959.837124683,4485000.0,8150625.0,979225.0,24288697.109893996,462560.1460435557,727702.5811873847,,588.9661789610982,539.8892485499382,14.058444098569453,0.0027401605620980263,28.685818910598755,2,2,3,0.03942210851664807,1,2,4,3,0.039997773217482845,1,"{""eta"":[{""iter"":1,""solved"":3,""failed"":0,""gap_p90"":0,""cache_hr"":0,""fixed"":1,""unan"":false,""key"":""('eta', '5')""},{""iter"":2,""solved"":3,""failed"":0,""gap_p90"":0,""cache_hr"":67,""fixed"":1,""unan"":true,""key"":null}],""gamma_LT"":[{""iter"":1,""solved"":3,""failed"":0,""gap_p90"":0,""cache_hr"":100,""fixed"":1,""unan"":false,""key"":""('gamma_LT', ('CTV',""},{""iter"":2,""solved"":3,""failed"":0,""gap_p90"":0,""cache_hr"":33,""fixed"":3,""unan"":true,""key"":null}]}",0.009630606191541748,True,2,OPTIMAL,solution_within_gap,False,,6:1,CTV|6:1;SOV|6:1,CTV|6|Apr:1;CTV|6|Aug:1;CTV|6|Dec:1;CTV|6|Feb:1;CTV|6|Jan:1;CTV|6|Jul:1;CTV|6|Jun:1;CTV|6|Mar:1;CTV|6|May:1;CTV|6|Nov:1;CTV|6|Oct:1;CTV|6|Sep:1;SOV|6|Dec:1;SOV|6|Feb:1;SOV|6|Jan:2;SOV|6|Nov:1,SOV1|6|Apr:1;SOV1|6|Aug:1;SOV1|6|Dec:1;SOV1|6|Feb:1;SOV1|6|Jan:1;SOV1|6|Jul:1;SOV1|6|Jun:1;SOV1|6|Mar:1;SOV1|6|May:1;SOV1|6|Nov:1;SOV1|6|Oct:1;SOV1|6|Sep:1;SOV2|6|Dec:1;SOV2|6|Feb:1;SOV2|6|Jan:1;SOV2|6|Nov:1;SOV3|6|Jan:1,31;441;484,dd12bca24f040401,200,1-500,501-1500
18,5,38584116.09065705,13949500.0,24634616.090655226,4140000.0,9056250.0,753250.0,23510596.79606815,422683.3357060431,701335.9588828547,,270.39797015860677,192.68081140704453,15.800202541984618,0.00449852179735899,53.39828896522522,2,2,5,0.039989548346746076,1,2,4,5,0.039995018795256916,1,"{""eta"":[{""iter"":1,""solved"":5,""failed"":0,""gap_p90"":0,""cache_hr"":0,""fixed"":1,""unan"":false,""key"":""('eta', '5')""},{""iter"":2,""solved"":5,""failed"":0,""gap_p90"":0,""cache_hr"":60,""fixed"":1,""unan"":true,""key"":null}],""gamma_LT"":[{""iter"":1,""solved"":5,""failed"":0,""gap_p90"":0,""cache_hr"":100,""fixed"":1,""unan"":false,""key"":""('gamma_LT', ('CTV',""},{""iter"":2,""solved"":5,""failed"":0,""gap_p90"":0,""cache_hr"":60,""fixed"":3,""unan"":true,""key"":null}]}",0.013417048001502233,True,2,OPTIMAL,solution_within_gap,False,,6:1,CTV|6:2;SOV|6:1,SOV|6|Dec:1;SOV|6|Feb:1;SOV|6|Jan:1;SOV|6|Nov:1;SOV|6|Oct:1;SOV|6|Sep:1,SOV1|6|Apr:1;SOV1|6|Aug:1;SOV1|6|Dec:1;SOV1|6|Feb:1;SOV1|6|Jan:1;SOV1|6|Jul:1;SOV1|6|Jun:1;SOV1|6|Mar:1;SOV1|6|May:1;SOV1|6|Nov:1;SOV1|6|Oct:1;SOV1|6|Sep:1;SOV2|6|Dec:1;SOV2|6|Feb:1;SOV2|6|Jan:1;SOV2|6|Nov:1;SOV2|6|Oct:1;SOV2|6|Sep:1,34;179;187;216;442,dd12bca24f040401,200,1-500,501-1500
18,7,41093217.83483771,13259500.0,27833717.834839683,3450000.0,9056250.0,753250.0,26666479.774231113,429689.8381799654,737548.2224265819,,302.7757224207744,148.2452211016789,17.508548144251108,0.006151505745947361,126.59416604042053,1,2,7,0.039124163024901785,1,2,4,7,0.039921193714464266,1,"{""eta"":[{""iter"":1,""solved"":7,""failed"":0,""gap_p90"":0,""cache_hr"":0,""fixed"":2,""unan"":true,""key"":null}],""gamma_LT"":[{""iter"":1,""solved"":7,""failed"":0,""gap_p90"":0,""cache_hr"":100,""fixed"":1,""unan"":false,""key"":""('gamma_LT', ('CTV',""},{""iter"":2,""solved"":7,""failed"":0,""gap_p90"":0,""cache_hr"":43,""fixed"":3,""unan"":true,""key"":null}]}",0.008523156377354305,True,2,OPTIMAL,solution_within_gap,False,,6:1,CTV|6:2;SOV|6:1,SOV|6|Dec:1;SOV|6|Feb:1;SOV|6|Jan:1;SOV|6|Nov:1;SOV|6|Oct:1,SOV1|6|Apr:1;SOV1|6|Aug:1;SOV1|6|Dec:1;SOV1|6|Feb:1;SOV1|6|Jan:1;SOV1|6|Jul:1;SOV1|6|Jun:1;SOV1|6|Mar:1;SOV1|6|May:1;SOV1|6|Nov:1;SOV1|6|Oct:1;SOV1|6|Sep:1;SOV2|6|Dec:1;SOV2|6|Feb:1;SOV2|6|Jan:1;SOV2|6|Nov:1;SOV2|6|Oct:1,108;161;183;215;313;433;497,dd12bca24f040401,200,1-500,501-1500
18,10,36308396.109959364,13259500.0,23048896.109964214,3450000.0,9056250.0,753250.0,21913013.7754319,431589.63700790907,704292.6975195576,,768.963525403291,588.2915399326012,14.46465692576021,0.008782831020653248,152.84567999839783,2,2,10,0.03998375937452163,1,2,4,10,0.03998375937452163,1,"{""eta"":[{""iter"":1,""solved"":10,""failed"":0,""gap_p90"":0,""cache_hr"":0,""fixed"":1,""unan"":false,""key"":""('eta', '5')""},{""iter"":2,""solved"":10,""failed"":0,""gap_p90"":0,""cache_hr"":70,""fixed"":1,""unan"":true,""key"":null}],""gamma_LT"":[{""iter"":1,""solved"":10,""failed"":0,""gap_p90"":0,""cache_hr"":100,""fixed"":1,""unan"":false,""key"":""('gamma_LT', ('CTV',""},{""iter"":2,""solved"":10,""failed"":0,""gap_p90"":0,""cache_hr"":80,""fixed"":3,""unan"":true,""key"":null}]}",0.010126390364033814,True,2,OPTIMAL,solution_within_gap,False,,6:1,CTV|6:2;SOV|6:1,SOV|6|Dec:1;SOV|6|Feb:1;SOV|6|Jan:1;SOV|6|Nov:1;SOV|6|Oct:1,SOV1|6|Apr:1;SOV1|6|Aug:1;SOV1|6|Dec:1;SOV1|6|Feb:1;SOV1|6|Jan:1;SOV1|6|Jul:1;SOV1|6|Jun:1;SOV1|6|Mar:1;SOV1|6|May:1;SOV1|6|Nov:1;SOV1|6|Oct:1;SOV1|6|Sep:1;SOV2|6|Dec:1;SOV2|6|Feb:1;SOV2|6|Jan:1;SOV2|6|Nov:1;SOV2|6|Oct:1,21;79;91;209;261;263;343;360;437;460,dd12bca24f040401,200,1-500,501-1500
18,15,37776236.84124127,13421075.0,24355161.84124231,3536250.0,9056250.0,828575.0,23225469.72324789,436159.8349316623,693532.2830617584,,906.2970533231273,427.38635796215385,33.31438297498971,0.012845912016928196,422.89216709136963,2,2,15,0.039922987489367456,1,3,4,15,0.03997909729094868,1,"{""eta"":[{""iter"":1,""solved"":15,""failed"":0,""gap_p90"":0,""cache_hr"":0,""fixed"":1,""unan"":false,""key"":""('eta', '5')""},{""iter"":2,""solved"":15,""failed"":0,""gap_p90"":0,""cache_hr"":87,""fixed"":1,""unan"":true,""key"":null}],""gamma_LT"":[{""iter"":1,""solved"":15,""failed"":0,""gap_p90"":0,""cache_hr"":100,""fixed"":1,""unan"":false,""key"":""('gamma_LT', ('SOV',""},{""iter"":2,""solved"":15,""failed"":0,""gap_p90"":0,""cache_hr"":93,""fixed"":1,""unan"":false,""key"":""('gamma_LT', ('CTV',""},{""iter"":3,""solved"":15,""failed"":0,""gap_p90"":0,""cache_hr"":67,""fixed"":2,""unan"":true,""key"":null}]}",0.009461540723176206,True,2,OPTIMAL,solution_within_gap,False,,6:1,CTV|6:2;SOV|6:1,CTV|6|Dec:1;SOV|6|Dec:1;SOV|6|Feb:1;SOV|6|Jan:1;SOV|6|Nov:1;SOV|6|Oct:1,SOV1|6|Apr:1;SOV1|6|Aug:1;SOV1|6|Dec:1;SOV1|6|Feb:1;SOV1|6|Jan:1;SOV1|6|Jul:1;SOV1|6|Jun:1;SOV1|6|Mar:1;SOV1|6|May:1;SOV1|6|Nov:1;SOV1|6|Oct:1;SOV1|6|Sep:1;SOV2|6|Dec:1;SOV2|6|Feb:1;SOV2|6|Jan:1;SOV2|6|Nov:1;SOV2|6|Oct:1,71;77;108;141;162;186;193;217;249;270;327;344;363;478;486,dd12bca24f040401,200,1-500,501-1500
18,20,39456296.509335086,14940800.0,24515496.509332385,4830000.0,9056250.0,1054550.0,23403882.322067764,415884.1516648752,695730.0356026556,,1867.81000758335,441.38935238868,21.573179596103728,0.006287489086389542,1377.5709159374237,2,2,20,0.039469783481487095,1,2,4,20,0.03998234110048013,1,"{""eta"":[{""iter"":1,""solved"":20,""failed"":0,""gap_p90"":0,""cache_hr"":0,""fixed"":1,""unan"":false,""key"":""('eta', '5')""},{""iter"":2,""solved"":20,""failed"":0,""gap_p90"":0,""cache_hr"":90,""fixed"":1,""unan"":true,""key"":null}],""gamma_LT"":[{""iter"":1,""solved"":20,""failed"":0,""gap_p90"":0,""cache_hr"":100,""fixed"":1,""unan"":false,""key"":""('gamma_LT', ('CTV',""},{""iter"":2,""solved"":20,""failed"":0,""gap_p90"":0,""cache_hr"":55,""fixed"":3,""unan"":true,""key"":null}]}",0.0199889156434962,True,2,OPTIMAL,solution_within_gap,False,,6:1,CTV|6:2;SOV|6:1,SOV|6|Dec:2;SOV|6|Feb:1;SOV|6|Jan:2;SOV|6|Nov:1;SOV|6|Oct:1,SOV1|6|Apr:1;SOV1|6|Aug:1;SOV1|6|Dec:1;SOV1|6|Feb:1;SOV1|6|Jan:1;SOV1|6|Jul:1;SOV1|6|Jun:1;SOV1|6|Mar:1;SOV1|6|May:1;SOV1|6|Nov:1;SOV1|6|Oct:1;SOV1|6|Sep:1;SOV2|6|Dec:1;SOV2|6|Feb:1;SOV2|6|Jan:1;SOV2|6|Nov:1;SOV2|6|Oct:1;SOV3|6|Dec:1;SOV3|6|Jan:1,49;54;118;121;152;155;163;184;193;251;259;279;306;329;360;374;407;419;435;489,dd12bca24f040401,200,1-500,501-1500
19,1,42425305.03745578,12613200.0,29812105.037456177,10350000.0,1811250.0,451950.0,28606563.664732162,467667.0436318526,737874.3290917439,,56.668257012963295,49.10454004816711,0.00027346424758434296,0.0008080350235104561,3.6949870586395264,1,2,1,0.0385131455282772,1,1,4,1,0.0385131455282772,1,"{""eta"":[{""iter"":1,""solved"":1,""failed"":0,""gap_p90"":0,""cache_hr"":0,""fixed"":2,""unan"":true,""key"":null}],""gamma_LT"":[{""iter"":1,""solved"":1,""failed"":0,""gap_p90"":0,""cache_hr"":100,""fixed"":4,""unan"":true,""key"":null}]}",0.01901207496386147,True,2,OPTIMAL,solution_within_gap,False,,6:1,CTV|6:2,SOV|6|Apr:1;SOV|6|Aug:1;SOV|6|Dec:2;SOV|6|Feb:1;SOV|6|Jan:2;SOV|6|Jul:1;SOV|6|Jun:1;SOV|6|Mar:1;SOV|6|May:1;SOV|6|Nov:2;SOV|6|Oct:1;SOV|6|Sep:1,SOV1|6|Apr:1;SOV1|6|Aug:1;SOV1|6|Dec:1;SOV1|6|Feb:1;SOV1|6|Jan:1;SOV1|6|Jul:1;SOV1|6|Jun:1;SOV1|6|Mar:1;SOV1|6|May:1;SOV1|6|Nov:1;SOV1|6|Oct:1;SOV1|6|Sep:1;SOV2|6|Dec:1;SOV2|6|Jan:1;SOV2|6|Nov:1,339,dd12bca24f040401,200,1-500,501-1500
19,3,37131016.48271772,13949500.0,23181516.482717313,4140000.0,9056250.0,753250.0,21749215.989717674,427210.41663540556,1005090.0763646812,,155.71258608438075,65.8977348972112,37.11218242160976,0.002756882458925247,46.20769286155701,2,2,3,0.03998262727611099,1,2,4,3,0.03998262727611099,1,"{""eta"":[{""iter"":1,""solved"":3,""failed"":0,""gap_p90"":0,""cache_hr"":0,""fixed"":1,""unan"":false,""key"":""('eta', '5')""},{""iter"":2,""solved"":3,""failed"":0,""gap_p90"":0,""cache_hr"":33,""fixed"":1,""unan"":true,""key"":null}],""gamma_LT"":[{""iter"":1,""solved"":3,""failed"":0,""gap_p90"":0,""cache_hr"":100,""fixed"":1,""unan"":false,""key"":""('gamma_LT', ('CTV',""},{""iter"":2,""solved"":3,""failed"":0,""gap_p90"":0,""cache_hr"":67,""fixed"":3,""unan"":true,""key"":null}]}",0.014693170347949222,True,2,OPTIMAL,solution_within_gap,False,,5:1,CTV|5:2;SOV|5:1,SOV|5|Dec:1;SOV|5|Feb:1;SOV|5|Jan:1;SOV|5|Mar:1;SOV|5|Nov:1;SOV|5|Oct:1,SOV1|5|Apr:1;SOV1|5|Aug:1;SOV1|5|Dec:1;SOV1|5|Feb:1;SOV1|5|Jan:1;SOV1|5|Jul:1;SOV1|5|Jun:1;SOV1|5|Mar:1;SOV1|5|May:1;SOV1|5|Nov:1;SOV1|5|Oct:1;SOV1|5|Sep:1;SOV2|5|Dec:1;SOV2|5|Feb:1;SOV2|5|Jan:1;SOV2|5|Mar:1;SOV2|5|Nov:1;SOV2|5|Oct:1,162;219;384,dd12bca24f040401,200,1-500,501-1500
19,5,35341232.811545074,12623550.0,22717682.811542876,3795000.0,8150625.0,677925.0,21563226.622012742,458127.6132978468,696328.5762343262,,264.2201078981161,178.01605829130858,12.857053681276739,0.002880644053220749,64.3553729057312,2,2,5,0.03999340599968969,1,2,4,5,0.03999340599968969,1,"{""eta"":[{""iter"":1,""solved"":5,""failed"":0,""gap_p90"":0,""cache_hr"":0,""fixed"":1,""unan"":false,""key"":""('eta', '5')""},{""iter"":2,""solved"":5,""failed"":0,""gap_p90"":0,""cache_hr"":80,""fixed"":1,""unan"":true,""key"":null}],""gamma_LT"":[{""iter"":1,""solved"":5,""failed"":0,""gap_p90"":0,""cache_hr"":100,""fixed"":1,""unan"":false,""key"":""('gamma_LT', ('CTV',""},{""iter"":2,""solved"":5,""failed"":0,""gap_p90"":0,""cache_hr"":40,""fixed"":3,""unan"":true,""key"":null}]}",0.004114815995935362,True,2,OPTIMAL,solution_within_gap,False,,6:1,CTV|6:1;SOV|6:1,CTV|6|Apr:1;CTV|6|Aug:1;CTV|6|Dec:1;CTV|6|Feb:1;CTV|6|Jan:1;CTV|6|Jul:1;CTV|6|Jun:1;CTV|6|Mar:1;CTV|6|May:1;CTV|6|Nov:1;CTV|6|Oct:1;CTV|6|Sep:1;SOV|6|Dec:1;SOV|6|Jan:1;SOV|6|Nov:1;SOV|6|Oct:1,SOV1|6|Apr:1;SOV1|6|Aug:1;SOV1|6|Dec:1;SOV1|6|Feb:1;SOV1|6|Jan:1;SOV1|6|Jul:1;SOV1|6|Jun:1;SOV1|6|Mar:1;SOV1|6|May:1;SOV1|6|Nov:1;SOV1|6|Oct:1;SOV1|6|Sep:1;SOV2|6|Dec:1;SOV2|6|Jan:1;SOV2|6|Nov:1;SOV2|6|Oct:1,30;108;118;161;318,dd12bca24f040401,200,1-500,501-1500
19,7,34597070.827930465,12569500.0,22027570.827932525,2760000.0,9056250.0,753250.0,20864857.3326008,456346.2577835905,706367.2375460461,,217.6438863137737,93.83117012493312,17.50728148035705,0.005780710838735104,95.48857188224792,1,2,7,0.03869405270691319,1,2,4,7,0.039997822497456134,1,"{""eta"":[{""iter"":1,""solved"":7,""failed"":0,""gap_p90"":0,""cache_hr"":0,""fixed"":2,""unan"":true,""key"":null}],""gamma_LT"":[{""iter"":1,""solved"":7,""failed"":0,""gap_p90"":0,""cache_hr"":100,""fixed"":1,""unan"":false,""key"":""('gamma_LT', ('CTV',""},{""iter"":2,""solved"":7,""failed"":0,""gap_p90"":0,""cache_hr"":57,""fixed"":3,""unan"":true,""key"":null}]}",0.007961689845575583,True,2,OPTIMAL,solution_within_gap,False,,6:1,CTV|6:2;SOV|6:1,SOV|6|Dec:1;SOV|6|Jan:1;SOV|6|Nov:1;SOV|6|Oct:1,SOV1|6|Apr:1;SOV1|6|Aug:1;SOV1|6|Dec:1;SOV1|6|Feb:1;SOV1|6|Jan:1;SOV1|6|Jul:1;SOV1|6|Jun:1;SOV1|6|Mar:1;SOV1|6|May:1;SOV1|6|Nov:1;SOV1|6|Oct:1;SOV1|6|Sep:1;SOV2|6|Dec:1;SOV2|6|Jan:1;SOV2|6|Nov:1;SOV2|6|Oct:1,144;241;244;373;398;425;462,dd12bca24f040401,200,1-500,501-1500
19,10,38141439.074499585,13949500.0,24191939.074504152,4140000.0,9056250.0,753250.0,23084285.352763448,410978.38011415745,696675.3416219413,,351.8778590047732,159.69672003667802,12.26272783242166,0.00292249396443367,165.86914992332458,2,2,10,0.039147004273806386,1,2,4,10,0.039147004273806386,1,"{""eta"":[{""iter"":1,""solved"":10,""failed"":0,""gap_p90"":0,""cache_hr"":0,""fixed"":1,""unan"":false,""key"":""('eta', '5')""},{""iter"":2,""solved"":10,""failed"":0,""gap_p90"":0,""cache_hr"":90,""fixed"":1,""unan"":true,""key"":null}],""gamma_LT"":[{""iter"":1,""solved"":10,""failed"":0,""gap_p90"":0,""cache_hr"":100,""fixed"":1,""unan"":false,""key"":""('gamma_LT', ('CTV',""},{""iter"":2,""solved"":10,""failed"":0,""gap_p90"":0,""cache_hr"":70,""fixed"":3,""unan"":true,""key"":null}]}",0.01443574224759537,True,2,OPTIMAL,solution_within_gap,False,,6:1,CTV|6:2;SOV|6:1,SOV|6|Dec:1;SOV|6|Feb:1;SOV|6|Jan:1;SOV|6|Nov:1;SOV|6|Oct:1;SOV|6|Sep:1,SOV1|6|Apr:1;SOV1|6|Aug:1;SOV1|6|Dec:1;SOV1|6|Feb:1;SOV1|6|Jan:1;SOV1|6|Jul:1;SOV1|6|Jun:1;SOV1|6|Mar:1;SOV1|6|May:1;SOV1|6|Nov:1;SOV1|6|Oct:1;SOV1|6|Sep:1;SOV2|6|Dec:1;SOV2|6|Feb:1;SOV2|6|Jan:1;SOV2|6|Nov:1;SOV2|6|Oct:1;SOV2|6|Sep:1,28;54;58;118;144;329;358;361;444;451,dd12bca24f040401,200,1-500,501-1500
19,15,35233427.28060065,14111075.0,21122352.280601557,4226250.0,9056250.0,828575.0,19959921.697783962,422949.56008041115,739481.0227361739,,457.0449737086892,169.74053712841123,13.947594874538481,0.012838540598750114,253.19046115875244,2,2,15,0.03985553974825092,1,2,4,15,0.03985553974825092,1,"{""eta"":[{""iter"":1,""solved"":15,""failed"":0,""gap_p90"":0,""cache_hr"":0,""fixed"":1,""unan"":false,""key"":""('eta', '5')""},{""iter"":2,""solved"":15,""failed"":0,""gap_p90"":0,""cache_hr"":87,""fixed"":1,""unan"":true,""key"":null}],""gamma_LT"":[{""iter"":1,""solved"":15,""failed"":0,""gap_p90"":0,""cache_hr"":100,""fixed"":1,""unan"":false,""key"":""('gamma_LT', ('CTV',""},{""iter"":2,""solved"":15,""failed"":0,""gap_p90"":0,""cache_hr"":87,""fixed"":3,""unan"":true,""key"":null}]}",0.014558236294905885,True,2,OPTIMAL,solution_within_gap,False,,6:1,CTV|6:2;SOV|6:1,CTV|6|Dec:1;SOV|6|Dec:1;SOV|6|Feb:1;SOV|6|Jan:1;SOV|6|Nov:1;SOV|6|Oct:1;SOV|6|Sep:1,SOV1|6|Apr:1;SOV1|6|Aug:1;SOV1|6|Dec:1;SOV1|6|Feb:1;SOV1|6|Jan:1;SOV1|6|Jul:1;SOV1|6|Jun:1;SOV1|6|Mar:1;SOV1|6|May:1;SOV1|6|Nov:1;SOV1|6|Oct:1;SOV1|6|Sep:1;SOV2|6|Dec:1;SOV2|6|Feb:1;SOV2|6|Jan:1;SOV2|6|Nov:1;SOV2|6|Oct:1;SOV2|6|Sep:1,24;31;34;103;110;128;131;138;280;281;320;365;396;469;479,dd12bca24f040401,200,1-500,501-1500
19,20,38252847.63849902,12569500.0,25683347.638496332,2760000.0,9056250.0,753250.0,24500351.078778572,463583.0041957359,719413.5555250411,,694.678583022207,209.04577534738928,32.3366325320676,0.015183924697339535,427.4161789417267,2,2,20,0.039964920543855295,1,3,4,20,0.03999650630761706,1,"{""eta"":[{""iter"":1,""solved"":20,""failed"":0,""gap_p90"":0,""cache_hr"":0,""fixed"":1,""unan"":false,""key"":""('eta', '5')""},{""iter"":2,""solved"":20,""failed"":0,""gap_p90"":0,""cache_hr"":75,""fixed"":1,""unan"":true,""key"":null}],""gamma_LT"":[{""iter"":1,""solved"":20,""failed"":0,""gap_p90"":0,""cache_hr"":100,""fixed"":1,""unan"":false,""key"":""('gamma_LT', ('SOV',""},{""iter"":2,""solved"":20,""failed"":0,""gap_p90"":0,""cache_hr"":95,""fixed"":1,""unan"":false,""key"":""('gamma_LT', ('CTV',""},{""iter"":3,""solved"":20,""failed"":0,""gap_p90"":0,""cache_hr"":65,""fixed"":2,""unan"":true,""key"":null}]}",0.019230571858626765,True,2,OPTIMAL,solution_within_gap,False,,6:1,CTV|6:2;SOV|6:1,SOV|6|Dec:1;SOV|6|Feb:1;SOV|6|Jan:1;SOV|6|Nov:1,SOV1|6|Apr:1;SOV1|6|Aug:1;SOV1|6|Dec:1;SOV1|6|Feb:1;SOV1|6|Jan:1;SOV1|6|Jul:1;SOV1|6|Jun:1;SOV1|6|Mar:1;SOV1|6|May:1;SOV1|6|Nov:1;SOV1|6|Oct:1;SOV1|6|Sep:1;SOV2|6|Dec:1;SOV2|6|Feb:1;SOV2|6|Jan:1;SOV2|6|Nov:1,14;27;31;143;155;175;189;205;212;216;229;230;255;285;294;311;335;358;417;448,dd12bca24f040401,200,1-500,501-1500
20,1,43339585.76656271,15694625.0,27644960.766563028,6037500.0,8150625.0,1506500.0,26468041.17346682,390150.02560718823,786769.5674886734,,153.44075157307088,146.93014604225755,0.00031762290745973587,0.0009990297257900238,2.565075159072876,1,2,1,0.026722117221852502,1,1,4,1,0.026722117221852502,1,"{""eta"":[{""iter"":1,""solved"":1,""failed"":0,""gap_p90"":0,""cache_hr"":0,""fixed"":2,""unan"":true,""key"":null}],""gamma_LT"":[{""iter"":1,""solved"":1,""failed"":0,""gap_p90"":0,""cache_hr"":100,""fixed"":4,""unan"":true,""key"":null}]}",0.01435576454901026,True,2,OPTIMAL,solution_within_gap,False,,6:1,CTV|6:1;SOV|6:1,CTV|6|Aug:1;CTV|6|Dec:2;CTV|6|Jan:1;CTV|6|Jul:1;CTV|6|Jun:2;CTV|6|May:1;CTV|6|Nov:2;CTV|6|Oct:2;CTV|6|Sep:2;SOV|6|Apr:1;SOV|6|Dec:1;SOV|6|Feb:2;SOV|6|Jan:1;SOV|6|Mar:1;SOV|6|Oct:1,SOV1|6|Apr:1;SOV1|6|Aug:1;SOV1|6|Dec:1;SOV1|6|Feb:1;SOV1|6|Jan:1;SOV1|6|Jul:1;SOV1|6|Jun:1;SOV1|6|Mar:1;SOV1|6|May:1;SOV1|6|Nov:1;SOV1|6|Oct:1;SOV1|6|Sep:1;SOV2|6|Apr:1;SOV2|6|Dec:1;SOV2|6|Feb:1;SOV2|6|Jan:1;SOV2|6|Mar:1;SOV2|6|Oct:1;SOV3|6|Feb:1,393,dd12bca24f040401,200,1-500,501-1500
20,3,38781752.57472489,12892650.0,25889102.57472462,2932500.0,9056250.0,903900.0,24759411.75254523,458528.30933589407,671162.5128437517,,227.24048087839037,187.861955919303,7.987243702635169,0.002722170203924179,25.437790870666504,1,2,3,0.03999807693321781,1,2,4,3,0.03999807693321781,1,"{""eta"":[{""iter"":1,""solved"":3,""failed"":0,""gap_p90"":0,""cache_hr"":0,""fixed"":2,""unan"":true,""key"":null}],""gamma_LT"":[{""iter"":1,""solved"":3,""failed"":0,""gap_p90"":0,""cache_hr"":100,""fixed"":1,""unan"":false,""key"":""('gamma_LT', ('CTV',""},{""iter"":2,""solved"":3,""failed"":0,""gap_p90"":0,""cache_hr"":67,""fixed"":3,""unan"":true,""key"":null}]}",0.0077235519964571715,True,2,OPTIMAL,solution_within_gap,False,,6:1,CTV|6:2;SOV|6:1,CTV|6|Jan:2;SOV|6|Dec:1;SOV|6|Feb:1;SOV|6|Jan:1;SOV|6|Nov:1,SOV1|6|Apr:1;SOV1|6|Aug:1;SOV1|6|Dec:1;SOV1|6|Feb:1;SOV1|6|Jan:1;SOV1|6|Jul:1;SOV1|6|Jun:1;SOV1|6|Mar:1;SOV1|6|May:1;SOV1|6|Nov:1;SOV1|6|Oct:1;SOV1|6|Sep:1;SOV2|6|Dec:1;SOV2|6|Feb:1;SOV2|6|Jan:1;SOV2|6|Nov:1,92;228;307,dd12bca24f040401,200,1-500,501-1500
20,5,36202836.82188871,12569500.0,23633336.821886666,2760000.0,9056250.0,753250.0,22430475.417668507,458639.1070550685,744222.2971650639,,173.90687071811408,116.39651945512742,0.0006122719496488571,0.004398779943585396,49.156333923339844,2,2,5,0.039654712888783646,1,1,4,5,0.039654712888783646,1,"{""eta"":[{""iter"":1,""solved"":5,""failed"":0,""gap_p90"":0,""cache_hr"":0,""fixed"":1,""unan"":false,""key"":""('eta', '5')""},{""iter"":2,""solved"":5,""failed"":0,""gap_p90"":0,""cache_hr"":80,""fixed"":1,""unan"":true,""key"":null}],""gamma_LT"":[{""iter"":1,""solved"":5,""failed"":0,""gap_p90"":0,""cache_hr"":100,""fixed"":4,""unan"":true,""key"":null}]}",0.018040631130011083,True,2,OPTIMAL,solution_within_gap,False,,6:1,CTV|6:2;SOV|6:1,SOV|6|Dec:1;SOV|6|Feb:1;SOV|6|Jan:1;SOV|6|Nov:1,SOV1|6|Apr:1;SOV1|6|Aug:1;SOV1|6|Dec:1;SOV1|6|Feb:1;SOV1|6|Jan:1;SOV1|6|Jul:1;SOV1|6|Jun:1;SOV1|6|Mar:1;SOV1|6|May:1;SOV1|6|Nov:1;SOV1|6|Oct:1;SOV1|6|Sep:1;SOV2|6|Dec:1;SOV2|6|Feb:1;SOV2|6|Jan:1;SOV2|6|Nov:1,24;127;311;427;461,dd12bca24f040401,200,1-500,501-1500
20,7,40808579.59548016,14240450.0,26568129.595482107,3450000.0,9961875.0,828575.0,25383494.798734978,475276.11605825095,709358.6806869764,,281.9009408019483,181.10149295907468,16.270279997959733,0.003465663641691208,73.04821801185608,2,2,7,0.03998402372095378,1,2,4,7,0.039998713677125534,1,"{""eta"":[{""iter"":1,""solved"":7,""failed"":0,""gap_p90"":0,""cache_hr"":0,""fixed"":1,""unan"":false,""key"":""('eta', '5')""},{""iter"":2,""solved"":7,""failed"":0,""gap_p90"":0,""cache_hr"":86,""fixed"":1,""unan"":true,""key"":null}],""gamma_LT"":[{""iter"":1,""solved"":7,""failed"":0,""gap_p90"":0,""cache_hr"":100,""fixed"":1,""unan"":false,""key"":""('gamma_LT', ('CTV',""},{""iter"":2,""solved"":7,""failed"":0,""gap_p90"":0,""cache_hr"":29,""fixed"":3,""unan"":true,""key"":null}]}",0.014916264386307793,True,2,OPTIMAL,solution_within_gap,False,,6:1,CTV|6:3;SOV|6:1,SOV|6|Dec:1;SOV|6|Feb:1;SOV|6|Jan:1;SOV|6|Nov:1;SOV|6|Oct:1,SOV1|6|Apr:1;SOV1|6|Aug:1;SOV1|6|Dec:1;SOV1|6|Feb:1;SOV1|6|Jan:1;SOV1|6|Jul:1;SOV1|6|Jun:1;SOV1|6|Mar:1;SOV1|6|May:1;SOV1|6|Nov:1;SOV1|6|Oct:1;SOV1|6|Sep:1;SOV2|6|Dec:1;SOV2|6|Feb:1;SOV2|6|Jan:1;SOV2|6|Nov:1;SOV2|6|Oct:1,17;51;167;310;381;400;493,dd12bca24f040401,200,1-500,501-1500
20,10,37850202.97328456,13259500.0,24590702.973289225,3450000.0,9056250.0,753250.0,23423752.098910153,432798.27353655663,734152.6008378194,,527.8970181522891,331.147609654814,42.06021196581423,0.0029836194589734077,140.49648809432983,2,2,10,0.03994692168206953,1,2,4,10,0.03994692168206953,1,"{""eta"":[{""iter"":1,""solved"":10,""failed"":0,""gap_p90"":0,""cache_hr"":0,""fixed"":1,""unan"":false,""key"":""('eta', '5')""},{""iter"":2,""solved"":10,""failed"":0,""gap_p90"":0,""cache_hr"":90,""fixed"":1,""unan"":true,""key"":null}],""gamma_LT"":[{""iter"":1,""solved"":10,""failed"":0,""gap_p90"":0,""cache_hr"":100,""fixed"":1,""unan"":false,""key"":""('gamma_LT', ('CTV',""},{""iter"":2,""solved"":10,""failed"":0,""gap_p90"":0,""cache_hr"":70,""fixed"":3,""unan"":true,""key"":null}]}",0.012794643624783194,True,2,OPTIMAL,solution_within_gap,False,,6:1,CTV|6:2;SOV|6:1,SOV|6|Dec:1;SOV|6|Feb:1;SOV|6|Jan:1;SOV|6|Nov:1;SOV|6|Oct:1,SOV1|6|Apr:1;SOV1|6|Aug:1;SOV1|6|Dec:1;SOV1|6|Feb:1;SOV1|6|Jan:1;SOV1|6|Jul:1;SOV1|6|Jun:1;SOV1|6|Mar:1;SOV1|6|May:1;SOV1|6|Nov:1;SOV1|6|Oct:1;SOV1|6|Sep:1;SOV2|6|Dec:1;SOV2|6|Feb:1;SOV2|6|Jan:1;SOV2|6|Nov:1;SOV2|6|Oct:1,3;173;205;227;328;362;375;470;479;494,dd12bca24f040401,200,1-500,501-1500
20,15,35854130.119153656,13421075.0,22433055.119154748,3536250.0,9056250.0,828575.0,21252315.784738,483618.80403137556,697120.5303843205,,1231.8117512408644,366.1005110424012,35.84601212851703,0.010494627058506012,809.0734541416168,2,2,15,0.039983350584262334,1,3,4,15,0.039997342544418814,1,"{""eta"":[{""iter"":1,""solved"":15,""failed"":0,""gap_p90"":0,""cache_hr"":0,""fixed"":1,""unan"":false,""key"":""('eta', '5')""},{""iter"":2,""solved"":15,""failed"":0,""gap_p90"":0,""cache_hr"":87,""fixed"":1,""unan"":true,""key"":null}],""gamma_LT"":[{""iter"":1,""solved"":15,""failed"":0,""gap_p90"":0,""cache_hr"":100,""fixed"":1,""unan"":false,""key"":""('gamma_LT', ('SOV',""},{""iter"":2,""solved"":15,""failed"":0,""gap_p90"":0,""cache_hr"":93,""fixed"":1,""unan"":false,""key"":""('gamma_LT', ('CTV',""},{""iter"":3,""solved"":15,""failed"":0,""gap_p90"":0,""cache_hr"":53,""fixed"":2,""unan"":true,""key"":null}]}",0.019991848059035876,True,2,OPTIMAL,solution_within_gap,False,,6:1,CTV|6:2;SOV|6:1,CTV|6|Apr:1;CTV|6|Aug:1;CTV|6|Dec:1;CTV|6|Feb:1;CTV|6|Jan:1;CTV|6|Jul:1;CTV|6|Jun:1;CTV|6|Mar:1;CTV|6|May:1;SOV|6|Dec:1;SOV|6|Feb:1;SOV|6|Jan:1;SOV|6|Nov:1,SOV1|6|Apr:1;SOV1|6|Aug:1;SOV1|6|Dec:1;SOV1|6|Feb:1;SOV1|6|Jan:1;SOV1|6|Jul:1;SOV1|6|Jun:1;SOV1|6|Mar:1;SOV1|6|May:1;SOV1|6|Nov:1;SOV1|6|Oct:1;SOV1|6|Sep:1;SOV2|6|Dec:1;SOV2|6|Feb:1;SOV2|6|Jan:1;SOV2|6|Nov:1,31;42;53;58;104;159;231;246;261;285;347;370;387;388;481,dd12bca24f040401,200,1-500,501-1500
20,20,38606514.22848549,12731075.0,25875439.22848289,2846250.0,9056250.0,828575.0,24725141.550125737,449123.91082262766,701173.7675374025,,1032.4234013753012,436.0403129039332,32.86367800179869,0.006030948832631111,538.65251994133,2,2,20,0.039908010565411406,1,3,4,20,0.039925158557553346,1,"{""eta"":[{""iter"":1,""solved"":20,""failed"":0,""gap_p90"":0,""cache_hr"":0,""fixed"":1,""unan"":false,""key"":""('eta', '5')""},{""iter"":2,""solved"":20,""failed"":0,""gap_p90"":0,""cache_hr"":80,""fixed"":1,""unan"":true,""key"":null}],""gamma_LT"":[{""iter"":1,""solved"":20,""failed"":0,""gap_p90"":0,""cache_hr"":100,""fixed"":1,""unan"":false,""key"":""('gamma_LT', ('SOV',""},{""iter"":2,""solved"":20,""failed"":0,""gap_p90"":0,""cache_hr"":95,""fixed"":1,""unan"":false,""key"":""('gamma_LT', ('CTV',""},{""iter"":3,""solved"":20,""failed"":0,""gap_p90"":0,""cache_hr"":40,""fixed"":2,""unan"":true,""key"":null}]}",0.014651636205061117,True,2,OPTIMAL,solution_within_gap,False,,6:1,CTV|6:2;SOV|6:1,CTV|6|Oct:1;SOV|6|Dec:1;SOV|6|Feb:1;SOV|6|Jan:1;SOV|6|Nov:1,SOV1|6|Apr:1;SOV1|6|Aug:1;SOV1|6|Dec:1;SOV1|6|Feb:1;SOV1|6|Jan:1;SOV1|6|Jul:1;SOV1|6|Jun:1;SOV1|6|Mar:1;SOV1|6|May:1;SOV1|6|Nov:1;SOV1|6|Oct:1;SOV1|6|Sep:1;SOV2|6|Dec:1;SOV2|6|Feb:1;SOV2|6|Jan:1;SOV2|6|Nov:1,3;41;87;104;111;135;156;202;241;242;272;274;291;299;326;353;368;391;423;438,dd12bca24f040401,200,1-500,501-1500
