instance_id,tree_size,objective,first_stage_cost,second_stage_cost,charter_cost_ST,charter_cost_LT,charter_cost_mob,downtime_cost,travel_cost_S,travel_cost_M,MIP_runtime,Con_total runtime,Con_eta runtime,Con_gamma_LT_runtime,Con_gamma_ST_runtime,Con_Master_runtime,Con_eta_n_iters,Con_eta_vars_fixed,Con_eta_judges_solved_min,Con_eta_gap_p90_max,Con_eta_unanimous_count,Con_gamma_LT_n_iters,Con_gamma_LT_vars_fixed,Con_gamma_LT_judges_solved_min,Con_gamma_LT_gap_p90_max,Con_gamma_LT_unanimous_count,Con_fix_history_json,MIPGap,has_solution,solve_status_code,solve_status,solve_outcome,gap_pruned,optimize_error,eta,gamma_LT,gamma_ST,alpha,scenarios,param_signature,seed,iss_pool,oos_pool
1,1,18847627.548816085,8893525.0,9954102.54881609,6555000.0,1811250.0,527275.0,9226780.345427984,424746.2246492335,302575.9787388641,,18.66501286160201,13.33588904608041,0.00024672411382198334,0.0006537940353155136,2.0447518825531006,1,2,1,0.037567499409087525,1,1,4,1,0.037567499409087525,1,"{""eta"":[{""iter"":1,""solved"":1,""failed"":0,""gap_p90"":0,""cache_hr"":0,""fixed"":2,""unan"":true,""key"":null}],""gamma_LT"":[{""iter"":1,""solved"":1,""failed"":0,""gap_p90"":0,""cache_hr"":100,""fixed"":4,""unan"":true,""key"":null}]}",0.0006120165530984022,True,2,OPTIMAL,solution_within_gap,False,,5:1,CTV|5:2,CTV|5|Aug:1;CTV|5|Jul:1;CTV|5|Jun:1;CTV|5|May:1;SOV|5|Apr:1;SOV|5|Dec:1;SOV|5|Feb:1;SOV|5|Jan:1;SOV|5|Mar:1;SOV|5|May:1;SOV|5|Nov:1;SOV|5|Oct:1;SOV|5|Sep:1,SOV1|5|Apr:1;SOV1|5|Dec:1;SOV1|5|Feb:1;SOV1|5|Jan:1;SOV1|5|Mar:1;SOV1|5|May:1;SOV1|5|Nov:1;SOV1|5|Oct:1;SOV1|5|Sep:1,418,8e1f6eec5f28b6aa,200,1-500,501-1500
1,3,26184746.73887614,10499500.0,15685246.73887611,690000.0,9056250.0,753250.0,15013720.302952977,238306.5861590196,433219.8497641487,,52.7475523147732,25.15324528887868,13.277998854406178,0.0017306730151176453,9.651934146881104,1,2,3,0.03964018106842669,1,3,4,3,0.03997894439562949,1,"{""eta"":[{""iter"":1,""solved"":3,""failed"":0,""gap_p90"":0,""cache_hr"":0,""fixed"":2,""unan"":true,""key"":null}],""gamma_LT"":[{""iter"":1,""solved"":3,""failed"":0,""gap_p90"":0,""cache_hr"":100,""fixed"":1,""unan"":false,""key"":""('gamma_LT', ('CTV',""},{""iter"":2,""solved"":3,""failed"":0,""gap_p90"":0,""cache_hr"":67,""fixed"":1,""unan"":false,""key"":""('gamma_LT', ('SOV',""},{""iter"":3,""solved"":3,""failed"":0,""gap_p90"":0,""cache_hr"":67,""fixed"":2,""unan"":true,""key"":null}]}",0.018036966593464758,True,2,OPTIMAL,solution_within_gap,False,,5:1,CTV|5:2;SOV|5:1,SOV|5|Dec:1,SOV1|5|Apr:1;SOV1|5|Aug:1;SOV1|5|Dec:1;SOV1|5|Feb:1;SOV1|5|Jan:1;SOV1|5|Jul:1;SOV1|5|Jun:1;SOV1|5|Mar:1;SOV1|5|May:1;SOV1|5|Nov:1;SOV1|5|Oct:1;SOV1|5|Sep:1;SOV2|5|Dec:1,390;458;499,8e1f6eec5f28b6aa,200,1-500,501-1500
1,5,26407375.25677018,9831350.0,16576025.256769517,172500.0,9056250.0,602600.0,15882047.365021814,247505.85396738996,446472.03778093134,,58.98233563546091,24.080820167437196,5.674385870806873,0.002606804482638836,22.9040949344635,1,2,5,0.03966553410085637,1,2,4,5,0.0398747156431834,1,"{""eta"":[{""iter"":1,""solved"":5,""failed"":0,""gap_p90"":0,""cache_hr"":0,""fixed"":2,""unan"":true,""key"":null}],""gamma_LT"":[{""iter"":1,""solved"":5,""failed"":0,""gap_p90"":0,""cache_hr"":100,""fixed"":1,""unan"":false,""key"":""('gamma_LT', ('CTV',""},{""iter"":2,""solved"":5,""failed"":0,""gap_p90"":0,""cache_hr"":80,""fixed"":3,""unan"":true,""key"":null}]}",0.018057780666655532,True,2,OPTIMAL,solution_within_gap,False,,5:1,CTV|5:2;SOV|5:1,CTV|5|Dec:2,SOV1|5|Apr:1;SOV1|5|Aug:1;SOV1|5|Dec:1;SOV1|5|Feb:1;SOV1|5|Jan:1;SOV1|5|Jul:1;SOV1|5|Jun:1;SOV1|5|Mar:1;SOV1|5|May:1;SOV1|5|Nov:1;SOV1|5|Oct:1;SOV1|5|Sep:1,86;110;231;305;440,8e1f6eec5f28b6aa,200,1-500,501-1500
1,7,28861414.955582324,10003850.0,18857564.955584,345000.0,9056250.0,602600.0,18200165.944751848,251308.79124979518,406090.2195806663,,110.63289411365986,24.701162822544575,17.09385847300291,0.005949333310127258,60.90134286880493,1,2,7,0.039779884134722124,1,3,4,7,0.039993321116490864,1,"{""eta"":[{""iter"":1,""solved"":7,""failed"":0,""gap_p90"":0,""cache_hr"":0,""fixed"":2,""unan"":true,""key"":null}],""gamma_LT"":[{""iter"":1,""solved"":7,""failed"":0,""gap_p90"":0,""cache_hr"":100,""fixed"":1,""unan"":false,""key"":""('gamma_LT', ('SOV',""},{""iter"":2,""solved"":7,""failed"":0,""gap_p90"":0,""cache_hr"":86,""fixed"":1,""unan"":false,""key"":""('gamma_LT', ('CTV',""},{""iter"":3,""solved"":7,""failed"":0,""gap_p90"":0,""cache_hr"":71,""fixed"":2,""unan"":true,""key"":null}]}",0.01846748507612304,True,2,OPTIMAL,solution_within_gap,False,,5:1,CTV|5:2;SOV|5:1,CTV|5|Apr:1;CTV|5|Dec:1;CTV|5|Feb:1;CTV|5|Jan:1,SOV1|5|Apr:1;SOV1|5|Aug:1;SOV1|5|Dec:1;SOV1|5|Feb:1;SOV1|5|Jan:1;SOV1|5|Jul:1;SOV1|5|Jun:1;SOV1|5|Mar:1;SOV1|5|May:1;SOV1|5|Nov:1;SOV1|5|Oct:1;SOV1|5|Sep:1,28;131;176;181;264;290;295,8e1f6eec5f28b6aa,200,1-500,501-1500
1,10,30248973.87977597,12041075.0,18207898.879779946,2156250.0,9056250.0,828575.0,17618323.493804745,226521.82770597204,363053.5582654108,,112.31576043087989,30.6086778761819,16.47414768114686,0.008718517608940601,55.062164068222046,1,2,10,0.0382650954108368,1,3,4,10,0.03997070398441483,1,"{""eta"":[{""iter"":1,""solved"":10,""failed"":0,""gap_p90"":0,""cache_hr"":0,""fixed"":2,""unan"":true,""key"":null}],""gamma_LT"":[{""iter"":1,""solved"":10,""failed"":0,""gap_p90"":0,""cache_hr"":100,""fixed"":1,""unan"":false,""key"":""('gamma_LT', ('CTV',""},{""iter"":2,""solved"":10,""failed"":0,""gap_p90"":0,""cache_hr"":80,""fixed"":1,""unan"":false,""key"":""('gamma_LT', ('SOV',""},{""iter"":3,""solved"":10,""failed"":0,""gap_p90"":0,""cache_hr"":70,""fixed"":2,""unan"":true,""key"":null}]}",0.019590636778986557,True,2,OPTIMAL,solution_within_gap,False,,5:1,CTV|5:2;SOV|5:1,CTV|5|Oct:1;SOV|5|Dec:1;SOV|5|Jan:1;SOV|5|Nov:1,SOV1|5|Apr:1;SOV1|5|Aug:1;SOV1|5|Dec:1;SOV1|5|Feb:1;SOV1|5|Jan:1;SOV1|5|Jul:1;SOV1|5|Jun:1;SOV1|5|Mar:1;SOV1|5|May:1;SOV1|5|Nov:1;SOV1|5|Oct:1;SOV1|5|Sep:1;SOV2|5|Dec:1;SOV2|5|Jan:1;SOV2|5|Nov:1,14;22;29;58;85;93;135;187;301;480,8e1f6eec5f28b6aa,200,1-500,501-1500
1,15,28854342.077926334,10176350.0,18677992.077920463,517500.0,9056250.0,602600.0,18021283.38836118,259023.59170711465,397685.0978578527,,221.23318437766284,27.732783327810466,20.11953496746719,0.009589985944330692,159.45983409881592,1,2,15,0.03938764713178323,1,3,4,15,0.03998604340988212,1,"{""eta"":[{""iter"":1,""solved"":15,""failed"":0,""gap_p90"":0,""cache_hr"":0,""fixed"":2,""unan"":true,""key"":null}],""gamma_LT"":[{""iter"":1,""solved"":15,""failed"":0,""gap_p90"":0,""cache_hr"":100,""fixed"":1,""unan"":false,""key"":""('gamma_LT', ('SOV',""},{""iter"":2,""solved"":15,""failed"":0,""gap_p90"":0,""cache_hr"":60,""fixed"":1,""unan"":false,""key"":""('gamma_LT', ('CTV',""},{""iter"":3,""solved"":15,""failed"":0,""gap_p90"":0,""cache_hr"":93,""fixed"":2,""unan"":true,""key"":null}]}",0.019854726618496944,True,2,OPTIMAL,solution_within_gap,False,,5:1,CTV|5:2;SOV|5:1,CTV|5|Apr:1;CTV|5|Aug:1;CTV|5|Dec:1;CTV|5|Feb:1;CTV|5|Jan:1;CTV|5|Mar:1,SOV1|5|Apr:1;SOV1|5|Aug:1;SOV1|5|Dec:1;SOV1|5|Feb:1;SOV1|5|Jan:1;SOV1|5|Jul:1;SOV1|5|Jun:1;SOV1|5|Mar:1;SOV1|5|May:1;SOV1|5|Nov:1;SOV1|5|Oct:1;SOV1|5|Sep:1,6;25;71;78;93;144;156;171;173;197;320;345;351;388;433,8e1f6eec5f28b6aa,200,1-500,501-1500
1,20,28052983.099409323,11189500.0,16863483.099412262,1380000.0,9056250.0,753250.0,16251681.482453506,216853.6981405371,394947.9188146892,,626.8044273843989,32.47839336935431,25.268652990460396,0.015191834419965744,550.9029769897461,1,2,20,0.03972126166619745,1,3,4,20,0.03998611361577462,1,"{""eta"":[{""iter"":1,""solved"":20,""failed"":0,""gap_p90"":0,""cache_hr"":0,""fixed"":2,""unan"":true,""key"":null}],""gamma_LT"":[{""iter"":1,""solved"":20,""failed"":0,""gap_p90"":0,""cache_hr"":100,""fixed"":1,""unan"":false,""key"":""('gamma_LT', ('CTV',""},{""iter"":2,""solved"":20,""failed"":0,""gap_p90"":0,""cache_hr"":65,""fixed"":1,""unan"":false,""key"":""('gamma_LT', ('SOV',""},{""iter"":3,""solved"":20,""failed"":0,""gap_p90"":0,""cache_hr"":60,""fixed"":2,""unan"":true,""key"":null}]}",0.017132798088169084,True,2,OPTIMAL,solution_within_gap,False,,5:1,CTV|5:2;SOV|5:1,SOV|5|Dec:1;SOV|5|Nov:1,SOV1|5|Apr:1;SOV1|5|Aug:1;SOV1|5|Dec:1;SOV1|5|Feb:1;SOV1|5|Jan:1;SOV1|5|Jul:1;SOV1|5|Jun:1;SOV1|5|Mar:1;SOV1|5|May:1;SOV1|5|Nov:1;SOV1|5|Oct:1;SOV1|5|Sep:1;SOV2|5|Dec:1;SOV2|5|Nov:1,34;57;65;82;83;89;123;177;183;195;208;217;224;232;253;273;283;331;430;483,8e1f6eec5f28b6aa,200,1-500,501-1500
2,1,30265180.832553,8903300.0,21361880.8325532,6037500.0,1811250.0,1054550.0,20478095.88838074,650819.1727133689,232965.77145888068,,16.72296479344368,12.59647965990007,0.00033458881080150604,0.0009944392368197441,1.0720188617706299,1,2,1,0.03999882566710661,1,1,4,1,0.03999882566710661,1,"{""eta"":[{""iter"":1,""solved"":1,""failed"":0,""gap_p90"":0,""cache_hr"":0,""fixed"":2,""unan"":true,""key"":null}],""gamma_LT"":[{""iter"":1,""solved"":1,""failed"":0,""gap_p90"":0,""cache_hr"":100,""fixed"":4,""unan"":true,""key"":null}]}",0.005604808859242969,True,2,OPTIMAL,solution_within_gap,False,,5:1,CTV|5:2,CTV|5|Apr:2;CTV|5|Aug:1;CTV|5|Feb:1;CTV|5|Jul:2;CTV|5|Jun:1;CTV|5|Mar:2;CTV|5|May:2;CTV|5|Oct:1;CTV|5|Sep:2;SOV|5|Dec:1;SOV|5|Feb:1;SOV|5|Jan:2;SOV|5|Mar:1;SOV|5|Nov:1;SOV|5|Oct:1,SOV1|5|Dec:1;SOV1|5|Feb:1;SOV1|5|Jan:1;SOV1|5|Mar:1;SOV1|5|Nov:1;SOV1|5|Oct:1;SOV2|5|Jan:1,139,8e1f6eec5f28b6aa,200,1-500,501-1500
2,3,31421775.417847466,11189500.0,20232275.41784742,1380000.0,9056250.0,753250.0,19601331.409525827,238144.97895656485,392799.02936504927,,47.52220995537937,24.411957496777177,10.257143090479076,0.0027093635872006416,8.243553876876831,1,2,3,0.03890035332486391,1,2,4,3,0.039884710837543094,1,"{""eta"":[{""iter"":1,""solved"":3,""failed"":0,""gap_p90"":0,""cache_hr"":0,""fixed"":2,""unan"":true,""key"":null}],""gamma_LT"":[{""iter"":1,""solved"":3,""failed"":0,""gap_p90"":0,""cache_hr"":100,""fixed"":1,""unan"":false,""key"":""('gamma_LT', ('SOV',""},{""iter"":2,""solved"":3,""failed"":0,""gap_p90"":0,""cache_hr"":67,""fixed"":3,""unan"":true,""key"":null}]}",0.008756476524670646,True,2,OPTIMAL,solution_within_gap,False,,5:1,CTV|5:2;SOV|5:1,SOV|5|Dec:1;SOV|5|Jan:1,SOV1|5|Apr:1;SOV1|5|Aug:1;SOV1|5|Dec:1;SOV1|5|Feb:1;SOV1|5|Jan:1;SOV1|5|Jul:1;SOV1|5|Jun:1;SOV1|5|Mar:1;SOV1|5|May:1;SOV1|5|Nov:1;SOV1|5|Oct:1;SOV1|5|Sep:1;SOV2|5|Dec:1;SOV2|5|Jan:1,31;236;316,8e1f6eec5f28b6aa,200,1-500,501-1500
2,5,30812702.714548238,8807275.0,22005427.714546703,6468750.0,1811250.0,527275.0,21272340.101820637,389453.01617565384,343634.5965518991,,103.94385830685496,26.27032454125583,15.169292997568846,0.0045134397223591805,56.35916209220886,1,2,5,0.03999712404422551,1,3,4,5,0.03999712404422551,1,"{""eta"":[{""iter"":1,""solved"":5,""failed"":0,""gap_p90"":0,""cache_hr"":0,""fixed"":2,""unan"":true,""key"":null}],""gamma_LT"":[{""iter"":1,""solved"":5,""failed"":0,""gap_p90"":0,""cache_hr"":100,""fixed"":1,""unan"":false,""key"":""('gamma_LT', ('CTV',""},{""iter"":2,""solved"":5,""failed"":0,""gap_p90"":0,""cache_hr"":60,""fixed"":1,""unan"":false,""key"":""('gamma_LT', ('SOV',""},{""iter"":3,""solved"":5,""failed"":0,""gap_p90"":0,""cache_hr"":40,""fixed"":2,""unan"":true,""key"":null}]}",0.005065598088642814,True,2,OPTIMAL,solution_within_gap,False,,5:1,CTV|5:2,CTV|5|Jul:1;CTV|5|Jun:1;CTV|5|May:1;SOV|5|Apr:1;SOV|5|Aug:1;SOV|5|Dec:1;SOV|5|Feb:1;SOV|5|Jan:1;SOV|5|Mar:1;SOV|5|Nov:1;SOV|5|Oct:1;SOV|5|Sep:1,SOV1|5|Apr:1;SOV1|5|Aug:1;SOV1|5|Dec:1;SOV1|5|Feb:1;SOV1|5|Jan:1;SOV1|5|Mar:1;SOV1|5|Nov:1;SOV1|5|Oct:1;SOV1|5|Sep:1,85;127;134;171;180,8e1f6eec5f28b6aa,200,1-500,501-1500
2,7,26362364.581247564,8774500.0,17587864.581250176,6210000.0,1811250.0,753250.0,16839067.977853473,465352.4342522802,283444.1691418744,,110.47948721796274,25.757530204951763,17.68575573898852,0.003242878243327141,59.35541391372681,1,2,7,0.03962141546468771,1,3,4,7,0.03999602775040923,1,"{""eta"":[{""iter"":1,""solved"":7,""failed"":0,""gap_p90"":0,""cache_hr"":0,""fixed"":2,""unan"":true,""key"":null}],""gamma_LT"":[{""iter"":1,""solved"":7,""failed"":0,""gap_p90"":0,""cache_hr"":100,""fixed"":1,""unan"":false,""key"":""('gamma_LT', ('CTV',""},{""iter"":2,""solved"":7,""failed"":0,""gap_p90"":0,""cache_hr"":86,""fixed"":1,""unan"":false,""key"":""('gamma_LT', ('SOV',""},{""iter"":3,""solved"":7,""failed"":0,""gap_p90"":0,""cache_hr"":43,""fixed"":2,""unan"":true,""key"":null}]}",0.01435944279733145,True,2,OPTIMAL,solution_within_gap,False,,5:1,CTV|5:2,CTV|5|Apr:2;CTV|5|Dec:2;CTV|5|Jan:1;CTV|5|Jul:1;CTV|5|Jun:1;CTV|5|May:1;SOV|5|Aug:1;SOV|5|Dec:1;SOV|5|Feb:1;SOV|5|Jan:1;SOV|5|Mar:1;SOV|5|Nov:1;SOV|5|Oct:1;SOV|5|Sep:1,SOV1|5|Aug:1;SOV1|5|Dec:1;SOV1|5|Feb:1;SOV1|5|Jan:1;SOV1|5|Mar:1;SOV1|5|Nov:1;SOV1|5|Oct:1;SOV1|5|Sep:1,10;44;102;151;157;346;398,8e1f6eec5f28b6aa,200,1-500,501-1500
2,10,30648607.034052853,9701975.0,20946632.034057647,948750.0,8150625.0,602600.0,20285810.255645007,216038.7110073928,444783.0674005491,,228.23889179714024,29.15224129613489,18.621227544732392,0.008385498076677322,170.30269312858582,1,2,10,0.03971400812772323,1,3,4,10,0.03999835025742504,1,"{""eta"":[{""iter"":1,""solved"":10,""failed"":0,""gap_p90"":0,""cache_hr"":0,""fixed"":2,""unan"":true,""key"":null}],""gamma_LT"":[{""iter"":1,""solved"":10,""failed"":0,""gap_p90"":0,""cache_hr"":100,""fixed"":1,""unan"":false,""key"":""('gamma_LT', ('CTV',""},{""iter"":2,""solved"":10,""failed"":0,""gap_p90"":0,""cache_hr"":30,""fixed"":1,""unan"":false,""key"":""('gamma_LT', ('SOV',""},{""iter"":3,""solved"":10,""failed"":0,""gap_p90"":0,""cache_hr"":70,""fixed"":2,""unan"":true,""key"":null}]}",0.01336985523920413,True,2,OPTIMAL,solution_within_gap,False,,5:1,CTV|5:1;SOV|5:1,CTV|5|Dec:3;CTV|5|Feb:2;CTV|5|Jan:3;CTV|5|Nov:1;CTV|5|Oct:1;CTV|5|Sep:1,SOV1|5|Apr:1;SOV1|5|Aug:1;SOV1|5|Dec:1;SOV1|5|Feb:1;SOV1|5|Jan:1;SOV1|5|Jul:1;SOV1|5|Jun:1;SOV1|5|Mar:1;SOV1|5|May:1;SOV1|5|Nov:1;SOV1|5|Oct:1;SOV1|5|Sep:1,4;15;91;99;160;303;365;426;430;478,8e1f6eec5f28b6aa,200,1-500,501-1500
2,15,28371414.01791865,7599775.0,20771639.017911397,5261250.0,1811250.0,527275.0,19992382.611585077,502323.36799474934,276933.03833870677,,943.6214514784515,31.4733268013224,21.843900268897414,0.008875290863215923,876.5896511077881,1,2,15,0.03974213375786183,1,3,4,15,0.039994453098680875,1,"{""eta"":[{""iter"":1,""solved"":15,""failed"":0,""gap_p90"":0,""cache_hr"":0,""fixed"":2,""unan"":true,""key"":null}],""gamma_LT"":[{""iter"":1,""solved"":15,""failed"":0,""gap_p90"":0,""cache_hr"":100,""fixed"":1,""unan"":false,""key"":""('gamma_LT', ('CTV',""},{""iter"":2,""solved"":15,""failed"":0,""gap_p90"":0,""cache_hr"":80,""fixed"":1,""unan"":false,""key"":""('gamma_LT', ('SOV',""},{""iter"":3,""solved"":15,""failed"":0,""gap_p90"":0,""cache_hr"":47,""fixed"":2,""unan"":true,""key"":null}]}",0.001943886278304394,True,2,OPTIMAL,solution_within_gap,False,,5:1,CTV|5:2,CTV|5|Apr:1;CTV|5|Aug:1;CTV|5|Jul:1;CTV|5|Jun:1;CTV|5|May:1;SOV|5|Dec:1;SOV|5|Feb:1;SOV|5|Jan:1;SOV|5|Mar:1;SOV|5|Nov:1;SOV|5|Oct:1;SOV|5|Sep:1,SOV1|5|Dec:1;SOV1|5|Feb:1;SOV1|5|Jan:1;SOV1|5|Mar:1;SOV1|5|Nov:1;SOV1|5|Oct:1;SOV1|5|Sep:1,4;21;63;74;91;136;194;210;212;257;291;303;308;478;500,8e1f6eec5f28b6aa,200,1-500,501-1500
2,20,28293541.432233598,7847600.0,20445941.43222649,5433750.0,1811250.0,602600.0,19669026.36581676,511129.6376588429,265785.42875793955,,1390.5307214362547,31.22212866973132,30.3775289459154,0.008149675093591213,1309.8479580879211,1,2,20,0.03949230113146887,1,3,4,20,0.03998550232123546,1,"{""eta"":[{""iter"":1,""solved"":20,""failed"":0,""gap_p90"":0,""cache_hr"":0,""fixed"":2,""unan"":true,""key"":null}],""gamma_LT"":[{""iter"":1,""solved"":20,""failed"":0,""gap_p90"":0,""cache_hr"":100,""fixed"":1,""unan"":false,""key"":""('gamma_LT', ('CTV',""},{""iter"":2,""solved"":20,""failed"":0,""gap_p90"":0,""cache_hr"":65,""fixed"":1,""unan"":false,""key"":""('gamma_LT', ('SOV',""},{""iter"":3,""solved"":20,""failed"":0,""gap_p90"":0,""cache_hr"":45,""fixed"":2,""unan"":true,""key"":null}]}",0.001151070749067514,True,2,OPTIMAL,solution_within_gap,False,,5:1,CTV|5:2,CTV|5|Apr:1;CTV|5|Aug:1;CTV|5|Dec:1;CTV|5|Jan:1;CTV|5|Jul:1;CTV|5|Jun:1;CTV|5|May:1;SOV|5|Dec:1;SOV|5|Feb:1;SOV|5|Jan:1;SOV|5|Mar:1;SOV|5|Nov:1;SOV|5|Oct:1;SOV|5|Sep:1,SOV1|5|Dec:1;SOV1|5|Feb:1;SOV1|5|Jan:1;SOV1|5|Mar:1;SOV1|5|Nov:1;SOV1|5|Oct:1;SOV1|5|Sep:1,10;100;102;115;158;180;272;291;292;300;374;394;395;405;423;437;448;463;467;500,8e1f6eec5f28b6aa,200,1-500,501-1500
3,1,25804996.017379403,8278850.0,17526146.01737957,5865000.0,1811250.0,602600.0,16785102.68822277,502744.5747954963,238298.7543611273,,26.44963921420276,21.890670294873416,0.00037808995693922043,0.0011080633848905563,1.2515881061553955,1,2,1,0.03376919585413685,1,1,4,1,0.03376919585413685,1,"{""eta"":[{""iter"":1,""solved"":1,""failed"":0,""gap_p90"":0,""cache_hr"":0,""fixed"":2,""unan"":true,""key"":null}],""gamma_LT"":[{""iter"":1,""solved"":1,""failed"":0,""gap_p90"":0,""cache_hr"":100,""fixed"":4,""unan"":true,""key"":null}]}",0.00951943108482939,True,2,OPTIMAL,solution_within_gap,False,,5:1,CTV|5:2,CTV|5|Apr:2;CTV|5|Dec:1;CTV|5|Feb:2;CTV|5|Jan:2;CTV|5|Jul:1;CTV|5|Jun:1;CTV|5|Mar:2;CTV|5|May:1;SOV|5|Aug:1;SOV|5|Dec:1;SOV|5|Feb:1;SOV|5|Jan:1;SOV|5|Nov:1;SOV|5|Oct:1;SOV|5|Sep:1,SOV1|5|Aug:1;SOV1|5|Dec:1;SOV1|5|Feb:1;SOV1|5|Jan:1;SOV1|5|Nov:1;SOV1|5|Oct:1;SOV1|5|Sep:1,6,8e1f6eec5f28b6aa,200,1-500,501-1500
3,3,27200239.317768436,6996025.0,20204214.31776812,4657500.0,1811250.0,527275.0,19405102.750638716,558945.7816691558,240165.78546058002,,74.3129349425435,27.147634487599134,16.938476502895355,0.002525709569454193,24.901283979415894,1,2,3,0.038265494499800025,1,3,4,3,0.039969881930529035,1,"{""eta"":[{""iter"":1,""solved"":3,""failed"":0,""gap_p90"":0,""cache_hr"":0,""fixed"":2,""unan"":true,""key"":null}],""gamma_LT"":[{""iter"":1,""solved"":3,""failed"":0,""gap_p90"":0,""cache_hr"":100,""fixed"":1,""unan"":false,""key"":""('gamma_LT', ('SOV',""},{""iter"":2,""solved"":3,""failed"":0,""gap_p90"":0,""cache_hr"":67,""fixed"":1,""unan"":false,""key"":""('gamma_LT', ('CTV',""},{""iter"":3,""solved"":3,""failed"":0,""gap_p90"":0,""cache_hr"":33,""fixed"":2,""unan"":true,""key"":null}]}",0.012237434198343607,True,2,OPTIMAL,solution_within_gap,False,,5:1,CTV|5:2,CTV|5|Apr:1;CTV|5|Aug:1;CTV|5|Jul:1;CTV|5|Jun:1;CTV|5|Mar:1;CTV|5|May:1;SOV|5|Dec:1;SOV|5|Feb:1;SOV|5|Jan:1;SOV|5|Nov:1;SOV|5|Oct:1;SOV|5|Sep:1,SOV1|5|Dec:1;SOV1|5|Feb:1;SOV1|5|Jan:1;SOV1|5|Nov:1;SOV1|5|Oct:1;SOV1|5|Sep:1,36;248;481,8e1f6eec5f28b6aa,200,1-500,501-1500
3,5,28026933.97127218,9508200.0,18518733.971270703,0.0,9056250.0,451950.0,17845004.65964303,235404.76592248553,438324.545706601,,71.51942721381783,23.457395100034773,12.062232872471213,0.004594271071255207,28.788549184799194,1,2,5,0.03972777905863996,1,2,4,5,0.0398395592430282,1,"{""eta"":[{""iter"":1,""solved"":5,""failed"":0,""gap_p90"":0,""cache_hr"":0,""fixed"":2,""unan"":true,""key"":null}],""gamma_LT"":[{""iter"":1,""solved"":5,""failed"":0,""gap_p90"":0,""cache_hr"":100,""fixed"":1,""unan"":false,""key"":""('gamma_LT', ('SOV',""},{""iter"":2,""solved"":5,""failed"":0,""gap_p90"":0,""cache_hr"":80,""fixed"":3,""unan"":true,""key"":null}]}",0.0011105126824573228,True,2,OPTIMAL,solution_within_gap,False,,5:1,CTV|5:2;SOV|5:1,,SOV1|5|Apr:1;SOV1|5|Aug:1;SOV1|5|Dec:1;SOV1|5|Feb:1;SOV1|5|Jan:1;SOV1|5|Jul:1;SOV1|5|Jun:1;SOV1|5|Mar:1;SOV1|5|May:1;SOV1|5|Nov:1;SOV1|5|Oct:1;SOV1|5|Sep:1,23;136;345;389;420,8e1f6eec5f28b6aa,200,1-500,501-1500
3,7,26991614.926877473,9842275.0,17149339.926876176,258750.0,9056250.0,527275.0,16469712.479138473,266822.7880816228,412804.65965732484,,78.13598574791104,22.529421400278807,8.386122345924377,0.006159666925668716,39.33967208862305,1,2,7,0.03930581149185813,1,2,4,7,0.03930581149185813,1,"{""eta"":[{""iter"":1,""solved"":7,""failed"":0,""gap_p90"":0,""cache_hr"":0,""fixed"":2,""unan"":true,""key"":null}],""gamma_LT"":[{""iter"":1,""solved"":7,""failed"":0,""gap_p90"":0,""cache_hr"":100,""fixed"":1,""unan"":false,""key"":""('gamma_LT', ('CTV',""},{""iter"":2,""solved"":7,""failed"":0,""gap_p90"":0,""cache_hr"":86,""fixed"":3,""unan"":true,""key"":null}]}",0.017155491739971655,True,2,OPTIMAL,solution_within_gap,False,,5:1,CTV|5:2;SOV|5:1,CTV|5|Dec:1;CTV|5|Feb:1;CTV|5|Jan:1,SOV1|5|Apr:1;SOV1|5|Aug:1;SOV1|5|Dec:1;SOV1|5|Feb:1;SOV1|5|Jan:1;SOV1|5|Jul:1;SOV1|5|Jun:1;SOV1|5|Mar:1;SOV1|5|May:1;SOV1|5|Nov:1;SOV1|5|Oct:1;SOV1|5|Sep:1,285;308;402;410;433;438;475,8e1f6eec5f28b6aa,200,1-500,501-1500
3,10,28923384.92262296,10327000.0,18596384.922627497,517500.0,9056250.0,753250.0,17934539.972361527,254234.4773760516,407610.47288550995,,206.8192246844992,25.276726357638836,18.55889497511089,0.007978899404406548,152.96871519088745,1,2,10,0.03993999721585884,1,3,4,10,0.03993999721585884,1,"{""eta"":[{""iter"":1,""solved"":10,""failed"":0,""gap_p90"":0,""cache_hr"":0,""fixed"":2,""unan"":true,""key"":null}],""gamma_LT"":[{""iter"":1,""solved"":10,""failed"":0,""gap_p90"":0,""cache_hr"":100,""fixed"":1,""unan"":false,""key"":""('gamma_LT', ('SOV',""},{""iter"":2,""solved"":10,""failed"":0,""gap_p90"":0,""cache_hr"":90,""fixed"":1,""unan"":false,""key"":""('gamma_LT', ('CTV',""},{""iter"":3,""solved"":10,""failed"":0,""gap_p90"":0,""cache_hr"":70,""fixed"":2,""unan"":true,""key"":null}]}",0.005718539916814342,True,2,OPTIMAL,solution_within_gap,False,,5:1,CTV|5:2;SOV|5:1,CTV|5|Dec:4;CTV|5|Jan:2,SOV1|5|Apr:1;SOV1|5|Aug:1;SOV1|5|Dec:1;SOV1|5|Feb:1;SOV1|5|Jan:1;SOV1|5|Jul:1;SOV1|5|Jun:1;SOV1|5|Mar:1;SOV1|5|May:1;SOV1|5|Nov:1;SOV1|5|Oct:1;SOV1|5|Sep:1,26;48;79;85;233;280;349;353;354;412,8e1f6eec5f28b6aa,200,1-500,501-1500
3,15,27528411.032082558,9033825.0,18494586.03207659,431250.0,8150625.0,451950.0,17804395.5402661,218435.51083496757,471754.980981336,,1202.3264806121588,33.05968266259879,24.32854024786502,0.010622881352901459,1131.159675836563,1,2,15,0.03937753238571916,1,3,4,15,0.039998752318914414,1,"{""eta"":[{""iter"":1,""solved"":15,""failed"":0,""gap_p90"":0,""cache_hr"":0,""fixed"":2,""unan"":true,""key"":null}],""gamma_LT"":[{""iter"":1,""solved"":15,""failed"":0,""gap_p90"":0,""cache_hr"":100,""fixed"":1,""unan"":false,""key"":""('gamma_LT', ('CTV',""},{""iter"":2,""solved"":15,""failed"":0,""gap_p90"":0,""cache_hr"":13,""fixed"":1,""unan"":false,""key"":""('gamma_LT', ('SOV',""},{""iter"":3,""solved"":15,""failed"":0,""gap_p90"":0,""cache_hr"":60,""fixed"":2,""unan"":true,""key"":null}]}",8.606580397023927e-11,True,2,OPTIMAL,solution_within_gap,False,,5:1,CTV|5:1;SOV|5:1,CTV|5|Dec:1;CTV|5|Feb:1;CTV|5|Jan:1;CTV|5|Nov:1;CTV|5|Oct:1,SOV1|5|Apr:1;SOV1|5|Aug:1;SOV1|5|Dec:1;SOV1|5|Feb:1;SOV1|5|Jan:1;SOV1|5|Jul:1;SOV1|5|Jun:1;SOV1|5|Mar:1;SOV1|5|May:1;SOV1|5|Nov:1;SOV1|5|Oct:1;SOV1|5|Sep:1,4;10;88;148;163;219;224;305;313;339;356;382;397;429;462,8e1f6eec5f28b6aa,200,1-500,501-1500
3,20,29248450.05936294,9756025.0,19492425.05935645,172500.0,9056250.0,527275.0,18846059.126112927,243456.3660614296,402909.5671885335,,1149.2633575480431,43.248308008536696,33.6022797357291,0.008866370655596256,1052.6650550365448,1,2,20,0.03978145267612769,1,3,4,20,0.03999161036947614,1,"{""eta"":[{""iter"":1,""solved"":20,""failed"":0,""gap_p90"":0,""cache_hr"":0,""fixed"":2,""unan"":true,""key"":null}],""gamma_LT"":[{""iter"":1,""solved"":20,""failed"":0,""gap_p90"":0,""cache_hr"":100,""fixed"":1,""unan"":false,""key"":""('gamma_LT', ('SOV',""},{""iter"":2,""solved"":20,""failed"":0,""gap_p90"":0,""cache_hr"":65,""fixed"":1,""unan"":false,""key"":""('gamma_LT', ('CTV',""},{""iter"":3,""solved"":20,""failed"":0,""gap_p90"":0,""cache_hr"":65,""fixed"":2,""unan"":true,""key"":null}]}",8.415326467882028e-06,True,2,OPTIMAL,solution_within_gap,False,,5:1,CTV|5:2;SOV|5:1,CTV|5|Dec:1;CTV|5|Jan:1,SOV1|5|Apr:1;SOV1|5|Aug:1;SOV1|5|Dec:1;SOV1|5|Feb:1;SOV1|5|Jan:1;SOV1|5|Jul:1;SOV1|5|Jun:1;SOV1|5|Mar:1;SOV1|5|May:1;SOV1|5|Nov:1;SOV1|5|Oct:1;SOV1|5|Sep:1,54;61;69;120;121;129;133;171;183;187;211;300;331;337;428;435;440;448;463;477,8e1f6eec5f28b6aa,200,1-500,501-1500
4,1,38610998.4118967,11512075.0,27098923.411896836,2156250.0,8150625.0,1205200.0,26408289.73132157,215375.58517533768,475258.0953998047,,22.01412076037377,16.766514039598405,0.00033968687057495117,0.001008627936244011,2.03273606300354,1,2,1,0.038151474692021736,1,1,4,1,0.038151474692021736,1,"{""eta"":[{""iter"":1,""solved"":1,""failed"":0,""gap_p90"":0,""cache_hr"":0,""fixed"":2,""unan"":true,""key"":null}],""gamma_LT"":[{""iter"":1,""solved"":1,""failed"":0,""gap_p90"":0,""cache_hr"":100,""fixed"":4,""unan"":true,""key"":null}]}",0.018788594089140326,True,2,OPTIMAL,solution_within_gap,False,,5:1,CTV|5:1;SOV|5:1,CTV|5|Apr:1;CTV|5|Dec:1;CTV|5|Feb:2;CTV|5|Jan:2;CTV|5|Mar:1;CTV|5|May:1;CTV|5|Sep:1;SOV|5|Jan:1;SOV|5|Oct:1,SOV1|5|Apr:1;SOV1|5|Aug:1;SOV1|5|Dec:1;SOV1|5|Feb:1;SOV1|5|Jan:1;SOV1|5|Jul:1;SOV1|5|Jun:1;SOV1|5|Mar:1;SOV1|5|May:1;SOV1|5|Nov:1;SOV1|5|Oct:1;SOV1|5|Sep:1;SOV2|5|Jan:1;SOV2|5|Oct:1,220,8e1f6eec5f28b6aa,200,1-500,501-1500
4,3,28191500.738840826,9756025.0,18435475.738840815,172500.0,9056250.0,527275.0,17751045.219518952,266685.6620839635,417744.8572379132,,36.899576460942626,22.813619495369494,0.0003631776198744774,0.002079380676150322,9.262131929397583,1,2,3,0.038380525374936976,1,1,4,3,0.038380525374936976,1,"{""eta"":[{""iter"":1,""solved"":3,""failed"":0,""gap_p90"":0,""cache_hr"":0,""fixed"":2,""unan"":true,""key"":null}],""gamma_LT"":[{""iter"":1,""solved"":3,""failed"":0,""gap_p90"":0,""cache_hr"":100,""fixed"":4,""unan"":true,""key"":null}]}",0.008244342203509052,True,2,OPTIMAL,solution_within_gap,False,,5:1,CTV|5:2;SOV|5:1,CTV|5|Dec:1;CTV|5|Jan:1,SOV1|5|Apr:1;SOV1|5|Aug:1;SOV1|5|Dec:1;SOV1|5|Feb:1;SOV1|5|Jan:1;SOV1|5|Jul:1;SOV1|5|Jun:1;SOV1|5|Mar:1;SOV1|5|May:1;SOV1|5|Nov:1;SOV1|5|Oct:1;SOV1|5|Sep:1,240;354;483,8e1f6eec5f28b6aa,200,1-500,501-1500
4,5,27947930.16423127,9971075.0,17976855.164229978,7331250.0,1811250.0,828575.0,17267742.102278195,471021.6095891813,238091.45236389324,,97.26168117579073,29.00771893095225,16.296592762693763,0.001554102636873722,45.72317099571228,1,2,5,0.039526142349924166,1,3,4,5,0.039879456527899836,1,"{""eta"":[{""iter"":1,""solved"":5,""failed"":0,""gap_p90"":0,""cache_hr"":0,""fixed"":2,""unan"":true,""key"":null}],""gamma_LT"":[{""iter"":1,""solved"":5,""failed"":0,""gap_p90"":0,""cache_hr"":100,""fixed"":1,""unan"":false,""key"":""('gamma_LT', ('SOV',""},{""iter"":2,""solved"":5,""failed"":0,""gap_p90"":0,""cache_hr"":80,""fixed"":1,""unan"":false,""key"":""('gamma_LT', ('CTV',""},{""iter"":3,""solved"":5,""failed"":0,""gap_p90"":0,""cache_hr"":60,""fixed"":2,""unan"":true,""key"":null}]}",0.015146123628877135,True,2,OPTIMAL,solution_within_gap,False,,5:1,CTV|5:2,CTV|5|Apr:1;CTV|5|Aug:1;CTV|5|Jul:1;CTV|5|Jun:1;CTV|5|May:1;SOV|5|Dec:2;SOV|5|Feb:2;SOV|5|Jan:2;SOV|5|Mar:1;SOV|5|Nov:1;SOV|5|Oct:1;SOV|5|Sep:1,SOV1|5|Dec:1;SOV1|5|Feb:1;SOV1|5|Jan:1;SOV1|5|Mar:1;SOV1|5|Nov:1;SOV1|5|Oct:1;SOV1|5|Sep:1;SOV2|5|Dec:1;SOV2|5|Feb:1;SOV2|5|Jan:1,118;158;170;426;474,8e1f6eec5f28b6aa,200,1-500,501-1500
4,7,29404460.769285798,9572600.0,19831860.76928818,7158750.0,1811250.0,602600.0,19100079.816966116,428980.13337027497,302800.8189494901,,114.84635558538139,27.66845195647329,13.823232740163803,0.005922921001911163,65.3869788646698,1,2,7,0.03605096100218829,1,3,4,7,0.03999668174133841,1,"{""eta"":[{""iter"":1,""solved"":7,""failed"":0,""gap_p90"":0,""cache_hr"":0,""fixed"":2,""unan"":true,""key"":null}],""gamma_LT"":[{""iter"":1,""solved"":7,""failed"":0,""gap_p90"":0,""cache_hr"":100,""fixed"":1,""unan"":false,""key"":""('gamma_LT', ('CTV',""},{""iter"":2,""solved"":7,""failed"":0,""gap_p90"":0,""cache_hr"":86,""fixed"":1,""unan"":false,""key"":""('gamma_LT', ('SOV',""},{""iter"":3,""solved"":7,""failed"":0,""gap_p90"":0,""cache_hr"":43,""fixed"":2,""unan"":true,""key"":null}]}",0.018537805277544037,True,2,OPTIMAL,solution_within_gap,False,,5:1,CTV|5:2,CTV|5|Apr:1;CTV|5|Dec:2;CTV|5|Feb:2;CTV|5|Jan:2;CTV|5|Jul:1;CTV|5|Jun:1;CTV|5|Mar:1;CTV|5|May:1;SOV|5|Apr:1;SOV|5|Aug:1;SOV|5|Dec:1;SOV|5|Feb:1;SOV|5|Jan:1;SOV|5|Mar:1;SOV|5|Nov:1;SOV|5|Oct:1;SOV|5|Sep:1,SOV1|5|Apr:1;SOV1|5|Aug:1;SOV1|5|Dec:1;SOV1|5|Feb:1;SOV1|5|Jan:1;SOV1|5|Mar:1;SOV1|5|Nov:1;SOV1|5|Oct:1;SOV1|5|Sep:1,61;62;309;326;410;445;472,8e1f6eec5f28b6aa,200,1-500,501-1500
4,10,27602143.377455235,7599775.0,20002368.37745984,5261250.0,1811250.0,527275.0,19235411.399449814,506187.23123923846,260769.74676609298,,460.48416267707944,29.336418834514916,16.312445401214063,0.006839243695139885,404.7489049434662,1,2,10,0.039368015671356664,1,3,4,10,0.039886855224260914,1,"{""eta"":[{""iter"":1,""solved"":10,""failed"":0,""gap_p90"":0,""cache_hr"":0,""fixed"":2,""unan"":true,""key"":null}],""gamma_LT"":[{""iter"":1,""solved"":10,""failed"":0,""gap_p90"":0,""cache_hr"":100,""fixed"":1,""unan"":false,""key"":""('gamma_LT', ('CTV',""},{""iter"":2,""solved"":10,""failed"":0,""gap_p90"":0,""cache_hr"":60,""fixed"":1,""unan"":false,""key"":""('gamma_LT', ('SOV',""},{""iter"":3,""solved"":10,""failed"":0,""gap_p90"":0,""cache_hr"":40,""fixed"":2,""unan"":true,""key"":null}]}",0.00022507014779284126,True,2,OPTIMAL,solution_within_gap,False,,5:1,CTV|5:2,CTV|5|Apr:1;CTV|5|Aug:1;CTV|5|Jul:1;CTV|5|Jun:1;CTV|5|May:1;SOV|5|Dec:1;SOV|5|Feb:1;SOV|5|Jan:1;SOV|5|Mar:1;SOV|5|Nov:1;SOV|5|Oct:1;SOV|5|Sep:1,SOV1|5|Dec:1;SOV1|5|Feb:1;SOV1|5|Jan:1;SOV1|5|Mar:1;SOV1|5|Nov:1;SOV1|5|Oct:1;SOV1|5|Sep:1,23;111;170;201;238;346;413;434;454;470,8e1f6eec5f28b6aa,200,1-500,501-1500
4,15,28621365.52240466,11189500.0,17431865.52239914,1380000.0,9056250.0,753250.0,16821293.55985651,217620.42673433552,392951.5358136099,,362.0051887044683,31.064324531704187,23.767701561562717,0.012098263949155807,293.3160591125488,1,2,15,0.03993999721585884,1,3,4,15,0.03999783329268702,1,"{""eta"":[{""iter"":1,""solved"":15,""failed"":0,""gap_p90"":0,""cache_hr"":0,""fixed"":2,""unan"":true,""key"":null}],""gamma_LT"":[{""iter"":1,""solved"":15,""failed"":0,""gap_p90"":0,""cache_hr"":100,""fixed"":1,""unan"":false,""key"":""('gamma_LT', ('SOV',""},{""iter"":2,""solved"":15,""failed"":0,""gap_p90"":0,""cache_hr"":73,""fixed"":1,""unan"":false,""key"":""('gamma_LT', ('CTV',""},{""iter"":3,""solved"":15,""failed"":0,""gap_p90"":0,""cache_hr"":47,""fixed"":2,""unan"":true,""key"":null}]}",0.00982603166679835,True,2,OPTIMAL,solution_within_gap,False,,5:1,CTV|5:2;SOV|5:1,SOV|5|Dec:1;SOV|5|Nov:1,SOV1|5|Apr:1;SOV1|5|Aug:1;SOV1|5|Dec:1;SOV1|5|Feb:1;SOV1|5|Jan:1;SOV1|5|Jul:1;SOV1|5|Jun:1;SOV1|5|Mar:1;SOV1|5|May:1;SOV1|5|Nov:1;SOV1|5|Oct:1;SOV1|5|Sep:1;SOV2|5|Dec:1;SOV2|5|Nov:1,65;79;110;228;245;251;256;272;286;347;379;429;436;454;458,8e1f6eec5f28b6aa,200,1-500,501-1500
4,20,29644760.010163203,9884825.0,19759935.010156702,7245000.0,1811250.0,828575.0,19030415.82394606,443931.04697025806,285588.139246832,,1481.2686361018568,30.74069771170616,22.42181116528809,0.015361675061285496,1410.4236829280853,1,2,20,0.03990073261712836,1,3,4,20,0.0399982728625724,1,"{""eta"":[{""iter"":1,""solved"":20,""failed"":0,""gap_p90"":0,""cache_hr"":0,""fixed"":2,""unan"":true,""key"":null}],""gamma_LT"":[{""iter"":1,""solved"":20,""failed"":0,""gap_p90"":0,""cache_hr"":100,""fixed"":1,""unan"":false,""key"":""('gamma_LT', ('CTV',""},{""iter"":2,""solved"":20,""failed"":0,""gap_p90"":0,""cache_hr"":65,""fixed"":1,""unan"":false,""key"":""('gamma_LT', ('SOV',""},{""iter"":3,""solved"":20,""failed"":0,""gap_p90"":0,""cache_hr"":50,""fixed"":2,""unan"":true,""key"":null}]}",0.004001301194042095,True,2,OPTIMAL,solution_within_gap,False,,5:1,CTV|5:2,CTV|5|Apr:1;CTV|5|Jul:1;CTV|5|Jun:1;CTV|5|May:1;SOV|5|Aug:1;SOV|5|Dec:2;SOV|5|Feb:1;SOV|5|Jan:2;SOV|5|Mar:1;SOV|5|Nov:1;SOV|5|Oct:1;SOV|5|Sep:1,SOV1|5|Aug:1;SOV1|5|Dec:1;SOV1|5|Feb:1;SOV1|5|Jan:1;SOV1|5|Mar:1;SOV1|5|Nov:1;SOV1|5|Oct:1;SOV1|5|Sep:1;SOV2|5|Dec:1;SOV2|5|Jan:1,8;46;50;70;81;100;133;152;180;198;202;241;257;259;299;302;375;448;461;469,8e1f6eec5f28b6aa,200,1-500,501-1500
5,1,23175420.348701417,9389175.0,13786245.348701429,6900000.0,1811250.0,677925.0,13077512.65893882,406156.71102372336,302575.9787388641,,28.626572652719915,23.939078832045197,0.00018046610057353973,0.0009998716413974762,1.4472389221191406,1,2,1,0.03999712404422551,1,1,4,1,0.03999712404422551,1,"{""eta"":[{""iter"":1,""solved"":1,""failed"":0,""gap_p90"":0,""cache_hr"":0,""fixed"":2,""unan"":true,""key"":null}],""gamma_LT"":[{""iter"":1,""solved"":1,""failed"":0,""gap_p90"":0,""cache_hr"":100,""fixed"":4,""unan"":true,""key"":null}]}",0.003929759354137894,True,2,OPTIMAL,solution_within_gap,False,,5:1,CTV|5:2,CTV|5|Jul:1;CTV|5|Jun:1;CTV|5|May:1;CTV|5|Nov:2;CTV|5|Oct:2;CTV|5|Sep:1;SOV|5|Apr:1;SOV|5|Aug:1;SOV|5|Dec:1;SOV|5|Feb:1;SOV|5|Jan:1;SOV|5|Mar:1;SOV|5|Nov:1;SOV|5|Oct:1;SOV|5|Sep:1,SOV1|5|Apr:1;SOV1|5|Aug:1;SOV1|5|Dec:1;SOV1|5|Feb:1;SOV1|5|Jan:1;SOV1|5|Mar:1;SOV1|5|Nov:1;SOV1|5|Oct:1;SOV1|5|Sep:1,134,8e1f6eec5f28b6aa,200,1-500,501-1500
5,3,25702770.064520307,9508200.0,16194570.064520262,0.0,9056250.0,451950.0,15525158.538627999,250413.63484509403,418997.8910472032,,43.87144176103175,23.516180098988116,5.686209145002067,0.0009131254628300667,9.957388162612915,1,2,3,0.03711858774973168,1,2,4,3,0.039993022666507116,1,"{""eta"":[{""iter"":1,""solved"":3,""failed"":0,""gap_p90"":0,""cache_hr"":0,""fixed"":2,""unan"":true,""key"":null}],""gamma_LT"":[{""iter"":1,""solved"":3,""failed"":0,""gap_p90"":0,""cache_hr"":100,""fixed"":1,""unan"":false,""key"":""('gamma_LT', ('SOV',""},{""iter"":2,""solved"":3,""failed"":0,""gap_p90"":0,""cache_hr"":67,""fixed"":3,""unan"":true,""key"":null}]}",0.015100241878352466,True,2,OPTIMAL,solution_within_gap,False,,5:1,CTV|5:2;SOV|5:1,,SOV1|5|Apr:1;SOV1|5|Aug:1;SOV1|5|Dec:1;SOV1|5|Feb:1;SOV1|5|Jan:1;SOV1|5|Jul:1;SOV1|5|Jun:1;SOV1|5|Mar:1;SOV1|5|May:1;SOV1|5|Nov:1;SOV1|5|Oct:1;SOV1|5|Sep:1,12;35;159,8e1f6eec5f28b6aa,200,1-500,501-1500
5,5,29429846.712451212,7761350.0,21668496.712449715,5347500.0,1811250.0,602600.0,20869309.682879657,525474.2260211861,273712.80355029495,,76.36805659905076,25.103304233402014,22.07742847688496,0.004498861730098724,22.850020170211792,1,2,5,0.03845491303377197,1,3,4,5,0.039998089660782436,1,"{""eta"":[{""iter"":1,""solved"":5,""failed"":0,""gap_p90"":0,""cache_hr"":0,""fixed"":2,""unan"":true,""key"":null}],""gamma_LT"":[{""iter"":1,""solved"":5,""failed"":0,""gap_p90"":0,""cache_hr"":100,""fixed"":1,""unan"":false,""key"":""('gamma_LT', ('SOV',""},{""iter"":2,""solved"":5,""failed"":0,""gap_p90"":0,""cache_hr"":60,""fixed"":1,""unan"":false,""key"":""('gamma_LT', ('CTV',""},{""iter"":3,""solved"":5,""failed"":0,""gap_p90"":0,""cache_hr"":60,""fixed"":2,""unan"":true,""key"":null}]}",0.01817654431403978,True,2,OPTIMAL,solution_within_gap,False,,5:1,CTV|5:2,CTV|5|Apr:1;CTV|5|Aug:1;CTV|5|Jan:1;CTV|5|Jul:1;CTV|5|Jun:1;CTV|5|May:1;SOV|5|Dec:1;SOV|5|Feb:1;SOV|5|Jan:1;SOV|5|Mar:1;SOV|5|Nov:1;SOV|5|Oct:1;SOV|5|Sep:1,SOV1|5|Dec:1;SOV1|5|Feb:1;SOV1|5|Jan:1;SOV1|5|Mar:1;SOV1|5|Nov:1;SOV1|5|Oct:1;SOV1|5|Sep:1,272;299;341;357;450,8e1f6eec5f28b6aa,200,1-500,501-1500
5,7,27724659.680657543,9831350.0,17893309.680659316,172500.0,9056250.0,602600.0,17251228.049655803,234649.20710000308,407432.4239017293,,94.30758136603981,30.16276072524488,15.03046285547316,0.006263165734708309,41.436944007873535,1,2,7,0.03938933904967296,1,3,4,7,0.03999465792521346,1,"{""eta"":[{""iter"":1,""solved"":7,""failed"":0,""gap_p90"":0,""cache_hr"":0,""fixed"":2,""unan"":true,""key"":null}],""gamma_LT"":[{""iter"":1,""solved"":7,""failed"":0,""gap_p90"":0,""cache_hr"":100,""fixed"":1,""unan"":false,""key"":""('gamma_LT', ('CTV',""},{""iter"":2,""solved"":7,""failed"":0,""gap_p90"":0,""cache_hr"":43,""fixed"":1,""unan"":false,""key"":""('gamma_LT', ('SOV',""},{""iter"":3,""solved"":7,""failed"":0,""gap_p90"":0,""cache_hr"":86,""fixed"":2,""unan"":true,""key"":null}]}",0.014572377899196656,True,2,OPTIMAL,solution_within_gap,False,,5:1,CTV|5:2;SOV|5:1,CTV|5|Mar:1;CTV|5|Nov:1,SOV1|5|Apr:1;SOV1|5|Aug:1;SOV1|5|Dec:1;SOV1|5|Feb:1;SOV1|5|Jan:1;SOV1|5|Jul:1;SOV1|5|Jun:1;SOV1|5|Mar:1;SOV1|5|May:1;SOV1|5|Nov:1;SOV1|5|Oct:1;SOV1|5|Sep:1,56;106;113;115;238;390;488,8e1f6eec5f28b6aa,200,1-500,501-1500
5,10,28888132.240019828,11081400.0,17806732.240024194,1121250.0,9056250.0,903900.0,17184330.80094176,244016.97286815086,378384.4662100581,,200.1123895449564,27.842784584499896,18.158764529041946,0.00880359672009945,144.2322928905487,1,2,10,0.039841511499042796,1,3,4,10,0.03986817493789354,1,"{""eta"":[{""iter"":1,""solved"":10,""failed"":0,""gap_p90"":0,""cache_hr"":0,""fixed"":2,""unan"":true,""key"":null}],""gamma_LT"":[{""iter"":1,""solved"":10,""failed"":0,""gap_p90"":0,""cache_hr"":100,""fixed"":1,""unan"":false,""key"":""('gamma_LT', ('SOV',""},{""iter"":2,""solved"":10,""failed"":0,""gap_p90"":0,""cache_hr"":80,""fixed"":1,""unan"":false,""key"":""('gamma_LT', ('CTV',""},{""iter"":3,""solved"":10,""failed"":0,""gap_p90"":0,""cache_hr"":70,""fixed"":2,""unan"":true,""key"":null}]}",0.019076102688694013,True,2,OPTIMAL,solution_within_gap,False,,5:1,CTV|5:2;SOV|5:1,CTV|5|Dec:1;CTV|5|Feb:1;CTV|5|Jan:1;CTV|5|Mar:1;CTV|5|Sep:1;SOV|5|Dec:1,SOV1|5|Apr:1;SOV1|5|Aug:1;SOV1|5|Dec:1;SOV1|5|Feb:1;SOV1|5|Jan:1;SOV1|5|Jul:1;SOV1|5|Jun:1;SOV1|5|Mar:1;SOV1|5|May:1;SOV1|5|Nov:1;SOV1|5|Oct:1;SOV1|5|Sep:1;SOV2|5|Dec:1,1;7;83;178;188;199;263;328;387;443,8e1f6eec5f28b6aa,200,1-500,501-1500
5,15,28473872.188443236,7847600.0,20626272.188435964,5433750.0,1811250.0,602600.0,19854320.283919603,509373.25356208725,262578.6509615065,,1165.2642382299528,124.23302711732686,25.12908577825874,0.012803350575268269,1002.2049341201782,2,2,15,0.039554960512052324,1,3,4,15,0.03999506930213903,1,"{""eta"":[{""iter"":1,""solved"":15,""failed"":0,""gap_p90"":0,""cache_hr"":0,""fixed"":1,""unan"":false,""key"":""('eta', '5')""},{""iter"":2,""solved"":15,""failed"":0,""gap_p90"":0,""cache_hr"":93,""fixed"":1,""unan"":true,""key"":null}],""gamma_LT"":[{""iter"":1,""solved"":15,""failed"":0,""gap_p90"":0,""cache_hr"":100,""fixed"":1,""unan"":false,""key"":""('gamma_LT', ('CTV',""},{""iter"":2,""solved"":15,""failed"":0,""gap_p90"":0,""cache_hr"":80,""fixed"":1,""unan"":false,""key"":""('gamma_LT', ('SOV',""},{""iter"":3,""solved"":15,""failed"":0,""gap_p90"":0,""cache_hr"":40,""fixed"":2,""unan"":true,""key"":null}]}",0.0011478948007100415,True,2,OPTIMAL,solution_within_gap,False,,5:1,CTV|5:2,CTV|5|Apr:1;CTV|5|Aug:1;CTV|5|Dec:1;CTV|5|Jan:1;CTV|5|Jul:1;CTV|5|Jun:1;CTV|5|May:1;SOV|5|Dec:1;SOV|5|Feb:1;SOV|5|Jan:1;SOV|5|Mar:1;SOV|5|Nov:1;SOV|5|Oct:1;SOV|5|Sep:1,SOV1|5|Dec:1;SOV1|5|Feb:1;SOV1|5|Jan:1;SOV1|5|Mar:1;SOV1|5|Nov:1;SOV1|5|Oct:1;SOV1|5|Sep:1,21;24;38;62;145;163;246;267;272;332;375;400;456;458;491,8e1f6eec5f28b6aa,200,1-500,501-1500
5,20,29475568.745601002,10499500.0,18976068.74559474,690000.0,9056250.0,753250.0,18341678.786114186,232030.3956361639,402359.5638506151,,672.849014586769,31.53767277020961,23.376435433514416,0.011263692751526833,600.6707589626312,1,2,20,0.03968426123702558,1,3,4,20,0.039972421510532236,1,"{""eta"":[{""iter"":1,""solved"":20,""failed"":0,""gap_p90"":0,""cache_hr"":0,""fixed"":2,""unan"":true,""key"":null}],""gamma_LT"":[{""iter"":1,""solved"":20,""failed"":0,""gap_p90"":0,""cache_hr"":100,""fixed"":1,""unan"":false,""key"":""('gamma_LT', ('CTV',""},{""iter"":2,""solved"":20,""failed"":0,""gap_p90"":0,""cache_hr"":75,""fixed"":1,""unan"":false,""key"":""('gamma_LT', ('SOV',""},{""iter"":3,""solved"":20,""failed"":0,""gap_p90"":0,""cache_hr"":70,""fixed"":2,""unan"":true,""key"":null}]}",0.01833727685692807,True,2,OPTIMAL,solution_within_gap,False,,5:1,CTV|5:2;SOV|5:1,SOV|5|Dec:1,SOV1|5|Apr:1;SOV1|5|Aug:1;SOV1|5|Dec:1;SOV1|5|Feb:1;SOV1|5|Jan:1;SOV1|5|Jul:1;SOV1|5|Jun:1;SOV1|5|Mar:1;SOV1|5|May:1;SOV1|5|Nov:1;SOV1|5|Oct:1;SOV1|5|Sep:1;SOV2|5|Dec:1,7;14;20;96;122;126;191;199;211;221;229;258;266;276;307;313;316;353;379;443,8e1f6eec5f28b6aa,200,1-500,501-1500
6,1,37493117.31180297,10843925.0,26649192.311803058,1638750.0,8150625.0,1054550.0,26023673.178698536,188513.2619941296,437005.87111030426,,25.21374013647437,19.57021588087082,0.00027345772832632065,0.0006672032177448273,1.9634459018707275,1,2,1,0.036399450982197955,1,1,4,1,0.036399450982197955,1,"{""eta"":[{""iter"":1,""solved"":1,""failed"":0,""gap_p90"":0,""cache_hr"":0,""fixed"":2,""unan"":true,""key"":null}],""gamma_LT"":[{""iter"":1,""solved"":1,""failed"":0,""gap_p90"":0,""cache_hr"":100,""fixed"":4,""unan"":true,""key"":null}]}",0.01259635177789794,True,2,OPTIMAL,solution_within_gap,False,,5:1,CTV|5:1;SOV|5:1,CTV|5|Apr:1;CTV|5|Aug:1;CTV|5|Dec:4;CTV|5|Feb:1;CTV|5|Jul:1;CTV|5|Jun:1;CTV|5|Mar:1;CTV|5|May:1;SOV|5|Jan:1,SOV1|5|Apr:1;SOV1|5|Aug:1;SOV1|5|Dec:1;SOV1|5|Feb:1;SOV1|5|Jan:1;SOV1|5|Jul:1;SOV1|5|Jun:1;SOV1|5|Mar:1;SOV1|5|May:1;SOV1|5|Nov:1;SOV1|5|Oct:1;SOV1|5|Sep:1;SOV2|5|Jan:1,478,8e1f6eec5f28b6aa,200,1-500,501-1500
6,3,30009096.897803877,8850400.0,21158696.89780393,172500.0,8150625.0,527275.0,20435424.960483238,216516.89368787987,506755.043632783,,65.1247096573934,27.99102918896824,8.792829571291804,0.0025143520906567574,23.707047939300537,1,2,3,0.03974213375786183,1,2,4,3,0.039991921809878726,1,"{""eta"":[{""iter"":1,""solved"":3,""failed"":0,""gap_p90"":0,""cache_hr"":0,""fixed"":2,""unan"":true,""key"":null}],""gamma_LT"":[{""iter"":1,""solved"":3,""failed"":0,""gap_p90"":0,""cache_hr"":100,""fixed"":1,""unan"":false,""key"":""('gamma_LT', ('CTV',""},{""iter"":2,""solved"":3,""failed"":0,""gap_p90"":0,""cache_hr"":33,""fixed"":3,""unan"":true,""key"":null}]}",0.01010190883972154,True,2,OPTIMAL,solution_within_gap,False,,5:1,CTV|5:1;SOV|5:1,CTV|5|Feb:1;CTV|5|Oct:1,SOV1|5|Apr:1;SOV1|5|Aug:1;SOV1|5|Dec:1;SOV1|5|Feb:1;SOV1|5|Jan:1;SOV1|5|Jul:1;SOV1|5|Jun:1;SOV1|5|Mar:1;SOV1|5|May:1;SOV1|5|Nov:1;SOV1|5|Oct:1;SOV1|5|Sep:1,63;245;308,8e1f6eec5f28b6aa,200,1-500,501-1500
6,5,25729743.38687595,9669775.0,16059968.386875294,86250.0,9056250.0,527275.0,15364950.763757868,247917.62803400707,447099.99508405477,,66.55949853546917,23.281170123256743,8.321871575899422,0.004479711875319481,28.581559896469116,1,2,5,0.03991920615894334,1,2,4,5,0.039993321116490864,1,"{""eta"":[{""iter"":1,""solved"":5,""failed"":0,""gap_p90"":0,""cache_hr"":0,""fixed"":2,""unan"":true,""key"":null}],""gamma_LT"":[{""iter"":1,""solved"":5,""failed"":0,""gap_p90"":0,""cache_hr"":100,""fixed"":1,""unan"":false,""key"":""('gamma_LT', ('SOV',""},{""iter"":2,""solved"":5,""failed"":0,""gap_p90"":0,""cache_hr"":60,""fixed"":3,""unan"":true,""key"":null}]}",0.0013371366784350797,True,2,OPTIMAL,solution_within_gap,False,,5:1,CTV|5:2;SOV|5:1,CTV|5|Jan:1,SOV1|5|Apr:1;SOV1|5|Aug:1;SOV1|5|Dec:1;SOV1|5|Feb:1;SOV1|5|Jan:1;SOV1|5|Jul:1;SOV1|5|Jun:1;SOV1|5|Mar:1;SOV1|5|May:1;SOV1|5|Nov:1;SOV1|5|Oct:1;SOV1|5|Sep:1,18;25;48;131;484,8e1f6eec5f28b6aa,200,1-500,501-1500
6,7,29113000.048990004,8612925.0,20500075.048992544,6123750.0,1811250.0,677925.0,19734891.467071176,470097.85940423625,295085.7225146706,,98.86449613142759,24.46007402613759,13.396358325146139,0.006343343295156956,53.35252404212952,1,2,7,0.039918091656105485,1,3,4,7,0.039918091656105485,1,"{""eta"":[{""iter"":1,""solved"":7,""failed"":0,""gap_p90"":0,""cache_hr"":0,""fixed"":2,""unan"":true,""key"":null}],""gamma_LT"":[{""iter"":1,""solved"":7,""failed"":0,""gap_p90"":0,""cache_hr"":100,""fixed"":1,""unan"":false,""key"":""('gamma_LT', ('CTV',""},{""iter"":2,""solved"":7,""failed"":0,""gap_p90"":0,""cache_hr"":71,""fixed"":1,""unan"":false,""key"":""('gamma_LT', ('SOV',""},{""iter"":3,""solved"":7,""failed"":0,""gap_p90"":0,""cache_hr"":57,""fixed"":2,""unan"":true,""key"":null}]}",0.015462582470425536,True,2,OPTIMAL,solution_within_gap,False,,5:1,CTV|5:2,CTV|5|Aug:1;CTV|5|Dec:1;CTV|5|Jan:2;CTV|5|Jul:1;CTV|5|Jun:1;CTV|5|May:1;SOV|5|Apr:1;SOV|5|Dec:1;SOV|5|Feb:1;SOV|5|Jan:1;SOV|5|Mar:1;SOV|5|Nov:1;SOV|5|Oct:1;SOV|5|Sep:1,SOV1|5|Apr:1;SOV1|5|Dec:1;SOV1|5|Feb:1;SOV1|5|Jan:1;SOV1|5|Mar:1;SOV1|5|Nov:1;SOV1|5|Oct:1;SOV1|5|Sep:1,27;42;180;259;298;335;475,8e1f6eec5f28b6aa,200,1-500,501-1500
6,10,29019543.722456194,9508200.0,19511343.722460732,0.0,9056250.0,451950.0,18867968.701896213,244695.7899129035,398679.2306472465,,192.94973935373127,25.841404215432703,9.601915820501745,0.008782667107880116,147.43876099586487,1,2,10,0.038890544651894385,1,2,4,10,0.039991330149184746,1,"{""eta"":[{""iter"":1,""solved"":10,""failed"":0,""gap_p90"":0,""cache_hr"":0,""fixed"":2,""unan"":true,""key"":null}],""gamma_LT"":[{""iter"":1,""solved"":10,""failed"":0,""gap_p90"":0,""cache_hr"":100,""fixed"":1,""unan"":false,""key"":""('gamma_LT', ('SOV',""},{""iter"":2,""solved"":10,""failed"":0,""gap_p90"":0,""cache_hr"":70,""fixed"":3,""unan"":true,""key"":null}]}",0.011468942930966595,True,2,OPTIMAL,solution_within_gap,False,,5:1,CTV|5:2;SOV|5:1,,SOV1|5|Apr:1;SOV1|5|Aug:1;SOV1|5|Dec:1;SOV1|5|Feb:1;SOV1|5|Jan:1;SOV1|5|Jul:1;SOV1|5|Jun:1;SOV1|5|Mar:1;SOV1|5|May:1;SOV1|5|Nov:1;SOV1|5|Oct:1;SOV1|5|Sep:1,76;88;109;127;163;189;294;400;445;471,8e1f6eec5f28b6aa,200,1-500,501-1500
6,15,30935452.441471055,10822650.0,20112802.441464476,8107500.0,1811250.0,903900.0,19395669.524557553,377454.3761642345,339678.5407493189,,450.2189660221338,28.769510499201715,21.082746868021786,0.012920782901346684,386.7028901576996,1,2,15,0.03999161036947614,1,3,4,15,0.03999852762295508,1,"{""eta"":[{""iter"":1,""solved"":15,""failed"":0,""gap_p90"":0,""cache_hr"":0,""fixed"":2,""unan"":true,""key"":null}],""gamma_LT"":[{""iter"":1,""solved"":15,""failed"":0,""gap_p90"":0,""cache_hr"":100,""fixed"":1,""unan"":false,""key"":""('gamma_LT', ('CTV',""},{""iter"":2,""solved"":15,""failed"":0,""gap_p90"":0,""cache_hr"":60,""fixed"":1,""unan"":false,""key"":""('gamma_LT', ('SOV',""},{""iter"":3,""solved"":15,""failed"":0,""gap_p90"":0,""cache_hr"":40,""fixed"":2,""unan"":true,""key"":null}]}",0.019343348146215744,True,2,OPTIMAL,solution_within_gap,False,,5:1,CTV|5:2,CTV|5|Apr:1;CTV|5|Dec:5;CTV|5|Jan:5;CTV|5|Jul:1;CTV|5|Jun:1;CTV|5|May:1;SOV|5|Apr:1;SOV|5|Aug:1;SOV|5|Dec:1;SOV|5|Feb:1;SOV|5|Jan:1;SOV|5|Mar:1;SOV|5|May:1;SOV|5|Nov:1;SOV|5|Oct:1;SOV|5|Sep:1,SOV1|5|Apr:1;SOV1|5|Aug:1;SOV1|5|Dec:1;SOV1|5|Feb:1;SOV1|5|Jan:1;SOV1|5|Mar:1;SOV1|5|May:1;SOV1|5|Nov:1;SOV1|5|Oct:1;SOV1|5|Sep:1,41;54;70;89;95;106;113;187;278;319;349;363;381;383;493,8e1f6eec5f28b6aa,200,1-500,501-1500
6,20,29553976.552929986,9798575.0,19755401.55292357,7158750.0,1811250.0,828575.0,19044445.88163088,393181.7485384714,317773.92276070645,,996.5305522782728,117.46156489942223,20.33864030521363,0.016722897067666054,841.0358090400696,1,2,20,0.03928264672158681,1,3,4,20,0.03997464360530944,1,"{""eta"":[{""iter"":1,""solved"":20,""failed"":0,""gap_p90"":0,""cache_hr"":0,""fixed"":2,""unan"":true,""key"":null}],""gamma_LT"":[{""iter"":1,""solved"":20,""failed"":0,""gap_p90"":0,""cache_hr"":100,""fixed"":1,""unan"":false,""key"":""('gamma_LT', ('CTV',""},{""iter"":2,""solved"":20,""failed"":0,""gap_p90"":0,""cache_hr"":70,""fixed"":1,""unan"":false,""key"":""('gamma_LT', ('SOV',""},{""iter"":3,""solved"":20,""failed"":0,""gap_p90"":0,""cache_hr"":65,""fixed"":2,""unan"":true,""key"":null}]}",0.019537968438454425,True,2,OPTIMAL,solution_within_gap,False,,5:1,CTV|5:2,CTV|5|Jul:1;CTV|5|Jun:1;CTV|5|May:1;SOV|5|Apr:1;SOV|5|Aug:1;SOV|5|Dec:1;SOV|5|Feb:1;SOV|5|Jan:2;SOV|5|Mar:1;SOV|5|Nov:1;SOV|5|Oct:1;SOV|5|Sep:1,SOV1|5|Apr:1;SOV1|5|Aug:1;SOV1|5|Dec:1;SOV1|5|Feb:1;SOV1|5|Jan:1;SOV1|5|Mar:1;SOV1|5|Nov:1;SOV1|5|Oct:1;SOV1|5|Sep:1;SOV2|5|Jan:1,3;44;68;130;131;168;172;224;246;261;271;306;316;326;346;361;404;469;494;497,8e1f6eec5f28b6aa,200,1-500,501-1500
7,1,26397230.395891644,7933850.0,18463380.395891834,5520000.0,1811250.0,602600.0,17736742.483162556,487392.5682389728,239245.34449011387,,27.347956460900605,23.227083404548466,0.00030301790684461594,0.0009095994755625725,0.8851449489593506,1,2,1,0.038146111702200086,1,1,4,1,0.038146111702200086,1,"{""eta"":[{""iter"":1,""solved"":1,""failed"":0,""gap_p90"":0,""cache_hr"":0,""fixed"":2,""unan"":true,""key"":null}],""gamma_LT"":[{""iter"":1,""solved"":1,""failed"":0,""gap_p90"":0,""cache_hr"":100,""fixed"":4,""unan"":true,""key"":null}]}",0.011461432012329787,True,2,OPTIMAL,solution_within_gap,False,,5:1,CTV|5:2,CTV|5|Aug:1;CTV|5|Dec:1;CTV|5|Feb:1;CTV|5|Jan:1;CTV|5|Jul:1;CTV|5|Jun:1;CTV|5|Oct:1;CTV|5|Sep:1;SOV|5|Apr:1;SOV|5|Dec:1;SOV|5|Feb:1;SOV|5|Jan:1;SOV|5|Mar:1;SOV|5|May:1;SOV|5|Nov:1,SOV1|5|Apr:1;SOV1|5|Dec:1;SOV1|5|Feb:1;SOV1|5|Jan:1;SOV1|5|Mar:1;SOV1|5|May:1;SOV1|5|Nov:1,229,8e1f6eec5f28b6aa,200,1-500,501-1500
7,3,28449570.454718217,11189500.0,17260070.454718176,1380000.0,9056250.0,753250.0,16640731.291957058,240850.35231551595,378488.81044562237,,52.60510417725891,26.483863772824407,11.250086310319602,0.0017487676814198494,10.14094090461731,1,2,3,0.03644621917775629,1,2,4,3,0.03991431862920842,1,"{""eta"":[{""iter"":1,""solved"":3,""failed"":0,""gap_p90"":0,""cache_hr"":0,""fixed"":2,""unan"":true,""key"":null}],""gamma_LT"":[{""iter"":1,""solved"":3,""failed"":0,""gap_p90"":0,""cache_hr"":100,""fixed"":1,""unan"":false,""key"":""('gamma_LT', ('SOV',""},{""iter"":2,""solved"":3,""failed"":0,""gap_p90"":0,""cache_hr"":67,""fixed"":3,""unan"":true,""key"":null}]}",0.0034993534227343885,True,2,OPTIMAL,solution_within_gap,False,,5:1,CTV|5:2;SOV|5:1,SOV|5|Dec:1;SOV|5|Jan:1,SOV1|5|Apr:1;SOV1|5|Aug:1;SOV1|5|Dec:1;SOV1|5|Feb:1;SOV1|5|Jan:1;SOV1|5|Jul:1;SOV1|5|Jun:1;SOV1|5|Mar:1;SOV1|5|May:1;SOV1|5|Nov:1;SOV1|5|Oct:1;SOV1|5|Sep:1;SOV2|5|Dec:1;SOV2|5|Jan:1,31;189;282,8e1f6eec5f28b6aa,200,1-500,501-1500
7,5,31921715.707022183,11609825.0,20311890.707020953,1725000.0,9056250.0,828575.0,19682005.704428263,242246.80478867385,387638.19780517597,,59.16768340487033,25.877178176306188,5.876498407684267,0.004106770269572735,21.10625982284546,1,2,5,0.03957953617014011,1,2,4,5,0.039998821700294,1,"{""eta"":[{""iter"":1,""solved"":5,""failed"":0,""gap_p90"":0,""cache_hr"":0,""fixed"":2,""unan"":true,""key"":null}],""gamma_LT"":[{""iter"":1,""solved"":5,""failed"":0,""gap_p90"":0,""cache_hr"":100,""fixed"":1,""unan"":false,""key"":""('gamma_LT', ('CTV',""},{""iter"":2,""solved"":5,""failed"":0,""gap_p90"":0,""cache_hr"":80,""fixed"":3,""unan"":true,""key"":null}]}",0.013461887364964774,True,2,OPTIMAL,solution_within_gap,False,,5:1,CTV|5:2;SOV|5:1,CTV|5|Dec:1;CTV|5|Feb:1;CTV|5|Jan:1;CTV|5|Nov:1;SOV|5|Dec:1;SOV|5|Jan:1,SOV1|5|Apr:1;SOV1|5|Aug:1;SOV1|5|Dec:1;SOV1|5|Feb:1;SOV1|5|Jan:1;SOV1|5|Jul:1;SOV1|5|Jun:1;SOV1|5|Mar:1;SOV1|5|May:1;SOV1|5|Nov:1;SOV1|5|Oct:1;SOV1|5|Sep:1;SOV2|5|Dec:1;SOV2|5|Jan:1,62;198;345;349;451,8e1f6eec5f28b6aa,200,1-500,501-1500
7,7,30061356.360938758,10003850.0,20057506.360940475,345000.0,9056250.0,602600.0,19391359.87733924,259838.39691543393,406308.0866840115,,97.35216614976525,26.576732483692467,18.630788643844426,0.005849764682352543,44.39715886116028,1,2,7,0.03974415830727509,1,3,4,7,0.039992380169830366,1,"{""eta"":[{""iter"":1,""solved"":7,""failed"":0,""gap_p90"":0,""cache_hr"":0,""fixed"":2,""unan"":true,""key"":null}],""gamma_LT"":[{""iter"":1,""solved"":7,""failed"":0,""gap_p90"":0,""cache_hr"":100,""fixed"":1,""unan"":false,""key"":""('gamma_LT', ('SOV',""},{""iter"":2,""solved"":7,""failed"":0,""gap_p90"":0,""cache_hr"":43,""fixed"":1,""unan"":false,""key"":""('gamma_LT', ('CTV',""},{""iter"":3,""solved"":7,""failed"":0,""gap_p90"":0,""cache_hr"":71,""fixed"":2,""unan"":true,""key"":null}]}",0.011381811479676875,True,2,OPTIMAL,solution_within_gap,False,,5:1,CTV|5:2;SOV|5:1,CTV|5|Dec:2;CTV|5|Jan:2,SOV1|5|Apr:1;SOV1|5|Aug:1;SOV1|5|Dec:1;SOV1|5|Feb:1;SOV1|5|Jan:1;SOV1|5|Jul:1;SOV1|5|Jun:1;SOV1|5|Mar:1;SOV1|5|May:1;SOV1|5|Nov:1;SOV1|5|Oct:1;SOV1|5|Sep:1,4;32;93;338;367;378;408,8e1f6eec5f28b6aa,200,1-500,501-1500
7,10,29128779.07431423,8710100.0,20418679.07431888,6296250.0,1811250.0,602600.0,19667501.03979226,460368.4142339338,290809.62028794247,,291.20611971151084,36.679492300376296,18.360100109130144,0.008763344027101994,226.37151908874512,2,2,10,0.03987183478821024,1,3,4,10,0.039973145115927415,1,"{""eta"":[{""iter"":1,""solved"":10,""failed"":0,""gap_p90"":0,""cache_hr"":0,""fixed"":1,""unan"":false,""key"":""('eta', '5')""},{""iter"":2,""solved"":10,""failed"":0,""gap_p90"":0,""cache_hr"":90,""fixed"":1,""unan"":true,""key"":null}],""gamma_LT"":[{""iter"":1,""solved"":10,""failed"":0,""gap_p90"":0,""cache_hr"":100,""fixed"":1,""unan"":false,""key"":""('gamma_LT', ('CTV',""},{""iter"":2,""solved"":10,""failed"":0,""gap_p90"":0,""cache_hr"":90,""fixed"":1,""unan"":false,""key"":""('gamma_LT', ('SOV',""},{""iter"":3,""solved"":10,""failed"":0,""gap_p90"":0,""cache_hr"":60,""fixed"":2,""unan"":true,""key"":null}]}",0.012223546565423099,True,2,OPTIMAL,solution_within_gap,False,,5:1,CTV|5:2,CTV|5|Aug:1;CTV|5|Dec:2;CTV|5|Jul:1;CTV|5|Jun:1;CTV|5|May:1;CTV|5|Nov:1;CTV|5|Oct:1;CTV|5|Sep:1;SOV|5|Apr:1;SOV|5|Dec:1;SOV|5|Feb:1;SOV|5|Jan:1;SOV|5|Mar:1;SOV|5|Nov:1;SOV|5|Oct:1;SOV|5|Sep:1,SOV1|5|Apr:1;SOV1|5|Dec:1;SOV1|5|Feb:1;SOV1|5|Jan:1;SOV1|5|Mar:1;SOV1|5|Nov:1;SOV1|5|Oct:1;SOV1|5|Sep:1,11;29;33;47;92;134;332;352;460;467,8e1f6eec5f28b6aa,200,1-500,501-1500
7,15,29395953.09961278,8785425.0,20610528.099605914,6296250.0,1811250.0,677925.0,19854742.19880224,467954.158912036,287831.74189853837,,927.5090692415833,37.43555652257055,25.158208758570254,0.008032014593482018,850.7234778404236,2,2,15,0.039668885592706794,1,3,4,15,0.039957397975887606,1,"{""eta"":[{""iter"":1,""solved"":15,""failed"":0,""gap_p90"":0,""cache_hr"":0,""fixed"":1,""unan"":false,""key"":""('eta', '5')""},{""iter"":2,""solved"":15,""failed"":0,""gap_p90"":0,""cache_hr"":93,""fixed"":1,""unan"":true,""key"":null}],""gamma_LT"":[{""iter"":1,""solved"":15,""failed"":0,""gap_p90"":0,""cache_hr"":100,""fixed"":1,""unan"":false,""key"":""('gamma_LT', ('CTV',""},{""iter"":2,""solved"":15,""failed"":0,""gap_p90"":0,""cache_hr"":73,""fixed"":1,""unan"":false,""key"":""('gamma_LT', ('SOV',""},{""iter"":3,""solved"":15,""failed"":0,""gap_p90"":0,""cache_hr"":60,""fixed"":2,""unan"":true,""key"":null}]}",0.007453437961308973,True,2,OPTIMAL,solution_within_gap,False,,5:1,CTV|5:2,CTV|5|Aug:1;CTV|5|Dec:1;CTV|5|Jan:1;CTV|5|Jul:2;CTV|5|Jun:2;CTV|5|May:2;SOV|5|Apr:1;SOV|5|Dec:1;SOV|5|Feb:1;SOV|5|Jan:1;SOV|5|Mar:1;SOV|5|Nov:1;SOV|5|Oct:1;SOV|5|Sep:1,SOV1|5|Apr:1;SOV1|5|Dec:1;SOV1|5|Feb:1;SOV1|5|Jan:1;SOV1|5|Mar:1;SOV1|5|Nov:1;SOV1|5|Oct:1;SOV1|5|Sep:1,23;38;80;101;110;111;119;167;270;332;376;386;392;432;458,8e1f6eec5f28b6aa,200,1-500,501-1500
7,20,28085208.024023764,9756025.0,18329183.024017192,172500.0,9056250.0,527275.0,17667261.32490778,248590.48814837448,413331.21096757246,,1010.5765193458647,34.32156608067453,22.649649045430124,0.007341295480728149,935.5276539325714,1,2,20,0.03991594091320322,1,3,4,20,0.03991594091320322,1,"{""eta"":[{""iter"":1,""solved"":20,""failed"":0,""gap_p90"":0,""cache_hr"":0,""fixed"":2,""unan"":true,""key"":null}],""gamma_LT"":[{""iter"":1,""solved"":20,""failed"":0,""gap_p90"":0,""cache_hr"":100,""fixed"":1,""unan"":false,""key"":""('gamma_LT', ('SOV',""},{""iter"":2,""solved"":20,""failed"":0,""gap_p90"":0,""cache_hr"":80,""fixed"":1,""unan"":false,""key"":""('gamma_LT', ('CTV',""},{""iter"":3,""solved"":20,""failed"":0,""gap_p90"":0,""cache_hr"":60,""fixed"":2,""unan"":true,""key"":null}]}",3.501760207553708e-14,True,2,OPTIMAL,solution_within_gap,False,,5:1,CTV|5:2;SOV|5:1,CTV|5|Dec:1;CTV|5|Jan:1,SOV1|5|Apr:1;SOV1|5|Aug:1;SOV1|5|Dec:1;SOV1|5|Feb:1;SOV1|5|Jan:1;SOV1|5|Jul:1;SOV1|5|Jun:1;SOV1|5|Mar:1;SOV1|5|May:1;SOV1|5|Nov:1;SOV1|5|Oct:1;SOV1|5|Sep:1,15;30;77;81;109;114;141;209;213;222;237;248;251;273;319;344;363;403;417;427,8e1f6eec5f28b6aa,200,1-500,501-1500
8,1,30540269.99956881,9852050.0,20688219.999568958,6986250.0,1811250.0,1054550.0,19984248.973246176,457807.5112340836,246163.51508854024,,17.469341904856265,13.042043027468026,0.0003537852317094803,0.0010016271844506264,1.2357449531555176,1,2,1,0.038377379247091704,1,1,4,1,0.038377379247091704,1,"{""eta"":[{""iter"":1,""solved"":1,""failed"":0,""gap_p90"":0,""cache_hr"":0,""fixed"":2,""unan"":true,""key"":null}],""gamma_LT"":[{""iter"":1,""solved"":1,""failed"":0,""gap_p90"":0,""cache_hr"":100,""fixed"":4,""unan"":true,""key"":null}]}",0.004879737089189626,True,2,OPTIMAL,solution_within_gap,False,,5:1,CTV|5:2,CTV|5|Apr:1;CTV|5|Aug:1;CTV|5|Dec:1;CTV|5|Feb:1;CTV|5|Jul:2;CTV|5|Jun:2;CTV|5|May:1;SOV|5|Apr:1;SOV|5|Dec:2;SOV|5|Feb:1;SOV|5|Jan:1;SOV|5|Mar:1;SOV|5|Nov:1;SOV|5|Oct:1;SOV|5|Sep:1,SOV1|5|Apr:1;SOV1|5|Dec:1;SOV1|5|Feb:1;SOV1|5|Jan:1;SOV1|5|Mar:1;SOV1|5|Nov:1;SOV1|5|Oct:1;SOV1|5|Sep:1;SOV2|5|Dec:1,239,8e1f6eec5f28b6aa,200,1-500,501-1500
8,3,30687238.344873536,10661075.0,20026163.34487354,776250.0,9056250.0,828575.0,19375473.39331379,233455.31749519642,417234.6340645708,,54.28841582220048,22.870968053117394,17.27940715942532,0.002734879031777382,9.41453218460083,1,2,3,0.039864982938767626,1,3,4,3,0.039864982938767626,1,"{""eta"":[{""iter"":1,""solved"":3,""failed"":0,""gap_p90"":0,""cache_hr"":0,""fixed"":2,""unan"":true,""key"":null}],""gamma_LT"":[{""iter"":1,""solved"":3,""failed"":0,""gap_p90"":0,""cache_hr"":100,""fixed"":1,""unan"":false,""key"":""('gamma_LT', ('CTV',""},{""iter"":2,""solved"":3,""failed"":0,""gap_p90"":0,""cache_hr"":67,""fixed"":1,""unan"":false,""key"":""('gamma_LT', ('SOV',""},{""iter"":3,""solved"":3,""failed"":0,""gap_p90"":0,""cache_hr"":67,""fixed"":2,""unan"":true,""key"":null}]}",0.019813035158379767,True,2,OPTIMAL,solution_within_gap,False,,5:1,CTV|5:2;SOV|5:1,CTV|5|Feb:1;SOV|5|Jan:1,SOV1|5|Apr:1;SOV1|5|Aug:1;SOV1|5|Dec:1;SOV1|5|Feb:1;SOV1|5|Jan:1;SOV1|5|Jul:1;SOV1|5|Jun:1;SOV1|5|Mar:1;SOV1|5|May:1;SOV1|5|Nov:1;SOV1|5|Oct:1;SOV1|5|Sep:1;SOV2|5|Jan:1,8;216;396,8e1f6eec5f28b6aa,200,1-500,501-1500
8,5,25980483.64078053,9194825.0,16785658.64078002,6555000.0,1811250.0,828575.0,16054165.187943509,433556.11532499315,297937.33751198207,,93.08827314898372,25.175142515450716,22.57907618023455,0.003806889057159424,38.81302499771118,1,2,5,0.03985274868526895,1,3,4,5,0.03999756652629965,1,"{""eta"":[{""iter"":1,""solved"":5,""failed"":0,""gap_p90"":0,""cache_hr"":0,""fixed"":2,""unan"":true,""key"":null}],""gamma_LT"":[{""iter"":1,""solved"":5,""failed"":0,""gap_p90"":0,""cache_hr"":100,""fixed"":1,""unan"":false,""key"":""('gamma_LT', ('SOV',""},{""iter"":2,""solved"":5,""failed"":0,""gap_p90"":0,""cache_hr"":40,""fixed"":1,""unan"":false,""key"":""('gamma_LT', ('CTV',""},{""iter"":3,""solved"":5,""failed"":0,""gap_p90"":0,""cache_hr"":80,""fixed"":2,""unan"":true,""key"":null}]}",0.0018978798670256192,True,2,OPTIMAL,solution_within_gap,False,,5:1,CTV|5:2,CTV|5|Aug:1;CTV|5|Jul:1;CTV|5|Jun:1;CTV|5|May:1;SOV|5|Apr:1;SOV|5|Dec:2;SOV|5|Feb:1;SOV|5|Jan:1;SOV|5|Mar:1;SOV|5|Nov:1;SOV|5|Oct:1;SOV|5|Sep:1,SOV1|5|Apr:1;SOV1|5|Dec:1;SOV1|5|Feb:1;SOV1|5|Jan:1;SOV1|5|Mar:1;SOV1|5|Nov:1;SOV1|5|Oct:1;SOV1|5|Sep:1;SOV2|5|Dec:1,156;201;317;348;376,8e1f6eec5f28b6aa,200,1-500,501-1500
8,7,27880267.133900046,9119500.0,18760767.13390255,6555000.0,1811250.0,753250.0,17988220.598873153,468864.8746439278,303681.660382984,,131.7568204458803,27.28510250430554,14.515104901976883,0.002216787077486515,82.25094699859619,1,2,7,0.03992015073740955,1,3,4,7,0.03999872468920477,1,"{""eta"":[{""iter"":1,""solved"":7,""failed"":0,""gap_p90"":0,""cache_hr"":0,""fixed"":2,""unan"":true,""key"":null}],""gamma_LT"":[{""iter"":1,""solved"":7,""failed"":0,""gap_p90"":0,""cache_hr"":100,""fixed"":1,""unan"":false,""key"":""('gamma_LT', ('CTV',""},{""iter"":2,""solved"":7,""failed"":0,""gap_p90"":0,""cache_hr"":71,""fixed"":1,""unan"":false,""key"":""('gamma_LT', ('SOV',""},{""iter"":3,""solved"":7,""failed"":0,""gap_p90"":0,""cache_hr"":57,""fixed"":2,""unan"":true,""key"":null}]}",0.019111310277204474,True,2,OPTIMAL,solution_within_gap,False,,5:1,CTV|5:2,CTV|5|Apr:1;CTV|5|Dec:3;CTV|5|Feb:1;CTV|5|Jan:2;CTV|5|Jul:1;CTV|5|Jun:2;CTV|5|Mar:1;CTV|5|May:1;SOV|5|Aug:1;SOV|5|Dec:1;SOV|5|Feb:1;SOV|5|Jan:1;SOV|5|Mar:1;SOV|5|Nov:1;SOV|5|Oct:1;SOV|5|Sep:1,SOV1|5|Aug:1;SOV1|5|Dec:1;SOV1|5|Feb:1;SOV1|5|Jan:1;SOV1|5|Mar:1;SOV1|5|Nov:1;SOV1|5|Oct:1;SOV1|5|Sep:1,44;93;115;218;310;341;349,8e1f6eec5f28b6aa,200,1-500,501-1500
8,10,28591430.40749933,10003850.0,18587580.407503795,345000.0,9056250.0,602600.0,17933383.215510357,253075.24241037047,401121.9495786909,,216.89409362431616,29.101148436777294,17.8382324045524,0.006046772934496403,159.77832007408142,1,2,10,0.039668885592706794,1,3,4,10,0.039972421510532236,1,"{""eta"":[{""iter"":1,""solved"":10,""failed"":0,""gap_p90"":0,""cache_hr"":0,""fixed"":2,""unan"":true,""key"":null}],""gamma_LT"":[{""iter"":1,""solved"":10,""failed"":0,""gap_p90"":0,""cache_hr"":100,""fixed"":1,""unan"":false,""key"":""('gamma_LT', ('CTV',""},{""iter"":2,""solved"":10,""failed"":0,""gap_p90"":0,""cache_hr"":90,""fixed"":1,""unan"":false,""key"":""('gamma_LT', ('SOV',""},{""iter"":3,""solved"":10,""failed"":0,""gap_p90"":0,""cache_hr"":70,""fixed"":2,""unan"":true,""key"":null}]}",0.007482019232675111,True,2,OPTIMAL,solution_within_gap,False,,5:1,CTV|5:2;SOV|5:1,CTV|5|Dec:2;CTV|5|Jan:2,SOV1|5|Apr:1;SOV1|5|Aug:1;SOV1|5|Dec:1;SOV1|5|Feb:1;SOV1|5|Jan:1;SOV1|5|Jul:1;SOV1|5|Jun:1;SOV1|5|Mar:1;SOV1|5|May:1;SOV1|5|Nov:1;SOV1|5|Oct:1;SOV1|5|Sep:1,31;81;118;181;196;258;313;342;355;386,8e1f6eec5f28b6aa,200,1-500,501-1500
8,15,29591550.86099486,9798575.0,19792975.860988334,7158750.0,1811250.0,828575.0,19072523.74651365,392904.3751165786,327547.7393645603,,416.652063828893,31.970810502767563,17.221153349615633,0.012616900727152824,354.04191493988037,1,2,15,0.03972126166619745,1,3,4,15,0.03998930796285768,1,"{""eta"":[{""iter"":1,""solved"":15,""failed"":0,""gap_p90"":0,""cache_hr"":0,""fixed"":2,""unan"":true,""key"":null}],""gamma_LT"":[{""iter"":1,""solved"":15,""failed"":0,""gap_p90"":0,""cache_hr"":100,""fixed"":1,""unan"":false,""key"":""('gamma_LT', ('CTV',""},{""iter"":2,""solved"":15,""failed"":0,""gap_p90"":0,""cache_hr"":93,""fixed"":1,""unan"":false,""key"":""('gamma_LT', ('SOV',""},{""iter"":3,""solved"":15,""failed"":0,""gap_p90"":0,""cache_hr"":47,""fixed"":2,""unan"":true,""key"":null}]}",0.009488537264693614,True,2,OPTIMAL,solution_within_gap,False,,5:1,CTV|5:2,CTV|5|Jul:1;CTV|5|Jun:1;CTV|5|May:1;SOV|5|Apr:1;SOV|5|Aug:1;SOV|5|Dec:2;SOV|5|Feb:1;SOV|5|Jan:1;SOV|5|Mar:1;SOV|5|Nov:1;SOV|5|Oct:1;SOV|5|Sep:1,SOV1|5|Apr:1;SOV1|5|Aug:1;SOV1|5|Dec:1;SOV1|5|Feb:1;SOV1|5|Jan:1;SOV1|5|Mar:1;SOV1|5|Nov:1;SOV1|5|Oct:1;SOV1|5|Sep:1;SOV2|5|Dec:1,21;29;94;114;145;151;232;255;293;297;301;330;334;366;419,8e1f6eec5f28b6aa,200,1-500,501-1500
8,20,27677626.693322226,9756025.0,17921601.693315737,172500.0,9056250.0,527275.0,17285511.186712228,244620.8202989367,391469.6863110315,,435.77696342021227,32.10958834551275,20.78971755411476,0.016681838780641556,365.435870885849,1,2,20,0.03954751290306779,1,3,4,20,0.039972979122159386,1,"{""eta"":[{""iter"":1,""solved"":20,""failed"":0,""gap_p90"":0,""cache_hr"":0,""fixed"":2,""unan"":true,""key"":null}],""gamma_LT"":[{""iter"":1,""solved"":20,""failed"":0,""gap_p90"":0,""cache_hr"":100,""fixed"":1,""unan"":false,""key"":""('gamma_LT', ('CTV',""},{""iter"":2,""solved"":20,""failed"":0,""gap_p90"":0,""cache_hr"":70,""fixed"":1,""unan"":false,""key"":""('gamma_LT', ('SOV',""},{""iter"":3,""solved"":20,""failed"":0,""gap_p90"":0,""cache_hr"":70,""fixed"":2,""unan"":true,""key"":null}]}",0.008000650037922701,True,2,OPTIMAL,solution_within_gap,False,,5:1,CTV|5:2;SOV|5:1,CTV|5|Dec:1;CTV|5|Jan:1,SOV1|5|Apr:1;SOV1|5|Aug:1;SOV1|5|Dec:1;SOV1|5|Feb:1;SOV1|5|Jan:1;SOV1|5|Jul:1;SOV1|5|Jun:1;SOV1|5|Mar:1;SOV1|5|May:1;SOV1|5|Nov:1;SOV1|5|Oct:1;SOV1|5|Sep:1,9;28;39;47;60;85;130;147;158;166;190;212;239;317;318;334;344;350;401;426,8e1f6eec5f28b6aa,200,1-500,501-1500
9,1,24798447.29111036,9571450.0,15226997.291110365,6555000.0,1811250.0,1205200.0,14489170.642612897,440575.6762277058,297250.9722697542,,27.071990171447396,22.01389451045543,0.00019866134971380234,0.0006119208410382271,1.215108871459961,1,2,1,0.03942362584615643,1,1,4,1,0.03942362584615643,1,"{""eta"":[{""iter"":1,""solved"":1,""failed"":0,""gap_p90"":0,""cache_hr"":0,""fixed"":2,""unan"":true,""key"":null}],""gamma_LT"":[{""iter"":1,""solved"":1,""failed"":0,""gap_p90"":0,""cache_hr"":100,""fixed"":4,""unan"":true,""key"":null}]}",0.009402852641106857,True,2,OPTIMAL,solution_within_gap,False,,5:1,CTV|5:2,CTV|5|Jul:1;CTV|5|Jun:1;CTV|5|Mar:1;CTV|5|May:1;SOV|5|Apr:1;SOV|5|Aug:1;SOV|5|Dec:2;SOV|5|Feb:1;SOV|5|Jan:1;SOV|5|Nov:1;SOV|5|Oct:1;SOV|5|Sep:1,SOV1|5|Apr:1;SOV1|5|Aug:1;SOV1|5|Dec:1;SOV1|5|Feb:1;SOV1|5|Jan:1;SOV1|5|Nov:1;SOV1|5|Oct:1;SOV1|5|Sep:1;SOV2|5|Dec:1,482,8e1f6eec5f28b6aa,200,1-500,501-1500
9,3,28222759.31906353,9842275.0,18380484.31906353,258750.0,9056250.0,527275.0,17695353.558222238,293301.8119527353,391828.9488885875,,48.00633636210114,22.3090237127617,10.572323305532336,0.0015494655817747116,10.380661010742188,1,2,3,0.03987183478821024,1,2,4,3,0.03993099921907735,1,"{""eta"":[{""iter"":1,""solved"":3,""failed"":0,""gap_p90"":0,""cache_hr"":0,""fixed"":2,""unan"":true,""key"":null}],""gamma_LT"":[{""iter"":1,""solved"":3,""failed"":0,""gap_p90"":0,""cache_hr"":100,""fixed"":1,""unan"":false,""key"":""('gamma_LT', ('SOV',""},{""iter"":2,""solved"":3,""failed"":0,""gap_p90"":0,""cache_hr"":67,""fixed"":3,""unan"":true,""key"":null}]}",0.010494412253193596,True,2,OPTIMAL,solution_within_gap,False,,5:1,CTV|5:2;SOV|5:1,CTV|5|Dec:1;CTV|5|Jan:1;CTV|5|Nov:1,SOV1|5|Apr:1;SOV1|5|Aug:1;SOV1|5|Dec:1;SOV1|5|Feb:1;SOV1|5|Jan:1;SOV1|5|Jul:1;SOV1|5|Jun:1;SOV1|5|Mar:1;SOV1|5|May:1;SOV1|5|Nov:1;SOV1|5|Oct:1;SOV1|5|Sep:1,158;344;467,8e1f6eec5f28b6aa,200,1-500,501-1500
9,5,26715641.426741563,7599775.0,19115866.42674006,5261250.0,1811250.0,527275.0,18332862.71456762,525274.3070506527,257729.40512325548,,100.10225201770663,28.625785559415817,17.28222494199872,0.003538300283253193,47.378159046173096,1,2,5,0.03995214408929136,1,3,4,5,0.03999866671055609,1,"{""eta"":[{""iter"":1,""solved"":5,""failed"":0,""gap_p90"":0,""cache_hr"":0,""fixed"":2,""unan"":true,""key"":null}],""gamma_LT"":[{""iter"":1,""solved"":5,""failed"":0,""gap_p90"":0,""cache_hr"":100,""fixed"":1,""unan"":false,""key"":""('gamma_LT', ('CTV',""},{""iter"":2,""solved"":5,""failed"":0,""gap_p90"":0,""cache_hr"":80,""fixed"":1,""unan"":false,""key"":""('gamma_LT', ('SOV',""},{""iter"":3,""solved"":5,""failed"":0,""gap_p90"":0,""cache_hr"":60,""fixed"":2,""unan"":true,""key"":null}]}",0.009744314450197475,True,2,OPTIMAL,solution_within_gap,False,,5:1,CTV|5:2,CTV|5|Apr:1;CTV|5|Aug:1;CTV|5|Jul:1;CTV|5|Jun:1;CTV|5|May:1;SOV|5|Dec:1;SOV|5|Feb:1;SOV|5|Jan:1;SOV|5|Mar:1;SOV|5|Nov:1;SOV|5|Oct:1;SOV|5|Sep:1,SOV1|5|Dec:1;SOV1|5|Feb:1;SOV1|5|Jan:1;SOV1|5|Mar:1;SOV1|5|Nov:1;SOV1|5|Oct:1;SOV1|5|Sep:1,182;273;312;314;467,8e1f6eec5f28b6aa,200,1-500,501-1500
9,7,28281372.01662063,8451350.0,19830022.016623273,6037500.0,1811250.0,602600.0,19086474.663841415,451370.8791173952,292176.4736619197,,106.59489962738007,29.419015482068062,20.94991613458842,0.006068000569939613,48.276206970214844,1,2,7,0.039034639739450615,1,3,4,7,0.03999067835660885,1,"{""eta"":[{""iter"":1,""solved"":7,""failed"":0,""gap_p90"":0,""cache_hr"":0,""fixed"":2,""unan"":true,""key"":null}],""gamma_LT"":[{""iter"":1,""solved"":7,""failed"":0,""gap_p90"":0,""cache_hr"":100,""fixed"":1,""unan"":false,""key"":""('gamma_LT', ('CTV',""},{""iter"":2,""solved"":7,""failed"":0,""gap_p90"":0,""cache_hr"":71,""fixed"":1,""unan"":false,""key"":""('gamma_LT', ('SOV',""},{""iter"":3,""solved"":7,""failed"":0,""gap_p90"":0,""cache_hr"":57,""fixed"":2,""unan"":true,""key"":null}]}",0.003180003694032005,True,2,OPTIMAL,solution_within_gap,False,,5:1,CTV|5:2,CTV|5|Apr:1;CTV|5|Dec:1;CTV|5|Jan:1;CTV|5|Jul:1;CTV|5|Jun:1;CTV|5|May:1;SOV|5|Aug:1;SOV|5|Dec:1;SOV|5|Feb:1;SOV|5|Jan:1;SOV|5|Mar:1;SOV|5|Nov:1;SOV|5|Oct:1;SOV|5|Sep:1,SOV1|5|Aug:1;SOV1|5|Dec:1;SOV1|5|Feb:1;SOV1|5|Jan:1;SOV1|5|Mar:1;SOV1|5|Nov:1;SOV1|5|Oct:1;SOV1|5|Sep:1,3;97;165;174;258;260;275,8e1f6eec5f28b6aa,200,1-500,501-1500
9,10,27772332.351335574,8203525.0,19568807.351340134,5865000.0,1811250.0,527275.0,18811390.214971434,457675.4761944973,299741.6601695195,,316.7742384355515,28.451629811897874,26.99349563382566,0.008484155870974064,251.1071639060974,1,2,10,0.03999752035965575,1,3,4,10,0.03999752035965575,1,"{""eta"":[{""iter"":1,""solved"":10,""failed"":0,""gap_p90"":0,""cache_hr"":0,""fixed"":2,""unan"":true,""key"":null}],""gamma_LT"":[{""iter"":1,""solved"":10,""failed"":0,""gap_p90"":0,""cache_hr"":100,""fixed"":1,""unan"":false,""key"":""('gamma_LT', ('SOV',""},{""iter"":2,""solved"":10,""failed"":0,""gap_p90"":0,""cache_hr"":40,""fixed"":1,""unan"":false,""key"":""('gamma_LT', ('CTV',""},{""iter"":3,""solved"":10,""failed"":0,""gap_p90"":0,""cache_hr"":50,""fixed"":2,""unan"":true,""key"":null}]}",0.008664251839153573,True,2,OPTIMAL,solution_within_gap,False,,5:1,CTV|5:2,CTV|5|Apr:1;CTV|5|Jul:1;CTV|5|Jun:1;CTV|5|May:1;SOV|5|Aug:1;SOV|5|Dec:1;SOV|5|Feb:1;SOV|5|Jan:1;SOV|5|Mar:1;SOV|5|Nov:1;SOV|5|Oct:1;SOV|5|Sep:1,SOV1|5|Aug:1;SOV1|5|Dec:1;SOV1|5|Feb:1;SOV1|5|Jan:1;SOV1|5|Mar:1;SOV1|5|Nov:1;SOV1|5|Oct:1;SOV1|5|Sep:1,86;102;141;251;257;270;307;389;442;451,8e1f6eec5f28b6aa,200,1-500,501-1500
9,15,28282631.317905046,7922925.0,20359706.31789795,5433750.0,1811250.0,677925.0,19576521.909816198,510013.795946783,273170.6121420581,,796.2658232832327,29.965081431902945,20.521142800338566,0.00635866541415453,731.6618399620056,1,2,15,0.03992015073740955,1,3,4,15,0.03999661551048734,1,"{""eta"":[{""iter"":1,""solved"":15,""failed"":0,""gap_p90"":0,""cache_hr"":0,""fixed"":2,""unan"":true,""key"":null}],""gamma_LT"":[{""iter"":1,""solved"":15,""failed"":0,""gap_p90"":0,""cache_hr"":100,""fixed"":1,""unan"":false,""key"":""('gamma_LT', ('CTV',""},{""iter"":2,""solved"":15,""failed"":0,""gap_p90"":0,""cache_hr"":67,""fixed"":1,""unan"":false,""key"":""('gamma_LT', ('SOV',""},{""iter"":3,""solved"":15,""failed"":0,""gap_p90"":0,""cache_hr"":60,""fixed"":2,""unan"":true,""key"":null}]}",0.0010464654798468882,True,2,OPTIMAL,solution_within_gap,False,,5:1,CTV|5:2,CTV|5|Apr:1;CTV|5|Aug:1;CTV|5|Jan:2;CTV|5|Jul:1;CTV|5|Jun:1;CTV|5|May:1;SOV|5|Dec:1;SOV|5|Feb:1;SOV|5|Jan:1;SOV|5|Mar:1;SOV|5|Nov:1;SOV|5|Oct:1;SOV|5|Sep:1,SOV1|5|Dec:1;SOV1|5|Feb:1;SOV1|5|Jan:1;SOV1|5|Mar:1;SOV1|5|Nov:1;SOV1|5|Oct:1;SOV1|5|Sep:1,11;26;37;60;78;96;173;187;206;218;236;318;349;387;398,8e1f6eec5f28b6aa,200,1-500,501-1500
9,20,27295755.762364812,9141350.0,18154405.762358002,6727500.0,1811250.0,602600.0,17419015.79593131,415184.79368758935,320205.17274583,,1113.9039387255907,32.29103298205882,25.643301272764802,0.011724536307156086,1038.9163360595703,1,2,20,0.039779884134722124,1,3,4,20,0.03997680732494286,1,"{""eta"":[{""iter"":1,""solved"":20,""failed"":0,""gap_p90"":0,""cache_hr"":0,""fixed"":2,""unan"":true,""key"":null}],""gamma_LT"":[{""iter"":1,""solved"":20,""failed"":0,""gap_p90"":0,""cache_hr"":100,""fixed"":1,""unan"":false,""key"":""('gamma_LT', ('CTV',""},{""iter"":2,""solved"":20,""failed"":0,""gap_p90"":0,""cache_hr"":75,""fixed"":1,""unan"":false,""key"":""('gamma_LT', ('SOV',""},{""iter"":3,""solved"":20,""failed"":0,""gap_p90"":0,""cache_hr"":35,""fixed"":2,""unan"":true,""key"":null}]}",0.002794178511643058,True,2,OPTIMAL,solution_within_gap,False,,5:1,CTV|5:2,CTV|5|Dec:1;CTV|5|Feb:1;CTV|5|Jan:1;CTV|5|Jul:1;CTV|5|Jun:1;CTV|5|May:1;SOV|5|Apr:1;SOV|5|Aug:1;SOV|5|Dec:1;SOV|5|Feb:1;SOV|5|Jan:1;SOV|5|Mar:1;SOV|5|Nov:1;SOV|5|Oct:1;SOV|5|Sep:1,SOV1|5|Apr:1;SOV1|5|Aug:1;SOV1|5|Dec:1;SOV1|5|Feb:1;SOV1|5|Jan:1;SOV1|5|Mar:1;SOV1|5|Nov:1;SOV1|5|Oct:1;SOV1|5|Sep:1,28;44;129;150;169;177;184;191;201;203;207;252;253;274;352;362;446;479;484;486,8e1f6eec5f28b6aa,200,1-500,501-1500
10,1,30265180.832553,8903300.0,21361880.8325532,6037500.0,1811250.0,1054550.0,20478095.88838074,650819.1727133689,232965.77145888068,,17.09174722339958,12.78938995487988,0.0003373725339770317,0.0009377105161547661,1.0554640293121338,1,2,1,0.03999882566710661,1,1,4,1,0.03999882566710661,1,"{""eta"":[{""iter"":1,""solved"":1,""failed"":0,""gap_p90"":0,""cache_hr"":0,""fixed"":2,""unan"":true,""key"":null}],""gamma_LT"":[{""iter"":1,""solved"":1,""failed"":0,""gap_p90"":0,""cache_hr"":100,""fixed"":4,""unan"":true,""key"":null}]}",0.005604808859242969,True,2,OPTIMAL,solution_within_gap,False,,5:1,CTV|5:2,CTV|5|Apr:2;CTV|5|Aug:1;CTV|5|Feb:1;CTV|5|Jul:2;CTV|5|Jun:1;CTV|5|Mar:2;CTV|5|May:2;CTV|5|Oct:1;CTV|5|Sep:2;SOV|5|Dec:1;SOV|5|Feb:1;SOV|5|Jan:2;SOV|5|Mar:1;SOV|5|Nov:1;SOV|5|Oct:1,SOV1|5|Dec:1;SOV1|5|Feb:1;SOV1|5|Jan:1;SOV1|5|Mar:1;SOV1|5|Nov:1;SOV1|5|Oct:1;SOV2|5|Jan:1,139,8e1f6eec5f28b6aa,200,1-500,501-1500
10,3,27799797.878472935,10499500.0,17300297.878472894,690000.0,9056250.0,753250.0,16636457.396693777,266461.91539195966,397378.56638716615,,49.47710196767002,22.225191831588745,11.343919679522514,0.0014314567670226097,11.233320951461792,1,2,3,0.03906080290932703,1,3,4,3,0.03999873947581951,1,"{""eta"":[{""iter"":1,""solved"":3,""failed"":0,""gap_p90"":0,""cache_hr"":0,""fixed"":2,""unan"":true,""key"":null}],""gamma_LT"":[{""iter"":1,""solved"":3,""failed"":0,""gap_p90"":0,""cache_hr"":100,""fixed"":1,""unan"":false,""key"":""('gamma_LT', ('CTV',""},{""iter"":2,""solved"":3,""failed"":0,""gap_p90"":0,""cache_hr"":67,""fixed"":1,""unan"":false,""key"":""('gamma_LT', ('SOV',""},{""iter"":3,""solved"":3,""failed"":0,""gap_p90"":0,""cache_hr"":67,""fixed"":2,""unan"":true,""key"":null}]}",0.006643558610142869,True,2,OPTIMAL,solution_within_gap,False,,5:1,CTV|5:2;SOV|5:1,SOV|5|Jan:1,SOV1|5|Apr:1;SOV1|5|Aug:1;SOV1|5|Dec:1;SOV1|5|Feb:1;SOV1|5|Jan:1;SOV1|5|Jul:1;SOV1|5|Jun:1;SOV1|5|Mar:1;SOV1|5|May:1;SOV1|5|Nov:1;SOV1|5|Oct:1;SOV1|5|Sep:1;SOV2|5|Jan:1,73;243;493,8e1f6eec5f28b6aa,200,1-500,501-1500
10,5,25387658.858654596,9756025.0,15631633.858653905,172500.0,9056250.0,527275.0,14982927.26949969,235137.7006795362,413568.88847536274,,56.838048284873366,27.10292987432331,0.0005539972335100174,0.004392952658236027,23.47136116027832,1,2,5,0.03958246135179903,1,1,4,5,0.03958246135179903,1,"{""eta"":[{""iter"":1,""solved"":5,""failed"":0,""gap_p90"":0,""cache_hr"":0,""fixed"":2,""unan"":true,""key"":null}],""gamma_LT"":[{""iter"":1,""solved"":5,""failed"":0,""gap_p90"":0,""cache_hr"":100,""fixed"":4,""unan"":true,""key"":null}]}",0.005615251323368728,True,2,OPTIMAL,solution_within_gap,False,,5:1,CTV|5:2;SOV|5:1,CTV|5|Nov:1;CTV|5|Oct:1,SOV1|5|Apr:1;SOV1|5|Aug:1;SOV1|5|Dec:1;SOV1|5|Feb:1;SOV1|5|Jan:1;SOV1|5|Jul:1;SOV1|5|Jun:1;SOV1|5|Mar:1;SOV1|5|May:1;SOV1|5|Nov:1;SOV1|5|Oct:1;SOV1|5|Sep:1,56;219;285;303;496,8e1f6eec5f28b6aa,200,1-500,501-1500
10,7,28749952.844425786,9756025.0,18993927.844427526,172500.0,9056250.0,527275.0,18318384.853459165,260500.18461707333,415042.8063495443,,139.7671035984531,27.02503687608987,11.47515684273094,0.006151922047138214,93.44504690170288,1,2,7,0.03994014438287992,1,2,4,7,0.03999056000691996,1,"{""eta"":[{""iter"":1,""solved"":7,""failed"":0,""gap_p90"":0,""cache_hr"":0,""fixed"":2,""unan"":true,""key"":null}],""gamma_LT"":[{""iter"":1,""solved"":7,""failed"":0,""gap_p90"":0,""cache_hr"":100,""fixed"":1,""unan"":false,""key"":""('gamma_LT', ('SOV',""},{""iter"":2,""solved"":7,""failed"":0,""gap_p90"":0,""cache_hr"":57,""fixed"":3,""unan"":true,""key"":null}]}",0.007008072544658,True,2,OPTIMAL,solution_within_gap,False,,5:1,CTV|5:2;SOV|5:1,CTV|5|Dec:1;CTV|5|Jan:1,SOV1|5|Apr:1;SOV1|5|Aug:1;SOV1|5|Dec:1;SOV1|5|Feb:1;SOV1|5|Jan:1;SOV1|5|Jul:1;SOV1|5|Jun:1;SOV1|5|Mar:1;SOV1|5|May:1;SOV1|5|Nov:1;SOV1|5|Oct:1;SOV1|5|Sep:1,11;80;143;351;391;440;444,8e1f6eec5f28b6aa,200,1-500,501-1500
10,10,29797234.4709695,9141350.0,20655884.47097401,6727500.0,1811250.0,602600.0,19942558.82504011,399935.35068606073,313390.2952431836,,250.8715635901317,25.554442523047328,15.98931520525366,0.00879853218793869,199.0392677783966,1,2,10,0.03810760483849409,1,3,4,10,0.03998983745990141,1,"{""eta"":[{""iter"":1,""solved"":10,""failed"":0,""gap_p90"":0,""cache_hr"":0,""fixed"":2,""unan"":true,""key"":null}],""gamma_LT"":[{""iter"":1,""solved"":10,""failed"":0,""gap_p90"":0,""cache_hr"":100,""fixed"":1,""unan"":false,""key"":""('gamma_LT', ('CTV',""},{""iter"":2,""solved"":10,""failed"":0,""gap_p90"":0,""cache_hr"":60,""fixed"":1,""unan"":false,""key"":""('gamma_LT', ('SOV',""},{""iter"":3,""solved"":10,""failed"":0,""gap_p90"":0,""cache_hr"":60,""fixed"":2,""unan"":true,""key"":null}]}",0.01165521138228284,True,2,OPTIMAL,solution_within_gap,False,,5:1,CTV|5:2,CTV|5|Dec:1;CTV|5|Jan:1;CTV|5|Jul:1;CTV|5|Jun:1;CTV|5|May:1;CTV|5|Nov:1;SOV|5|Apr:1;SOV|5|Aug:1;SOV|5|Dec:1;SOV|5|Feb:1;SOV|5|Jan:1;SOV|5|Mar:1;SOV|5|Nov:1;SOV|5|Oct:1;SOV|5|Sep:1,SOV1|5|Apr:1;SOV1|5|Aug:1;SOV1|5|Dec:1;SOV1|5|Feb:1;SOV1|5|Jan:1;SOV1|5|Mar:1;SOV1|5|Nov:1;SOV1|5|Oct:1;SOV1|5|Sep:1,61;68;92;105;181;203;348;381;430;495,8e1f6eec5f28b6aa,200,1-500,501-1500
10,15,27256329.67185265,7599775.0,19656554.671845537,5261250.0,1811250.0,527275.0,18881764.49530579,504314.10851069726,270476.06803618796,,961.8732114732265,28.38921815250069,25.827099886722863,0.012348681688308716,893.8879158496857,1,2,15,0.03998358877738397,1,3,4,15,0.03999513722879881,1,"{""eta"":[{""iter"":1,""solved"":15,""failed"":0,""gap_p90"":0,""cache_hr"":0,""fixed"":2,""unan"":true,""key"":null}],""gamma_LT"":[{""iter"":1,""solved"":15,""failed"":0,""gap_p90"":0,""cache_hr"":100,""fixed"":1,""unan"":false,""key"":""('gamma_LT', ('CTV',""},{""iter"":2,""solved"":15,""failed"":0,""gap_p90"":0,""cache_hr"":60,""fixed"":1,""unan"":false,""key"":""('gamma_LT', ('SOV',""},{""iter"":3,""solved"":15,""failed"":0,""gap_p90"":0,""cache_hr"":47,""fixed"":2,""unan"":true,""key"":null}]}",0.002814382059549965,True,2,OPTIMAL,solution_within_gap,False,,5:1,CTV|5:2,CTV|5|Apr:1;CTV|5|Aug:1;CTV|5|Jul:1;CTV|5|Jun:1;CTV|5|May:1;SOV|5|Dec:1;SOV|5|Feb:1;SOV|5|Jan:1;SOV|5|Mar:1;SOV|5|Nov:1;SOV|5|Oct:1;SOV|5|Sep:1,SOV1|5|Dec:1;SOV1|5|Feb:1;SOV1|5|Jan:1;SOV1|5|Mar:1;SOV1|5|Nov:1;SOV1|5|Oct:1;SOV1|5|Sep:1,7;9;45;52;87;139;225;252;256;310;334;360;400;404;493,8e1f6eec5f28b6aa,200,1-500,501-1500
10,20,28187930.677939408,9508200.0,18679730.677932885,0.0,9056250.0,451950.0,18029821.75164174,243865.15609665908,406043.7702009543,,439.484202189371,34.19101560395211,29.438892563804984,0.016430789604783058,357.80123686790466,1,2,20,0.03967820095227006,1,3,4,20,0.039911145116588255,1,"{""eta"":[{""iter"":1,""solved"":20,""failed"":0,""gap_p90"":0,""cache_hr"":0,""fixed"":2,""unan"":true,""key"":null}],""gamma_LT"":[{""iter"":1,""solved"":20,""failed"":0,""gap_p90"":0,""cache_hr"":100,""fixed"":1,""unan"":false,""key"":""('gamma_LT', ('SOV',""},{""iter"":2,""solved"":20,""failed"":0,""gap_p90"":0,""cache_hr"":70,""fixed"":1,""unan"":false,""key"":""('gamma_LT', ('CTV',""},{""iter"":3,""solved"":20,""failed"":0,""gap_p90"":0,""cache_hr"":70,""fixed"":2,""unan"":true,""key"":null}]}",0.006402088524902911,True,2,OPTIMAL,solution_within_gap,False,,5:1,CTV|5:2;SOV|5:1,,SOV1|5|Apr:1;SOV1|5|Aug:1;SOV1|5|Dec:1;SOV1|5|Feb:1;SOV1|5|Jan:1;SOV1|5|Jul:1;SOV1|5|Jun:1;SOV1|5|Mar:1;SOV1|5|May:1;SOV1|5|Nov:1;SOV1|5|Oct:1;SOV1|5|Sep:1,75;76;90;110;171;193;200;217;241;250;252;295;322;388;401;406;428;464;496;498,8e1f6eec5f28b6aa,200,1-500,501-1500
11,1,21638956.64228438,7879225.0,13759731.64228434,5088750.0,1811250.0,979225.0,12964889.215364648,566569.5551211368,228272.87179857036,,25.79594985116273,20.549648020416498,0.00032828282564878464,0.0009927032515406609,1.293213129043579,1,2,1,0.03783590920797903,1,1,4,1,0.03783590920797903,1,"{""eta"":[{""iter"":1,""solved"":1,""failed"":0,""gap_p90"":0,""cache_hr"":0,""fixed"":2,""unan"":true,""key"":null}],""gamma_LT"":[{""iter"":1,""solved"":1,""failed"":0,""gap_p90"":0,""cache_hr"":100,""fixed"":4,""unan"":true,""key"":null}]}",0.008736206198196626,True,2,OPTIMAL,solution_within_gap,False,,5:1,CTV|5:2,CTV|5|Apr:1;CTV|5|Aug:1;CTV|5|Dec:6;CTV|5|Jul:1;CTV|5|Jun:1;CTV|5|May:1;SOV|5|Dec:1;SOV|5|Feb:1;SOV|5|Jan:1;SOV|5|Mar:1;SOV|5|Nov:1;SOV|5|Oct:1,SOV1|5|Dec:1;SOV1|5|Feb:1;SOV1|5|Jan:1;SOV1|5|Mar:1;SOV1|5|Nov:1;SOV1|5|Oct:1,280,8e1f6eec5f28b6aa,200,1-500,501-1500
11,3,28740994.303263925,9055100.0,19685894.303263728,6641250.0,1811250.0,602600.0,18917007.038644902,430268.8818211601,338618.38279784063,,57.914753700606525,24.825187954120338,12.841609214432538,0.001347326673567295,15.049101114273071,1,2,3,0.03747381074216072,1,3,4,3,0.03985211905972982,1,"{""eta"":[{""iter"":1,""solved"":3,""failed"":0,""gap_p90"":0,""cache_hr"":0,""fixed"":2,""unan"":true,""key"":null}],""gamma_LT"":[{""iter"":1,""solved"":3,""failed"":0,""gap_p90"":0,""cache_hr"":100,""fixed"":1,""unan"":false,""key"":""('gamma_LT', ('CTV',""},{""iter"":2,""solved"":3,""failed"":0,""gap_p90"":0,""cache_hr"":67,""fixed"":1,""unan"":false,""key"":""('gamma_LT', ('SOV',""},{""iter"":3,""solved"":3,""failed"":0,""gap_p90"":0,""cache_hr"":67,""fixed"":2,""unan"":true,""key"":null}]}",0.0021592983724269,True,2,OPTIMAL,solution_within_gap,False,,5:1,CTV|5:2,CTV|5|Dec:1;CTV|5|Jan:1;CTV|5|Jul:1;CTV|5|Jun:1;CTV|5|May:1;SOV|5|Apr:1;SOV|5|Aug:1;SOV|5|Dec:1;SOV|5|Feb:1;SOV|5|Jan:1;SOV|5|Mar:1;SOV|5|Nov:1;SOV|5|Oct:1;SOV|5|Sep:1,SOV1|5|Apr:1;SOV1|5|Aug:1;SOV1|5|Dec:1;SOV1|5|Feb:1;SOV1|5|Jan:1;SOV1|5|Mar:1;SOV1|5|Nov:1;SOV1|5|Oct:1;SOV1|5|Sep:1,40;116;441,8e1f6eec5f28b6aa,200,1-500,501-1500
11,5,28610309.95992973,10499500.0,18110809.959928405,690000.0,9056250.0,753250.0,17504887.438696902,229447.47566398364,376475.04556884064,,56.3069810885936,23.448053159750998,0.0005634147673845291,0.004380164667963982,26.244651079177856,1,2,5,0.039950540859344914,1,1,4,5,0.039950540859344914,1,"{""eta"":[{""iter"":1,""solved"":5,""failed"":0,""gap_p90"":0,""cache_hr"":0,""fixed"":2,""unan"":true,""key"":null}],""gamma_LT"":[{""iter"":1,""solved"":5,""failed"":0,""gap_p90"":0,""cache_hr"":100,""fixed"":4,""unan"":true,""key"":null}]}",0.009954223974378574,True,2,OPTIMAL,solution_within_gap,False,,5:1,CTV|5:2;SOV|5:1,SOV|5|Dec:1,SOV1|5|Apr:1;SOV1|5|Aug:1;SOV1|5|Dec:1;SOV1|5|Feb:1;SOV1|5|Jan:1;SOV1|5|Jul:1;SOV1|5|Jun:1;SOV1|5|Mar:1;SOV1|5|May:1;SOV1|5|Nov:1;SOV1|5|Oct:1;SOV1|5|Sep:1;SOV2|5|Dec:1,70;97;114;161;188,8e1f6eec5f28b6aa,200,1-500,501-1500
11,7,26584587.03653545,9508200.0,17076387.036534287,0.0,9056250.0,451950.0,16402006.824748635,247590.67776510978,426789.53402168467,,93.27809255756438,25.59335356205702,13.297574175521731,0.005677063949406147,47.16493582725525,1,2,7,0.03890018477812695,1,3,4,7,0.03999128850400497,1,"{""eta"":[{""iter"":1,""solved"":7,""failed"":0,""gap_p90"":0,""cache_hr"":0,""fixed"":2,""unan"":true,""key"":null}],""gamma_LT"":[{""iter"":1,""solved"":7,""failed"":0,""gap_p90"":0,""cache_hr"":100,""fixed"":1,""unan"":false,""key"":""('gamma_LT', ('CTV',""},{""iter"":2,""solved"":7,""failed"":0,""gap_p90"":0,""cache_hr"":86,""fixed"":1,""unan"":false,""key"":""('gamma_LT', ('SOV',""},{""iter"":3,""solved"":7,""failed"":0,""gap_p90"":0,""cache_hr"":57,""fixed"":2,""unan"":true,""key"":null}]}",0.016301611049870105,True,2,OPTIMAL,solution_within_gap,False,,5:1,CTV|5:2;SOV|5:1,,SOV1|5|Apr:1;SOV1|5|Aug:1;SOV1|5|Dec:1;SOV1|5|Feb:1;SOV1|5|Jan:1;SOV1|5|Jul:1;SOV1|5|Jun:1;SOV1|5|Mar:1;SOV1|5|May:1;SOV1|5|Nov:1;SOV1|5|Oct:1;SOV1|5|Sep:1,10;105;229;326;347;420;466,8e1f6eec5f28b6aa,200,1-500,501-1500
11,10,26633669.081265204,10003850.0,16629819.081263991,345000.0,9056250.0,602600.0,15963788.424303485,251993.59226075548,414037.06470110395,,170.9372459789738,26.48396405298263,15.84824119694531,0.008525211364030838,118.08863592147827,1,2,10,0.03991920615894334,1,3,4,10,0.03992955403722718,1,"{""eta"":[{""iter"":1,""solved"":10,""failed"":0,""gap_p90"":0,""cache_hr"":0,""fixed"":2,""unan"":true,""key"":null}],""gamma_LT"":[{""iter"":1,""solved"":10,""failed"":0,""gap_p90"":0,""cache_hr"":100,""fixed"":1,""unan"":false,""key"":""('gamma_LT', ('CTV',""},{""iter"":2,""solved"":10,""failed"":0,""gap_p90"":0,""cache_hr"":90,""fixed"":1,""unan"":false,""key"":""('gamma_LT', ('SOV',""},{""iter"":3,""solved"":10,""failed"":0,""gap_p90"":0,""cache_hr"":60,""fixed"":2,""unan"":true,""key"":null}]}",0.01446025177247644,True,2,OPTIMAL,solution_within_gap,False,,5:1,CTV|5:2;SOV|5:1,CTV|5|Feb:1;CTV|5|Jan:1;CTV|5|Mar:1;CTV|5|Oct:1,SOV1|5|Apr:1;SOV1|5|Aug:1;SOV1|5|Dec:1;SOV1|5|Feb:1;SOV1|5|Jan:1;SOV1|5|Jul:1;SOV1|5|Jun:1;SOV1|5|Mar:1;SOV1|5|May:1;SOV1|5|Nov:1;SOV1|5|Oct:1;SOV1|5|Sep:1,18;20;225;268;321;326;336;337;340;361,8e1f6eec5f28b6aa,200,1-500,501-1500
11,15,28766408.10798035,8612925.0,20153483.107973546,6123750.0,1811250.0,677925.0,19401625.04112338,462354.43096121645,289503.6358958216,,1094.0909450957552,32.097080488689244,22.123871551826596,0.01280263066291809,1025.5459189414978,1,2,15,0.03962141546468771,1,3,4,15,0.03998752301569479,1,"{""eta"":[{""iter"":1,""solved"":15,""failed"":0,""gap_p90"":0,""cache_hr"":0,""fixed"":2,""unan"":true,""key"":null}],""gamma_LT"":[{""iter"":1,""solved"":15,""failed"":0,""gap_p90"":0,""cache_hr"":100,""fixed"":1,""unan"":false,""key"":""('gamma_LT', ('CTV',""},{""iter"":2,""solved"":15,""failed"":0,""gap_p90"":0,""cache_hr"":53,""fixed"":1,""unan"":false,""key"":""('gamma_LT', ('SOV',""},{""iter"":3,""solved"":15,""failed"":0,""gap_p90"":0,""cache_hr"":47,""fixed"":2,""unan"":true,""key"":null}]}",0.009366996623857931,True,2,OPTIMAL,solution_within_gap,False,,5:1,CTV|5:2,CTV|5|Aug:1;CTV|5|Dec:1;CTV|5|Jan:2;CTV|5|Jul:1;CTV|5|Jun:1;CTV|5|May:1;SOV|5|Apr:1;SOV|5|Dec:1;SOV|5|Feb:1;SOV|5|Jan:1;SOV|5|Mar:1;SOV|5|Nov:1;SOV|5|Oct:1;SOV|5|Sep:1,SOV1|5|Apr:1;SOV1|5|Dec:1;SOV1|5|Feb:1;SOV1|5|Jan:1;SOV1|5|Mar:1;SOV1|5|Nov:1;SOV1|5|Oct:1;SOV1|5|Sep:1,10;59;118;124;135;174;178;207;228;235;383;398;442;459;496,8e1f6eec5f28b6aa,200,1-500,501-1500
11,20,28172130.760418467,10003850.0,18168280.76041235,345000.0,9056250.0,602600.0,17472320.150839314,278844.70584253315,417115.9037367365,,537.1369777452201,31.638454544357955,22.614166074432433,0.006014307960867882,465.1741921901703,1,2,20,0.0393545133761816,1,3,4,20,0.039912843303212625,1,"{""eta"":[{""iter"":1,""solved"":20,""failed"":0,""gap_p90"":0,""cache_hr"":0,""fixed"":2,""unan"":true,""key"":null}],""gamma_LT"":[{""iter"":1,""solved"":20,""failed"":0,""gap_p90"":0,""cache_hr"":100,""fixed"":1,""unan"":false,""key"":""('gamma_LT', ('CTV',""},{""iter"":2,""solved"":20,""failed"":0,""gap_p90"":0,""cache_hr"":70,""fixed"":1,""unan"":false,""key"":""('gamma_LT', ('SOV',""},{""iter"":3,""solved"":20,""failed"":0,""gap_p90"":0,""cache_hr"":70,""fixed"":2,""unan"":true,""key"":null}]}",0.01607772231444831,True,2,OPTIMAL,solution_within_gap,False,,5:1,CTV|5:2;SOV|5:1,CTV|5|Dec:2;CTV|5|Jan:2,SOV1|5|Apr:1;SOV1|5|Aug:1;SOV1|5|Dec:1;SOV1|5|Feb:1;SOV1|5|Jan:1;SOV1|5|Jul:1;SOV1|5|Jun:1;SOV1|5|Mar:1;SOV1|5|May:1;SOV1|5|Nov:1;SOV1|5|Oct:1;SOV1|5|Sep:1,14;34;35;60;62;95;109;126;151;173;242;264;276;278;330;335;373;410;427;470,8e1f6eec5f28b6aa,200,1-500,501-1500
12,1,28618889.68341244,10176350.0,18442539.683412567,517500.0,9056250.0,602600.0,17730506.523065437,342667.46206015744,369365.69828682765,,21.996362065896392,16.998685497790575,0.00018244143575429916,0.0005060434341430664,1.7510590553283691,1,2,1,0.039088502420387514,1,1,4,1,0.039088502420387514,1,"{""eta"":[{""iter"":1,""solved"":1,""failed"":0,""gap_p90"":0,""cache_hr"":0,""fixed"":2,""unan"":true,""key"":null}],""gamma_LT"":[{""iter"":1,""solved"":1,""failed"":0,""gap_p90"":0,""cache_hr"":100,""fixed"":4,""unan"":true,""key"":null}]}",0.01326560994247627,True,2,OPTIMAL,solution_within_gap,False,,5:1,CTV|5:2;SOV|5:1,CTV|5|Aug:2;CTV|5|Nov:1;CTV|5|Oct:1;CTV|5|Sep:2,SOV1|5|Apr:1;SOV1|5|Aug:1;SOV1|5|Dec:1;SOV1|5|Feb:1;SOV1|5|Jan:1;SOV1|5|Jul:1;SOV1|5|Jun:1;SOV1|5|Mar:1;SOV1|5|May:1;SOV1|5|Nov:1;SOV1|5|Oct:1;SOV1|5|Sep:1,158,8e1f6eec5f28b6aa,200,1-500,501-1500
12,3,28111113.521728944,10499500.0,17611613.521728914,690000.0,9056250.0,753250.0,16965891.48083923,237259.7534197243,408462.287469985,,55.060356761328876,29.01731394417584,10.962420715019107,0.0013124104589223862,9.85012698173523,1,2,3,0.039747562546307354,1,3,4,3,0.03997464360530944,1,"{""eta"":[{""iter"":1,""solved"":3,""failed"":0,""gap_p90"":0,""cache_hr"":0,""fixed"":2,""unan"":true,""key"":null}],""gamma_LT"":[{""iter"":1,""solved"":3,""failed"":0,""gap_p90"":0,""cache_hr"":100,""fixed"":1,""unan"":false,""key"":""('gamma_LT', ('CTV',""},{""iter"":2,""solved"":3,""failed"":0,""gap_p90"":0,""cache_hr"":67,""fixed"":1,""unan"":false,""key"":""('gamma_LT', ('SOV',""},{""iter"":3,""solved"":3,""failed"":0,""gap_p90"":0,""cache_hr"":67,""fixed"":2,""unan"":true,""key"":null}]}",0.01710631666076066,True,2,OPTIMAL,solution_within_gap,False,,5:1,CTV|5:2;SOV|5:1,SOV|5|Dec:1,SOV1|5|Apr:1;SOV1|5|Aug:1;SOV1|5|Dec:1;SOV1|5|Feb:1;SOV1|5|Jan:1;SOV1|5|Jul:1;SOV1|5|Jun:1;SOV1|5|Mar:1;SOV1|5|May:1;SOV1|5|Nov:1;SOV1|5|Oct:1;SOV1|5|Sep:1;SOV2|5|Dec:1,24;271;433,8e1f6eec5f28b6aa,200,1-500,501-1500
12,5,29464816.455956142,10747325.0,18717491.455954857,862500.0,9056250.0,828575.0,18093953.407683454,241296.4297552821,382241.6185173709,,77.03934819530696,25.225188232958317,14.016840438358486,0.004492416046559811,31.40258002281189,1,2,5,0.039927651646662156,1,3,4,5,0.03997512327912756,1,"{""eta"":[{""iter"":1,""solved"":5,""failed"":0,""gap_p90"":0,""cache_hr"":0,""fixed"":2,""unan"":true,""key"":null}],""gamma_LT"":[{""iter"":1,""solved"":5,""failed"":0,""gap_p90"":0,""cache_hr"":100,""fixed"":1,""unan"":false,""key"":""('gamma_LT', ('CTV',""},{""iter"":2,""solved"":5,""failed"":0,""gap_p90"":0,""cache_hr"":80,""fixed"":1,""unan"":false,""key"":""('gamma_LT', ('SOV',""},{""iter"":3,""solved"":5,""failed"":0,""gap_p90"":0,""cache_hr"":80,""fixed"":2,""unan"":true,""key"":null}]}",0.019006678443828653,True,2,OPTIMAL,solution_within_gap,False,,5:1,CTV|5:2;SOV|5:1,CTV|5|Feb:1;CTV|5|Jan:1;SOV|5|Dec:1,SOV1|5|Apr:1;SOV1|5|Aug:1;SOV1|5|Dec:1;SOV1|5|Feb:1;SOV1|5|Jan:1;SOV1|5|Jul:1;SOV1|5|Jun:1;SOV1|5|Mar:1;SOV1|5|May:1;SOV1|5|Nov:1;SOV1|5|Oct:1;SOV1|5|Sep:1;SOV2|5|Dec:1,128;142;181;222;269,8e1f6eec5f28b6aa,200,1-500,501-1500
12,7,28530636.20672207,9528900.0,19001736.206724588,6813750.0,1811250.0,903900.0,18272385.768446337,446068.1153140696,283282.3229617511,,309.1932489797473,25.81288224644959,20.568201781250536,0.002725129947066307,254.9518690109253,1,2,7,0.03873220715019894,1,3,4,7,0.0399477877453629,1,"{""eta"":[{""iter"":1,""solved"":7,""failed"":0,""gap_p90"":0,""cache_hr"":0,""fixed"":2,""unan"":true,""key"":null}],""gamma_LT"":[{""iter"":1,""solved"":7,""failed"":0,""gap_p90"":0,""cache_hr"":100,""fixed"":1,""unan"":false,""key"":""('gamma_LT', ('SOV',""},{""iter"":2,""solved"":7,""failed"":0,""gap_p90"":0,""cache_hr"":71,""fixed"":1,""unan"":false,""key"":""('gamma_LT', ('CTV',""},{""iter"":3,""solved"":7,""failed"":0,""gap_p90"":0,""cache_hr"":43,""fixed"":2,""unan"":true,""key"":null}]}",0.008406679344438735,True,2,OPTIMAL,solution_within_gap,False,,5:1,CTV|5:2,CTV|5|Apr:2;CTV|5|Jul:1;CTV|5|Jun:2;CTV|5|May:2;SOV|5|Aug:1;SOV|5|Dec:2;SOV|5|Feb:1;SOV|5|Jan:1;SOV|5|Mar:1;SOV|5|Nov:1;SOV|5|Oct:1;SOV|5|Sep:1,SOV1|5|Aug:1;SOV1|5|Dec:1;SOV1|5|Feb:1;SOV1|5|Jan:1;SOV1|5|Mar:1;SOV1|5|Nov:1;SOV1|5|Oct:1;SOV1|5|Sep:1;SOV2|5|Dec:1,6;73;140;186;331;438;460,8e1f6eec5f28b6aa,200,1-500,501-1500
12,10,27792803.23388699,8699175.0,19093628.233891536,6210000.0,1811250.0,677925.0,18327006.84667013,481140.62992889335,285480.75728784467,,273.01636068243533,27.77772625349462,25.360199079848826,0.00812035147100687,209.68487906455994,1,2,10,0.03921645792847808,1,3,4,10,0.039994453098680875,1,"{""eta"":[{""iter"":1,""solved"":10,""failed"":0,""gap_p90"":0,""cache_hr"":0,""fixed"":2,""unan"":true,""key"":null}],""gamma_LT"":[{""iter"":1,""solved"":10,""failed"":0,""gap_p90"":0,""cache_hr"":100,""fixed"":1,""unan"":false,""key"":""('gamma_LT', ('CTV',""},{""iter"":2,""solved"":10,""failed"":0,""gap_p90"":0,""cache_hr"":60,""fixed"":1,""unan"":false,""key"":""('gamma_LT', ('SOV',""},{""iter"":3,""solved"":10,""failed"":0,""gap_p90"":0,""cache_hr"":40,""fixed"":2,""unan"":true,""key"":null}]}",0.01338410334022814,True,2,OPTIMAL,solution_within_gap,False,,5:1,CTV|5:2,CTV|5|Apr:1;CTV|5|Dec:2;CTV|5|Jan:2;CTV|5|Jul:1;CTV|5|Jun:1;CTV|5|May:1;SOV|5|Aug:1;SOV|5|Dec:1;SOV|5|Feb:1;SOV|5|Jan:1;SOV|5|Mar:1;SOV|5|Nov:1;SOV|5|Oct:1;SOV|5|Sep:1,SOV1|5|Aug:1;SOV1|5|Dec:1;SOV1|5|Feb:1;SOV1|5|Jan:1;SOV1|5|Mar:1;SOV1|5|Nov:1;SOV1|5|Oct:1;SOV1|5|Sep:1,48;85;91;102;141;152;274;326;423;459,8e1f6eec5f28b6aa,200,1-500,501-1500
12,15,27068566.656546105,9206325.0,17862241.65654014,603750.0,8150625.0,451950.0,17208099.140588764,226683.42006521777,427459.0958919866,,932.5921501023695,29.55704076588154,22.63663105107844,0.012755345553159714,866.681736946106,1,2,15,0.03996619521656242,1,3,4,15,0.039987211512081094,1,"{""eta"":[{""iter"":1,""solved"":15,""failed"":0,""gap_p90"":0,""cache_hr"":0,""fixed"":2,""unan"":true,""key"":null}],""gamma_LT"":[{""iter"":1,""solved"":15,""failed"":0,""gap_p90"":0,""cache_hr"":100,""fixed"":1,""unan"":false,""key"":""('gamma_LT', ('SOV',""},{""iter"":2,""solved"":15,""failed"":0,""gap_p90"":0,""cache_hr"":60,""fixed"":1,""unan"":false,""key"":""('gamma_LT', ('CTV',""},{""iter"":3,""solved"":15,""failed"":0,""gap_p90"":0,""cache_hr"":27,""fixed"":2,""unan"":true,""key"":null}]}",0.0003606842728489635,True,2,OPTIMAL,solution_within_gap,False,,5:1,CTV|5:1;SOV|5:1,CTV|5|Dec:1;CTV|5|Feb:1;CTV|5|Jan:1;CTV|5|Mar:1;CTV|5|Nov:1;CTV|5|Oct:1;CTV|5|Sep:1,SOV1|5|Apr:1;SOV1|5|Aug:1;SOV1|5|Dec:1;SOV1|5|Feb:1;SOV1|5|Jan:1;SOV1|5|Jul:1;SOV1|5|Jun:1;SOV1|5|Mar:1;SOV1|5|May:1;SOV1|5|Nov:1;SOV1|5|Oct:1;SOV1|5|Sep:1,66;82;109;110;165;170;256;293;306;371;398;431;486;496;499,8e1f6eec5f28b6aa,200,1-500,501-1500
12,20,28564473.19599109,9756025.0,18808448.19598445,172500.0,9056250.0,527275.0,18167989.90459234,245177.31432162842,395280.97707706067,,472.40848273877054,35.03895608801395,23.285014418885112,0.009929719381034374,395.78282403945923,1,2,20,0.03972777905863996,1,3,4,20,0.03991880365192064,1,"{""eta"":[{""iter"":1,""solved"":20,""failed"":0,""gap_p90"":0,""cache_hr"":0,""fixed"":2,""unan"":true,""key"":null}],""gamma_LT"":[{""iter"":1,""solved"":20,""failed"":0,""gap_p90"":0,""cache_hr"":100,""fixed"":1,""unan"":false,""key"":""('gamma_LT', ('CTV',""},{""iter"":2,""solved"":20,""failed"":0,""gap_p90"":0,""cache_hr"":75,""fixed"":1,""unan"":false,""key"":""('gamma_LT', ('SOV',""},{""iter"":3,""solved"":20,""failed"":0,""gap_p90"":0,""cache_hr"":70,""fixed"":2,""unan"":true,""key"":null}]}",0.007463050293505809,True,2,OPTIMAL,solution_within_gap,False,,5:1,CTV|5:2;SOV|5:1,CTV|5|Dec:1;CTV|5|Jan:1,SOV1|5|Apr:1;SOV1|5|Aug:1;SOV1|5|Dec:1;SOV1|5|Feb:1;SOV1|5|Jan:1;SOV1|5|Jul:1;SOV1|5|Jun:1;SOV1|5|Mar:1;SOV1|5|May:1;SOV1|5|Nov:1;SOV1|5|Oct:1;SOV1|5|Sep:1,1;33;48;58;93;136;173;186;210;266;287;301;303;305;398;426;443;454;475;490,8e1f6eec5f28b6aa,200,1-500,501-1500
13,1,28709397.187045537,7868875.0,20840522.18704575,4398750.0,2716875.0,753250.0,20081221.969770927,550158.2730841989,209141.94419041052,,19.392505591735244,14.905159564688802,0.00035365018993616104,0.0009944196790456772,1.0120809078216553,1,2,1,0.038265494499800025,1,1,4,1,0.038265494499800025,1,"{""eta"":[{""iter"":1,""solved"":1,""failed"":0,""gap_p90"":0,""cache_hr"":0,""fixed"":2,""unan"":true,""key"":null}],""gamma_LT"":[{""iter"":1,""solved"":1,""failed"":0,""gap_p90"":0,""cache_hr"":100,""fixed"":4,""unan"":true,""key"":null}]}",0.0025111642407814197,True,2,OPTIMAL,solution_within_gap,False,,5:1,CTV|5:3,CTV|5|Jan:1;CTV|5|Jul:2;SOV|5|Dec:1;SOV|5|Feb:1;SOV|5|Jan:1;SOV|5|Nov:1;SOV|5|Oct:1;SOV|5|Sep:1,SOV1|5|Dec:1;SOV1|5|Feb:1;SOV1|5|Jan:1;SOV1|5|Nov:1;SOV1|5|Oct:1;SOV1|5|Sep:1,36,8e1f6eec5f28b6aa,200,1-500,501-1500
13,3,28250975.3787758,9615725.0,18635250.378775842,862500.0,8150625.0,602600.0,17954208.18853811,229658.33237213065,451383.85786557355,,42.14822393283248,17.267301939427853,6.136895766481757,0.002758460119366646,14.045791864395142,1,2,3,0.039261143884753734,1,2,4,3,0.0399748530334204,1,"{""eta"":[{""iter"":1,""solved"":3,""failed"":0,""gap_p90"":0,""cache_hr"":0,""fixed"":2,""unan"":true,""key"":null}],""gamma_LT"":[{""iter"":1,""solved"":3,""failed"":0,""gap_p90"":0,""cache_hr"":100,""fixed"":1,""unan"":false,""key"":""('gamma_LT', ('CTV',""},{""iter"":2,""solved"":3,""failed"":0,""gap_p90"":0,""cache_hr"":33,""fixed"":3,""unan"":true,""key"":null}]}",0.015024260347235984,True,2,OPTIMAL,solution_within_gap,False,,5:1,CTV|5:1;SOV|5:1,CTV|5|Dec:2;CTV|5|Feb:2;CTV|5|Jan:2;CTV|5|Mar:2;CTV|5|May:1;CTV|5|Nov:1,SOV1|5|Apr:1;SOV1|5|Aug:1;SOV1|5|Dec:1;SOV1|5|Feb:1;SOV1|5|Jan:1;SOV1|5|Jul:1;SOV1|5|Jun:1;SOV1|5|Mar:1;SOV1|5|May:1;SOV1|5|Nov:1;SOV1|5|Oct:1;SOV1|5|Sep:1,176;343;425,8e1f6eec5f28b6aa,200,1-500,501-1500
13,5,29739526.565288577,10704200.0,19035326.565287303,8970000.0,905625.0,828575.0,18330972.676911257,399372.92199781863,304980.96637948696,,100.03312286175787,27.12470410205424,22.075518758036196,0.004504277370870113,44.33665490150452,1,2,5,0.03993787654155765,1,3,4,5,0.039995278749088675,1,"{""eta"":[{""iter"":1,""solved"":5,""failed"":0,""gap_p90"":0,""cache_hr"":0,""fixed"":2,""unan"":true,""key"":null}],""gamma_LT"":[{""iter"":1,""solved"":5,""failed"":0,""gap_p90"":0,""cache_hr"":100,""fixed"":1,""unan"":false,""key"":""('gamma_LT', ('SOV',""},{""iter"":2,""solved"":5,""failed"":0,""gap_p90"":0,""cache_hr"":40,""fixed"":1,""unan"":false,""key"":""('gamma_LT', ('CTV',""},{""iter"":3,""solved"":5,""failed"":0,""gap_p90"":0,""cache_hr"":40,""fixed"":2,""unan"":true,""key"":null}]}",0.012215329562068238,True,2,OPTIMAL,solution_within_gap,False,,5:1,CTV|5:1,CTV|5|Apr:1;CTV|5|Aug:1;CTV|5|Dec:1;CTV|5|Feb:1;CTV|5|Jan:1;CTV|5|Jul:2;CTV|5|Jun:2;CTV|5|Mar:1;CTV|5|May:2;CTV|5|Nov:1;CTV|5|Oct:2;CTV|5|Sep:1;SOV|5|Apr:1;SOV|5|Aug:1;SOV|5|Dec:2;SOV|5|Feb:1;SOV|5|Jan:2;SOV|5|Mar:1;SOV|5|Nov:1;SOV|5|Oct:1;SOV|5|Sep:1,SOV1|5|Apr:1;SOV1|5|Aug:1;SOV1|5|Dec:1;SOV1|5|Feb:1;SOV1|5|Jan:1;SOV1|5|Mar:1;SOV1|5|Nov:1;SOV1|5|Oct:1;SOV1|5|Sep:1;SOV2|5|Dec:1;SOV2|5|Jan:1,285;315;357;429;496,8e1f6eec5f28b6aa,200,1-500,501-1500
13,7,29037773.865532838,9194825.0,19842948.8655354,6555000.0,1811250.0,828575.0,19110741.171254613,438448.59946292423,293759.0948153664,,339.9613690627739,25.47437961306423,22.22057833801955,0.006319299340248108,284.3094549179077,1,2,7,0.03903235035809984,1,3,4,7,0.03997035620294263,1,"{""eta"":[{""iter"":1,""solved"":7,""failed"":0,""gap_p90"":0,""cache_hr"":0,""fixed"":2,""unan"":true,""key"":null}],""gamma_LT"":[{""iter"":1,""solved"":7,""failed"":0,""gap_p90"":0,""cache_hr"":100,""fixed"":1,""unan"":false,""key"":""('gamma_LT', ('SOV',""},{""iter"":2,""solved"":7,""failed"":0,""gap_p90"":0,""cache_hr"":43,""fixed"":1,""unan"":false,""key"":""('gamma_LT', ('CTV',""},{""iter"":3,""solved"":7,""failed"":0,""gap_p90"":0,""cache_hr"":57,""fixed"":2,""unan"":true,""key"":null}]}",0.00010144540047922013,True,2,OPTIMAL,solution_within_gap,False,,5:1,CTV|5:2,CTV|5|Aug:1;CTV|5|Jul:1;CTV|5|Jun:1;CTV|5|May:1;SOV|5|Apr:1;SOV|5|Dec:2;SOV|5|Feb:1;SOV|5|Jan:1;SOV|5|Mar:1;SOV|5|Nov:1;SOV|5|Oct:1;SOV|5|Sep:1,SOV1|5|Apr:1;SOV1|5|Dec:1;SOV1|5|Feb:1;SOV1|5|Jan:1;SOV1|5|Mar:1;SOV1|5|Nov:1;SOV1|5|Oct:1;SOV1|5|Sep:1;SOV2|5|Dec:1,51;107;115;148;152;331;341,8e1f6eec5f28b6aa,200,1-500,501-1500
13,10,30840310.645690773,11156725.0,19683585.64569518,1121250.0,9056250.0,979225.0,19044503.68120006,246187.7388120511,392894.2256788144,,210.64486729726195,27.004798686131835,24.440005261451006,0.008854025043547153,148.83127689361572,1,2,10,0.039831026539044856,1,3,4,10,0.03999602775040923,1,"{""eta"":[{""iter"":1,""solved"":10,""failed"":0,""gap_p90"":0,""cache_hr"":0,""fixed"":2,""unan"":true,""key"":null}],""gamma_LT"":[{""iter"":1,""solved"":10,""failed"":0,""gap_p90"":0,""cache_hr"":100,""fixed"":1,""unan"":false,""key"":""('gamma_LT', ('CTV',""},{""iter"":2,""solved"":10,""failed"":0,""gap_p90"":0,""cache_hr"":60,""fixed"":1,""unan"":false,""key"":""('gamma_LT', ('SOV',""},{""iter"":3,""solved"":10,""failed"":0,""gap_p90"":0,""cache_hr"":60,""fixed"":2,""unan"":true,""key"":null}]}",0.010136508235549678,True,2,OPTIMAL,solution_within_gap,False,,5:1,CTV|5:2;SOV|5:1,CTV|5|Dec:2;CTV|5|Jan:3;SOV|5|Feb:1,SOV1|5|Apr:1;SOV1|5|Aug:1;SOV1|5|Dec:1;SOV1|5|Feb:1;SOV1|5|Jan:1;SOV1|5|Jul:1;SOV1|5|Jun:1;SOV1|5|Mar:1;SOV1|5|May:1;SOV1|5|Nov:1;SOV1|5|Oct:1;SOV1|5|Sep:1;SOV2|5|Feb:1,34;46;259;265;289;312;359;398;401;449,8e1f6eec5f28b6aa,200,1-500,501-1500
13,15,28778997.334595725,10327000.0,18451997.33458989,517500.0,9056250.0,753250.0,17767357.71843619,261821.96552223133,422817.65063716815,,373.89535879250616,31.025349372066557,18.283969932235777,0.011726328171789646,310.74269008636475,1,2,15,0.039918091656105485,1,3,4,15,0.03996295278254306,1,"{""eta"":[{""iter"":1,""solved"":15,""failed"":0,""gap_p90"":0,""cache_hr"":0,""fixed"":2,""unan"":true,""key"":null}],""gamma_LT"":[{""iter"":1,""solved"":15,""failed"":0,""gap_p90"":0,""cache_hr"":100,""fixed"":1,""unan"":false,""key"":""('gamma_LT', ('CTV',""},{""iter"":2,""solved"":15,""failed"":0,""gap_p90"":0,""cache_hr"":60,""fixed"":1,""unan"":false,""key"":""('gamma_LT', ('SOV',""},{""iter"":3,""solved"":15,""failed"":0,""gap_p90"":0,""cache_hr"":67,""fixed"":2,""unan"":true,""key"":null}]}",0.0067914822860039485,True,2,OPTIMAL,solution_within_gap,False,,5:1,CTV|5:2;SOV|5:1,CTV|5|Dec:4;CTV|5|Feb:1;CTV|5|Jan:1,SOV1|5|Apr:1;SOV1|5|Aug:1;SOV1|5|Dec:1;SOV1|5|Feb:1;SOV1|5|Jan:1;SOV1|5|Jul:1;SOV1|5|Jun:1;SOV1|5|Mar:1;SOV1|5|May:1;SOV1|5|Nov:1;SOV1|5|Oct:1;SOV1|5|Sep:1,12;30;94;123;153;154;250;279;298;313;319;331;364;421;492,8e1f6eec5f28b6aa,200,1-500,501-1500
13,20,29264627.836020894,8818200.0,20446427.836014226,6555000.0,1811250.0,451950.0,19693324.26251259,472401.6183478632,280701.95516046253,,686.1945353960618,34.22792998701334,35.0399064430967,0.016791701316833496,598.8567891120911,1,2,20,0.03985274868526895,1,3,4,20,0.039991482492695435,1,"{""eta"":[{""iter"":1,""solved"":20,""failed"":0,""gap_p90"":0,""cache_hr"":0,""fixed"":2,""unan"":true,""key"":null}],""gamma_LT"":[{""iter"":1,""solved"":20,""failed"":0,""gap_p90"":0,""cache_hr"":100,""fixed"":1,""unan"":false,""key"":""('gamma_LT', ('SOV',""},{""iter"":2,""solved"":20,""failed"":0,""gap_p90"":0,""cache_hr"":45,""fixed"":1,""unan"":false,""key"":""('gamma_LT', ('CTV',""},{""iter"":3,""solved"":20,""failed"":0,""gap_p90"":0,""cache_hr"":55,""fixed"":2,""unan"":true,""key"":null}]}",0.018889433224746625,True,2,OPTIMAL,solution_within_gap,False,,5:1,CTV|5:2,CTV|5|Apr:1;CTV|5|Aug:1;CTV|5|Dec:1;CTV|5|Feb:1;CTV|5|Jan:1;CTV|5|Jul:1;CTV|5|Jun:1;CTV|5|Mar:1;CTV|5|May:1;CTV|5|Nov:1;CTV|5|Oct:1;CTV|5|Sep:1;SOV|5|Apr:1;SOV|5|Dec:1;SOV|5|Feb:1;SOV|5|Jan:1;SOV|5|Mar:1;SOV|5|Nov:1;SOV|5|Oct:1;SOV|5|Sep:1,SOV1|5|Apr:1;SOV1|5|Dec:1;SOV1|5|Feb:1;SOV1|5|Jan:1;SOV1|5|Mar:1;SOV1|5|Nov:1;SOV1|5|Oct:1;SOV1|5|Sep:1,14;62;73;125;130;142;148;169;199;201;228;243;248;266;286;347;353;371;417;488,8e1f6eec5f28b6aa,200,1-500,501-1500
14,1,28618889.68341244,10176350.0,18442539.683412567,517500.0,9056250.0,602600.0,17730506.523065437,342667.46206015744,369365.69828682765,,22.412803321145475,16.91161453165114,0.00035074353218078613,0.0009930115193128586,1.6190009117126465,1,2,1,0.039088502420387514,1,1,4,1,0.039088502420387514,1,"{""eta"":[{""iter"":1,""solved"":1,""failed"":0,""gap_p90"":0,""cache_hr"":0,""fixed"":2,""unan"":true,""key"":null}],""gamma_LT"":[{""iter"":1,""solved"":1,""failed"":0,""gap_p90"":0,""cache_hr"":100,""fixed"":4,""unan"":true,""key"":null}]}",0.01326560994247627,True,2,OPTIMAL,solution_within_gap,False,,5:1,CTV|5:2;SOV|5:1,CTV|5|Aug:2;CTV|5|Nov:1;CTV|5|Oct:1;CTV|5|Sep:2,SOV1|5|Apr:1;SOV1|5|Aug:1;SOV1|5|Dec:1;SOV1|5|Feb:1;SOV1|5|Jan:1;SOV1|5|Jul:1;SOV1|5|Jun:1;SOV1|5|Mar:1;SOV1|5|May:1;SOV1|5|Nov:1;SOV1|5|Oct:1;SOV1|5|Sep:1,158,8e1f6eec5f28b6aa,200,1-500,501-1500
14,3,29606255.735037487,11685150.0,17921105.735037453,1725000.0,9056250.0,903900.0,17356464.62129021,224279.9219379286,340361.19180937205,,53.23705444205552,25.074579290114343,11.277927038259804,0.001364714466035366,11.612979173660278,1,2,3,0.039368015671356664,1,3,4,3,0.03952539564619338,1,"{""eta"":[{""iter"":1,""solved"":3,""failed"":0,""gap_p90"":0,""cache_hr"":0,""fixed"":2,""unan"":true,""key"":null}],""gamma_LT"":[{""iter"":1,""solved"":3,""failed"":0,""gap_p90"":0,""cache_hr"":100,""fixed"":1,""unan"":false,""key"":""('gamma_LT', ('CTV',""},{""iter"":2,""solved"":3,""failed"":0,""gap_p90"":0,""cache_hr"":67,""fixed"":1,""unan"":false,""key"":""('gamma_LT', ('SOV',""},{""iter"":3,""solved"":3,""failed"":0,""gap_p90"":0,""cache_hr"":67,""fixed"":2,""unan"":true,""key"":null}]}",0.01793976866559086,True,2,OPTIMAL,solution_within_gap,False,,5:1,CTV|5:2;SOV|5:1,CTV|5|Dec:1;CTV|5|Jan:1;CTV|5|Jul:1;CTV|5|Jun:1;SOV|5|Dec:1;SOV|5|Nov:1,SOV1|5|Apr:1;SOV1|5|Aug:1;SOV1|5|Dec:1;SOV1|5|Feb:1;SOV1|5|Jan:1;SOV1|5|Jul:1;SOV1|5|Jun:1;SOV1|5|Mar:1;SOV1|5|May:1;SOV1|5|Nov:1;SOV1|5|Oct:1;SOV1|5|Sep:1;SOV2|5|Dec:1;SOV2|5|Nov:1,76;238;463,8e1f6eec5f28b6aa,200,1-500,501-1500
14,5,28651281.148429524,7761350.0,20889931.14842802,5347500.0,1811250.0,602600.0,20091928.332887445,573260.8948360643,224741.92070597343,,89.54814262408763,22.87058346066624,24.47259105090052,0.002228429540991783,35.619060039520264,1,2,5,0.03997528138243999,1,3,4,5,0.03997528138243999,1,"{""eta"":[{""iter"":1,""solved"":5,""failed"":0,""gap_p90"":0,""cache_hr"":0,""fixed"":2,""unan"":true,""key"":null}],""gamma_LT"":[{""iter"":1,""solved"":5,""failed"":0,""gap_p90"":0,""cache_hr"":100,""fixed"":1,""unan"":false,""key"":""('gamma_LT', ('SOV',""},{""iter"":2,""solved"":5,""failed"":0,""gap_p90"":0,""cache_hr"":40,""fixed"":1,""unan"":false,""key"":""('gamma_LT', ('CTV',""},{""iter"":3,""solved"":5,""failed"":0,""gap_p90"":0,""cache_hr"":60,""fixed"":2,""unan"":true,""key"":null}]}",0.01927161171442636,True,2,OPTIMAL,solution_within_gap,False,,5:1,CTV|5:2,CTV|5|Apr:2;CTV|5|Aug:2;CTV|5|Dec:1;CTV|5|Feb:1;CTV|5|Jan:1;CTV|5|Jul:2;CTV|5|Jun:2;CTV|5|Mar:1;CTV|5|May:2;SOV|5|Dec:1;SOV|5|Feb:1;SOV|5|Jan:1;SOV|5|Nov:1;SOV|5|Oct:1;SOV|5|Sep:1,SOV1|5|Dec:1;SOV1|5|Feb:1;SOV1|5|Jan:1;SOV1|5|Nov:1;SOV1|5|Oct:1;SOV1|5|Sep:1,37;78;249;367;462,8e1f6eec5f28b6aa,200,1-500,501-1500
14,7,28415622.936541002,9669775.0,18745847.936542783,86250.0,9056250.0,527275.0,18089260.16422108,249826.4505787162,406761.3217411977,,99.4628935791552,27.104294332675636,18.733541725203395,0.005692416802048683,45.127609968185425,1,2,7,0.0382650954108368,1,3,4,7,0.03995936755024254,1,"{""eta"":[{""iter"":1,""solved"":7,""failed"":0,""gap_p90"":0,""cache_hr"":0,""fixed"":2,""unan"":true,""key"":null}],""gamma_LT"":[{""iter"":1,""solved"":7,""failed"":0,""gap_p90"":0,""cache_hr"":100,""fixed"":1,""unan"":false,""key"":""('gamma_LT', ('CTV',""},{""iter"":2,""solved"":7,""failed"":0,""gap_p90"":0,""cache_hr"":71,""fixed"":1,""unan"":false,""key"":""('gamma_LT', ('SOV',""},{""iter"":3,""solved"":7,""failed"":0,""gap_p90"":0,""cache_hr"":71,""fixed"":2,""unan"":true,""key"":null}]}",0.004522616216226451,True,2,OPTIMAL,solution_within_gap,False,,5:1,CTV|5:2;SOV|5:1,CTV|5|Jan:1,SOV1|5|Apr:1;SOV1|5|Aug:1;SOV1|5|Dec:1;SOV1|5|Feb:1;SOV1|5|Jan:1;SOV1|5|Jul:1;SOV1|5|Jun:1;SOV1|5|Mar:1;SOV1|5|May:1;SOV1|5|Nov:1;SOV1|5|Oct:1;SOV1|5|Sep:1,29;61;97;279;427;492;498,8e1f6eec5f28b6aa,200,1-500,501-1500
14,10,27922917.82619036,9917600.0,18005317.826194905,258750.0,9056250.0,602600.0,17352501.049510516,252257.66233991054,400559.1143400482,,163.35207731463015,27.474849849008024,14.908413439057767,0.008788013830780983,110.88055396080017,1,2,10,0.038847380523947116,1,3,4,10,0.03991953933475975,1,"{""eta"":[{""iter"":1,""solved"":10,""failed"":0,""gap_p90"":0,""cache_hr"":0,""fixed"":2,""unan"":true,""key"":null}],""gamma_LT"":[{""iter"":1,""solved"":10,""failed"":0,""gap_p90"":0,""cache_hr"":100,""fixed"":1,""unan"":false,""key"":""('gamma_LT', ('CTV',""},{""iter"":2,""solved"":10,""failed"":0,""gap_p90"":0,""cache_hr"":70,""fixed"":1,""unan"":false,""key"":""('gamma_LT', ('SOV',""},{""iter"":3,""solved"":10,""failed"":0,""gap_p90"":0,""cache_hr"":50,""fixed"":2,""unan"":true,""key"":null}]}",0.010101222279030554,True,2,OPTIMAL,solution_within_gap,False,,5:1,CTV|5:2;SOV|5:1,CTV|5|Dec:1;CTV|5|Jan:1;CTV|5|May:1,SOV1|5|Apr:1;SOV1|5|Aug:1;SOV1|5|Dec:1;SOV1|5|Feb:1;SOV1|5|Jan:1;SOV1|5|Jul:1;SOV1|5|Jun:1;SOV1|5|Mar:1;SOV1|5|May:1;SOV1|5|Nov:1;SOV1|5|Oct:1;SOV1|5|Sep:1,25;30;32;138;142;179;194;224;325;365,8e1f6eec5f28b6aa,200,1-500,501-1500
14,15,27899323.167756207,8612925.0,19286398.16774935,6123750.0,1811250.0,677925.0,18505452.755910415,477506.0267748439,303439.3850709397,,799.7824036516249,31.024559462442994,33.32599949091673,0.004885397851467133,721.5858941078186,1,2,15,0.03967820095227006,1,3,4,15,0.03999839910601803,1,"{""eta"":[{""iter"":1,""solved"":15,""failed"":0,""gap_p90"":0,""cache_hr"":0,""fixed"":2,""unan"":true,""key"":null}],""gamma_LT"":[{""iter"":1,""solved"":15,""failed"":0,""gap_p90"":0,""cache_hr"":100,""fixed"":1,""unan"":false,""key"":""('gamma_LT', ('CTV',""},{""iter"":2,""solved"":15,""failed"":0,""gap_p90"":0,""cache_hr"":80,""fixed"":1,""unan"":false,""key"":""('gamma_LT', ('SOV',""},{""iter"":3,""solved"":15,""failed"":0,""gap_p90"":0,""cache_hr"":40,""fixed"":2,""unan"":true,""key"":null}]}",0.004854647076917425,True,2,OPTIMAL,solution_within_gap,False,,5:1,CTV|5:2,CTV|5|Apr:1;CTV|5|Dec:1;CTV|5|Jan:1;CTV|5|Jul:1;CTV|5|Jun:1;CTV|5|May:2;SOV|5|Aug:1;SOV|5|Dec:1;SOV|5|Feb:1;SOV|5|Jan:1;SOV|5|Mar:1;SOV|5|Nov:1;SOV|5|Oct:1;SOV|5|Sep:1,SOV1|5|Aug:1;SOV1|5|Dec:1;SOV1|5|Feb:1;SOV1|5|Jan:1;SOV1|5|Mar:1;SOV1|5|Nov:1;SOV1|5|Oct:1;SOV1|5|Sep:1,30;81;139;300;309;322;326;336;364;395;406;407;439;462;493,8e1f6eec5f28b6aa,200,1-500,501-1500
14,20,27908316.55934983,9756025.0,18152291.559343293,172500.0,9056250.0,527275.0,17490310.570789833,253978.2417708225,408002.7467891315,,631.780166679062,36.067178789526224,20.177608320489526,0.01648832857608795,558.5924828052521,1,2,20,0.03991594091320322,1,3,4,20,0.03991880365192064,1,"{""eta"":[{""iter"":1,""solved"":20,""failed"":0,""gap_p90"":0,""cache_hr"":0,""fixed"":2,""unan"":true,""key"":null}],""gamma_LT"":[{""iter"":1,""solved"":20,""failed"":0,""gap_p90"":0,""cache_hr"":100,""fixed"":1,""unan"":false,""key"":""('gamma_LT', ('CTV',""},{""iter"":2,""solved"":20,""failed"":0,""gap_p90"":0,""cache_hr"":75,""fixed"":1,""unan"":false,""key"":""('gamma_LT', ('SOV',""},{""iter"":3,""solved"":20,""failed"":0,""gap_p90"":0,""cache_hr"":65,""fixed"":2,""unan"":true,""key"":null}]}",0.007170373197007995,True,2,OPTIMAL,solution_within_gap,False,,5:1,CTV|5:2;SOV|5:1,CTV|5|Dec:1;CTV|5|Jan:1,SOV1|5|Apr:1;SOV1|5|Aug:1;SOV1|5|Dec:1;SOV1|5|Feb:1;SOV1|5|Jan:1;SOV1|5|Jul:1;SOV1|5|Jun:1;SOV1|5|Mar:1;SOV1|5|May:1;SOV1|5|Nov:1;SOV1|5|Oct:1;SOV1|5|Sep:1,3;10;15;29;64;82;151;203;209;304;325;397;442;457;465;467;482;485;490;491,8e1f6eec5f28b6aa,200,1-500,501-1500
15,1,25815974.869356178,8073575.0,17742399.869356375,5433750.0,1811250.0,828575.0,16960535.168967858,576781.8737544325,205082.8266338836,,24.91779972985387,19.839532328769565,0.00018731039017438889,0.0005651172250509262,1.062258005142212,1,2,1,0.029220206660841838,1,1,4,1,0.029220206660841838,1,"{""eta"":[{""iter"":1,""solved"":1,""failed"":0,""gap_p90"":0,""cache_hr"":0,""fixed"":2,""unan"":true,""key"":null}],""gamma_LT"":[{""iter"":1,""solved"":1,""failed"":0,""gap_p90"":0,""cache_hr"":100,""fixed"":4,""unan"":true,""key"":null}]}",0.002440906879721689,True,2,OPTIMAL,solution_within_gap,False,,5:1,CTV|5:2,CTV|5|Apr:1;CTV|5|Aug:1;CTV|5|Feb:1;CTV|5|Jul:1;CTV|5|Jun:1;CTV|5|Mar:1;CTV|5|May:1;SOV|5|Dec:2;SOV|5|Feb:1;SOV|5|Jan:1;SOV|5|Nov:1;SOV|5|Oct:1;SOV|5|Sep:1,SOV1|5|Dec:1;SOV1|5|Feb:1;SOV1|5|Jan:1;SOV1|5|Nov:1;SOV1|5|Oct:1;SOV1|5|Sep:1;SOV2|5|Dec:1,78,8e1f6eec5f28b6aa,200,1-500,501-1500
15,3,26204772.995780095,9745100.0,16459672.995780008,7331250.0,1811250.0,602600.0,15770830.308698956,339638.80008024845,349203.8870008872,,67.62257762160152,27.479539124295115,19.85288631077856,0.0027864621952176094,15.613407850265503,1,2,3,0.03810760483849409,1,3,4,3,0.039995984433881956,1,"{""eta"":[{""iter"":1,""solved"":3,""failed"":0,""gap_p90"":0,""cache_hr"":0,""fixed"":2,""unan"":true,""key"":null}],""gamma_LT"":[{""iter"":1,""solved"":3,""failed"":0,""gap_p90"":0,""cache_hr"":100,""fixed"":1,""unan"":false,""key"":""('gamma_LT', ('SOV',""},{""iter"":2,""solved"":3,""failed"":0,""gap_p90"":0,""cache_hr"":33,""fixed"":1,""unan"":false,""key"":""('gamma_LT', ('CTV',""},{""iter"":3,""solved"":3,""failed"":0,""gap_p90"":0,""cache_hr"":33,""fixed"":2,""unan"":true,""key"":null}]}",0.01463439594209425,True,2,OPTIMAL,solution_within_gap,False,,5:1,CTV|5:2,CTV|5|Dec:1;CTV|5|Feb:1;CTV|5|Jan:1;CTV|5|Jul:1;CTV|5|Jun:1;SOV|5|Apr:1;SOV|5|Aug:1;SOV|5|Dec:1;SOV|5|Feb:1;SOV|5|Jan:1;SOV|5|Mar:1;SOV|5|May:1;SOV|5|Nov:1;SOV|5|Oct:1;SOV|5|Sep:1,SOV1|5|Apr:1;SOV1|5|Aug:1;SOV1|5|Dec:1;SOV1|5|Feb:1;SOV1|5|Jan:1;SOV1|5|Mar:1;SOV1|5|May:1;SOV1|5|Nov:1;SOV1|5|Oct:1;SOV1|5|Sep:1,68;86;303,8e1f6eec5f28b6aa,200,1-500,501-1500
15,5,26493929.197614305,7599775.0,18894154.197612762,5261250.0,1811250.0,527275.0,18105403.08158697,532398.2979195063,256352.81810781275,,66.06731925532222,23.80714366864413,11.459112412296236,0.009852957911789417,23.867560148239136,1,2,5,0.03938764713178323,1,3,4,5,0.039991908369368986,1,"{""eta"":[{""iter"":1,""solved"":5,""failed"":0,""gap_p90"":0,""cache_hr"":0,""fixed"":2,""unan"":true,""key"":null}],""gamma_LT"":[{""iter"":1,""solved"":5,""failed"":0,""gap_p90"":0,""cache_hr"":100,""fixed"":1,""unan"":false,""key"":""('gamma_LT', ('CTV',""},{""iter"":2,""solved"":5,""failed"":0,""gap_p90"":0,""cache_hr"":80,""fixed"":1,""unan"":false,""key"":""('gamma_LT', ('SOV',""},{""iter"":3,""solved"":5,""failed"":0,""gap_p90"":0,""cache_hr"":60,""fixed"":2,""unan"":true,""key"":null}]}",0.01424378133646139,True,2,OPTIMAL,solution_within_gap,False,,5:1,CTV|5:2,CTV|5|Apr:1;CTV|5|Aug:1;CTV|5|Jul:1;CTV|5|Jun:1;CTV|5|May:1;SOV|5|Dec:1;SOV|5|Feb:1;SOV|5|Jan:1;SOV|5|Mar:1;SOV|5|Nov:1;SOV|5|Oct:1;SOV|5|Sep:1,SOV1|5|Dec:1;SOV1|5|Feb:1;SOV1|5|Jan:1;SOV1|5|Mar:1;SOV1|5|Nov:1;SOV1|5|Oct:1;SOV1|5|Sep:1,44;67;115;142;351,8e1f6eec5f28b6aa,200,1-500,501-1500
15,7,28559279.15854854,10262600.0,18296679.158550274,603750.0,9056250.0,602600.0,17655252.572272804,265561.03270879743,375865.55356689385,,140.9541351897642,23.81458198558539,15.972180336713791,0.0061966776847839355,93.14351487159729,1,2,7,0.03960370897310739,1,3,4,7,0.039912843303212625,1,"{""eta"":[{""iter"":1,""solved"":7,""failed"":0,""gap_p90"":0,""cache_hr"":0,""fixed"":2,""unan"":true,""key"":null}],""gamma_LT"":[{""iter"":1,""solved"":7,""failed"":0,""gap_p90"":0,""cache_hr"":100,""fixed"":1,""unan"":false,""key"":""('gamma_LT', ('CTV',""},{""iter"":2,""solved"":7,""failed"":0,""gap_p90"":0,""cache_hr"":71,""fixed"":1,""unan"":false,""key"":""('gamma_LT', ('SOV',""},{""iter"":3,""solved"":7,""failed"":0,""gap_p90"":0,""cache_hr"":71,""fixed"":2,""unan"":true,""key"":null}]}",0.013772693410727965,True,2,OPTIMAL,solution_within_gap,False,,5:1,CTV|5:2;SOV|5:1,CTV|5|Apr:1;CTV|5|Dec:2;CTV|5|Feb:1;CTV|5|Jan:2;CTV|5|Mar:1,SOV1|5|Apr:1;SOV1|5|Aug:1;SOV1|5|Dec:1;SOV1|5|Feb:1;SOV1|5|Jan:1;SOV1|5|Jul:1;SOV1|5|Jun:1;SOV1|5|Mar:1;SOV1|5|May:1;SOV1|5|Nov:1;SOV1|5|Oct:1;SOV1|5|Sep:1,112;264;280;289;350;368;475,8e1f6eec5f28b6aa,200,1-500,501-1500
15,10,27905405.965297714,9508200.0,18397205.965302218,0.0,9056250.0,451950.0,17738180.55330658,239568.01585041045,419457.39614084543,,214.54149533156306,27.229599945247173,20.621623219922185,0.007888058200478554,156.21889686584473,1,2,10,0.03996619521656242,1,3,4,10,0.03999161036947614,1,"{""eta"":[{""iter"":1,""solved"":10,""failed"":0,""gap_p90"":0,""cache_hr"":0,""fixed"":2,""unan"":true,""key"":null}],""gamma_LT"":[{""iter"":1,""solved"":10,""failed"":0,""gap_p90"":0,""cache_hr"":100,""fixed"":1,""unan"":false,""key"":""('gamma_LT', ('CTV',""},{""iter"":2,""solved"":10,""failed"":0,""gap_p90"":0,""cache_hr"":70,""fixed"":1,""unan"":false,""key"":""('gamma_LT', ('SOV',""},{""iter"":3,""solved"":10,""failed"":0,""gap_p90"":0,""cache_hr"":60,""fixed"":2,""unan"":true,""key"":null}]}",0.011685430527221269,True,2,OPTIMAL,solution_within_gap,False,,5:1,CTV|5:2;SOV|5:1,,SOV1|5|Apr:1;SOV1|5|Aug:1;SOV1|5|Dec:1;SOV1|5|Feb:1;SOV1|5|Jan:1;SOV1|5|Jul:1;SOV1|5|Jun:1;SOV1|5|Mar:1;SOV1|5|May:1;SOV1|5|Nov:1;SOV1|5|Oct:1;SOV1|5|Sep:1,54;112;116;128;171;200;358;371;399;494,8e1f6eec5f28b6aa,200,1-500,501-1500
15,15,29249298.758263584,11351075.0,17898223.75825771,1466250.0,9056250.0,828575.0,17301171.331255596,216826.71149336913,380225.71551442664,,281.3198773544282,27.892483179457486,20.492803408764303,0.004856035113334656,218.60413885116577,1,2,15,0.039294632333872336,1,3,4,15,0.03998525402174314,1,"{""eta"":[{""iter"":1,""solved"":15,""failed"":0,""gap_p90"":0,""cache_hr"":0,""fixed"":2,""unan"":true,""key"":null}],""gamma_LT"":[{""iter"":1,""solved"":15,""failed"":0,""gap_p90"":0,""cache_hr"":100,""fixed"":1,""unan"":false,""key"":""('gamma_LT', ('CTV',""},{""iter"":2,""solved"":15,""failed"":0,""gap_p90"":0,""cache_hr"":67,""fixed"":1,""unan"":false,""key"":""('gamma_LT', ('SOV',""},{""iter"":3,""solved"":15,""failed"":0,""gap_p90"":0,""cache_hr"":67,""fixed"":2,""unan"":true,""key"":null}]}",0.006195257519484586,True,2,OPTIMAL,solution_within_gap,False,,5:1,CTV|5:2;SOV|5:1,CTV|5|Dec:1;SOV|5|Dec:1;SOV|5|Jan:1,SOV1|5|Apr:1;SOV1|5|Aug:1;SOV1|5|Dec:1;SOV1|5|Feb:1;SOV1|5|Jan:1;SOV1|5|Jul:1;SOV1|5|Jun:1;SOV1|5|Mar:1;SOV1|5|May:1;SOV1|5|Nov:1;SOV1|5|Oct:1;SOV1|5|Sep:1;SOV2|5|Dec:1;SOV2|5|Jan:1,21;52;57;60;70;97;101;138;188;243;318;319;352;385;401,8e1f6eec5f28b6aa,200,1-500,501-1500
15,20,28563870.047857895,10499500.0,18064370.04785147,690000.0,9056250.0,753250.0,17429019.902308054,234650.97926376632,400699.1662859097,,448.5920511893928,28.608870613388717,21.372396290302277,0.006141681224107742,381.0702340602875,1,2,20,0.03951985614993992,1,3,4,20,0.03998763064060121,1,"{""eta"":[{""iter"":1,""solved"":20,""failed"":0,""gap_p90"":0,""cache_hr"":0,""fixed"":2,""unan"":true,""key"":null}],""gamma_LT"":[{""iter"":1,""solved"":20,""failed"":0,""gap_p90"":0,""cache_hr"":100,""fixed"":1,""unan"":false,""key"":""('gamma_LT', ('SOV',""},{""iter"":2,""solved"":20,""failed"":0,""gap_p90"":0,""cache_hr"":85,""fixed"":1,""unan"":false,""key"":""('gamma_LT', ('CTV',""},{""iter"":3,""solved"":20,""failed"":0,""gap_p90"":0,""cache_hr"":75,""fixed"":2,""unan"":true,""key"":null}]}",0.014065058740244923,True,2,OPTIMAL,solution_within_gap,False,,5:1,CTV|5:2;SOV|5:1,SOV|5|Dec:1,SOV1|5|Apr:1;SOV1|5|Aug:1;SOV1|5|Dec:1;SOV1|5|Feb:1;SOV1|5|Jan:1;SOV1|5|Jul:1;SOV1|5|Jun:1;SOV1|5|Mar:1;SOV1|5|May:1;SOV1|5|Nov:1;SOV1|5|Oct:1;SOV1|5|Sep:1;SOV2|5|Dec:1,15;45;83;158;167;221;245;247;258;277;287;295;327;333;353;402;433;464;472;481,8e1f6eec5f28b6aa,200,1-500,501-1500
16,1,27460839.019913375,7685450.0,19775389.019913584,4140000.0,2716875.0,828575.0,19022846.702902753,587277.6197074759,165264.69730314342,,28.335209051147103,24.068676001392305,0.00012251734733581543,0.0003468003123998642,0.8596899509429932,1,2,1,0.030663315683773357,1,1,4,1,0.030663315683773357,1,"{""eta"":[{""iter"":1,""solved"":1,""failed"":0,""gap_p90"":0,""cache_hr"":0,""fixed"":2,""unan"":true,""key"":null}],""gamma_LT"":[{""iter"":1,""solved"":1,""failed"":0,""gap_p90"":0,""cache_hr"":100,""fixed"":4,""unan"":true,""key"":null}]}",0.01824274427695892,True,2,OPTIMAL,solution_within_gap,False,,5:1,CTV|5:3,SOV|5|Dec:1;SOV|5|Feb:1;SOV|5|Jan:2;SOV|5|Mar:1;SOV|5|Nov:1,SOV1|5|Dec:1;SOV1|5|Feb:1;SOV1|5|Jan:1;SOV1|5|Mar:1;SOV1|5|Nov:1;SOV2|5|Jan:1,284,8e1f6eec5f28b6aa,200,1-500,501-1500
16,3,28581321.942559764,10499500.0,18081821.94255969,690000.0,9056250.0,753250.0,17409311.165551443,295504.92902354547,377005.84798477264,,48.97789295576513,25.017849928699434,5.253165150992572,0.0009863795712590218,13.90224003791809,1,2,3,0.03934062798184271,1,2,4,3,0.039972979122159386,1,"{""eta"":[{""iter"":1,""solved"":3,""failed"":0,""gap_p90"":0,""cache_hr"":0,""fixed"":2,""unan"":true,""key"":null}],""gamma_LT"":[{""iter"":1,""solved"":3,""failed"":0,""gap_p90"":0,""cache_hr"":100,""fixed"":1,""unan"":false,""key"":""('gamma_LT', ('CTV',""},{""iter"":2,""solved"":3,""failed"":0,""gap_p90"":0,""cache_hr"":67,""fixed"":3,""unan"":true,""key"":null}]}",0.0034508423125297555,True,2,OPTIMAL,solution_within_gap,False,,5:1,CTV|5:2;SOV|5:1,SOV|5|Dec:1,SOV1|5|Apr:1;SOV1|5|Aug:1;SOV1|5|Dec:1;SOV1|5|Feb:1;SOV1|5|Jan:1;SOV1|5|Jul:1;SOV1|5|Jun:1;SOV1|5|Mar:1;SOV1|5|May:1;SOV1|5|Nov:1;SOV1|5|Oct:1;SOV1|5|Sep:1;SOV2|5|Dec:1,9;142;215,8e1f6eec5f28b6aa,200,1-500,501-1500
16,5,27620974.417125992,10165425.0,17455549.417124614,431250.0,9056250.0,677925.0,16812200.569109585,247022.4631474805,396326.38486882154,,77.52938490640372,28.20523725822568,18.035241630859673,0.004349150694906712,23.946213006973267,1,2,5,0.03996619521656242,1,3,4,5,0.039998664611546865,1,"{""eta"":[{""iter"":1,""solved"":5,""failed"":0,""gap_p90"":0,""cache_hr"":0,""fixed"":2,""unan"":true,""key"":null}],""gamma_LT"":[{""iter"":1,""solved"":5,""failed"":0,""gap_p90"":0,""cache_hr"":100,""fixed"":1,""unan"":false,""key"":""('gamma_LT', ('CTV',""},{""iter"":2,""solved"":5,""failed"":0,""gap_p90"":0,""cache_hr"":60,""fixed"":1,""unan"":false,""key"":""('gamma_LT', ('SOV',""},{""iter"":3,""solved"":5,""failed"":0,""gap_p90"":0,""cache_hr"":80,""fixed"":2,""unan"":true,""key"":null}]}",0.006574206044405606,True,2,OPTIMAL,solution_within_gap,False,,5:1,CTV|5:2;SOV|5:1,CTV|5|Dec:1;CTV|5|Jan:2;CTV|5|Mar:1;CTV|5|Nov:1,SOV1|5|Apr:1;SOV1|5|Aug:1;SOV1|5|Dec:1;SOV1|5|Feb:1;SOV1|5|Jan:1;SOV1|5|Jul:1;SOV1|5|Jun:1;SOV1|5|Mar:1;SOV1|5|May:1;SOV1|5|Nov:1;SOV1|5|Oct:1;SOV1|5|Sep:1,39;371;407;427;432,8e1f6eec5f28b6aa,200,1-500,501-1500
16,7,28828156.99728349,9917600.0,18910556.997285157,258750.0,9056250.0,602600.0,18246007.04461859,253536.0382594375,411013.9144054598,,175.662980097346,33.53751762211323,22.050971617922187,0.005499246530234814,111.70453381538391,1,2,7,0.03939003720261699,1,3,4,7,0.039490280391139825,1,"{""eta"":[{""iter"":1,""solved"":7,""failed"":0,""gap_p90"":0,""cache_hr"":0,""fixed"":2,""unan"":true,""key"":null}],""gamma_LT"":[{""iter"":1,""solved"":7,""failed"":0,""gap_p90"":0,""cache_hr"":100,""fixed"":1,""unan"":false,""key"":""('gamma_LT', ('CTV',""},{""iter"":2,""solved"":7,""failed"":0,""gap_p90"":0,""cache_hr"":86,""fixed"":1,""unan"":false,""key"":""('gamma_LT', ('SOV',""},{""iter"":3,""solved"":7,""failed"":0,""gap_p90"":0,""cache_hr"":86,""fixed"":2,""unan"":true,""key"":null}]}",0.006415340322336642,True,2,OPTIMAL,solution_within_gap,False,,5:1,CTV|5:2;SOV|5:1,CTV|5|Dec:2;CTV|5|Jan:1,SOV1|5|Apr:1;SOV1|5|Aug:1;SOV1|5|Dec:1;SOV1|5|Feb:1;SOV1|5|Jan:1;SOV1|5|Jul:1;SOV1|5|Jun:1;SOV1|5|Mar:1;SOV1|5|May:1;SOV1|5|Nov:1;SOV1|5|Oct:1;SOV1|5|Sep:1,137;263;316;333;378;384;463,8e1f6eec5f28b6aa,200,1-500,501-1500
16,10,29925069.41025138,9884825.0,20040244.410255637,7245000.0,1811250.0,828575.0,19318305.970574528,443952.6839809325,277985.75569590845,,612.287806709297,46.94004596117884,25.310775374993682,0.0033156629651784897,528.2138650417328,2,2,10,0.038697410249995276,1,3,4,10,0.03999245358125825,1,"{""eta"":[{""iter"":1,""solved"":10,""failed"":0,""gap_p90"":0,""cache_hr"":0,""fixed"":1,""unan"":false,""key"":""('eta', '5')""},{""iter"":2,""solved"":10,""failed"":0,""gap_p90"":0,""cache_hr"":90,""fixed"":1,""unan"":true,""key"":null}],""gamma_LT"":[{""iter"":1,""solved"":10,""failed"":0,""gap_p90"":0,""cache_hr"":100,""fixed"":1,""unan"":false,""key"":""('gamma_LT', ('CTV',""},{""iter"":2,""solved"":10,""failed"":0,""gap_p90"":0,""cache_hr"":90,""fixed"":1,""unan"":false,""key"":""('gamma_LT', ('SOV',""},{""iter"":3,""solved"":10,""failed"":0,""gap_p90"":0,""cache_hr"":50,""fixed"":2,""unan"":true,""key"":null}]}",5.700731254658703e-05,True,2,OPTIMAL,solution_within_gap,False,,5:1,CTV|5:2,CTV|5|Aug:1;CTV|5|Jul:1;CTV|5|Jun:1;CTV|5|May:1;SOV|5|Apr:1;SOV|5|Dec:2;SOV|5|Feb:1;SOV|5|Jan:2;SOV|5|Mar:1;SOV|5|Nov:1;SOV|5|Oct:1;SOV|5|Sep:1,SOV1|5|Apr:1;SOV1|5|Dec:1;SOV1|5|Feb:1;SOV1|5|Jan:1;SOV1|5|Mar:1;SOV1|5|Nov:1;SOV1|5|Oct:1;SOV1|5|Sep:1;SOV2|5|Dec:1;SOV2|5|Jan:1,93;101;157;243;248;253;274;332;437;453,8e1f6eec5f28b6aa,200,1-500,501-1500
16,15,29410500.161665544,9756025.0,19654475.161659706,172500.0,9056250.0,527275.0,18992112.22175092,249905.88000172772,412457.0599127172,,376.3278529616073,44.858620604500175,23.56804896518588,0.012219092808663845,294.2888181209564,1,2,15,0.03982269578674012,1,3,4,15,0.03994737463028148,1,"{""eta"":[{""iter"":1,""solved"":15,""failed"":0,""gap_p90"":0,""cache_hr"":0,""fixed"":2,""unan"":true,""key"":null}],""gamma_LT"":[{""iter"":1,""solved"":15,""failed"":0,""gap_p90"":0,""cache_hr"":100,""fixed"":1,""unan"":false,""key"":""('gamma_LT', ('SOV',""},{""iter"":2,""solved"":15,""failed"":0,""gap_p90"":0,""cache_hr"":67,""fixed"":1,""unan"":false,""key"":""('gamma_LT', ('CTV',""},{""iter"":3,""solved"":15,""failed"":0,""gap_p90"":0,""cache_hr"":60,""fixed"":2,""unan"":true,""key"":null}]}",0.008442309500805349,True,2,OPTIMAL,solution_within_gap,False,,5:1,CTV|5:2;SOV|5:1,CTV|5|Dec:1;CTV|5|Jan:1,SOV1|5|Apr:1;SOV1|5|Aug:1;SOV1|5|Dec:1;SOV1|5|Feb:1;SOV1|5|Jan:1;SOV1|5|Jul:1;SOV1|5|Jun:1;SOV1|5|Mar:1;SOV1|5|May:1;SOV1|5|Nov:1;SOV1|5|Oct:1;SOV1|5|Sep:1,20;55;72;73;147;154;164;206;217;315;359;373;441;468;478,8e1f6eec5f28b6aa,200,1-500,501-1500
16,20,27957981.594450593,9756025.0,18201956.594444126,172500.0,9056250.0,527275.0,17546577.47967082,250353.5816772646,405025.5331024916,,1301.103770502843,28.98411783389747,18.891204865649343,0.017095832154154778,1235.0624899864197,1,2,20,0.0389923126632549,1,3,4,20,0.03997070398441483,1,"{""eta"":[{""iter"":1,""solved"":20,""failed"":0,""gap_p90"":0,""cache_hr"":0,""fixed"":2,""unan"":true,""key"":null}],""gamma_LT"":[{""iter"":1,""solved"":20,""failed"":0,""gap_p90"":0,""cache_hr"":100,""fixed"":1,""unan"":false,""key"":""('gamma_LT', ('CTV',""},{""iter"":2,""solved"":20,""failed"":0,""gap_p90"":0,""cache_hr"":80,""fixed"":1,""unan"":false,""key"":""('gamma_LT', ('SOV',""},{""iter"":3,""solved"":20,""failed"":0,""gap_p90"":0,""cache_hr"":60,""fixed"":2,""unan"":true,""key"":null}]}",3.9973811620235315e-16,True,2,OPTIMAL,solution_within_gap,False,,5:1,CTV|5:2;SOV|5:1,CTV|5|Dec:1;CTV|5|Jan:1,SOV1|5|Apr:1;SOV1|5|Aug:1;SOV1|5|Dec:1;SOV1|5|Feb:1;SOV1|5|Jan:1;SOV1|5|Jul:1;SOV1|5|Jun:1;SOV1|5|Mar:1;SOV1|5|May:1;SOV1|5|Nov:1;SOV1|5|Oct:1;SOV1|5|Sep:1,18;25;61;85;153;182;204;208;269;289;298;325;336;340;360;368;414;418;463;495,8e1f6eec5f28b6aa,200,1-500,501-1500
17,1,38610998.4118967,11512075.0,27098923.411896836,2156250.0,8150625.0,1205200.0,26408289.73132157,215375.58517533768,475258.0953998047,,21.840538315474987,16.596006015315652,0.000244140625,0.0007182881236076355,1.9139370918273926,1,2,1,0.038151474692021736,1,1,4,1,0.038151474692021736,1,"{""eta"":[{""iter"":1,""solved"":1,""failed"":0,""gap_p90"":0,""cache_hr"":0,""fixed"":2,""unan"":true,""key"":null}],""gamma_LT"":[{""iter"":1,""solved"":1,""failed"":0,""gap_p90"":0,""cache_hr"":100,""fixed"":4,""unan"":true,""key"":null}]}",0.018788594089140326,True,2,OPTIMAL,solution_within_gap,False,,5:1,CTV|5:1;SOV|5:1,CTV|5|Apr:1;CTV|5|Dec:1;CTV|5|Feb:2;CTV|5|Jan:2;CTV|5|Mar:1;CTV|5|May:1;CTV|5|Sep:1;SOV|5|Jan:1;SOV|5|Oct:1,SOV1|5|Apr:1;SOV1|5|Aug:1;SOV1|5|Dec:1;SOV1|5|Feb:1;SOV1|5|Jan:1;SOV1|5|Jul:1;SOV1|5|Jun:1;SOV1|5|Mar:1;SOV1|5|May:1;SOV1|5|Nov:1;SOV1|5|Oct:1;SOV1|5|Sep:1;SOV2|5|Jan:1;SOV2|5|Oct:1,220,8e1f6eec5f28b6aa,200,1-500,501-1500
17,3,24805712.085095555,7761350.0,17044362.085095424,5347500.0,1811250.0,602600.0,16229037.309533494,538476.439593791,276848.3359682391,,57.31076588202268,26.04260606970638,19.271711857058108,0.0012655090540647507,7.033646106719971,1,2,3,0.039918091656105485,1,2,4,3,0.039918091656105485,1,"{""eta"":[{""iter"":1,""solved"":3,""failed"":0,""gap_p90"":0,""cache_hr"":0,""fixed"":2,""unan"":true,""key"":null}],""gamma_LT"":[{""iter"":1,""solved"":3,""failed"":0,""gap_p90"":0,""cache_hr"":100,""fixed"":1,""unan"":false,""key"":""('gamma_LT', ('SOV',""},{""iter"":2,""solved"":3,""failed"":0,""gap_p90"":0,""cache_hr"":67,""fixed"":3,""unan"":true,""key"":null}]}",0.009922266243899896,True,2,OPTIMAL,solution_within_gap,False,,5:1,CTV|5:2,CTV|5|Apr:1;CTV|5|Aug:1;CTV|5|Dec:1;CTV|5|Jul:1;CTV|5|Jun:1;CTV|5|May:1;SOV|5|Dec:1;SOV|5|Feb:1;SOV|5|Jan:1;SOV|5|Mar:1;SOV|5|Nov:1;SOV|5|Oct:1;SOV|5|Sep:1,SOV1|5|Dec:1;SOV1|5|Feb:1;SOV1|5|Jan:1;SOV1|5|Mar:1;SOV1|5|Nov:1;SOV1|5|Oct:1;SOV1|5|Sep:1,298;382;384,8e1f6eec5f28b6aa,200,1-500,501-1500
17,5,28003588.624454845,9831350.0,18172238.624453425,172500.0,9056250.0,602600.0,17515410.169139788,252870.85295896014,403957.6023560268,,70.9776220722124,24.336788097396493,8.840841479599476,0.003776359371840954,31.455231189727783,1,2,5,0.03999884392661479,1,2,4,5,0.03999884392661479,1,"{""eta"":[{""iter"":1,""solved"":5,""failed"":0,""gap_p90"":0,""cache_hr"":0,""fixed"":2,""unan"":true,""key"":null}],""gamma_LT"":[{""iter"":1,""solved"":5,""failed"":0,""gap_p90"":0,""cache_hr"":100,""fixed"":1,""unan"":false,""key"":""('gamma_LT', ('CTV',""},{""iter"":2,""solved"":5,""failed"":0,""gap_p90"":0,""cache_hr"":80,""fixed"":3,""unan"":true,""key"":null}]}",0.009729514781446553,True,2,OPTIMAL,solution_within_gap,False,,5:1,CTV|5:2;SOV|5:1,CTV|5|Jan:2,SOV1|5|Apr:1;SOV1|5|Aug:1;SOV1|5|Dec:1;SOV1|5|Feb:1;SOV1|5|Jan:1;SOV1|5|Jul:1;SOV1|5|Jun:1;SOV1|5|Mar:1;SOV1|5|May:1;SOV1|5|Nov:1;SOV1|5|Oct:1;SOV1|5|Sep:1,2;70;355;363;468,8e1f6eec5f28b6aa,200,1-500,501-1500
17,7,27372697.223420624,7502600.0,19870097.223423567,5088750.0,1811250.0,602600.0,19072587.35427501,565000.9026125176,232508.9665331045,,90.47105311974883,25.703151624649763,9.83332310244441,0.006114480085670948,47.17929482460022,1,2,7,0.039526142349924166,1,2,4,7,0.039996055211425935,1,"{""eta"":[{""iter"":1,""solved"":7,""failed"":0,""gap_p90"":0,""cache_hr"":0,""fixed"":2,""unan"":true,""key"":null}],""gamma_LT"":[{""iter"":1,""solved"":7,""failed"":0,""gap_p90"":0,""cache_hr"":100,""fixed"":1,""unan"":false,""key"":""('gamma_LT', ('CTV',""},{""iter"":2,""solved"":7,""failed"":0,""gap_p90"":0,""cache_hr"":43,""fixed"":3,""unan"":true,""key"":null}]}",0.012480305597642785,True,2,OPTIMAL,solution_within_gap,False,,5:1,CTV|5:2,CTV|5|Apr:2;CTV|5|Aug:1;CTV|5|Dec:1;CTV|5|Feb:1;CTV|5|Jan:1;CTV|5|Jul:1;CTV|5|Jun:1;CTV|5|Mar:2;CTV|5|May:1;SOV|5|Dec:1;SOV|5|Feb:1;SOV|5|Jan:1;SOV|5|Nov:1;SOV|5|Oct:1;SOV|5|Sep:1,SOV1|5|Dec:1;SOV1|5|Feb:1;SOV1|5|Jan:1;SOV1|5|Nov:1;SOV1|5|Oct:1;SOV1|5|Sep:1,61;80;89;191;283;430;474,8e1f6eec5f28b6aa,200,1-500,501-1500
17,10,27988704.302879248,8807275.0,19181429.302883927,6468750.0,1811250.0,527275.0,18434181.813876763,410039.4842660621,337208.0047363037,,257.0587345464155,28.18566895555705,27.057032509706914,0.005912852473556995,191.59786987304688,1,2,10,0.03998358877738397,1,3,4,10,0.039997008204151925,1,"{""eta"":[{""iter"":1,""solved"":10,""failed"":0,""gap_p90"":0,""cache_hr"":0,""fixed"":2,""unan"":true,""key"":null}],""gamma_LT"":[{""iter"":1,""solved"":10,""failed"":0,""gap_p90"":0,""cache_hr"":100,""fixed"":1,""unan"":false,""key"":""('gamma_LT', ('SOV',""},{""iter"":2,""solved"":10,""failed"":0,""gap_p90"":0,""cache_hr"":60,""fixed"":1,""unan"":false,""key"":""('gamma_LT', ('CTV',""},{""iter"":3,""solved"":10,""failed"":0,""gap_p90"":0,""cache_hr"":50,""fixed"":2,""unan"":true,""key"":null}]}",0.01592352554149543,True,2,OPTIMAL,solution_within_gap,False,,5:1,CTV|5:2,CTV|5|Jul:1;CTV|5|Jun:1;CTV|5|May:1;SOV|5|Apr:1;SOV|5|Aug:1;SOV|5|Dec:1;SOV|5|Feb:1;SOV|5|Jan:1;SOV|5|Mar:1;SOV|5|Nov:1;SOV|5|Oct:1;SOV|5|Sep:1,SOV1|5|Apr:1;SOV1|5|Aug:1;SOV1|5|Dec:1;SOV1|5|Feb:1;SOV1|5|Jan:1;SOV1|5|Mar:1;SOV1|5|Nov:1;SOV1|5|Oct:1;SOV1|5|Sep:1,34;76;134;157;178;256;283;409;473;486,8e1f6eec5f28b6aa,200,1-500,501-1500
17,15,30032856.309074838,8451350.0,21581506.309067942,6037500.0,1811250.0,602600.0,20830703.484254226,457014.7943810368,293788.0304395506,,1205.9766062339768,28.079068729653955,21.315457093529403,0.007190816104412079,1142.536653995514,1,2,15,0.03960370897310739,1,3,4,15,0.03999790101353523,1,"{""eta"":[{""iter"":1,""solved"":15,""failed"":0,""gap_p90"":0,""cache_hr"":0,""fixed"":2,""unan"":true,""key"":null}],""gamma_LT"":[{""iter"":1,""solved"":15,""failed"":0,""gap_p90"":0,""cache_hr"":100,""fixed"":1,""unan"":false,""key"":""('gamma_LT', ('CTV',""},{""iter"":2,""solved"":15,""failed"":0,""gap_p90"":0,""cache_hr"":80,""fixed"":1,""unan"":false,""key"":""('gamma_LT', ('SOV',""},{""iter"":3,""solved"":15,""failed"":0,""gap_p90"":0,""cache_hr"":40,""fixed"":2,""unan"":true,""key"":null}]}",0.0022854274493344204,True,2,OPTIMAL,solution_within_gap,False,,5:1,CTV|5:2,CTV|5|Aug:1;CTV|5|Dec:1;CTV|5|Jan:1;CTV|5|Jul:1;CTV|5|Jun:1;CTV|5|May:1;SOV|5|Apr:1;SOV|5|Dec:1;SOV|5|Feb:1;SOV|5|Jan:1;SOV|5|Mar:1;SOV|5|Nov:1;SOV|5|Oct:1;SOV|5|Sep:1,SOV1|5|Apr:1;SOV1|5|Dec:1;SOV1|5|Feb:1;SOV1|5|Jan:1;SOV1|5|Mar:1;SOV1|5|Nov:1;SOV1|5|Oct:1;SOV1|5|Sep:1,14;99;103;105;109;112;176;204;308;328;369;381;382;422;491,8e1f6eec5f28b6aa,200,1-500,501-1500
17,20,30032380.995911077,10661075.0,19371305.995904945,776250.0,9056250.0,828575.0,18729457.927790686,238691.51507554852,403156.5530449207,,1257.1027664355934,33.390044699423015,23.37804322130978,0.01641248818486929,1181.7013680934906,1,2,20,0.0393545133761816,1,3,4,20,0.039950540859344914,1,"{""eta"":[{""iter"":1,""solved"":20,""failed"":0,""gap_p90"":0,""cache_hr"":0,""fixed"":2,""unan"":true,""key"":null}],""gamma_LT"":[{""iter"":1,""solved"":20,""failed"":0,""gap_p90"":0,""cache_hr"":100,""fixed"":1,""unan"":false,""key"":""('gamma_LT', ('SOV',""},{""iter"":2,""solved"":20,""failed"":0,""gap_p90"":0,""cache_hr"":70,""fixed"":1,""unan"":false,""key"":""('gamma_LT', ('CTV',""},{""iter"":3,""solved"":20,""failed"":0,""gap_p90"":0,""cache_hr"":75,""fixed"":2,""unan"":true,""key"":null}]}",0.007151912714346977,True,2,OPTIMAL,solution_within_gap,False,,5:1,CTV|5:2;SOV|5:1,CTV|5|Dec:1;SOV|5|Jan:1,SOV1|5|Apr:1;SOV1|5|Aug:1;SOV1|5|Dec:1;SOV1|5|Feb:1;SOV1|5|Jan:1;SOV1|5|Jul:1;SOV1|5|Jun:1;SOV1|5|Mar:1;SOV1|5|May:1;SOV1|5|Nov:1;SOV1|5|Oct:1;SOV1|5|Sep:1;SOV2|5|Jan:1,25;70;90;98;173;183;187;189;207;236;263;272;279;297;306;344;356;393;442;457,8e1f6eec5f28b6aa,200,1-500,501-1500
18,1,31959159.54079938,11490800.0,20468359.540799484,1380000.0,9056250.0,1054550.0,19811268.085172247,227191.68152415619,429899.77410296793,,23.726542687043548,17.882740434259176,0.0003483239561319351,0.0009910352528095245,2.358126163482666,1,2,1,0.037992296417866916,1,1,4,1,0.037992296417866916,1,"{""eta"":[{""iter"":1,""solved"":1,""failed"":0,""gap_p90"":0,""cache_hr"":0,""fixed"":2,""unan"":true,""key"":null}],""gamma_LT"":[{""iter"":1,""solved"":1,""failed"":0,""gap_p90"":0,""cache_hr"":100,""fixed"":4,""unan"":true,""key"":null}]}",0.004568240869166602,True,2,OPTIMAL,solution_within_gap,False,,5:1,CTV|5:2;SOV|5:1,SOV|5|Dec:2,SOV1|5|Apr:1;SOV1|5|Aug:1;SOV1|5|Dec:1;SOV1|5|Feb:1;SOV1|5|Jan:1;SOV1|5|Jul:1;SOV1|5|Jun:1;SOV1|5|Mar:1;SOV1|5|May:1;SOV1|5|Nov:1;SOV1|5|Oct:1;SOV1|5|Sep:1;SOV2|5|Dec:1;SOV3|5|Dec:1,330,8e1f6eec5f28b6aa,200,1-500,501-1500
18,3,27832552.54487501,8807275.0,19025277.544874836,6468750.0,1811250.0,527275.0,18241767.865607806,442281.45473398524,341228.22453324066,,46.65739992633462,19.100879753939807,11.887373971752822,0.0027750087901949883,10.735370874404907,1,2,3,0.039088502420387514,1,3,4,3,0.03991798566852937,1,"{""eta"":[{""iter"":1,""solved"":3,""failed"":0,""gap_p90"":0,""cache_hr"":0,""fixed"":2,""unan"":true,""key"":null}],""gamma_LT"":[{""iter"":1,""solved"":3,""failed"":0,""gap_p90"":0,""cache_hr"":100,""fixed"":1,""unan"":false,""key"":""('gamma_LT', ('CTV',""},{""iter"":2,""solved"":3,""failed"":0,""gap_p90"":0,""cache_hr"":67,""fixed"":1,""unan"":false,""key"":""('gamma_LT', ('SOV',""},{""iter"":3,""solved"":3,""failed"":0,""gap_p90"":0,""cache_hr"":33,""fixed"":2,""unan"":true,""key"":null}]}",0.014358348515776003,True,2,OPTIMAL,solution_within_gap,False,,5:1,CTV|5:2,CTV|5|Jul:1;CTV|5|Jun:1;CTV|5|May:1;SOV|5|Apr:1;SOV|5|Aug:1;SOV|5|Dec:1;SOV|5|Feb:1;SOV|5|Jan:1;SOV|5|Mar:1;SOV|5|Nov:1;SOV|5|Oct:1;SOV|5|Sep:1,SOV1|5|Apr:1;SOV1|5|Aug:1;SOV1|5|Dec:1;SOV1|5|Feb:1;SOV1|5|Jan:1;SOV1|5|Mar:1;SOV1|5|Nov:1;SOV1|5|Oct:1;SOV1|5|Sep:1,67;158;498,8e1f6eec5f28b6aa,200,1-500,501-1500
18,5,29920947.073734358,8721025.0,21199922.073732834,6382500.0,1811250.0,527275.0,20438005.583588038,393837.8220847735,368078.6680615168,,85.57122979406267,24.755013185553253,14.648359053768218,0.0045044077560305595,39.82256197929382,1,2,5,0.03896250874795055,1,3,4,5,0.03997035620294263,1,"{""eta"":[{""iter"":1,""solved"":5,""failed"":0,""gap_p90"":0,""cache_hr"":0,""fixed"":2,""unan"":true,""key"":null}],""gamma_LT"":[{""iter"":1,""solved"":5,""failed"":0,""gap_p90"":0,""cache_hr"":100,""fixed"":1,""unan"":false,""key"":""('gamma_LT', ('SOV',""},{""iter"":2,""solved"":5,""failed"":0,""gap_p90"":0,""cache_hr"":60,""fixed"":1,""unan"":false,""key"":""('gamma_LT', ('CTV',""},{""iter"":3,""solved"":5,""failed"":0,""gap_p90"":0,""cache_hr"":80,""fixed"":2,""unan"":true,""key"":null}]}",0.01429746104114854,True,2,OPTIMAL,solution_within_gap,False,,5:1,CTV|5:2,CTV|5|Jun:1;CTV|5|May:1;SOV|5|Apr:1;SOV|5|Aug:1;SOV|5|Dec:1;SOV|5|Feb:1;SOV|5|Jan:1;SOV|5|Mar:1;SOV|5|Nov:1;SOV|5|Oct:1;SOV|5|Sep:1,SOV1|5|Apr:1;SOV1|5|Aug:1;SOV1|5|Dec:1;SOV1|5|Feb:1;SOV1|5|Jan:1;SOV1|5|Mar:1;SOV1|5|Nov:1;SOV1|5|Oct:1;SOV1|5|Sep:1,51;65;434;484;495,8e1f6eec5f28b6aa,200,1-500,501-1500
18,7,30026825.884178326,9141350.0,20885475.884180643,6727500.0,1811250.0,602600.0,20148957.053670015,403693.9665106195,332824.8639977446,,123.81285196263343,28.242985089309514,15.606825803406537,0.006220896728336811,72.43007397651672,1,2,7,0.039386810090136073,1,3,4,7,0.03995543435527568,1,"{""eta"":[{""iter"":1,""solved"":7,""failed"":0,""gap_p90"":0,""cache_hr"":0,""fixed"":2,""unan"":true,""key"":null}],""gamma_LT"":[{""iter"":1,""solved"":7,""failed"":0,""gap_p90"":0,""cache_hr"":100,""fixed"":1,""unan"":false,""key"":""('gamma_LT', ('CTV',""},{""iter"":2,""solved"":7,""failed"":0,""gap_p90"":0,""cache_hr"":71,""fixed"":1,""unan"":false,""key"":""('gamma_LT', ('SOV',""},{""iter"":3,""solved"":7,""failed"":0,""gap_p90"":0,""cache_hr"":57,""fixed"":2,""unan"":true,""key"":null}]}",0.018822639102232117,True,2,OPTIMAL,solution_within_gap,False,,5:1,CTV|5:2,CTV|5|Apr:1;CTV|5|Dec:1;CTV|5|Jan:1;CTV|5|Jul:1;CTV|5|Jun:1;CTV|5|May:1;SOV|5|Apr:1;SOV|5|Aug:1;SOV|5|Dec:1;SOV|5|Feb:1;SOV|5|Jan:1;SOV|5|Mar:1;SOV|5|Nov:1;SOV|5|Oct:1;SOV|5|Sep:1,SOV1|5|Apr:1;SOV1|5|Aug:1;SOV1|5|Dec:1;SOV1|5|Feb:1;SOV1|5|Jan:1;SOV1|5|Mar:1;SOV1|5|Nov:1;SOV1|5|Oct:1;SOV1|5|Sep:1,45;93;191;234;306;326;388,8e1f6eec5f28b6aa,200,1-500,501-1500
18,10,28890801.49579767,8289775.0,20601026.4958022,5951250.0,1811250.0,527275.0,19838127.1088116,463628.29597212083,299271.0910138338,,343.8702245671302,26.363199272193015,22.223192953504622,0.008677969686686993,285.4679379463196,1,2,10,0.038156612360683816,1,3,4,10,0.039973250335418986,1,"{""eta"":[{""iter"":1,""solved"":10,""failed"":0,""gap_p90"":0,""cache_hr"":0,""fixed"":2,""unan"":true,""key"":null}],""gamma_LT"":[{""iter"":1,""solved"":10,""failed"":0,""gap_p90"":0,""cache_hr"":100,""fixed"":1,""unan"":false,""key"":""('gamma_LT', ('CTV',""},{""iter"":2,""solved"":10,""failed"":0,""gap_p90"":0,""cache_hr"":70,""fixed"":1,""unan"":false,""key"":""('gamma_LT', ('SOV',""},{""iter"":3,""solved"":10,""failed"":0,""gap_p90"":0,""cache_hr"":50,""fixed"":2,""unan"":true,""key"":null}]}",0.010714486988775418,True,2,OPTIMAL,solution_within_gap,False,,5:1,CTV|5:2,CTV|5|Aug:1;CTV|5|Jul:1;CTV|5|Jun:1;CTV|5|May:1;CTV|5|Sep:1;SOV|5|Apr:1;SOV|5|Dec:1;SOV|5|Feb:1;SOV|5|Jan:1;SOV|5|Mar:1;SOV|5|Nov:1;SOV|5|Oct:1;SOV|5|Sep:1,SOV1|5|Apr:1;SOV1|5|Dec:1;SOV1|5|Feb:1;SOV1|5|Jan:1;SOV1|5|Mar:1;SOV1|5|Nov:1;SOV1|5|Oct:1;SOV1|5|Sep:1,283;302;323;347;400;418;433;447;469;497,8e1f6eec5f28b6aa,200,1-500,501-1500
18,15,29281997.227402743,8451350.0,20830647.227395874,6037500.0,1811250.0,602600.0,20074165.7341741,459623.69519087544,296857.7980378497,,501.02341453451663,38.77481152303517,22.37402463518083,0.011717941612005234,426.40036702156067,1,2,15,0.039841511499042796,1,3,4,15,0.039995860866212325,1,"{""eta"":[{""iter"":1,""solved"":15,""failed"":0,""gap_p90"":0,""cache_hr"":0,""fixed"":2,""unan"":true,""key"":null}],""gamma_LT"":[{""iter"":1,""solved"":15,""failed"":0,""gap_p90"":0,""cache_hr"":100,""fixed"":1,""unan"":false,""key"":""('gamma_LT', ('CTV',""},{""iter"":2,""solved"":15,""failed"":0,""gap_p90"":0,""cache_hr"":67,""fixed"":1,""unan"":false,""key"":""('gamma_LT', ('SOV',""},{""iter"":3,""solved"":15,""failed"":0,""gap_p90"":0,""cache_hr"":53,""fixed"":2,""unan"":true,""key"":null}]}",0.016060562192881867,True,2,OPTIMAL,solution_within_gap,False,,5:1,CTV|5:2,CTV|5|Apr:1;CTV|5|Dec:1;CTV|5|Jul:1;CTV|5|Jun:1;CTV|5|May:1;CTV|5|Nov:1;SOV|5|Aug:1;SOV|5|Dec:1;SOV|5|Feb:1;SOV|5|Jan:1;SOV|5|Mar:1;SOV|5|Nov:1;SOV|5|Oct:1;SOV|5|Sep:1,SOV1|5|Aug:1;SOV1|5|Dec:1;SOV1|5|Feb:1;SOV1|5|Jan:1;SOV1|5|Mar:1;SOV1|5|Nov:1;SOV1|5|Oct:1;SOV1|5|Sep:1,1;33;139;154;157;287;309;311;334;369;376;396;406;474;490,8e1f6eec5f28b6aa,200,1-500,501-1500
18,20,29524028.47269533,9508200.0,20015828.472688805,0.0,9056250.0,451950.0,19355087.634423316,247409.62730444135,413331.2109675726,,1179.7771004056558,33.32737339567393,21.426728451624513,0.012119770050048828,1107.912868976593,1,2,20,0.039831026539044856,1,3,4,20,0.03990073261712836,1,"{""eta"":[{""iter"":1,""solved"":20,""failed"":0,""gap_p90"":0,""cache_hr"":0,""fixed"":2,""unan"":true,""key"":null}],""gamma_LT"":[{""iter"":1,""solved"":20,""failed"":0,""gap_p90"":0,""cache_hr"":100,""fixed"":1,""unan"":false,""key"":""('gamma_LT', ('CTV',""},{""iter"":2,""solved"":20,""failed"":0,""gap_p90"":0,""cache_hr"":80,""fixed"":1,""unan"":false,""key"":""('gamma_LT', ('SOV',""},{""iter"":3,""solved"":20,""failed"":0,""gap_p90"":0,""cache_hr"":80,""fixed"":2,""unan"":true,""key"":null}]}",9.47558501132155e-06,True,2,OPTIMAL,solution_within_gap,False,,5:1,CTV|5:2;SOV|5:1,,SOV1|5|Apr:1;SOV1|5|Aug:1;SOV1|5|Dec:1;SOV1|5|Feb:1;SOV1|5|Jan:1;SOV1|5|Jul:1;SOV1|5|Jun:1;SOV1|5|Mar:1;SOV1|5|May:1;SOV1|5|Nov:1;SOV1|5|Oct:1;SOV1|5|Sep:1,7;28;34;98;128;133;235;260;264;266;275;282;304;308;330;343;407;422;456;498,8e1f6eec5f28b6aa,200,1-500,501-1500
19,1,30790535.537845675,9701975.0,21088560.537845846,6382500.0,2716875.0,602600.0,20314074.767491672,419248.45295954414,355237.3173944545,,16.245919201523066,11.477759565226734,0.00032795500010252,0.0009536100551486015,1.5777831077575684,1,2,1,0.03219905076649858,1,1,4,1,0.03219905076649858,1,"{""eta"":[{""iter"":1,""solved"":1,""failed"":0,""gap_p90"":0,""cache_hr"":0,""fixed"":2,""unan"":true,""key"":null}],""gamma_LT"":[{""iter"":1,""solved"":1,""failed"":0,""gap_p90"":0,""cache_hr"":100,""fixed"":4,""unan"":true,""key"":null}]}",0.007091424642669305,True,2,OPTIMAL,solution_within_gap,False,,5:1,CTV|5:3,CTV|5|Jun:1;CTV|5|May:1;SOV|5|Apr:1;SOV|5|Aug:1;SOV|5|Dec:1;SOV|5|Feb:1;SOV|5|Jan:1;SOV|5|Mar:1;SOV|5|Nov:1;SOV|5|Oct:1;SOV|5|Sep:1,SOV1|5|Apr:1;SOV1|5|Aug:1;SOV1|5|Dec:1;SOV1|5|Feb:1;SOV1|5|Jan:1;SOV1|5|Mar:1;SOV1|5|Nov:1;SOV1|5|Oct:1;SOV1|5|Sep:1,356,8e1f6eec5f28b6aa,200,1-500,501-1500
19,3,31992392.185968064,9938875.0,22053517.185967796,8280000.0,905625.0,753250.0,21333962.397389084,458543.57230958797,261011.21626938623,,50.991843971423805,25.005116490647197,12.666295556351542,0.0027740541845560074,8.609309911727905,1,2,3,0.03753246831304533,1,3,4,3,0.039937695576516184,1,"{""eta"":[{""iter"":1,""solved"":3,""failed"":0,""gap_p90"":0,""cache_hr"":0,""fixed"":2,""unan"":true,""key"":null}],""gamma_LT"":[{""iter"":1,""solved"":3,""failed"":0,""gap_p90"":0,""cache_hr"":100,""fixed"":1,""unan"":false,""key"":""('gamma_LT', ('CTV',""},{""iter"":2,""solved"":3,""failed"":0,""gap_p90"":0,""cache_hr"":33,""fixed"":1,""unan"":false,""key"":""('gamma_LT', ('SOV',""},{""iter"":3,""solved"":3,""failed"":0,""gap_p90"":0,""cache_hr"":33,""fixed"":2,""unan"":true,""key"":null}]}",0.010233393518384428,True,2,OPTIMAL,solution_within_gap,False,,5:1,CTV|5:1,CTV|5|Apr:2;CTV|5|Aug:1;CTV|5|Dec:1;CTV|5|Feb:1;CTV|5|Jan:1;CTV|5|Jul:2;CTV|5|Jun:2;CTV|5|Mar:1;CTV|5|May:2;CTV|5|Nov:1;CTV|5|Oct:1;CTV|5|Sep:1;SOV|5|Aug:1;SOV|5|Dec:2;SOV|5|Feb:1;SOV|5|Jan:2;SOV|5|Mar:1;SOV|5|Nov:1;SOV|5|Oct:1;SOV|5|Sep:1,SOV1|5|Aug:1;SOV1|5|Dec:1;SOV1|5|Feb:1;SOV1|5|Jan:1;SOV1|5|Mar:1;SOV1|5|Nov:1;SOV1|5|Oct:1;SOV1|5|Sep:1;SOV2|5|Dec:1;SOV2|5|Jan:1,49;192;451,8e1f6eec5f28b6aa,200,1-500,501-1500
19,5,26837614.067435764,9669775.0,17167839.06743476,86250.0,9056250.0,527275.0,16507844.378154153,242980.80971547996,417013.8795660907,,77.31901859864593,18.770189276896417,6.359243345446885,0.004444664344191551,45.87133502960205,1,2,5,0.03703549092667475,1,2,4,5,0.03993649359167971,1,"{""eta"":[{""iter"":1,""solved"":5,""failed"":0,""gap_p90"":0,""cache_hr"":0,""fixed"":2,""unan"":true,""key"":null}],""gamma_LT"":[{""iter"":1,""solved"":5,""failed"":0,""gap_p90"":0,""cache_hr"":100,""fixed"":1,""unan"":false,""key"":""('gamma_LT', ('CTV',""},{""iter"":2,""solved"":5,""failed"":0,""gap_p90"":0,""cache_hr"":60,""fixed"":3,""unan"":true,""key"":null}]}",0.005223892748329445,True,2,OPTIMAL,solution_within_gap,False,,5:1,CTV|5:2;SOV|5:1,CTV|5|Dec:1,SOV1|5|Apr:1;SOV1|5|Aug:1;SOV1|5|Dec:1;SOV1|5|Feb:1;SOV1|5|Jan:1;SOV1|5|Jul:1;SOV1|5|Jun:1;SOV1|5|Mar:1;SOV1|5|May:1;SOV1|5|Nov:1;SOV1|5|Oct:1;SOV1|5|Sep:1,82;92;185;355;461,8e1f6eec5f28b6aa,200,1-500,501-1500
19,7,27160264.13218257,9669775.0,17490489.132184345,86250.0,9056250.0,527275.0,16822429.48659342,255479.82614245568,412579.81944669946,,107.3506459724158,30.177081851288676,17.74187180120498,0.004593423567712307,51.59453201293945,1,2,7,0.039918091656105485,1,3,4,7,0.039918091656105485,1,"{""eta"":[{""iter"":1,""solved"":7,""failed"":0,""gap_p90"":0,""cache_hr"":0,""fixed"":2,""unan"":true,""key"":null}],""gamma_LT"":[{""iter"":1,""solved"":7,""failed"":0,""gap_p90"":0,""cache_hr"":100,""fixed"":1,""unan"":false,""key"":""('gamma_LT', ('CTV',""},{""iter"":2,""solved"":7,""failed"":0,""gap_p90"":0,""cache_hr"":86,""fixed"":1,""unan"":false,""key"":""('gamma_LT', ('SOV',""},{""iter"":3,""solved"":7,""failed"":0,""gap_p90"":0,""cache_hr"":71,""fixed"":2,""unan"":true,""key"":null}]}",0.005146517585189687,True,2,OPTIMAL,solution_within_gap,False,,5:1,CTV|5:2;SOV|5:1,CTV|5|Dec:1,SOV1|5|Apr:1;SOV1|5|Aug:1;SOV1|5|Dec:1;SOV1|5|Feb:1;SOV1|5|Jan:1;SOV1|5|Jul:1;SOV1|5|Jun:1;SOV1|5|Mar:1;SOV1|5|May:1;SOV1|5|Nov:1;SOV1|5|Oct:1;SOV1|5|Sep:1,59;63;183;298;317;347;428,8e1f6eec5f28b6aa,200,1-500,501-1500
19,10,29402334.554973353,10499500.0,18902834.554977566,690000.0,9056250.0,753250.0,18267813.623244133,246439.13510711622,388581.7966222058,,279.3466721661389,109.17101252544671,18.338720807805657,0.008794067427515984,142.04211401939392,1,2,10,0.038151474692021736,1,3,4,10,0.03993195341945287,1,"{""eta"":[{""iter"":1,""solved"":10,""failed"":0,""gap_p90"":0,""cache_hr"":0,""fixed"":2,""unan"":true,""key"":null}],""gamma_LT"":[{""iter"":1,""solved"":10,""failed"":0,""gap_p90"":0,""cache_hr"":100,""fixed"":1,""unan"":false,""key"":""('gamma_LT', ('CTV',""},{""iter"":2,""solved"":10,""failed"":0,""gap_p90"":0,""cache_hr"":90,""fixed"":1,""unan"":false,""key"":""('gamma_LT', ('SOV',""},{""iter"":3,""solved"":10,""failed"":0,""gap_p90"":0,""cache_hr"":50,""fixed"":2,""unan"":true,""key"":null}]}",0.014207700138551034,True,2,OPTIMAL,solution_within_gap,False,,5:1,CTV|5:2;SOV|5:1,SOV|5|Jan:1,SOV1|5|Apr:1;SOV1|5|Aug:1;SOV1|5|Dec:1;SOV1|5|Feb:1;SOV1|5|Jan:1;SOV1|5|Jul:1;SOV1|5|Jun:1;SOV1|5|Mar:1;SOV1|5|May:1;SOV1|5|Nov:1;SOV1|5|Oct:1;SOV1|5|Sep:1;SOV2|5|Jan:1,35;49;111;114;155;220;246;301;443;469,8e1f6eec5f28b6aa,200,1-500,501-1500
19,15,28303681.332529433,8451350.0,19852331.33252249,6037500.0,1811250.0,602600.0,19080250.123635203,465691.39089989994,306389.8179943387,,499.1445594942197,31.97210376150906,18.78752969391644,0.012809342704713345,434.7549080848694,1,2,15,0.03981126103187016,1,3,4,15,0.03999452263288173,1,"{""eta"":[{""iter"":1,""solved"":15,""failed"":0,""gap_p90"":0,""cache_hr"":0,""fixed"":2,""unan"":true,""key"":null}],""gamma_LT"":[{""iter"":1,""solved"":15,""failed"":0,""gap_p90"":0,""cache_hr"":100,""fixed"":1,""unan"":false,""key"":""('gamma_LT', ('CTV',""},{""iter"":2,""solved"":15,""failed"":0,""gap_p90"":0,""cache_hr"":80,""fixed"":1,""unan"":false,""key"":""('gamma_LT', ('SOV',""},{""iter"":3,""solved"":15,""failed"":0,""gap_p90"":0,""cache_hr"":47,""fixed"":2,""unan"":true,""key"":null}]}",0.015557891468955259,True,2,OPTIMAL,solution_within_gap,False,,5:1,CTV|5:2,CTV|5|Aug:1;CTV|5|Dec:1;CTV|5|Jan:1;CTV|5|Jul:1;CTV|5|Jun:1;CTV|5|May:1;SOV|5|Apr:1;SOV|5|Dec:1;SOV|5|Feb:1;SOV|5|Jan:1;SOV|5|Mar:1;SOV|5|Nov:1;SOV|5|Oct:1;SOV|5|Sep:1,SOV1|5|Apr:1;SOV1|5|Dec:1;SOV1|5|Feb:1;SOV1|5|Jan:1;SOV1|5|Mar:1;SOV1|5|Nov:1;SOV1|5|Oct:1;SOV1|5|Sep:1,4;8;10;91;112;136;145;303;306;323;340;341;402;423;472,8e1f6eec5f28b6aa,200,1-500,501-1500
19,20,29913680.199838042,8009175.0,21904505.199830964,5520000.0,1811250.0,677925.0,21136113.762667507,508404.24410341773,259987.1930671266,,1322.0071088029072,39.73314699437469,27.296556236222386,0.010102692060172558,1237.5490889549255,1,2,20,0.03958464301713629,1,3,4,20,0.03999682806487606,1,"{""eta"":[{""iter"":1,""solved"":20,""failed"":0,""gap_p90"":0,""cache_hr"":0,""fixed"":2,""unan"":true,""key"":null}],""gamma_LT"":[{""iter"":1,""solved"":20,""failed"":0,""gap_p90"":0,""cache_hr"":100,""fixed"":1,""unan"":false,""key"":""('gamma_LT', ('CTV',""},{""iter"":2,""solved"":20,""failed"":0,""gap_p90"":0,""cache_hr"":50,""fixed"":1,""unan"":false,""key"":""('gamma_LT', ('SOV',""},{""iter"":3,""solved"":20,""failed"":0,""gap_p90"":0,""cache_hr"":40,""fixed"":2,""unan"":true,""key"":null}]}",0.0004291704209827886,True,2,OPTIMAL,solution_within_gap,False,,5:1,CTV|5:2,CTV|5|Apr:1;CTV|5|Aug:1;CTV|5|Dec:1;CTV|5|Jan:2;CTV|5|Jul:1;CTV|5|Jun:1;CTV|5|May:1;SOV|5|Dec:1;SOV|5|Feb:1;SOV|5|Jan:1;SOV|5|Mar:1;SOV|5|Nov:1;SOV|5|Oct:1;SOV|5|Sep:1,SOV1|5|Dec:1;SOV1|5|Feb:1;SOV1|5|Jan:1;SOV1|5|Mar:1;SOV1|5|Nov:1;SOV1|5|Oct:1;SOV1|5|Sep:1,2;33;51;78;96;169;174;179;186;221;235;243;275;311;331;395;436;438;455;460,8e1f6eec5f28b6aa,200,1-500,501-1500
20,1,31669353.71109441,12288900.0,19380453.711094532,2328750.0,9056250.0,903900.0,18707880.747700047,199904.21736332672,472668.7460310439,,17.888546067290008,12.309627631679177,0.00033442582935094833,0.0009901141747832298,1.7702510356903076,1,2,1,0.03703990573423205,1,1,4,1,0.03703990573423205,1,"{""eta"":[{""iter"":1,""solved"":1,""failed"":0,""gap_p90"":0,""cache_hr"":0,""fixed"":2,""unan"":true,""key"":null}],""gamma_LT"":[{""iter"":1,""solved"":1,""failed"":0,""gap_p90"":0,""cache_hr"":100,""fixed"":4,""unan"":true,""key"":null}]}",0.014053593479025413,True,2,OPTIMAL,solution_within_gap,False,,5:1,CTV|5:2;SOV|5:1,CTV|5|May:1;CTV|5|Oct:1;CTV|5|Sep:1;SOV|5|Dec:1;SOV|5|Feb:1;SOV|5|Jan:1,SOV1|5|Apr:1;SOV1|5|Aug:1;SOV1|5|Dec:1;SOV1|5|Feb:1;SOV1|5|Jan:1;SOV1|5|Jul:1;SOV1|5|Jun:1;SOV1|5|Mar:1;SOV1|5|May:1;SOV1|5|Nov:1;SOV1|5|Oct:1;SOV1|5|Sep:1;SOV2|5|Dec:1;SOV2|5|Feb:1;SOV2|5|Jan:1,376,8e1f6eec5f28b6aa,200,1-500,501-1500
20,3,26942242.24467629,6996025.0,19946217.24467593,4657500.0,1811250.0,527275.0,19118447.207125925,570466.0079571074,257304.029593229,,41.97075413912535,23.94330022111535,6.278905861079693,0.002736426889896393,6.286113023757935,1,2,3,0.03999891116264795,1,2,4,3,0.03999891116264795,1,"{""eta"":[{""iter"":1,""solved"":3,""failed"":0,""gap_p90"":0,""cache_hr"":0,""fixed"":2,""unan"":true,""key"":null}],""gamma_LT"":[{""iter"":1,""solved"":3,""failed"":0,""gap_p90"":0,""cache_hr"":100,""fixed"":1,""unan"":false,""key"":""('gamma_LT', ('CTV',""},{""iter"":2,""solved"":3,""failed"":0,""gap_p90"":0,""cache_hr"":67,""fixed"":3,""unan"":true,""key"":null}]}",0.0134259572938076,True,2,OPTIMAL,solution_within_gap,False,,5:1,CTV|5:2,CTV|5|Apr:1;CTV|5|Aug:1;CTV|5|Jul:1;CTV|5|Jun:1;CTV|5|Mar:1;CTV|5|May:1;SOV|5|Dec:1;SOV|5|Feb:1;SOV|5|Jan:1;SOV|5|Nov:1;SOV|5|Oct:1;SOV|5|Sep:1,SOV1|5|Dec:1;SOV1|5|Feb:1;SOV1|5|Jan:1;SOV1|5|Nov:1;SOV1|5|Oct:1;SOV1|5|Sep:1,41;125;159,8e1f6eec5f28b6aa,200,1-500,501-1500
20,5,27615059.463098317,9669775.0,17945284.463096898,86250.0,9056250.0,527275.0,17280918.084534235,243904.31733398096,420462.0612300733,,71.92980748321861,25.511489683762193,12.173674869351089,0.004506018944084644,27.815533876419067,1,2,5,0.03853842514132001,1,3,4,5,0.03996681888273137,1,"{""eta"":[{""iter"":1,""solved"":5,""failed"":0,""gap_p90"":0,""cache_hr"":0,""fixed"":2,""unan"":true,""key"":null}],""gamma_LT"":[{""iter"":1,""solved"":5,""failed"":0,""gap_p90"":0,""cache_hr"":100,""fixed"":1,""unan"":false,""key"":""('gamma_LT', ('CTV',""},{""iter"":2,""solved"":5,""failed"":0,""gap_p90"":0,""cache_hr"":80,""fixed"":1,""unan"":false,""key"":""('gamma_LT', ('SOV',""},{""iter"":3,""solved"":5,""failed"":0,""gap_p90"":0,""cache_hr"":80,""fixed"":2,""unan"":true,""key"":null}]}",0.01596173800367808,True,2,OPTIMAL,solution_within_gap,False,,5:1,CTV|5:2;SOV|5:1,CTV|5|Dec:1,SOV1|5|Apr:1;SOV1|5|Aug:1;SOV1|5|Dec:1;SOV1|5|Feb:1;SOV1|5|Jan:1;SOV1|5|Jul:1;SOV1|5|Jun:1;SOV1|5|Mar:1;SOV1|5|May:1;SOV1|5|Nov:1;SOV1|5|Oct:1;SOV1|5|Sep:1,3;24;153;187;388,8e1f6eec5f28b6aa,200,1-500,501-1500
20,7,29792275.92607625,10489725.0,19302550.92607804,8452500.0,1811250.0,225975.0,18652220.564539403,244241.28144668275,406089.0800902183,,167.52295672055334,26.30164440907538,28.870835658162832,0.003309795632958412,103.77631092071533,1,2,7,0.03999161036947614,1,3,4,7,0.03999602775040923,1,"{""eta"":[{""iter"":1,""solved"":7,""failed"":0,""gap_p90"":0,""cache_hr"":0,""fixed"":2,""unan"":true,""key"":null}],""gamma_LT"":[{""iter"":1,""solved"":7,""failed"":0,""gap_p90"":0,""cache_hr"":100,""fixed"":1,""unan"":false,""key"":""('gamma_LT', ('CTV',""},{""iter"":2,""solved"":7,""failed"":0,""gap_p90"":0,""cache_hr"":57,""fixed"":1,""unan"":false,""key"":""('gamma_LT', ('SOV',""},{""iter"":3,""solved"":7,""failed"":0,""gap_p90"":0,""cache_hr"":57,""fixed"":2,""unan"":true,""key"":null}]}",0.011223977000136947,True,2,OPTIMAL,solution_within_gap,False,,5:1,CTV|5:2,CTV|5|Dec:1;CTV|5|Jan:1;SOV|5|Apr:1;SOV|5|Aug:1;SOV|5|Dec:1;SOV|5|Feb:1;SOV|5|Jan:1;SOV|5|Jul:1;SOV|5|Jun:1;SOV|5|Mar:1;SOV|5|May:1;SOV|5|Nov:1;SOV|5|Oct:1;SOV|5|Sep:1,SOV1|5|Apr:1;SOV1|5|Aug:1;SOV1|5|Dec:1;SOV1|5|Feb:1;SOV1|5|Jan:1;SOV1|5|Jul:1;SOV1|5|Jun:1;SOV1|5|Mar:1;SOV1|5|May:1;SOV1|5|Nov:1;SOV1|5|Oct:1;SOV1|5|Sep:1,54;69;111;148;294;313;398,8e1f6eec5f28b6aa,200,1-500,501-1500
20,10,28224160.980127774,8807275.0,19416885.98013209,6468750.0,1811250.0,527275.0,18652108.477098137,429136.99862112,335640.5044084365,,230.26055062096566,29.09164302609861,25.44842696748674,0.008196392096579075,165.50446605682373,1,2,10,0.03999853453229748,1,3,4,10,0.03999853453229748,1,"{""eta"":[{""iter"":1,""solved"":10,""failed"":0,""gap_p90"":0,""cache_hr"":0,""fixed"":2,""unan"":true,""key"":null}],""gamma_LT"":[{""iter"":1,""solved"":10,""failed"":0,""gap_p90"":0,""cache_hr"":100,""fixed"":1,""unan"":false,""key"":""('gamma_LT', ('CTV',""},{""iter"":2,""solved"":10,""failed"":0,""gap_p90"":0,""cache_hr"":70,""fixed"":1,""unan"":false,""key"":""('gamma_LT', ('SOV',""},{""iter"":3,""solved"":10,""failed"":0,""gap_p90"":0,""cache_hr"":50,""fixed"":2,""unan"":true,""key"":null}]}",0.009483982134514107,True,2,OPTIMAL,solution_within_gap,False,,5:1,CTV|5:2,CTV|5|Jul:1;CTV|5|Jun:1;CTV|5|May:1;SOV|5|Apr:1;SOV|5|Aug:1;SOV|5|Dec:1;SOV|5|Feb:1;SOV|5|Jan:1;SOV|5|Mar:1;SOV|5|Nov:1;SOV|5|Oct:1;SOV|5|Sep:1,SOV1|5|Apr:1;SOV1|5|Aug:1;SOV1|5|Dec:1;SOV1|5|Feb:1;SOV1|5|Jan:1;SOV1|5|Mar:1;SOV1|5|Nov:1;SOV1|5|Oct:1;SOV1|5|Sep:1,127;139;184;257;302;339;384;430;432;475,8e1f6eec5f28b6aa,200,1-500,501-1500
20,15,27241667.448688604,8451350.0,18790317.4486817,6037500.0,1811250.0,602600.0,18034800.64587885,469043.77390028693,286473.02890950296,,941.6245795330033,30.132342436350882,21.250458758324385,0.004810960032045841,875.7452890872955,1,2,15,0.0393545133761816,1,3,4,15,0.03999625245988569,1,"{""eta"":[{""iter"":1,""solved"":15,""failed"":0,""gap_p90"":0,""cache_hr"":0,""fixed"":2,""unan"":true,""key"":null}],""gamma_LT"":[{""iter"":1,""solved"":15,""failed"":0,""gap_p90"":0,""cache_hr"":100,""fixed"":1,""unan"":false,""key"":""('gamma_LT', ('CTV',""},{""iter"":2,""solved"":15,""failed"":0,""gap_p90"":0,""cache_hr"":80,""fixed"":1,""unan"":false,""key"":""('gamma_LT', ('SOV',""},{""iter"":3,""solved"":15,""failed"":0,""gap_p90"":0,""cache_hr"":33,""fixed"":2,""unan"":true,""key"":null}]}",0.0005456395899052036,True,2,OPTIMAL,solution_within_gap,False,,5:1,CTV|5:2,CTV|5|Aug:1;CTV|5|Dec:1;CTV|5|Jan:1;CTV|5|Jul:1;CTV|5|Jun:1;CTV|5|May:1;SOV|5|Apr:1;SOV|5|Dec:1;SOV|5|Feb:1;SOV|5|Jan:1;SOV|5|Mar:1;SOV|5|Nov:1;SOV|5|Oct:1;SOV|5|Sep:1,SOV1|5|Apr:1;SOV1|5|Dec:1;SOV1|5|Feb:1;SOV1|5|Jan:1;SOV1|5|Mar:1;SOV1|5|Nov:1;SOV1|5|Oct:1;SOV1|5|Sep:1,14;42;66;78;111;120;173;200;320;338;352;415;422;454;465,8e1f6eec5f28b6aa,200,1-500,501-1500
20,20,28246101.537099905,9756025.0,18490076.53709353,172500.0,9056250.0,527275.0,17834759.288973622,254915.9207553111,400401.3273709515,,1138.6093303523958,32.683724760077894,24.61110571678728,0.01595120970159769,1063.6928269863129,1,2,20,0.039554960512052324,1,3,4,20,0.039983001119451286,1,"{""eta"":[{""iter"":1,""solved"":20,""failed"":0,""gap_p90"":0,""cache_hr"":0,""fixed"":2,""unan"":true,""key"":null}],""gamma_LT"":[{""iter"":1,""solved"":20,""failed"":0,""gap_p90"":0,""cache_hr"":100,""fixed"":1,""unan"":false,""key"":""('gamma_LT', ('SOV',""},{""iter"":2,""solved"":20,""failed"":0,""gap_p90"":0,""cache_hr"":60,""fixed"":1,""unan"":false,""key"":""('gamma_LT', ('CTV',""},{""iter"":3,""solved"":20,""failed"":0,""gap_p90"":0,""cache_hr"":80,""fixed"":2,""unan"":true,""key"":null}]}",2.1088712647360232e-13,True,2,OPTIMAL,solution_within_gap,False,,5:1,CTV|5:2;SOV|5:1,CTV|5|Dec:1;CTV|5|Jan:1,SOV1|5|Apr:1;SOV1|5|Aug:1;SOV1|5|Dec:1;SOV1|5|Feb:1;SOV1|5|Jan:1;SOV1|5|Jul:1;SOV1|5|Jun:1;SOV1|5|Mar:1;SOV1|5|May:1;SOV1|5|Nov:1;SOV1|5|Oct:1;SOV1|5|Sep:1,7;109;116;124;126;158;177;233;242;264;267;277;331;365;374;392;393;424;451;468,8e1f6eec5f28b6aa,200,1-500,501-1500
