instance_id,tree_size,objective,first_stage_cost,second_stage_cost,charter_cost_ST,charter_cost_LT,charter_cost_mob,downtime_cost,travel_cost_S,travel_cost_M,MIP_runtime,Con_total runtime,Con_eta runtime,Con_gamma_LT_runtime,Con_gamma_ST_runtime,Con_Master_runtime,Con_eta_n_iters,Con_eta_vars_fixed,Con_eta_judges_solved_min,Con_eta_gap_p90_max,Con_eta_unanimous_count,Con_gamma_LT_n_iters,Con_gamma_LT_vars_fixed,Con_gamma_LT_judges_solved_min,Con_gamma_LT_gap_p90_max,Con_gamma_LT_unanimous_count,Con_fix_history_json,MIPGap,has_solution,solve_status_code,solve_status,solve_outcome,gap_pruned,optimize_error,eta,gamma_LT,gamma_ST,alpha,scenarios,param_signature,seed,iss_pool,oos_pool
1,1,20819650.972845357,9604800.0,11214850.972845394,776250.0,8150625.0,677925.0,10451124.254542202,261774.71279239934,501952.0055107525,,19.989841292612255,13.962671305984259,0.0003826478496193886,0.00102937500923872,2.37666392326355,1,2,1,0.03403692377686506,1,1,4,1,0.03403692377686506,1,"{""eta"":[{""iter"":1,""solved"":1,""failed"":0,""gap_p90"":0,""cache_hr"":0,""fixed"":2,""unan"":true,""key"":null}],""gamma_LT"":[{""iter"":1,""solved"":1,""failed"":0,""gap_p90"":0,""cache_hr"":100,""fixed"":4,""unan"":true,""key"":null}]}",0.01657957386598373,True,2,OPTIMAL,solution_within_gap,False,,5:1,CTV|5:1;SOV|5:1,CTV|5|Dec:3;CTV|5|Feb:1;CTV|5|Jan:2;CTV|5|May:1;CTV|5|Nov:1;CTV|5|Oct:1,SOV1|5|Apr:1;SOV1|5|Aug:1;SOV1|5|Dec:1;SOV1|5|Feb:1;SOV1|5|Jan:1;SOV1|5|Jul:1;SOV1|5|Jun:1;SOV1|5|Mar:1;SOV1|5|May:1;SOV1|5|Nov:1;SOV1|5|Oct:1;SOV1|5|Sep:1,110,8e1f6eec5f28b6aa,200,1-500,501-1500
1,3,26632713.141590588,8203525.0,18429188.141590416,5865000.0,1811250.0,527275.0,17664262.001961954,459545.6260240639,305380.5136046115,,56.947863581590354,23.932487671263516,8.410900098271668,0.001711733639240265,19.550745964050293,1,2,3,0.03987183478821024,1,2,4,3,0.03987183478821024,1,"{""eta"":[{""iter"":1,""solved"":3,""failed"":0,""gap_p90"":0,""cache_hr"":0,""fixed"":2,""unan"":true,""key"":null}],""gamma_LT"":[{""iter"":1,""solved"":3,""failed"":0,""gap_p90"":0,""cache_hr"":100,""fixed"":1,""unan"":false,""key"":""('gamma_LT', ('SOV',""},{""iter"":2,""solved"":3,""failed"":0,""gap_p90"":0,""cache_hr"":67,""fixed"":3,""unan"":true,""key"":null}]}",0.0014000334085350846,True,2,OPTIMAL,solution_within_gap,False,,5:1,CTV|5:2,CTV|5|Aug:1;CTV|5|Jul:1;CTV|5|Jun:1;CTV|5|May:1;SOV|5|Apr:1;SOV|5|Dec:1;SOV|5|Feb:1;SOV|5|Jan:1;SOV|5|Mar:1;SOV|5|Nov:1;SOV|5|Oct:1;SOV|5|Sep:1,SOV1|5|Apr:1;SOV1|5|Dec:1;SOV1|5|Feb:1;SOV1|5|Jan:1;SOV1|5|Mar:1;SOV1|5|Nov:1;SOV1|5|Oct:1;SOV1|5|Sep:1,297;435;467,8e1f6eec5f28b6aa,200,1-500,501-1500
1,5,30524248.011335295,11512650.0,19011598.01133395,8797500.0,1811250.0,903900.0,18364855.322743412,321999.6763313422,324743.01226049685,,83.62700933683664,26.65207306947559,14.785456814803183,0.004256430082023144,35.81983017921448,1,2,5,0.0387463578896156,1,3,4,5,0.0399966576935453,1,"{""eta"":[{""iter"":1,""solved"":5,""failed"":0,""gap_p90"":0,""cache_hr"":0,""fixed"":2,""unan"":true,""key"":null}],""gamma_LT"":[{""iter"":1,""solved"":5,""failed"":0,""gap_p90"":0,""cache_hr"":100,""fixed"":1,""unan"":false,""key"":""('gamma_LT', ('CTV',""},{""iter"":2,""solved"":5,""failed"":0,""gap_p90"":0,""cache_hr"":60,""fixed"":1,""unan"":false,""key"":""('gamma_LT', ('SOV',""},{""iter"":3,""solved"":5,""failed"":0,""gap_p90"":0,""cache_hr"":60,""fixed"":2,""unan"":true,""key"":null}]}",0.012457194932469346,True,2,OPTIMAL,solution_within_gap,False,,5:1,CTV|5:2,CTV|5|Aug:1;CTV|5|Dec:1;CTV|5|Jul:1;CTV|5|Jun:1;CTV|5|Oct:1;CTV|5|Sep:1;SOV|5|Apr:1;SOV|5|Aug:1;SOV|5|Dec:1;SOV|5|Feb:2;SOV|5|Jan:2;SOV|5|Mar:1;SOV|5|May:1;SOV|5|Nov:1;SOV|5|Oct:1;SOV|5|Sep:1,SOV1|5|Apr:1;SOV1|5|Aug:1;SOV1|5|Dec:1;SOV1|5|Feb:1;SOV1|5|Jan:1;SOV1|5|Mar:1;SOV1|5|May:1;SOV1|5|Nov:1;SOV1|5|Oct:1;SOV1|5|Sep:1;SOV2|5|Feb:1;SOV2|5|Jan:1,191;229;292;306;456,8e1f6eec5f28b6aa,200,1-500,501-1500
1,7,27200182.850241028,9356400.0,17843782.850243673,6641250.0,1811250.0,903900.0,17087298.517976712,458206.08461766306,298278.24764675635,,132.23329932801425,24.946882415562868,20.406139409169555,0.006242899224162102,78.15204405784607,1,2,7,0.03997528138243999,1,3,4,7,0.039989427514898264,1,"{""eta"":[{""iter"":1,""solved"":7,""failed"":0,""gap_p90"":0,""cache_hr"":0,""fixed"":2,""unan"":true,""key"":null}],""gamma_LT"":[{""iter"":1,""solved"":7,""failed"":0,""gap_p90"":0,""cache_hr"":100,""fixed"":1,""unan"":false,""key"":""('gamma_LT', ('CTV',""},{""iter"":2,""solved"":7,""failed"":0,""gap_p90"":0,""cache_hr"":71,""fixed"":1,""unan"":false,""key"":""('gamma_LT', ('SOV',""},{""iter"":3,""solved"":7,""failed"":0,""gap_p90"":0,""cache_hr"":57,""fixed"":2,""unan"":true,""key"":null}]}",0.017227253460343712,True,2,OPTIMAL,solution_within_gap,False,,5:1,CTV|5:2,CTV|5|Apr:1;CTV|5|Dec:1;CTV|5|Jul:1;CTV|5|Jun:1;CTV|5|May:1;SOV|5|Aug:1;SOV|5|Dec:2;SOV|5|Feb:1;SOV|5|Jan:1;SOV|5|Mar:1;SOV|5|Nov:1;SOV|5|Oct:1;SOV|5|Sep:1,SOV1|5|Aug:1;SOV1|5|Dec:1;SOV1|5|Feb:1;SOV1|5|Jan:1;SOV1|5|Mar:1;SOV1|5|Nov:1;SOV1|5|Oct:1;SOV1|5|Sep:1;SOV2|5|Dec:1,69;192;249;325;352;447;492,8e1f6eec5f28b6aa,200,1-500,501-1500
1,10,27404268.007786244,9227600.0,18176668.007790767,6813750.0,1811250.0,602600.0,17427340.32345324,413215.81312540855,336111.87120743596,,265.43916357308626,31.35424582194537,21.425541155971587,0.007839223369956017,201.81094098091125,1,2,10,0.039747562546307354,1,3,4,10,0.03997464360530944,1,"{""eta"":[{""iter"":1,""solved"":10,""failed"":0,""gap_p90"":0,""cache_hr"":0,""fixed"":2,""unan"":true,""key"":null}],""gamma_LT"":[{""iter"":1,""solved"":10,""failed"":0,""gap_p90"":0,""cache_hr"":100,""fixed"":1,""unan"":false,""key"":""('gamma_LT', ('CTV',""},{""iter"":2,""solved"":10,""failed"":0,""gap_p90"":0,""cache_hr"":70,""fixed"":1,""unan"":false,""key"":""('gamma_LT', ('SOV',""},{""iter"":3,""solved"":10,""failed"":0,""gap_p90"":0,""cache_hr"":40,""fixed"":2,""unan"":true,""key"":null}]}",0.014238426478650873,True,2,OPTIMAL,solution_within_gap,False,,5:1,CTV|5:2,CTV|5|Aug:1;CTV|5|Dec:1;CTV|5|Jan:1;CTV|5|Jul:1;CTV|5|Jun:1;CTV|5|May:1;CTV|5|Sep:1;SOV|5|Apr:1;SOV|5|Aug:1;SOV|5|Dec:1;SOV|5|Feb:1;SOV|5|Jan:1;SOV|5|Mar:1;SOV|5|Nov:1;SOV|5|Oct:1;SOV|5|Sep:1,SOV1|5|Apr:1;SOV1|5|Aug:1;SOV1|5|Dec:1;SOV1|5|Feb:1;SOV1|5|Jan:1;SOV1|5|Mar:1;SOV1|5|Nov:1;SOV1|5|Oct:1;SOV1|5|Sep:1,60;124;199;209;210;271;367;385;453;483,8e1f6eec5f28b6aa,200,1-500,501-1500
1,15,27788827.77158951,10499500.0,17289327.77158962,690000.0,9056250.0,753250.0,16644211.707169728,230134.7641629407,414981.30025668145,,312.61130005214363,29.17589934822172,13.336255943402648,0.011602260172367096,255.18680810928345,1,2,15,0.03991920615894334,1,3,4,15,0.03999342765747359,1,"{""eta"":[{""iter"":1,""solved"":15,""failed"":0,""gap_p90"":0,""cache_hr"":0,""fixed"":2,""unan"":true,""key"":null}],""gamma_LT"":[{""iter"":1,""solved"":15,""failed"":0,""gap_p90"":0,""cache_hr"":100,""fixed"":1,""unan"":false,""key"":""('gamma_LT', ('CTV',""},{""iter"":2,""solved"":15,""failed"":0,""gap_p90"":0,""cache_hr"":93,""fixed"":1,""unan"":false,""key"":""('gamma_LT', ('SOV',""},{""iter"":3,""solved"":15,""failed"":0,""gap_p90"":0,""cache_hr"":40,""fixed"":2,""unan"":true,""key"":null}]}",0.018144320907749638,True,2,OPTIMAL,solution_within_gap,False,,5:1,CTV|5:2;SOV|5:1,SOV|5|Dec:1,SOV1|5|Apr:1;SOV1|5|Aug:1;SOV1|5|Dec:1;SOV1|5|Feb:1;SOV1|5|Jan:1;SOV1|5|Jul:1;SOV1|5|Jun:1;SOV1|5|Mar:1;SOV1|5|May:1;SOV1|5|Nov:1;SOV1|5|Oct:1;SOV1|5|Sep:1;SOV2|5|Dec:1,4;18;24;33;54;60;71;117;133;201;217;231;366;403;423,8e1f6eec5f28b6aa,200,1-500,501-1500
1,20,29607342.839446895,9508200.0,20099142.83944049,0.0,9056250.0,451950.0,19448598.265232686,240583.64848022073,409960.92573399504,,451.08047973178327,35.59411799907684,19.016549623571336,0.016610216349363327,377.5736041069031,1,2,20,0.03985966978502692,1,3,4,20,0.03999655895102229,1,"{""eta"":[{""iter"":1,""solved"":20,""failed"":0,""gap_p90"":0,""cache_hr"":0,""fixed"":2,""unan"":true,""key"":null}],""gamma_LT"":[{""iter"":1,""solved"":20,""failed"":0,""gap_p90"":0,""cache_hr"":100,""fixed"":1,""unan"":false,""key"":""('gamma_LT', ('CTV',""},{""iter"":2,""solved"":20,""failed"":0,""gap_p90"":0,""cache_hr"":80,""fixed"":1,""unan"":false,""key"":""('gamma_LT', ('SOV',""},{""iter"":3,""solved"":20,""failed"":0,""gap_p90"":0,""cache_hr"":80,""fixed"":2,""unan"":true,""key"":null}]}",0.009214117762082925,True,2,OPTIMAL,solution_within_gap,False,,5:1,CTV|5:2;SOV|5:1,,SOV1|5|Apr:1;SOV1|5|Aug:1;SOV1|5|Dec:1;SOV1|5|Feb:1;SOV1|5|Jan:1;SOV1|5|Jul:1;SOV1|5|Jun:1;SOV1|5|Mar:1;SOV1|5|May:1;SOV1|5|Nov:1;SOV1|5|Oct:1;SOV1|5|Sep:1,8;34;44;95;127;156;185;195;226;247;281;286;289;335;362;368;369;412;464;486,8e1f6eec5f28b6aa,200,1-500,501-1500
2,1,23812829.767545003,11372350.0,12440479.767545043,2242500.0,8150625.0,979225.0,11773933.786753226,215196.54329210665,451349.43749966373,,17.949126612395048,12.63167922012508,0.0003674812614917755,0.0010067000985145569,1.863171100616455,1,2,1,0.037719704181942974,1,1,4,1,0.037719704181942974,1,"{""eta"":[{""iter"":1,""solved"":1,""failed"":0,""gap_p90"":0,""cache_hr"":0,""fixed"":2,""unan"":true,""key"":null}],""gamma_LT"":[{""iter"":1,""solved"":1,""failed"":0,""gap_p90"":0,""cache_hr"":100,""fixed"":4,""unan"":true,""key"":null}]}",0.004574845449398117,True,2,OPTIMAL,solution_within_gap,False,,5:1,CTV|5:1;SOV|5:1,CTV|5|Aug:1;CTV|5|Dec:1;CTV|5|Feb:1;CTV|5|Jan:1;CTV|5|Jun:1;CTV|5|May:1;CTV|5|Oct:2;CTV|5|Sep:2;SOV|5|Dec:1;SOV|5|Nov:1,SOV1|5|Apr:1;SOV1|5|Aug:1;SOV1|5|Dec:1;SOV1|5|Feb:1;SOV1|5|Jan:1;SOV1|5|Jul:1;SOV1|5|Jun:1;SOV1|5|Mar:1;SOV1|5|May:1;SOV1|5|Nov:1;SOV1|5|Oct:1;SOV1|5|Sep:1;SOV2|5|Dec:1;SOV2|5|Nov:1,183,8e1f6eec5f28b6aa,200,1-500,501-1500
2,3,29722829.400275163,9917600.0,19805229.40027519,258750.0,9056250.0,602600.0,19111710.74644456,239000.32707151037,454518.32675909915,,46.049794260412455,24.01583789009601,6.812387459911406,0.002741774544119835,9.876276016235352,1,2,3,0.03684148406789949,1,2,4,3,0.03994785273523669,1,"{""eta"":[{""iter"":1,""solved"":3,""failed"":0,""gap_p90"":0,""cache_hr"":0,""fixed"":2,""unan"":true,""key"":null}],""gamma_LT"":[{""iter"":1,""solved"":3,""failed"":0,""gap_p90"":0,""cache_hr"":100,""fixed"":1,""unan"":false,""key"":""('gamma_LT', ('SOV',""},{""iter"":2,""solved"":3,""failed"":0,""gap_p90"":0,""cache_hr"":67,""fixed"":3,""unan"":true,""key"":null}]}",0.011846950279104132,True,2,OPTIMAL,solution_within_gap,False,,5:1,CTV|5:2;SOV|5:1,CTV|5|Dec:1;CTV|5|Jan:2,SOV1|5|Apr:1;SOV1|5|Aug:1;SOV1|5|Dec:1;SOV1|5|Feb:1;SOV1|5|Jan:1;SOV1|5|Jul:1;SOV1|5|Jun:1;SOV1|5|Mar:1;SOV1|5|May:1;SOV1|5|Nov:1;SOV1|5|Oct:1;SOV1|5|Sep:1,40;197;355,8e1f6eec5f28b6aa,200,1-500,501-1500
2,5,26547409.98878776,10090100.0,16457309.988787154,431250.0,9056250.0,602600.0,15784938.282943599,267894.6383277075,404477.0675164065,,66.49385726917535,23.339773188345134,6.200811805203557,0.004460700787603855,30.140056848526,1,2,5,0.038622325534581996,1,2,4,5,0.0399621621480043,1,"{""eta"":[{""iter"":1,""solved"":5,""failed"":0,""gap_p90"":0,""cache_hr"":0,""fixed"":2,""unan"":true,""key"":null}],""gamma_LT"":[{""iter"":1,""solved"":5,""failed"":0,""gap_p90"":0,""cache_hr"":100,""fixed"":1,""unan"":false,""key"":""('gamma_LT', ('CTV',""},{""iter"":2,""solved"":5,""failed"":0,""gap_p90"":0,""cache_hr"":80,""fixed"":3,""unan"":true,""key"":null}]}",0.01985528730017862,True,2,OPTIMAL,solution_within_gap,False,,5:1,CTV|5:2;SOV|5:1,CTV|5|Feb:1;CTV|5|Jan:1;CTV|5|Nov:1;CTV|5|Oct:1;CTV|5|Sep:1,SOV1|5|Apr:1;SOV1|5|Aug:1;SOV1|5|Dec:1;SOV1|5|Feb:1;SOV1|5|Jan:1;SOV1|5|Jul:1;SOV1|5|Jun:1;SOV1|5|Mar:1;SOV1|5|May:1;SOV1|5|Nov:1;SOV1|5|Oct:1;SOV1|5|Sep:1,24;53;314;354;385,8e1f6eec5f28b6aa,200,1-500,501-1500
2,7,28411719.5510031,9756025.0,18655694.551004827,172500.0,9056250.0,527275.0,17993700.540918194,243367.4342507525,418626.57583417115,,101.10305036511272,27.627447097562253,16.91542076226324,0.00571860745549202,48.197436809539795,1,2,7,0.039907519853944154,1,3,4,7,0.039907519853944154,1,"{""eta"":[{""iter"":1,""solved"":7,""failed"":0,""gap_p90"":0,""cache_hr"":0,""fixed"":2,""unan"":true,""key"":null}],""gamma_LT"":[{""iter"":1,""solved"":7,""failed"":0,""gap_p90"":0,""cache_hr"":100,""fixed"":1,""unan"":false,""key"":""('gamma_LT', ('CTV',""},{""iter"":2,""solved"":7,""failed"":0,""gap_p90"":0,""cache_hr"":86,""fixed"":1,""unan"":false,""key"":""('gamma_LT', ('SOV',""},{""iter"":3,""solved"":7,""failed"":0,""gap_p90"":0,""cache_hr"":86,""fixed"":2,""unan"":true,""key"":null}]}",0.006539185029381048,True,2,OPTIMAL,solution_within_gap,False,,5:1,CTV|5:2;SOV|5:1,CTV|5|Feb:1;CTV|5|Jan:1,SOV1|5|Apr:1;SOV1|5|Aug:1;SOV1|5|Dec:1;SOV1|5|Feb:1;SOV1|5|Jan:1;SOV1|5|Jul:1;SOV1|5|Jun:1;SOV1|5|Mar:1;SOV1|5|May:1;SOV1|5|Nov:1;SOV1|5|Oct:1;SOV1|5|Sep:1,26;97;238;266;333;425;469,8e1f6eec5f28b6aa,200,1-500,501-1500
2,10,29198902.86694972,10489725.0,18709177.86695413,8452500.0,1811250.0,225975.0,18044452.983389996,239248.7356243894,425476.14793529204,,197.96115093119442,26.079912391491234,15.873058482073247,0.008661456406116486,145.02916407585144,1,2,10,0.038471848202766064,1,3,4,10,0.03997735988695679,1,"{""eta"":[{""iter"":1,""solved"":10,""failed"":0,""gap_p90"":0,""cache_hr"":0,""fixed"":2,""unan"":true,""key"":null}],""gamma_LT"":[{""iter"":1,""solved"":10,""failed"":0,""gap_p90"":0,""cache_hr"":100,""fixed"":1,""unan"":false,""key"":""('gamma_LT', ('CTV',""},{""iter"":2,""solved"":10,""failed"":0,""gap_p90"":0,""cache_hr"":70,""fixed"":1,""unan"":false,""key"":""('gamma_LT', ('SOV',""},{""iter"":3,""solved"":10,""failed"":0,""gap_p90"":0,""cache_hr"":50,""fixed"":2,""unan"":true,""key"":null}]}",0.019722575664956006,True,2,OPTIMAL,solution_within_gap,False,,5:1,CTV|5:2,CTV|5|Dec:1;CTV|5|Jan:1;SOV|5|Apr:1;SOV|5|Aug:1;SOV|5|Dec:1;SOV|5|Feb:1;SOV|5|Jan:1;SOV|5|Jul:1;SOV|5|Jun:1;SOV|5|Mar:1;SOV|5|May:1;SOV|5|Nov:1;SOV|5|Oct:1;SOV|5|Sep:1,SOV1|5|Apr:1;SOV1|5|Aug:1;SOV1|5|Dec:1;SOV1|5|Feb:1;SOV1|5|Jan:1;SOV1|5|Jul:1;SOV1|5|Jun:1;SOV1|5|Mar:1;SOV1|5|May:1;SOV1|5|Nov:1;SOV1|5|Oct:1;SOV1|5|Sep:1,37;111;203;225;263;327;335;341;468;473,8e1f6eec5f28b6aa,200,1-500,501-1500
2,15,30017908.209506337,9862975.0,20154933.20949959,7072500.0,1811250.0,979225.0,19414663.21511957,460217.491461308,280052.5029254603,,449.4948704550043,28.686958771198988,24.129179222509265,0.012912140227854252,381.5951499938965,1,2,15,0.03976365931578181,1,3,4,15,0.03998862583998333,1,"{""eta"":[{""iter"":1,""solved"":15,""failed"":0,""gap_p90"":0,""cache_hr"":0,""fixed"":2,""unan"":true,""key"":null}],""gamma_LT"":[{""iter"":1,""solved"":15,""failed"":0,""gap_p90"":0,""cache_hr"":100,""fixed"":1,""unan"":false,""key"":""('gamma_LT', ('CTV',""},{""iter"":2,""solved"":15,""failed"":0,""gap_p90"":0,""cache_hr"":67,""fixed"":1,""unan"":false,""key"":""('gamma_LT', ('SOV',""},{""iter"":3,""solved"":15,""failed"":0,""gap_p90"":0,""cache_hr"":60,""fixed"":2,""unan"":true,""key"":null}]}",0.014986203797597221,True,2,OPTIMAL,solution_within_gap,False,,5:1,CTV|5:2,CTV|5|Apr:1;CTV|5|Dec:2;CTV|5|Jan:2;CTV|5|Jul:1;CTV|5|Jun:1;CTV|5|Mar:1;CTV|5|May:1;CTV|5|Nov:1;SOV|5|Aug:1;SOV|5|Dec:2;SOV|5|Feb:1;SOV|5|Jan:1;SOV|5|Mar:1;SOV|5|Nov:1;SOV|5|Oct:1;SOV|5|Sep:1,SOV1|5|Aug:1;SOV1|5|Dec:1;SOV1|5|Feb:1;SOV1|5|Jan:1;SOV1|5|Mar:1;SOV1|5|Nov:1;SOV1|5|Oct:1;SOV1|5|Sep:1;SOV2|5|Dec:1,101;111;148;213;223;225;295;312;316;319;321;361;405;468;473,8e1f6eec5f28b6aa,200,1-500,501-1500
2,20,27858542.015433062,9055100.0,18803442.015426233,6641250.0,1811250.0,602600.0,18063193.634770315,405623.7204228332,334624.66023991344,,1415.9774365099147,30.987533348612487,34.17150648590177,0.014620993286371231,1331.8605480194092,1,2,20,0.039907519853944154,1,3,4,20,0.039991482492695435,1,"{""eta"":[{""iter"":1,""solved"":20,""failed"":0,""gap_p90"":0,""cache_hr"":0,""fixed"":2,""unan"":true,""key"":null}],""gamma_LT"":[{""iter"":1,""solved"":20,""failed"":0,""gap_p90"":0,""cache_hr"":100,""fixed"":1,""unan"":false,""key"":""('gamma_LT', ('SOV',""},{""iter"":2,""solved"":20,""failed"":0,""gap_p90"":0,""cache_hr"":50,""fixed"":1,""unan"":false,""key"":""('gamma_LT', ('CTV',""},{""iter"":3,""solved"":20,""failed"":0,""gap_p90"":0,""cache_hr"":55,""fixed"":2,""unan"":true,""key"":null}]}",0.0003978474641997885,True,2,OPTIMAL,solution_within_gap,False,,5:1,CTV|5:2,CTV|5|Dec:1;CTV|5|Jan:1;CTV|5|Jul:1;CTV|5|Jun:1;CTV|5|May:1;SOV|5|Apr:1;SOV|5|Aug:1;SOV|5|Dec:1;SOV|5|Feb:1;SOV|5|Jan:1;SOV|5|Mar:1;SOV|5|Nov:1;SOV|5|Oct:1;SOV|5|Sep:1,SOV1|5|Apr:1;SOV1|5|Aug:1;SOV1|5|Dec:1;SOV1|5|Feb:1;SOV1|5|Jan:1;SOV1|5|Mar:1;SOV1|5|Nov:1;SOV1|5|Oct:1;SOV1|5|Sep:1,5;26;130;148;159;222;250;261;269;277;309;354;384;405;415;425;441;466;475;487,8e1f6eec5f28b6aa,200,1-500,501-1500
3,1,20050121.443968836,7987325.0,12062796.443968808,5347500.0,1811250.0,828575.0,11201454.570061157,615221.5707734851,246120.30313419097,,29.217278908006847,24.536711547523737,0.0003346344456076622,0.001005600206553936,1.2540299892425537,1,2,1,0.035988827811076075,1,1,4,1,0.035988827811076075,1,"{""eta"":[{""iter"":1,""solved"":1,""failed"":0,""gap_p90"":0,""cache_hr"":0,""fixed"":2,""unan"":true,""key"":null}],""gamma_LT"":[{""iter"":1,""solved"":1,""failed"":0,""gap_p90"":0,""cache_hr"":100,""fixed"":4,""unan"":true,""key"":null}]}",0.002744477985441512,True,2,OPTIMAL,solution_within_gap,False,,5:1,CTV|5:2,CTV|5|Apr:1;CTV|5|Aug:1;CTV|5|Jul:1;CTV|5|Jun:1;CTV|5|May:1;CTV|5|Sep:1;SOV|5|Aug:1;SOV|5|Dec:1;SOV|5|Feb:1;SOV|5|Jan:1;SOV|5|Mar:1;SOV|5|Nov:1;SOV|5|Oct:1,SOV1|5|Aug:1;SOV1|5|Dec:1;SOV1|5|Feb:1;SOV1|5|Jan:1;SOV1|5|Mar:1;SOV1|5|Nov:1;SOV1|5|Oct:1,403,8e1f6eec5f28b6aa,200,1-500,501-1500
3,3,31782157.566337135,11189500.0,20592657.566337112,1380000.0,9056250.0,753250.0,19989081.1255512,215678.90603766422,387897.5347482901,,35.07990464288741,19.86030862480402,0.00045767053961753845,0.00273173488676548,10.105820178985596,1,2,3,0.03967820095227006,1,1,4,3,0.03967820095227006,1,"{""eta"":[{""iter"":1,""solved"":3,""failed"":0,""gap_p90"":0,""cache_hr"":0,""fixed"":2,""unan"":true,""key"":null}],""gamma_LT"":[{""iter"":1,""solved"":3,""failed"":0,""gap_p90"":0,""cache_hr"":100,""fixed"":4,""unan"":true,""key"":null}]}",0.0024978571828491933,True,2,OPTIMAL,solution_within_gap,False,,5:1,CTV|5:2;SOV|5:1,SOV|5|Dec:1;SOV|5|Jan:1,SOV1|5|Apr:1;SOV1|5|Aug:1;SOV1|5|Dec:1;SOV1|5|Feb:1;SOV1|5|Jan:1;SOV1|5|Jul:1;SOV1|5|Jun:1;SOV1|5|Mar:1;SOV1|5|May:1;SOV1|5|Nov:1;SOV1|5|Oct:1;SOV1|5|Sep:1;SOV2|5|Dec:1;SOV2|5|Jan:1,204;322;400,8e1f6eec5f28b6aa,200,1-500,501-1500
3,5,32724106.64348599,11318300.0,21405806.64348453,1207500.0,9056250.0,1054550.0,20775880.3042142,225305.86274671616,404620.47652495804,,83.03497033845633,26.6284906482324,15.627395120449364,0.0045218029990792274,34.023240089416504,1,2,5,0.039815527648704226,1,3,4,5,0.039842751760635675,1,"{""eta"":[{""iter"":1,""solved"":5,""failed"":0,""gap_p90"":0,""cache_hr"":0,""fixed"":2,""unan"":true,""key"":null}],""gamma_LT"":[{""iter"":1,""solved"":5,""failed"":0,""gap_p90"":0,""cache_hr"":100,""fixed"":1,""unan"":false,""key"":""('gamma_LT', ('SOV',""},{""iter"":2,""solved"":5,""failed"":0,""gap_p90"":0,""cache_hr"":80,""fixed"":1,""unan"":false,""key"":""('gamma_LT', ('CTV',""},{""iter"":3,""solved"":5,""failed"":0,""gap_p90"":0,""cache_hr"":40,""fixed"":2,""unan"":true,""key"":null}]}",0.0021352552528162852,True,2,OPTIMAL,solution_within_gap,False,,5:1,CTV|5:2;SOV|5:1,CTV|5|Dec:4;CTV|5|Jan:2;SOV|5|Dec:1,SOV1|5|Apr:1;SOV1|5|Aug:1;SOV1|5|Dec:1;SOV1|5|Feb:1;SOV1|5|Jan:1;SOV1|5|Jul:1;SOV1|5|Jun:1;SOV1|5|Mar:1;SOV1|5|May:1;SOV1|5|Nov:1;SOV1|5|Oct:1;SOV1|5|Sep:1;SOV2|5|Dec:1,33;272;279;319;407,8e1f6eec5f28b6aa,200,1-500,501-1500
3,7,26260239.72768299,7599775.0,18660464.727685846,5261250.0,1811250.0,527275.0,17876341.218451075,516678.2001141176,267445.30911781196,,155.3569212909788,24.825263721868396,23.24777613207698,0.006263504736125469,98.75527501106262,1,2,7,0.03998358877738397,1,3,4,7,0.039997008204151925,1,"{""eta"":[{""iter"":1,""solved"":7,""failed"":0,""gap_p90"":0,""cache_hr"":0,""fixed"":2,""unan"":true,""key"":null}],""gamma_LT"":[{""iter"":1,""solved"":7,""failed"":0,""gap_p90"":0,""cache_hr"":100,""fixed"":1,""unan"":false,""key"":""('gamma_LT', ('SOV',""},{""iter"":2,""solved"":7,""failed"":0,""gap_p90"":0,""cache_hr"":71,""fixed"":1,""unan"":false,""key"":""('gamma_LT', ('CTV',""},{""iter"":3,""solved"":7,""failed"":0,""gap_p90"":0,""cache_hr"":43,""fixed"":2,""unan"":true,""key"":null}]}",0.010951755731480037,True,2,OPTIMAL,solution_within_gap,False,,5:1,CTV|5:2,CTV|5|Apr:1;CTV|5|Aug:1;CTV|5|Jul:1;CTV|5|Jun:1;CTV|5|May:1;SOV|5|Dec:1;SOV|5|Feb:1;SOV|5|Jan:1;SOV|5|Mar:1;SOV|5|Nov:1;SOV|5|Oct:1;SOV|5|Sep:1,SOV1|5|Dec:1;SOV1|5|Feb:1;SOV1|5|Jan:1;SOV1|5|Mar:1;SOV1|5|Nov:1;SOV1|5|Oct:1;SOV1|5|Sep:1,38;117;125;150;170;256;295,8e1f6eec5f28b6aa,200,1-500,501-1500
3,10,26800680.732941832,11189500.0,15611180.732940735,1380000.0,9056250.0,753250.0,15005955.351339303,217048.76666852855,388176.6149341461,,209.30982084851712,28.838310642167926,15.545808242633939,0.008103475905954838,154.1910970211029,1,2,10,0.03916235643617339,1,3,4,10,0.039995365703424095,1,"{""eta"":[{""iter"":1,""solved"":10,""failed"":0,""gap_p90"":0,""cache_hr"":0,""fixed"":2,""unan"":true,""key"":null}],""gamma_LT"":[{""iter"":1,""solved"":10,""failed"":0,""gap_p90"":0,""cache_hr"":100,""fixed"":1,""unan"":false,""key"":""('gamma_LT', ('CTV',""},{""iter"":2,""solved"":10,""failed"":0,""gap_p90"":0,""cache_hr"":80,""fixed"":1,""unan"":false,""key"":""('gamma_LT', ('SOV',""},{""iter"":3,""solved"":10,""failed"":0,""gap_p90"":0,""cache_hr"":70,""fixed"":2,""unan"":true,""key"":null}]}",0.015563951103472173,True,2,OPTIMAL,solution_within_gap,False,,5:1,CTV|5:2;SOV|5:1,SOV|5|Dec:1;SOV|5|Nov:1,SOV1|5|Apr:1;SOV1|5|Aug:1;SOV1|5|Dec:1;SOV1|5|Feb:1;SOV1|5|Jan:1;SOV1|5|Jul:1;SOV1|5|Jun:1;SOV1|5|Mar:1;SOV1|5|May:1;SOV1|5|Nov:1;SOV1|5|Oct:1;SOV1|5|Sep:1;SOV2|5|Dec:1;SOV2|5|Nov:1,7;76;126;176;251;293;303;374;385;481,8e1f6eec5f28b6aa,200,1-500,501-1500
3,15,28720021.21608693,10435100.0,18284921.21608103,776250.0,9056250.0,602600.0,17625445.341407616,263566.5327257431,395909.3419533626,,251.82362085208297,32.058530043810606,22.768503015860915,0.008609115146100521,181.9408929347992,1,2,15,0.03997744910462123,1,3,4,15,0.03999602775040923,1,"{""eta"":[{""iter"":1,""solved"":15,""failed"":0,""gap_p90"":0,""cache_hr"":0,""fixed"":2,""unan"":true,""key"":null}],""gamma_LT"":[{""iter"":1,""solved"":15,""failed"":0,""gap_p90"":0,""cache_hr"":100,""fixed"":1,""unan"":false,""key"":""('gamma_LT', ('CTV',""},{""iter"":2,""solved"":15,""failed"":0,""gap_p90"":0,""cache_hr"":60,""fixed"":1,""unan"":false,""key"":""('gamma_LT', ('SOV',""},{""iter"":3,""solved"":15,""failed"":0,""gap_p90"":0,""cache_hr"":67,""fixed"":2,""unan"":true,""key"":null}]}",0.019451615195439045,True,2,OPTIMAL,solution_within_gap,False,,5:1,CTV|5:2;SOV|5:1,CTV|5|Aug:1;CTV|5|Dec:2;CTV|5|Jan:2;CTV|5|Jul:1;CTV|5|Nov:1;CTV|5|Oct:1;CTV|5|Sep:1,SOV1|5|Apr:1;SOV1|5|Aug:1;SOV1|5|Dec:1;SOV1|5|Feb:1;SOV1|5|Jan:1;SOV1|5|Jul:1;SOV1|5|Jun:1;SOV1|5|Mar:1;SOV1|5|May:1;SOV1|5|Nov:1;SOV1|5|Oct:1;SOV1|5|Sep:1,36;59;82;114;205;208;268;292;371;397;398;412;425;429;473,8e1f6eec5f28b6aa,200,1-500,501-1500
3,20,28307579.708830792,9055100.0,19252479.708823826,6641250.0,1811250.0,602600.0,18521206.28933172,405502.503888585,325770.91561039846,,1335.8471898203716,31.61942874453962,27.64663259871304,0.016264915466308594,1258.3202140331268,1,2,20,0.03926314920641055,1,3,4,20,0.03999771733390039,1,"{""eta"":[{""iter"":1,""solved"":20,""failed"":0,""gap_p90"":0,""cache_hr"":0,""fixed"":2,""unan"":true,""key"":null}],""gamma_LT"":[{""iter"":1,""solved"":20,""failed"":0,""gap_p90"":0,""cache_hr"":100,""fixed"":1,""unan"":false,""key"":""('gamma_LT', ('CTV',""},{""iter"":2,""solved"":20,""failed"":0,""gap_p90"":0,""cache_hr"":65,""fixed"":1,""unan"":false,""key"":""('gamma_LT', ('SOV',""},{""iter"":3,""solved"":20,""failed"":0,""gap_p90"":0,""cache_hr"":45,""fixed"":2,""unan"":true,""key"":null}]}",0.0003507666013372994,True,2,OPTIMAL,solution_within_gap,False,,5:1,CTV|5:2,CTV|5|Dec:1;CTV|5|Jan:1;CTV|5|Jul:1;CTV|5|Jun:1;CTV|5|May:1;SOV|5|Apr:1;SOV|5|Aug:1;SOV|5|Dec:1;SOV|5|Feb:1;SOV|5|Jan:1;SOV|5|Mar:1;SOV|5|Nov:1;SOV|5|Oct:1;SOV|5|Sep:1,SOV1|5|Apr:1;SOV1|5|Aug:1;SOV1|5|Dec:1;SOV1|5|Feb:1;SOV1|5|Jan:1;SOV1|5|Mar:1;SOV1|5|Nov:1;SOV1|5|Oct:1;SOV1|5|Sep:1,10;24;30;83;90;91;100;127;140;159;210;216;277;278;306;309;313;421;428;486,8e1f6eec5f28b6aa,200,1-500,501-1500
4,1,38610998.4118967,11512075.0,27098923.411896836,2156250.0,8150625.0,1205200.0,26408289.73132157,215375.58517533768,475258.0953998047,,21.097544086165726,15.747860819101334,0.000331927090883255,0.0010071033611893654,1.9060890674591064,1,2,1,0.038151474692021736,1,1,4,1,0.038151474692021736,1,"{""eta"":[{""iter"":1,""solved"":1,""failed"":0,""gap_p90"":0,""cache_hr"":0,""fixed"":2,""unan"":true,""key"":null}],""gamma_LT"":[{""iter"":1,""solved"":1,""failed"":0,""gap_p90"":0,""cache_hr"":100,""fixed"":4,""unan"":true,""key"":null}]}",0.018788594089140326,True,2,OPTIMAL,solution_within_gap,False,,5:1,CTV|5:1;SOV|5:1,CTV|5|Apr:1;CTV|5|Dec:1;CTV|5|Feb:2;CTV|5|Jan:2;CTV|5|Mar:1;CTV|5|May:1;CTV|5|Sep:1;SOV|5|Jan:1;SOV|5|Oct:1,SOV1|5|Apr:1;SOV1|5|Aug:1;SOV1|5|Dec:1;SOV1|5|Feb:1;SOV1|5|Jan:1;SOV1|5|Jul:1;SOV1|5|Jun:1;SOV1|5|Mar:1;SOV1|5|May:1;SOV1|5|Nov:1;SOV1|5|Oct:1;SOV1|5|Sep:1;SOV2|5|Jan:1;SOV2|5|Oct:1,220,8e1f6eec5f28b6aa,200,1-500,501-1500
4,3,26189774.63285026,7686025.0,18503749.63284993,5347500.0,1811250.0,527275.0,17718234.488105953,541368.3056374348,244146.83910687332,,46.26664831396192,22.579034319147468,9.026413134299219,0.002758871763944626,10.240055084228516,1,2,3,0.03986817493789354,1,2,4,3,0.03999848799958294,1,"{""eta"":[{""iter"":1,""solved"":3,""failed"":0,""gap_p90"":0,""cache_hr"":0,""fixed"":2,""unan"":true,""key"":null}],""gamma_LT"":[{""iter"":1,""solved"":3,""failed"":0,""gap_p90"":0,""cache_hr"":100,""fixed"":1,""unan"":false,""key"":""('gamma_LT', ('SOV',""},{""iter"":2,""solved"":3,""failed"":0,""gap_p90"":0,""cache_hr"":33,""fixed"":3,""unan"":true,""key"":null}]}",0.007546098322113895,True,2,OPTIMAL,solution_within_gap,False,,5:1,CTV|5:2,CTV|5|Apr:1;CTV|5|Aug:1;CTV|5|Jul:1;CTV|5|Jun:1;CTV|5|Mar:1;CTV|5|May:1;SOV|5|Dec:1;SOV|5|Feb:1;SOV|5|Jan:1;SOV|5|Mar:1;SOV|5|Nov:1;SOV|5|Oct:1;SOV|5|Sep:1,SOV1|5|Dec:1;SOV1|5|Feb:1;SOV1|5|Jan:1;SOV1|5|Mar:1;SOV1|5|Nov:1;SOV1|5|Oct:1;SOV1|5|Sep:1,7;185;351,8e1f6eec5f28b6aa,200,1-500,501-1500
4,5,27904500.821829803,9195400.0,18709100.821828384,517500.0,8150625.0,527275.0,18046537.25625902,211905.30139333959,450658.264177409,,87.90607892628759,27.471766143105924,15.155604554340243,0.004571978002786636,38.48645210266113,1,2,5,0.038471848202766064,1,3,4,5,0.039997501817324976,1,"{""eta"":[{""iter"":1,""solved"":5,""failed"":0,""gap_p90"":0,""cache_hr"":0,""fixed"":2,""unan"":true,""key"":null}],""gamma_LT"":[{""iter"":1,""solved"":5,""failed"":0,""gap_p90"":0,""cache_hr"":100,""fixed"":1,""unan"":false,""key"":""('gamma_LT', ('SOV',""},{""iter"":2,""solved"":5,""failed"":0,""gap_p90"":0,""cache_hr"":40,""fixed"":1,""unan"":false,""key"":""('gamma_LT', ('CTV',""},{""iter"":3,""solved"":5,""failed"":0,""gap_p90"":0,""cache_hr"":20,""fixed"":2,""unan"":true,""key"":null}]}",0.0029771261784060006,True,2,OPTIMAL,solution_within_gap,False,,5:1,CTV|5:1;SOV|5:1,CTV|5|Dec:2;CTV|5|Feb:1;CTV|5|Jan:1;CTV|5|Nov:1;CTV|5|Oct:1,SOV1|5|Apr:1;SOV1|5|Aug:1;SOV1|5|Dec:1;SOV1|5|Feb:1;SOV1|5|Jan:1;SOV1|5|Jul:1;SOV1|5|Jun:1;SOV1|5|Mar:1;SOV1|5|May:1;SOV1|5|Nov:1;SOV1|5|Oct:1;SOV1|5|Sep:1,253;259;300;327;415,8e1f6eec5f28b6aa,200,1-500,501-1500
4,7,28831334.84109366,11081400.0,17749934.84109537,1121250.0,9056250.0,903900.0,17121921.688587245,237937.86899276945,390075.2835136351,,85.17766784969717,28.25408206321299,16.360329719260335,0.0062488773837685585,32.639079093933105,1,2,7,0.03998358877738397,1,3,4,7,0.03998358877738397,1,"{""eta"":[{""iter"":1,""solved"":7,""failed"":0,""gap_p90"":0,""cache_hr"":0,""fixed"":2,""unan"":true,""key"":null}],""gamma_LT"":[{""iter"":1,""solved"":7,""failed"":0,""gap_p90"":0,""cache_hr"":100,""fixed"":1,""unan"":false,""key"":""('gamma_LT', ('CTV',""},{""iter"":2,""solved"":7,""failed"":0,""gap_p90"":0,""cache_hr"":71,""fixed"":1,""unan"":false,""key"":""('gamma_LT', ('SOV',""},{""iter"":3,""solved"":7,""failed"":0,""gap_p90"":0,""cache_hr"":86,""fixed"":2,""unan"":true,""key"":null}]}",0.019418100626457956,True,2,OPTIMAL,solution_within_gap,False,,5:1,CTV|5:2;SOV|5:1,CTV|5|Apr:1;CTV|5|Feb:1;CTV|5|Jan:1;CTV|5|Mar:1;CTV|5|Oct:1;SOV|5|Dec:1,SOV1|5|Apr:1;SOV1|5|Aug:1;SOV1|5|Dec:1;SOV1|5|Feb:1;SOV1|5|Jan:1;SOV1|5|Jul:1;SOV1|5|Jun:1;SOV1|5|Mar:1;SOV1|5|May:1;SOV1|5|Nov:1;SOV1|5|Oct:1;SOV1|5|Sep:1;SOV2|5|Dec:1,193;256;276;377;411;421;440,8e1f6eec5f28b6aa,200,1-500,501-1500
4,10,27523823.98971664,9508200.0,18015623.989721138,0.0,9056250.0,451950.0,17372099.739676658,245317.18383516444,398207.0662049334,,222.9361874088645,27.145053746178746,29.261392866261303,0.008798009715974331,156.11039996147156,1,2,10,0.03910940030608047,1,3,4,10,0.039918091656105485,1,"{""eta"":[{""iter"":1,""solved"":10,""failed"":0,""gap_p90"":0,""cache_hr"":0,""fixed"":2,""unan"":true,""key"":null}],""gamma_LT"":[{""iter"":1,""solved"":10,""failed"":0,""gap_p90"":0,""cache_hr"":100,""fixed"":1,""unan"":false,""key"":""('gamma_LT', ('CTV',""},{""iter"":2,""solved"":10,""failed"":0,""gap_p90"":0,""cache_hr"":60,""fixed"":1,""unan"":false,""key"":""('gamma_LT', ('SOV',""},{""iter"":3,""solved"":10,""failed"":0,""gap_p90"":0,""cache_hr"":70,""fixed"":2,""unan"":true,""key"":null}]}",0.006162640761147854,True,2,OPTIMAL,solution_within_gap,False,,5:1,CTV|5:2;SOV|5:1,,SOV1|5|Apr:1;SOV1|5|Aug:1;SOV1|5|Dec:1;SOV1|5|Feb:1;SOV1|5|Jan:1;SOV1|5|Jul:1;SOV1|5|Jun:1;SOV1|5|Mar:1;SOV1|5|May:1;SOV1|5|Nov:1;SOV1|5|Oct:1;SOV1|5|Sep:1,81;186;272;298;300;317;324;333;336;462,8e1f6eec5f28b6aa,200,1-500,501-1500
4,15,29506847.7792286,9216675.0,20290172.77922183,6727500.0,1811250.0,677925.0,19573341.09974011,405167.0703639391,311664.609124563,,937.1729710157961,31.00654405914247,18.730393244884908,0.011787320487201214,872.6338958740234,1,2,15,0.03984592910115585,1,3,4,15,0.0399966576935453,1,"{""eta"":[{""iter"":1,""solved"":15,""failed"":0,""gap_p90"":0,""cache_hr"":0,""fixed"":2,""unan"":true,""key"":null}],""gamma_LT"":[{""iter"":1,""solved"":15,""failed"":0,""gap_p90"":0,""cache_hr"":100,""fixed"":1,""unan"":false,""key"":""('gamma_LT', ('CTV',""},{""iter"":2,""solved"":15,""failed"":0,""gap_p90"":0,""cache_hr"":93,""fixed"":1,""unan"":false,""key"":""('gamma_LT', ('SOV',""},{""iter"":3,""solved"":15,""failed"":0,""gap_p90"":0,""cache_hr"":47,""fixed"":2,""unan"":true,""key"":null}]}",0.008560837183693354,True,2,OPTIMAL,solution_within_gap,False,,5:1,CTV|5:2,CTV|5|Dec:1;CTV|5|Jan:1;CTV|5|Jul:2;CTV|5|Jun:1;CTV|5|May:1;SOV|5|Apr:1;SOV|5|Aug:1;SOV|5|Dec:1;SOV|5|Feb:1;SOV|5|Jan:1;SOV|5|Mar:1;SOV|5|Nov:1;SOV|5|Oct:1;SOV|5|Sep:1,SOV1|5|Apr:1;SOV1|5|Aug:1;SOV1|5|Dec:1;SOV1|5|Feb:1;SOV1|5|Jan:1;SOV1|5|Mar:1;SOV1|5|Nov:1;SOV1|5|Oct:1;SOV1|5|Sep:1,68;76;121;205;227;247;261;287;317;329;330;344;426;456;467,8e1f6eec5f28b6aa,200,1-500,501-1500
4,20,27139419.680140298,8612925.0,18526494.680133242,6123750.0,1811250.0,677925.0,17762814.386256874,471224.4791938582,292455.8146895262,,1481.6591953178868,30.73804816696793,21.48274055402726,0.014205636456608772,1410.9908328056335,1,2,20,0.03928264672158681,1,3,4,20,0.03997720574046632,1,"{""eta"":[{""iter"":1,""solved"":20,""failed"":0,""gap_p90"":0,""cache_hr"":0,""fixed"":2,""unan"":true,""key"":null}],""gamma_LT"":[{""iter"":1,""solved"":20,""failed"":0,""gap_p90"":0,""cache_hr"":100,""fixed"":1,""unan"":false,""key"":""('gamma_LT', ('CTV',""},{""iter"":2,""solved"":20,""failed"":0,""gap_p90"":0,""cache_hr"":65,""fixed"":1,""unan"":false,""key"":""('gamma_LT', ('SOV',""},{""iter"":3,""solved"":20,""failed"":0,""gap_p90"":0,""cache_hr"":65,""fixed"":2,""unan"":true,""key"":null}]}",0.007868684068824456,True,2,OPTIMAL,solution_within_gap,False,,5:1,CTV|5:2,CTV|5|Apr:2;CTV|5|Dec:1;CTV|5|Jan:1;CTV|5|Jul:1;CTV|5|Jun:1;CTV|5|May:1;SOV|5|Aug:1;SOV|5|Dec:1;SOV|5|Feb:1;SOV|5|Jan:1;SOV|5|Mar:1;SOV|5|Nov:1;SOV|5|Oct:1;SOV|5|Sep:1,SOV1|5|Aug:1;SOV1|5|Dec:1;SOV1|5|Feb:1;SOV1|5|Jan:1;SOV1|5|Mar:1;SOV1|5|Nov:1;SOV1|5|Oct:1;SOV1|5|Sep:1,23;58;75;89;109;128;216;277;302;326;338;354;361;420;436;441;458;460;497;500,8e1f6eec5f28b6aa,200,1-500,501-1500
5,1,24928449.083622646,9917600.0,15010849.083622675,258750.0,9056250.0,602600.0,14334044.512134627,294895.680004993,381908.89148302114,,25.454559521749616,19.874417891725898,0.00011920277029275894,0.00034650973975658417,2.1674039363861084,1,2,1,0.038622325534581996,1,1,4,1,0.038622325534581996,1,"{""eta"":[{""iter"":1,""solved"":1,""failed"":0,""gap_p90"":0,""cache_hr"":0,""fixed"":2,""unan"":true,""key"":null}],""gamma_LT"":[{""iter"":1,""solved"":1,""failed"":0,""gap_p90"":0,""cache_hr"":100,""fixed"":4,""unan"":true,""key"":null}]}",0.0016946663074302263,True,2,OPTIMAL,solution_within_gap,False,,5:1,CTV|5:2;SOV|5:1,CTV|5|Jul:1;CTV|5|Jun:1;CTV|5|Sep:1,SOV1|5|Apr:1;SOV1|5|Aug:1;SOV1|5|Dec:1;SOV1|5|Feb:1;SOV1|5|Jan:1;SOV1|5|Jul:1;SOV1|5|Jun:1;SOV1|5|Mar:1;SOV1|5|May:1;SOV1|5|Nov:1;SOV1|5|Oct:1;SOV1|5|Sep:1,314,8e1f6eec5f28b6aa,200,1-500,501-1500
5,3,28537782.398322713,9194825.0,19342957.398322426,6555000.0,1811250.0,828575.0,18575330.61586977,488342.46634321305,279284.31610972196,,49.53333134576678,15.511219753883779,17.08571852557361,0.0013562999665737152,11.873401880264282,1,2,3,0.039413210062285944,1,3,4,3,0.03987785205364685,1,"{""eta"":[{""iter"":1,""solved"":3,""failed"":0,""gap_p90"":0,""cache_hr"":0,""fixed"":2,""unan"":true,""key"":null}],""gamma_LT"":[{""iter"":1,""solved"":3,""failed"":0,""gap_p90"":0,""cache_hr"":100,""fixed"":1,""unan"":false,""key"":""('gamma_LT', ('SOV',""},{""iter"":2,""solved"":3,""failed"":0,""gap_p90"":0,""cache_hr"":33,""fixed"":1,""unan"":false,""key"":""('gamma_LT', ('CTV',""},{""iter"":3,""solved"":3,""failed"":0,""gap_p90"":0,""cache_hr"":33,""fixed"":2,""unan"":true,""key"":null}]}",0.006534540985246892,True,2,OPTIMAL,solution_within_gap,False,,5:1,CTV|5:2,CTV|5|Aug:1;CTV|5|Jul:1;CTV|5|Jun:1;CTV|5|May:1;SOV|5|Apr:1;SOV|5|Dec:2;SOV|5|Feb:1;SOV|5|Jan:1;SOV|5|Mar:1;SOV|5|Nov:1;SOV|5|Oct:1;SOV|5|Sep:1,SOV1|5|Apr:1;SOV1|5|Dec:1;SOV1|5|Feb:1;SOV1|5|Jan:1;SOV1|5|Mar:1;SOV1|5|Nov:1;SOV1|5|Oct:1;SOV1|5|Sep:1;SOV2|5|Dec:1,365;380;422,8e1f6eec5f28b6aa,200,1-500,501-1500
5,5,26827316.816192873,7599775.0,19227541.816191327,5261250.0,1811250.0,527275.0,18437770.632833023,519190.1898919929,270580.9934678149,,118.82277440838516,28.620150218717754,17.158301112242043,0.004559732973575592,66.5323178768158,1,2,5,0.038861625077246095,1,3,4,5,0.03999628662096849,1,"{""eta"":[{""iter"":1,""solved"":5,""failed"":0,""gap_p90"":0,""cache_hr"":0,""fixed"":2,""unan"":true,""key"":null}],""gamma_LT"":[{""iter"":1,""solved"":5,""failed"":0,""gap_p90"":0,""cache_hr"":100,""fixed"":1,""unan"":false,""key"":""('gamma_LT', ('CTV',""},{""iter"":2,""solved"":5,""failed"":0,""gap_p90"":0,""cache_hr"":80,""fixed"":1,""unan"":false,""key"":""('gamma_LT', ('SOV',""},{""iter"":3,""solved"":5,""failed"":0,""gap_p90"":0,""cache_hr"":40,""fixed"":2,""unan"":true,""key"":null}]}",0.005781740561236685,True,2,OPTIMAL,solution_within_gap,False,,5:1,CTV|5:2,CTV|5|Apr:1;CTV|5|Aug:1;CTV|5|Jul:1;CTV|5|Jun:1;CTV|5|May:1;SOV|5|Dec:1;SOV|5|Feb:1;SOV|5|Jan:1;SOV|5|Mar:1;SOV|5|Nov:1;SOV|5|Oct:1;SOV|5|Sep:1,SOV1|5|Dec:1;SOV1|5|Feb:1;SOV1|5|Jan:1;SOV1|5|Mar:1;SOV1|5|Nov:1;SOV1|5|Oct:1;SOV1|5|Sep:1,89;96;261;358;446,8e1f6eec5f28b6aa,200,1-500,501-1500
5,7,28390369.151950695,9508200.0,18882169.15195245,0.0,9056250.0,451950.0,18216206.578590974,257190.22411783607,408772.3492418955,,94.36999517213553,24.353269630111754,13.884319466538727,0.0061859991401433945,48.64134502410889,1,2,7,0.039918091656105485,1,3,4,7,0.03996883645822337,1,"{""eta"":[{""iter"":1,""solved"":7,""failed"":0,""gap_p90"":0,""cache_hr"":0,""fixed"":2,""unan"":true,""key"":null}],""gamma_LT"":[{""iter"":1,""solved"":7,""failed"":0,""gap_p90"":0,""cache_hr"":100,""fixed"":1,""unan"":false,""key"":""('gamma_LT', ('CTV',""},{""iter"":2,""solved"":7,""failed"":0,""gap_p90"":0,""cache_hr"":86,""fixed"":1,""unan"":false,""key"":""('gamma_LT', ('SOV',""},{""iter"":3,""solved"":7,""failed"":0,""gap_p90"":0,""cache_hr"":71,""fixed"":2,""unan"":true,""key"":null}]}",0.010027462475897342,True,2,OPTIMAL,solution_within_gap,False,,5:1,CTV|5:2;SOV|5:1,,SOV1|5|Apr:1;SOV1|5|Aug:1;SOV1|5|Dec:1;SOV1|5|Feb:1;SOV1|5|Jan:1;SOV1|5|Jul:1;SOV1|5|Jun:1;SOV1|5|Mar:1;SOV1|5|May:1;SOV1|5|Nov:1;SOV1|5|Oct:1;SOV1|5|Sep:1,172;202;233;297;298;379;466,8e1f6eec5f28b6aa,200,1-500,501-1500
5,10,31395168.661447115,11189500.0,20205668.66145134,1380000.0,9056250.0,753250.0,19601807.38625202,216249.09078639263,387612.1844088757,,225.99087560456246,30.382319652475417,15.965637186542153,0.008528275415301323,168.82775020599365,1,2,10,0.03956824183469261,1,3,4,10,0.039997649022350645,1,"{""eta"":[{""iter"":1,""solved"":10,""failed"":0,""gap_p90"":0,""cache_hr"":0,""fixed"":2,""unan"":true,""key"":null}],""gamma_LT"":[{""iter"":1,""solved"":10,""failed"":0,""gap_p90"":0,""cache_hr"":100,""fixed"":1,""unan"":false,""key"":""('gamma_LT', ('CTV',""},{""iter"":2,""solved"":10,""failed"":0,""gap_p90"":0,""cache_hr"":80,""fixed"":1,""unan"":false,""key"":""('gamma_LT', ('SOV',""},{""iter"":3,""solved"":10,""failed"":0,""gap_p90"":0,""cache_hr"":70,""fixed"":2,""unan"":true,""key"":null}]}",0.006292691651368378,True,2,OPTIMAL,solution_within_gap,False,,5:1,CTV|5:2;SOV|5:1,SOV|5|Dec:1;SOV|5|Nov:1,SOV1|5|Apr:1;SOV1|5|Aug:1;SOV1|5|Dec:1;SOV1|5|Feb:1;SOV1|5|Jan:1;SOV1|5|Jul:1;SOV1|5|Jun:1;SOV1|5|Mar:1;SOV1|5|May:1;SOV1|5|Nov:1;SOV1|5|Oct:1;SOV1|5|Sep:1;SOV2|5|Dec:1;SOV2|5|Nov:1,19;99;122;145;188;198;212;234;248;289,8e1f6eec5f28b6aa,200,1-500,501-1500
5,15,28627046.33538706,10046400.0,18580646.33538036,7331250.0,1811250.0,903900.0,17866008.407236975,436221.7164419826,278416.21170814685,,1002.8664840422571,28.977897412143648,20.799416662193835,0.012968584895133972,939.1382100582123,1,2,15,0.039851014971542476,1,3,4,15,0.039997495801243066,1,"{""eta"":[{""iter"":1,""solved"":15,""failed"":0,""gap_p90"":0,""cache_hr"":0,""fixed"":2,""unan"":true,""key"":null}],""gamma_LT"":[{""iter"":1,""solved"":15,""failed"":0,""gap_p90"":0,""cache_hr"":100,""fixed"":1,""unan"":false,""key"":""('gamma_LT', ('CTV',""},{""iter"":2,""solved"":15,""failed"":0,""gap_p90"":0,""cache_hr"":80,""fixed"":1,""unan"":false,""key"":""('gamma_LT', ('SOV',""},{""iter"":3,""solved"":15,""failed"":0,""gap_p90"":0,""cache_hr"":60,""fixed"":2,""unan"":true,""key"":null}]}",0.00500858553649895,True,2,OPTIMAL,solution_within_gap,False,,5:1,CTV|5:2,CTV|5|Apr:1;CTV|5|Jul:1;CTV|5|Jun:1;CTV|5|May:2;SOV|5|Aug:1;SOV|5|Dec:2;SOV|5|Feb:1;SOV|5|Jan:2;SOV|5|Mar:1;SOV|5|Nov:1;SOV|5|Oct:1;SOV|5|Sep:1,SOV1|5|Aug:1;SOV1|5|Dec:1;SOV1|5|Feb:1;SOV1|5|Jan:1;SOV1|5|Mar:1;SOV1|5|Nov:1;SOV1|5|Oct:1;SOV1|5|Sep:1;SOV2|5|Dec:1;SOV2|5|Jan:1,1;78;155;162;179;261;284;316;342;393;396;398;440;460;467,8e1f6eec5f28b6aa,200,1-500,501-1500
5,20,30176957.29102605,9216675.0,20960282.2910192,6727500.0,1811250.0,677925.0,20228665.409806505,404828.52615398157,326788.3550655473,,674.4134720470756,34.639940017834306,21.684569779783487,0.016588921658694744,600.9963281154633,1,2,20,0.03954751290306779,1,3,4,20,0.03998977009054263,1,"{""eta"":[{""iter"":1,""solved"":20,""failed"":0,""gap_p90"":0,""cache_hr"":0,""fixed"":2,""unan"":true,""key"":null}],""gamma_LT"":[{""iter"":1,""solved"":20,""failed"":0,""gap_p90"":0,""cache_hr"":100,""fixed"":1,""unan"":false,""key"":""('gamma_LT', ('CTV',""},{""iter"":2,""solved"":20,""failed"":0,""gap_p90"":0,""cache_hr"":75,""fixed"":1,""unan"":false,""key"":""('gamma_LT', ('SOV',""},{""iter"":3,""solved"":20,""failed"":0,""gap_p90"":0,""cache_hr"":50,""fixed"":2,""unan"":true,""key"":null}]}",0.010162402362377955,True,2,OPTIMAL,solution_within_gap,False,,5:1,CTV|5:2,CTV|5|Dec:1;CTV|5|Jan:1;CTV|5|Jul:1;CTV|5|Jun:1;CTV|5|May:2;SOV|5|Apr:1;SOV|5|Aug:1;SOV|5|Dec:1;SOV|5|Feb:1;SOV|5|Jan:1;SOV|5|Mar:1;SOV|5|Nov:1;SOV|5|Oct:1;SOV|5|Sep:1,SOV1|5|Apr:1;SOV1|5|Aug:1;SOV1|5|Dec:1;SOV1|5|Feb:1;SOV1|5|Jan:1;SOV1|5|Mar:1;SOV1|5|Nov:1;SOV1|5|Oct:1;SOV1|5|Sep:1,19;30;47;59;63;147;168;212;218;248;275;293;355;357;388;392;404;426;450;483,8e1f6eec5f28b6aa,200,1-500,501-1500
6,1,33533924.426658884,12008300.0,21525624.426659018,1897500.0,9056250.0,1054550.0,20886165.259115078,279461.64041633916,359997.5271274639,,23.433648127131164,18.25909330509603,0.00035987794399261475,0.0010024812072515488,1.304046869277954,1,2,1,0.03773780246094136,1,1,4,1,0.03773780246094136,1,"{""eta"":[{""iter"":1,""solved"":1,""failed"":0,""gap_p90"":0,""cache_hr"":0,""fixed"":2,""unan"":true,""key"":null}],""gamma_LT"":[{""iter"":1,""solved"":1,""failed"":0,""gap_p90"":0,""cache_hr"":100,""fixed"":4,""unan"":true,""key"":null}]}",0.009776494215723238,True,2,OPTIMAL,solution_within_gap,False,,5:1,CTV|5:2;SOV|5:1,CTV|5|Feb:2;CTV|5|Jan:4;SOV|5|Dec:1;SOV|5|Nov:1,SOV1|5|Apr:1;SOV1|5|Aug:1;SOV1|5|Dec:1;SOV1|5|Feb:1;SOV1|5|Jan:1;SOV1|5|Jul:1;SOV1|5|Jun:1;SOV1|5|Mar:1;SOV1|5|May:1;SOV1|5|Nov:1;SOV1|5|Oct:1;SOV1|5|Sep:1;SOV2|5|Dec:1;SOV2|5|Nov:1,111,8e1f6eec5f28b6aa,200,1-500,501-1500
6,3,25789646.8489056,11189500.0,14600146.84890558,1380000.0,9056250.0,753250.0,13984347.818078777,239810.97037768268,375988.0604491334,,45.94784683082253,20.097112954594195,10.733478408306837,0.0027520842850208282,10.239150047302246,1,2,3,0.039176106916768996,1,2,4,3,0.03999599337636206,1,"{""eta"":[{""iter"":1,""solved"":3,""failed"":0,""gap_p90"":0,""cache_hr"":0,""fixed"":2,""unan"":true,""key"":null}],""gamma_LT"":[{""iter"":1,""solved"":3,""failed"":0,""gap_p90"":0,""cache_hr"":100,""fixed"":1,""unan"":false,""key"":""('gamma_LT', ('SOV',""},{""iter"":2,""solved"":3,""failed"":0,""gap_p90"":0,""cache_hr"":67,""fixed"":3,""unan"":true,""key"":null}]}",0.011806125315943387,True,2,OPTIMAL,solution_within_gap,False,,5:1,CTV|5:2;SOV|5:1,SOV|5|Dec:1;SOV|5|Nov:1,SOV1|5|Apr:1;SOV1|5|Aug:1;SOV1|5|Dec:1;SOV1|5|Feb:1;SOV1|5|Jan:1;SOV1|5|Jul:1;SOV1|5|Jun:1;SOV1|5|Mar:1;SOV1|5|May:1;SOV1|5|Nov:1;SOV1|5|Oct:1;SOV1|5|Sep:1;SOV2|5|Dec:1;SOV2|5|Nov:1,223;295;330,8e1f6eec5f28b6aa,200,1-500,501-1500
6,5,25525466.55087918,9917600.0,15607866.550878523,258750.0,9056250.0,602600.0,14972236.42368787,244944.1910441755,390685.9361471027,,76.89672149531543,24.19255235977471,20.99993880558759,0.0015820534899830818,25.31693983078003,1,2,5,0.03907651367306722,1,3,4,5,0.039932795030836174,1,"{""eta"":[{""iter"":1,""solved"":5,""failed"":0,""gap_p90"":0,""cache_hr"":0,""fixed"":2,""unan"":true,""key"":null}],""gamma_LT"":[{""iter"":1,""solved"":5,""failed"":0,""gap_p90"":0,""cache_hr"":100,""fixed"":1,""unan"":false,""key"":""('gamma_LT', ('CTV',""},{""iter"":2,""solved"":5,""failed"":0,""gap_p90"":0,""cache_hr"":60,""fixed"":1,""unan"":false,""key"":""('gamma_LT', ('SOV',""},{""iter"":3,""solved"":5,""failed"":0,""gap_p90"":0,""cache_hr"":60,""fixed"":2,""unan"":true,""key"":null}]}",0.00910952374548169,True,2,OPTIMAL,solution_within_gap,False,,5:1,CTV|5:2;SOV|5:1,CTV|5|Feb:1;CTV|5|Jan:1;CTV|5|Oct:1,SOV1|5|Apr:1;SOV1|5|Aug:1;SOV1|5|Dec:1;SOV1|5|Feb:1;SOV1|5|Jan:1;SOV1|5|Jul:1;SOV1|5|Jun:1;SOV1|5|Mar:1;SOV1|5|May:1;SOV1|5|Nov:1;SOV1|5|Oct:1;SOV1|5|Sep:1,4;126;189;401;447,8e1f6eec5f28b6aa,200,1-500,501-1500
6,7,27914792.9929662,9842275.0,18072517.992968082,258750.0,9056250.0,527275.0,17348984.71592764,271802.6569391337,451730.620099415,,93.37756187282503,24.44545619096607,13.275684897787869,0.005627421662211418,47.07169795036316,1,2,7,0.03844681134595041,1,2,4,7,0.039993321116490864,1,"{""eta"":[{""iter"":1,""solved"":7,""failed"":0,""gap_p90"":0,""cache_hr"":0,""fixed"":2,""unan"":true,""key"":null}],""gamma_LT"":[{""iter"":1,""solved"":7,""failed"":0,""gap_p90"":0,""cache_hr"":100,""fixed"":1,""unan"":false,""key"":""('gamma_LT', ('SOV',""},{""iter"":2,""solved"":7,""failed"":0,""gap_p90"":0,""cache_hr"":29,""fixed"":3,""unan"":true,""key"":null}]}",0.01917967285960621,True,2,OPTIMAL,solution_within_gap,False,,5:1,CTV|5:2;SOV|5:1,CTV|5|Dec:1;CTV|5|Jan:1;CTV|5|Nov:1,SOV1|5|Apr:1;SOV1|5|Aug:1;SOV1|5|Dec:1;SOV1|5|Feb:1;SOV1|5|Jan:1;SOV1|5|Jul:1;SOV1|5|Jun:1;SOV1|5|Mar:1;SOV1|5|May:1;SOV1|5|Nov:1;SOV1|5|Oct:1;SOV1|5|Sep:1,131;150;182;190;338;354;356,8e1f6eec5f28b6aa,200,1-500,501-1500
6,10,26298321.684975203,8807275.0,17491046.684978683,6468750.0,1811250.0,527275.0,16740261.181028161,404802.04983319197,345983.45411375683,,435.2213422851637,26.73037482611835,14.59361932426691,0.005681220442056656,383.6041021347046,1,2,10,0.03949230113146887,1,3,4,10,0.03999335997181271,1,"{""eta"":[{""iter"":1,""solved"":10,""failed"":0,""gap_p90"":0,""cache_hr"":0,""fixed"":2,""unan"":true,""key"":null}],""gamma_LT"":[{""iter"":1,""solved"":10,""failed"":0,""gap_p90"":0,""cache_hr"":100,""fixed"":1,""unan"":false,""key"":""('gamma_LT', ('CTV',""},{""iter"":2,""solved"":10,""failed"":0,""gap_p90"":0,""cache_hr"":80,""fixed"":1,""unan"":false,""key"":""('gamma_LT', ('SOV',""},{""iter"":3,""solved"":10,""failed"":0,""gap_p90"":0,""cache_hr"":50,""fixed"":2,""unan"":true,""key"":null}]}",0.0022234285620520945,True,2,OPTIMAL,solution_within_gap,False,,5:1,CTV|5:2,CTV|5|Jul:1;CTV|5|Jun:1;CTV|5|May:1;SOV|5|Apr:1;SOV|5|Aug:1;SOV|5|Dec:1;SOV|5|Feb:1;SOV|5|Jan:1;SOV|5|Mar:1;SOV|5|Nov:1;SOV|5|Oct:1;SOV|5|Sep:1,SOV1|5|Apr:1;SOV1|5|Aug:1;SOV1|5|Dec:1;SOV1|5|Feb:1;SOV1|5|Jan:1;SOV1|5|Mar:1;SOV1|5|Nov:1;SOV1|5|Oct:1;SOV1|5|Sep:1,21;53;65;114;162;350;377;390;398;437,8e1f6eec5f28b6aa,200,1-500,501-1500
6,15,27094163.483527843,10499500.0,16594663.483528992,690000.0,9056250.0,753250.0,15968257.596414007,233364.8055872558,393041.08152642084,,627.6459805024788,27.54954405222088,17.857027686201036,0.004595872014760971,567.2244780063629,1,2,15,0.03906080290932703,1,3,4,15,0.03995692973519127,1,"{""eta"":[{""iter"":1,""solved"":15,""failed"":0,""gap_p90"":0,""cache_hr"":0,""fixed"":2,""unan"":true,""key"":null}],""gamma_LT"":[{""iter"":1,""solved"":15,""failed"":0,""gap_p90"":0,""cache_hr"":100,""fixed"":1,""unan"":false,""key"":""('gamma_LT', ('CTV',""},{""iter"":2,""solved"":15,""failed"":0,""gap_p90"":0,""cache_hr"":73,""fixed"":1,""unan"":false,""key"":""('gamma_LT', ('SOV',""},{""iter"":3,""solved"":15,""failed"":0,""gap_p90"":0,""cache_hr"":67,""fixed"":2,""unan"":true,""key"":null}]}",0.00030598050199736286,True,2,OPTIMAL,solution_within_gap,False,,5:1,CTV|5:2;SOV|5:1,SOV|5|Dec:1,SOV1|5|Apr:1;SOV1|5|Aug:1;SOV1|5|Dec:1;SOV1|5|Feb:1;SOV1|5|Jan:1;SOV1|5|Jul:1;SOV1|5|Jun:1;SOV1|5|Mar:1;SOV1|5|May:1;SOV1|5|Nov:1;SOV1|5|Oct:1;SOV1|5|Sep:1;SOV2|5|Dec:1,22;34;85;86;100;109;154;167;172;210;337;374;379;461;493,8e1f6eec5f28b6aa,200,1-500,501-1500
6,20,29065054.360789135,9756025.0,19309029.360782642,172500.0,9056250.0,527275.0,18645806.12456145,248737.44334488755,414485.79288273596,,490.74857661593705,32.76392085850239,24.058007031679153,0.015531025826931,415.1718981266022,1,2,20,0.03957953617014011,1,3,4,20,0.03999521818259908,1,"{""eta"":[{""iter"":1,""solved"":20,""failed"":0,""gap_p90"":0,""cache_hr"":0,""fixed"":2,""unan"":true,""key"":null}],""gamma_LT"":[{""iter"":1,""solved"":20,""failed"":0,""gap_p90"":0,""cache_hr"":100,""fixed"":1,""unan"":false,""key"":""('gamma_LT', ('CTV',""},{""iter"":2,""solved"":20,""failed"":0,""gap_p90"":0,""cache_hr"":70,""fixed"":1,""unan"":false,""key"":""('gamma_LT', ('SOV',""},{""iter"":3,""solved"":20,""failed"":0,""gap_p90"":0,""cache_hr"":75,""fixed"":2,""unan"":true,""key"":null}]}",0.015905414766911537,True,2,OPTIMAL,solution_within_gap,False,,5:1,CTV|5:2;SOV|5:1,CTV|5|Dec:1;CTV|5|Jan:1,SOV1|5|Apr:1;SOV1|5|Aug:1;SOV1|5|Dec:1;SOV1|5|Feb:1;SOV1|5|Jan:1;SOV1|5|Jul:1;SOV1|5|Jun:1;SOV1|5|Mar:1;SOV1|5|May:1;SOV1|5|Nov:1;SOV1|5|Oct:1;SOV1|5|Sep:1,49;93;97;105;164;169;174;221;276;333;345;355;395;396;412;420;432;433;445;447,8e1f6eec5f28b6aa,200,1-500,501-1500
7,1,39282556.10101332,11834075.0,27448481.10101349,7158750.0,2716875.0,1958450.0,26658532.727172002,557893.9569902042,232054.4168511069,,15.732760466635227,10.82510809134692,0.00035780202597379684,0.0010189395397901535,1.194629192352295,1,2,1,0.038094130411506895,1,1,4,1,0.038094130411506895,1,"{""eta"":[{""iter"":1,""solved"":1,""failed"":0,""gap_p90"":0,""cache_hr"":0,""fixed"":2,""unan"":true,""key"":null}],""gamma_LT"":[{""iter"":1,""solved"":1,""failed"":0,""gap_p90"":0,""cache_hr"":100,""fixed"":4,""unan"":true,""key"":null}]}",0.010741260709756485,True,2,OPTIMAL,solution_within_gap,False,,5:1,CTV|5:3,CTV|5|Apr:1;CTV|5|Dec:13;CTV|5|Jul:1;CTV|5|Jun:1;CTV|5|Mar:1;CTV|5|May:1;CTV|5|Oct:1;SOV|5|Dec:2;SOV|5|Feb:1;SOV|5|Jan:1;SOV|5|Mar:1;SOV|5|Nov:1;SOV|5|Oct:1;SOV|5|Sep:1,SOV1|5|Dec:1;SOV1|5|Feb:1;SOV1|5|Jan:1;SOV1|5|Mar:1;SOV1|5|Nov:1;SOV1|5|Oct:1;SOV1|5|Sep:1;SOV2|5|Dec:1,168,8e1f6eec5f28b6aa,200,1-500,501-1500
7,3,27917411.087996207,8117275.0,19800136.08799597,5778750.0,1811250.0,527275.0,19034562.625639714,447652.41436672525,317921.0479897594,,49.701722176745534,23.777961149811745,7.559745502658188,0.0016328217461705208,13.149966955184937,1,2,3,0.039294632333872336,1,2,4,3,0.0399940394480786,1,"{""eta"":[{""iter"":1,""solved"":3,""failed"":0,""gap_p90"":0,""cache_hr"":0,""fixed"":2,""unan"":true,""key"":null}],""gamma_LT"":[{""iter"":1,""solved"":3,""failed"":0,""gap_p90"":0,""cache_hr"":100,""fixed"":1,""unan"":false,""key"":""('gamma_LT', ('SOV',""},{""iter"":2,""solved"":3,""failed"":0,""gap_p90"":0,""cache_hr"":67,""fixed"":3,""unan"":true,""key"":null}]}",0.00598688267597678,True,2,OPTIMAL,solution_within_gap,False,,5:1,CTV|5:2,CTV|5|Aug:1;CTV|5|Jul:1;CTV|5|Jun:1;SOV|5|Apr:1;SOV|5|Dec:1;SOV|5|Feb:1;SOV|5|Jan:1;SOV|5|Mar:1;SOV|5|Nov:1;SOV|5|Oct:1;SOV|5|Sep:1,SOV1|5|Apr:1;SOV1|5|Dec:1;SOV1|5|Feb:1;SOV1|5|Jan:1;SOV1|5|Mar:1;SOV1|5|Nov:1;SOV1|5|Oct:1;SOV1|5|Sep:1,21;40;57,8e1f6eec5f28b6aa,200,1-500,501-1500
7,5,30158502.68107533,10499500.0,19659002.68107396,690000.0,9056250.0,753250.0,19006565.84721577,244562.2795562436,407874.55430326134,,69.49036433454603,21.75478499941528,11.828078685328364,0.0022616805508732796,29.522336959838867,1,2,5,0.039815527648704226,1,2,4,5,0.039983001119451286,1,"{""eta"":[{""iter"":1,""solved"":5,""failed"":0,""gap_p90"":0,""cache_hr"":0,""fixed"":2,""unan"":true,""key"":null}],""gamma_LT"":[{""iter"":1,""solved"":5,""failed"":0,""gap_p90"":0,""cache_hr"":100,""fixed"":1,""unan"":false,""key"":""('gamma_LT', ('SOV',""},{""iter"":2,""solved"":5,""failed"":0,""gap_p90"":0,""cache_hr"":60,""fixed"":3,""unan"":true,""key"":null}]}",0.0023517317384387838,True,2,OPTIMAL,solution_within_gap,False,,5:1,CTV|5:2;SOV|5:1,SOV|5|Dec:1,SOV1|5|Apr:1;SOV1|5|Aug:1;SOV1|5|Dec:1;SOV1|5|Feb:1;SOV1|5|Jan:1;SOV1|5|Jul:1;SOV1|5|Jun:1;SOV1|5|Mar:1;SOV1|5|May:1;SOV1|5|Nov:1;SOV1|5|Oct:1;SOV1|5|Sep:1;SOV2|5|Dec:1,23;33;340;374;440,8e1f6eec5f28b6aa,200,1-500,501-1500
7,7,29119595.832400735,8084500.0,21035095.83240356,5520000.0,1811250.0,753250.0,20239867.70901212,528677.6171515865,266550.50623710343,,114.08476651646197,25.694040070287883,16.26681241299957,0.0062527842819690704,64.37564492225647,1,2,7,0.03974415830727509,1,3,4,7,0.03999171457830682,1,"{""eta"":[{""iter"":1,""solved"":7,""failed"":0,""gap_p90"":0,""cache_hr"":0,""fixed"":2,""unan"":true,""key"":null}],""gamma_LT"":[{""iter"":1,""solved"":7,""failed"":0,""gap_p90"":0,""cache_hr"":100,""fixed"":1,""unan"":false,""key"":""('gamma_LT', ('CTV',""},{""iter"":2,""solved"":7,""failed"":0,""gap_p90"":0,""cache_hr"":57,""fixed"":1,""unan"":false,""key"":""('gamma_LT', ('SOV',""},{""iter"":3,""solved"":7,""failed"":0,""gap_p90"":0,""cache_hr"":43,""fixed"":2,""unan"":true,""key"":null}]}",0.018920234445311056,True,2,OPTIMAL,solution_within_gap,False,,5:1,CTV|5:2,CTV|5|Apr:1;CTV|5|Aug:2;CTV|5|Jan:1;CTV|5|Jul:1;CTV|5|Jun:1;CTV|5|May:2;SOV|5|Dec:1;SOV|5|Feb:1;SOV|5|Jan:1;SOV|5|Mar:1;SOV|5|Nov:1;SOV|5|Oct:1;SOV|5|Sep:1,SOV1|5|Dec:1;SOV1|5|Feb:1;SOV1|5|Jan:1;SOV1|5|Mar:1;SOV1|5|Nov:1;SOV1|5|Oct:1;SOV1|5|Sep:1,32;60;141;244;274;471;473,8e1f6eec5f28b6aa,200,1-500,501-1500
7,10,30457915.515578732,11879500.0,18578415.51558283,2070000.0,9056250.0,753250.0,17981633.275774468,204391.19573333955,392391.0440710546,,214.0314525552094,29.221990737132728,19.48116161674261,0.008865967392921448,154.55638909339905,1,2,10,0.038622325534581996,1,3,4,10,0.03999525808588997,1,"{""eta"":[{""iter"":1,""solved"":10,""failed"":0,""gap_p90"":0,""cache_hr"":0,""fixed"":2,""unan"":true,""key"":null}],""gamma_LT"":[{""iter"":1,""solved"":10,""failed"":0,""gap_p90"":0,""cache_hr"":100,""fixed"":1,""unan"":false,""key"":""('gamma_LT', ('CTV',""},{""iter"":2,""solved"":10,""failed"":0,""gap_p90"":0,""cache_hr"":60,""fixed"":1,""unan"":false,""key"":""('gamma_LT', ('SOV',""},{""iter"":3,""solved"":10,""failed"":0,""gap_p90"":0,""cache_hr"":60,""fixed"":2,""unan"":true,""key"":null}]}",0.006379290351418916,True,2,OPTIMAL,solution_within_gap,False,,5:1,CTV|5:2;SOV|5:1,SOV|5|Dec:1;SOV|5|Feb:1;SOV|5|Jan:1,SOV1|5|Apr:1;SOV1|5|Aug:1;SOV1|5|Dec:1;SOV1|5|Feb:1;SOV1|5|Jan:1;SOV1|5|Jul:1;SOV1|5|Jun:1;SOV1|5|Mar:1;SOV1|5|May:1;SOV1|5|Nov:1;SOV1|5|Oct:1;SOV1|5|Sep:1;SOV2|5|Dec:1;SOV2|5|Feb:1;SOV2|5|Jan:1,5;13;153;243;257;314;318;347;367;393,8e1f6eec5f28b6aa,200,1-500,501-1500
7,15,29173370.895374212,9508200.0,19665170.895368315,0.0,9056250.0,451950.0,19011832.863581885,246041.2716770951,407296.7601150525,,334.2689889995381,30.716245190240443,21.202088564634323,0.0045254770666360855,267.4238920211792,1,2,15,0.039096835343120445,1,3,4,15,0.03986236678140063,1,"{""eta"":[{""iter"":1,""solved"":15,""failed"":0,""gap_p90"":0,""cache_hr"":0,""fixed"":2,""unan"":true,""key"":null}],""gamma_LT"":[{""iter"":1,""solved"":15,""failed"":0,""gap_p90"":0,""cache_hr"":100,""fixed"":1,""unan"":false,""key"":""('gamma_LT', ('SOV',""},{""iter"":2,""solved"":15,""failed"":0,""gap_p90"":0,""cache_hr"":80,""fixed"":1,""unan"":false,""key"":""('gamma_LT', ('CTV',""},{""iter"":3,""solved"":15,""failed"":0,""gap_p90"":0,""cache_hr"":80,""fixed"":2,""unan"":true,""key"":null}]}",0.007700084982102755,True,2,OPTIMAL,solution_within_gap,False,,5:1,CTV|5:2;SOV|5:1,,SOV1|5|Apr:1;SOV1|5|Aug:1;SOV1|5|Dec:1;SOV1|5|Feb:1;SOV1|5|Jan:1;SOV1|5|Jul:1;SOV1|5|Jun:1;SOV1|5|Mar:1;SOV1|5|May:1;SOV1|5|Nov:1;SOV1|5|Oct:1;SOV1|5|Sep:1,16;81;272;284;291;320;359;393;399;409;416;438;456;467;494,8e1f6eec5f28b6aa,200,1-500,501-1500
7,20,28745051.633392394,10499500.0,18245551.633385956,690000.0,9056250.0,753250.0,17580130.8695605,243540.67886362743,421880.08496815007,,621.0319135179743,31.648903714492917,21.097013278864324,0.016733791679143906,549.3033990859985,1,2,20,0.03949230113146887,1,3,4,20,0.03985140476475688,1,"{""eta"":[{""iter"":1,""solved"":20,""failed"":0,""gap_p90"":0,""cache_hr"":0,""fixed"":2,""unan"":true,""key"":null}],""gamma_LT"":[{""iter"":1,""solved"":20,""failed"":0,""gap_p90"":0,""cache_hr"":100,""fixed"":1,""unan"":false,""key"":""('gamma_LT', ('SOV',""},{""iter"":2,""solved"":20,""failed"":0,""gap_p90"":0,""cache_hr"":65,""fixed"":1,""unan"":false,""key"":""('gamma_LT', ('CTV',""},{""iter"":3,""solved"":20,""failed"":0,""gap_p90"":0,""cache_hr"":55,""fixed"":2,""unan"":true,""key"":null}]}",0.005500903331751433,True,2,OPTIMAL,solution_within_gap,False,,5:1,CTV|5:2;SOV|5:1,SOV|5|Dec:1,SOV1|5|Apr:1;SOV1|5|Aug:1;SOV1|5|Dec:1;SOV1|5|Feb:1;SOV1|5|Jan:1;SOV1|5|Jul:1;SOV1|5|Jun:1;SOV1|5|Mar:1;SOV1|5|May:1;SOV1|5|Nov:1;SOV1|5|Oct:1;SOV1|5|Sep:1;SOV2|5|Dec:1,22;37;58;84;154;178;265;270;286;299;329;370;375;400;437;448;482;489;490;499,8e1f6eec5f28b6aa,200,1-500,501-1500
8,1,29469427.996922,9398950.0,20070477.996922188,6382500.0,1811250.0,1205200.0,19382664.384012643,465781.9176510635,222031.69525827668,,28.5522549636662,23.915554978884757,0.0003249291330575943,0.0010043811053037643,1.1674659252166748,1,2,1,0.03623156504985151,1,1,4,1,0.03623156504985151,1,"{""eta"":[{""iter"":1,""solved"":1,""failed"":0,""gap_p90"":0,""cache_hr"":0,""fixed"":2,""unan"":true,""key"":null}],""gamma_LT"":[{""iter"":1,""solved"":1,""failed"":0,""gap_p90"":0,""cache_hr"":100,""fixed"":4,""unan"":true,""key"":null}]}",0.01214072816493886,True,2,OPTIMAL,solution_within_gap,False,,5:1,CTV|5:2,CTV|5|Apr:1;CTV|5|Jul:1;SOV|5|Apr:1;SOV|5|Dec:2;SOV|5|Feb:1;SOV|5|Jan:1;SOV|5|Nov:2;SOV|5|Oct:1;SOV|5|Sep:1,SOV1|5|Apr:1;SOV1|5|Dec:1;SOV1|5|Feb:1;SOV1|5|Jan:1;SOV1|5|Nov:1;SOV1|5|Oct:1;SOV1|5|Sep:1;SOV2|5|Dec:1;SOV2|5|Nov:1,282,8e1f6eec5f28b6aa,200,1-500,501-1500
8,3,25998868.449742094,9508200.0,16490668.449742071,0.0,9056250.0,451950.0,15829477.886097854,255777.14367637175,405413.4199678953,,40.82115730829537,18.88331901654601,5.928883573040366,0.002735607326030731,10.854357957839966,1,2,3,0.039088502420387514,1,2,4,3,0.039088502420387514,1,"{""eta"":[{""iter"":1,""solved"":3,""failed"":0,""gap_p90"":0,""cache_hr"":0,""fixed"":2,""unan"":true,""key"":null}],""gamma_LT"":[{""iter"":1,""solved"":3,""failed"":0,""gap_p90"":0,""cache_hr"":100,""fixed"":1,""unan"":false,""key"":""('gamma_LT', ('SOV',""},{""iter"":2,""solved"":3,""failed"":0,""gap_p90"":0,""cache_hr"":67,""fixed"":3,""unan"":true,""key"":null}]}",0.003870550262825419,True,2,OPTIMAL,solution_within_gap,False,,5:1,CTV|5:2;SOV|5:1,,SOV1|5|Apr:1;SOV1|5|Aug:1;SOV1|5|Dec:1;SOV1|5|Feb:1;SOV1|5|Jan:1;SOV1|5|Jul:1;SOV1|5|Jun:1;SOV1|5|Mar:1;SOV1|5|May:1;SOV1|5|Nov:1;SOV1|5|Oct:1;SOV1|5|Sep:1,75;158;175,8e1f6eec5f28b6aa,200,1-500,501-1500
8,5,27490036.858250123,9756025.0,17734011.858248763,172500.0,9056250.0,527275.0,17079710.095634766,250764.23812368003,403537.5244916624,,85.23418696131557,23.235953425057232,16.16151957400143,0.004160300828516483,39.39172887802124,1,2,5,0.03994014438287992,1,3,4,5,0.039973416256665666,1,"{""eta"":[{""iter"":1,""solved"":5,""failed"":0,""gap_p90"":0,""cache_hr"":0,""fixed"":2,""unan"":true,""key"":null}],""gamma_LT"":[{""iter"":1,""solved"":5,""failed"":0,""gap_p90"":0,""cache_hr"":100,""fixed"":1,""unan"":false,""key"":""('gamma_LT', ('CTV',""},{""iter"":2,""solved"":5,""failed"":0,""gap_p90"":0,""cache_hr"":80,""fixed"":1,""unan"":false,""key"":""('gamma_LT', ('SOV',""},{""iter"":3,""solved"":5,""failed"":0,""gap_p90"":0,""cache_hr"":80,""fixed"":2,""unan"":true,""key"":null}]}",0.005091741722053131,True,2,OPTIMAL,solution_within_gap,False,,5:1,CTV|5:2;SOV|5:1,CTV|5|Dec:1;CTV|5|Jan:1,SOV1|5|Apr:1;SOV1|5|Aug:1;SOV1|5|Dec:1;SOV1|5|Feb:1;SOV1|5|Jan:1;SOV1|5|Jul:1;SOV1|5|Jun:1;SOV1|5|Mar:1;SOV1|5|May:1;SOV1|5|Nov:1;SOV1|5|Oct:1;SOV1|5|Sep:1,20;186;217;391;438,8e1f6eec5f28b6aa,200,1-500,501-1500
8,7,28641322.92915247,11189500.0,17451822.92915411,1380000.0,9056250.0,753250.0,16846368.941696465,223293.47235832832,382160.5150976286,,96.13640947081149,28.536343082785606,14.226691671647131,0.005690591409802437,45.42396116256714,1,2,7,0.03970127913894718,1,3,4,7,0.03996883645822337,1,"{""eta"":[{""iter"":1,""solved"":7,""failed"":0,""gap_p90"":0,""cache_hr"":0,""fixed"":2,""unan"":true,""key"":null}],""gamma_LT"":[{""iter"":1,""solved"":7,""failed"":0,""gap_p90"":0,""cache_hr"":100,""fixed"":1,""unan"":false,""key"":""('gamma_LT', ('CTV',""},{""iter"":2,""solved"":7,""failed"":0,""gap_p90"":0,""cache_hr"":86,""fixed"":1,""unan"":false,""key"":""('gamma_LT', ('SOV',""},{""iter"":3,""solved"":7,""failed"":0,""gap_p90"":0,""cache_hr"":57,""fixed"":2,""unan"":true,""key"":null}]}",0.01900723035798961,True,2,OPTIMAL,solution_within_gap,False,,5:1,CTV|5:2;SOV|5:1,SOV|5|Dec:1;SOV|5|Jan:1,SOV1|5|Apr:1;SOV1|5|Aug:1;SOV1|5|Dec:1;SOV1|5|Feb:1;SOV1|5|Jan:1;SOV1|5|Jul:1;SOV1|5|Jun:1;SOV1|5|Mar:1;SOV1|5|May:1;SOV1|5|Nov:1;SOV1|5|Oct:1;SOV1|5|Sep:1;SOV2|5|Dec:1;SOV2|5|Jan:1,60;97;118;372;374;446;466,8e1f6eec5f28b6aa,200,1-500,501-1500
8,10,30789403.01614568,9194825.0,21594578.016150054,6555000.0,1811250.0,828575.0,20864176.312395,444245.83445060457,286155.8692999937,,357.81073978729546,28.49760250747204,19.66794541105628,0.008348449133336544,298.84995889663696,1,2,10,0.03930581149185813,1,3,4,10,0.03999320446422219,1,"{""eta"":[{""iter"":1,""solved"":10,""failed"":0,""gap_p90"":0,""cache_hr"":0,""fixed"":2,""unan"":true,""key"":null}],""gamma_LT"":[{""iter"":1,""solved"":10,""failed"":0,""gap_p90"":0,""cache_hr"":100,""fixed"":1,""unan"":false,""key"":""('gamma_LT', ('CTV',""},{""iter"":2,""solved"":10,""failed"":0,""gap_p90"":0,""cache_hr"":70,""fixed"":1,""unan"":false,""key"":""('gamma_LT', ('SOV',""},{""iter"":3,""solved"":10,""failed"":0,""gap_p90"":0,""cache_hr"":30,""fixed"":2,""unan"":true,""key"":null}]}",0.01628039927175541,True,2,OPTIMAL,solution_within_gap,False,,5:1,CTV|5:2,CTV|5|Aug:1;CTV|5|Jul:1;CTV|5|Jun:1;CTV|5|May:1;SOV|5|Apr:1;SOV|5|Dec:2;SOV|5|Feb:1;SOV|5|Jan:1;SOV|5|Mar:1;SOV|5|Nov:1;SOV|5|Oct:1;SOV|5|Sep:1,SOV1|5|Apr:1;SOV1|5|Dec:1;SOV1|5|Feb:1;SOV1|5|Jan:1;SOV1|5|Mar:1;SOV1|5|Nov:1;SOV1|5|Oct:1;SOV1|5|Sep:1;SOV2|5|Dec:1,40;55;58;59;192;253;308;334;399;450,8e1f6eec5f28b6aa,200,1-500,501-1500
8,15,28144195.923011787,8451350.0,19692845.92300481,6037500.0,1811250.0,602600.0,18922229.47163115,462098.8100714551,308517.6413091797,,1015.5660801157355,28.30161696486175,17.090136067010462,0.013120711781084538,955.2556259632111,1,2,15,0.03960370897310739,1,3,4,15,0.03999738768283967,1,"{""eta"":[{""iter"":1,""solved"":15,""failed"":0,""gap_p90"":0,""cache_hr"":0,""fixed"":2,""unan"":true,""key"":null}],""gamma_LT"":[{""iter"":1,""solved"":15,""failed"":0,""gap_p90"":0,""cache_hr"":100,""fixed"":1,""unan"":false,""key"":""('gamma_LT', ('CTV',""},{""iter"":2,""solved"":15,""failed"":0,""gap_p90"":0,""cache_hr"":87,""fixed"":1,""unan"":false,""key"":""('gamma_LT', ('SOV',""},{""iter"":3,""solved"":15,""failed"":0,""gap_p90"":0,""cache_hr"":40,""fixed"":2,""unan"":true,""key"":null}]}",0.0018424105053600408,True,2,OPTIMAL,solution_within_gap,False,,5:1,CTV|5:2,CTV|5|Aug:1;CTV|5|Dec:1;CTV|5|Jan:1;CTV|5|Jul:1;CTV|5|Jun:1;CTV|5|May:1;SOV|5|Apr:1;SOV|5|Dec:1;SOV|5|Feb:1;SOV|5|Jan:1;SOV|5|Mar:1;SOV|5|Nov:1;SOV|5|Oct:1;SOV|5|Sep:1,SOV1|5|Apr:1;SOV1|5|Dec:1;SOV1|5|Feb:1;SOV1|5|Jan:1;SOV1|5|Mar:1;SOV1|5|Nov:1;SOV1|5|Oct:1;SOV1|5|Sep:1,3;67;84;102;112;124;179;184;226;316;348;367;376;452;469,8e1f6eec5f28b6aa,200,1-500,501-1500
8,20,28192720.150216646,10046400.0,18146320.150210056,7331250.0,1811250.0,903900.0,17411163.51435576,440229.18202231114,294927.4538384661,,894.1223043585196,31.760312628932297,29.72677728254348,0.015710619278252125,813.586128950119,1,2,20,0.038826715245332544,1,3,4,20,0.03998983745990141,1,"{""eta"":[{""iter"":1,""solved"":20,""failed"":0,""gap_p90"":0,""cache_hr"":0,""fixed"":2,""unan"":true,""key"":null}],""gamma_LT"":[{""iter"":1,""solved"":20,""failed"":0,""gap_p90"":0,""cache_hr"":100,""fixed"":1,""unan"":false,""key"":""('gamma_LT', ('CTV',""},{""iter"":2,""solved"":20,""failed"":0,""gap_p90"":0,""cache_hr"":65,""fixed"":1,""unan"":false,""key"":""('gamma_LT', ('SOV',""},{""iter"":3,""solved"":20,""failed"":0,""gap_p90"":0,""cache_hr"":35,""fixed"":2,""unan"":true,""key"":null}]}",0.01834321969038683,True,2,OPTIMAL,solution_within_gap,False,,5:1,CTV|5:2,CTV|5|Apr:1;CTV|5|Jul:1;CTV|5|Jun:2;CTV|5|May:1;SOV|5|Aug:1;SOV|5|Dec:2;SOV|5|Feb:1;SOV|5|Jan:2;SOV|5|Mar:1;SOV|5|Nov:1;SOV|5|Oct:1;SOV|5|Sep:1,SOV1|5|Aug:1;SOV1|5|Dec:1;SOV1|5|Feb:1;SOV1|5|Jan:1;SOV1|5|Mar:1;SOV1|5|Nov:1;SOV1|5|Oct:1;SOV1|5|Sep:1;SOV2|5|Dec:1;SOV2|5|Jan:1,14;39;77;93;101;115;184;282;318;327;360;363;375;385;391;415;459;480;492;495,8e1f6eec5f28b6aa,200,1-500,501-1500
9,1,28665381.354455866,7998250.0,20667131.354456123,3622500.0,3622500.0,753250.0,19719276.34727119,728079.0029223219,219776.00426235766,,19.934727651067078,15.44648558460176,0.0003302125260233879,0.001002410426735878,0.9271278381347656,1,2,1,0.039526142349924166,1,1,4,1,0.039526142349924166,1,"{""eta"":[{""iter"":1,""solved"":1,""failed"":0,""gap_p90"":0,""cache_hr"":0,""fixed"":2,""unan"":true,""key"":null}],""gamma_LT"":[{""iter"":1,""solved"":1,""failed"":0,""gap_p90"":0,""cache_hr"":100,""fixed"":4,""unan"":true,""key"":null}]}",0.016769753178924186,True,2,OPTIMAL,solution_within_gap,False,,5:1,CTV|5:4,CTV|5|Feb:1;CTV|5|Jun:1;SOV|5|Dec:1;SOV|5|Feb:1;SOV|5|Jan:1;SOV|5|Nov:1;SOV|5|Oct:1,SOV1|5|Dec:1;SOV1|5|Feb:1;SOV1|5|Jan:1;SOV1|5|Nov:1;SOV1|5|Oct:1,474,8e1f6eec5f28b6aa,200,1-500,501-1500
9,3,28242484.944215044,8645125.0,19597359.94421477,6986250.0,905625.0,753250.0,18795668.63830892,522525.1678980266,279166.13800811884,,55.92983377818018,21.992344585247338,16.127202924340963,0.0017609409987926483,12.602081060409546,1,2,3,0.03785059901852685,1,3,4,3,0.03999733599837823,1,"{""eta"":[{""iter"":1,""solved"":3,""failed"":0,""gap_p90"":0,""cache_hr"":0,""fixed"":2,""unan"":true,""key"":null}],""gamma_LT"":[{""iter"":1,""solved"":3,""failed"":0,""gap_p90"":0,""cache_hr"":100,""fixed"":1,""unan"":false,""key"":""('gamma_LT', ('CTV',""},{""iter"":2,""solved"":3,""failed"":0,""gap_p90"":0,""cache_hr"":67,""fixed"":1,""unan"":false,""key"":""('gamma_LT', ('SOV',""},{""iter"":3,""solved"":3,""failed"":0,""gap_p90"":0,""cache_hr"":33,""fixed"":2,""unan"":true,""key"":null}]}",0.01296355635896441,True,2,OPTIMAL,solution_within_gap,False,,5:1,CTV|5:1,CTV|5|Apr:2;CTV|5|Aug:2;CTV|5|Dec:1;CTV|5|Feb:1;CTV|5|Jan:1;CTV|5|Jul:2;CTV|5|Jun:2;CTV|5|Mar:1;CTV|5|May:2;CTV|5|Nov:1;CTV|5|Oct:1;CTV|5|Sep:1;SOV|5|Dec:2;SOV|5|Feb:1;SOV|5|Jan:1;SOV|5|Mar:1;SOV|5|Nov:1;SOV|5|Oct:1;SOV|5|Sep:1,SOV1|5|Dec:1;SOV1|5|Feb:1;SOV1|5|Jan:1;SOV1|5|Mar:1;SOV1|5|Nov:1;SOV1|5|Oct:1;SOV1|5|Sep:1;SOV2|5|Dec:1,5;375;415,8e1f6eec5f28b6aa,200,1-500,501-1500
9,5,30647659.793012306,8591075.0,22056584.79301082,5951250.0,1811250.0,828575.0,21285984.279888727,513732.697059827,256867.81606371587,,69.78124567121267,26.529279623180628,18.800343588925898,0.00413865502923727,18.191954135894775,1,2,5,0.03999712404422551,1,3,4,5,0.03999712404422551,1,"{""eta"":[{""iter"":1,""solved"":5,""failed"":0,""gap_p90"":0,""cache_hr"":0,""fixed"":2,""unan"":true,""key"":null}],""gamma_LT"":[{""iter"":1,""solved"":5,""failed"":0,""gap_p90"":0,""cache_hr"":100,""fixed"":1,""unan"":false,""key"":""('gamma_LT', ('SOV',""},{""iter"":2,""solved"":5,""failed"":0,""gap_p90"":0,""cache_hr"":80,""fixed"":1,""unan"":false,""key"":""('gamma_LT', ('CTV',""},{""iter"":3,""solved"":5,""failed"":0,""gap_p90"":0,""cache_hr"":60,""fixed"":2,""unan"":true,""key"":null}]}",0.011152195104094462,True,2,OPTIMAL,solution_within_gap,False,,5:1,CTV|5:2,CTV|5|Apr:1;CTV|5|Aug:1;CTV|5|Jul:1;CTV|5|Jun:1;CTV|5|May:1;SOV|5|Dec:2;SOV|5|Feb:1;SOV|5|Jan:1;SOV|5|Mar:1;SOV|5|Nov:1;SOV|5|Oct:1;SOV|5|Sep:1,SOV1|5|Dec:1;SOV1|5|Feb:1;SOV1|5|Jan:1;SOV1|5|Mar:1;SOV1|5|Nov:1;SOV1|5|Oct:1;SOV1|5|Sep:1;SOV2|5|Dec:1,5;134;187;286;389,8e1f6eec5f28b6aa,200,1-500,501-1500
9,7,31759098.22561987,10445450.0,21313648.22562171,1466250.0,8150625.0,828575.0,20668081.73885817,214706.3254676567,430860.161294028,,171.44245035387576,26.45029173605144,13.38052202295512,0.006431408226490021,123.1309130191803,1,2,7,0.03937753238571916,1,3,4,7,0.03999888539915477,1,"{""eta"":[{""iter"":1,""solved"":7,""failed"":0,""gap_p90"":0,""cache_hr"":0,""fixed"":2,""unan"":true,""key"":null}],""gamma_LT"":[{""iter"":1,""solved"":7,""failed"":0,""gap_p90"":0,""cache_hr"":100,""fixed"":1,""unan"":false,""key"":""('gamma_LT', ('CTV',""},{""iter"":2,""solved"":7,""failed"":0,""gap_p90"":0,""cache_hr"":14,""fixed"":1,""unan"":false,""key"":""('gamma_LT', ('SOV',""},{""iter"":3,""solved"":7,""failed"":0,""gap_p90"":0,""cache_hr"":86,""fixed"":2,""unan"":true,""key"":null}]}",0.01255068548844702,True,2,OPTIMAL,solution_within_gap,False,,5:1,CTV|5:1;SOV|5:1,CTV|5|Dec:2;CTV|5|Feb:2;CTV|5|Jan:2;CTV|5|Mar:1;CTV|5|Nov:1;CTV|5|Oct:1;SOV|5|Jan:1,SOV1|5|Apr:1;SOV1|5|Aug:1;SOV1|5|Dec:1;SOV1|5|Feb:1;SOV1|5|Jan:1;SOV1|5|Jul:1;SOV1|5|Jun:1;SOV1|5|Mar:1;SOV1|5|May:1;SOV1|5|Nov:1;SOV1|5|Oct:1;SOV1|5|Sep:1;SOV2|5|Jan:1,35;339;343;445;450;451;457,8e1f6eec5f28b6aa,200,1-500,501-1500
9,10,28976439.312839523,10251675.0,18724764.312844127,517500.0,9056250.0,677925.0,18068939.19747315,248527.8234892599,407297.291877262,,187.48582439217716,30.07840244844556,16.7543590888381,0.00866938941180706,130.5150589942932,1,2,10,0.03974213375786183,1,3,4,10,0.039912779952113,1,"{""eta"":[{""iter"":1,""solved"":10,""failed"":0,""gap_p90"":0,""cache_hr"":0,""fixed"":2,""unan"":true,""key"":null}],""gamma_LT"":[{""iter"":1,""solved"":10,""failed"":0,""gap_p90"":0,""cache_hr"":100,""fixed"":1,""unan"":false,""key"":""('gamma_LT', ('CTV',""},{""iter"":2,""solved"":10,""failed"":0,""gap_p90"":0,""cache_hr"":90,""fixed"":1,""unan"":false,""key"":""('gamma_LT', ('SOV',""},{""iter"":3,""solved"":10,""failed"":0,""gap_p90"":0,""cache_hr"":70,""fixed"":2,""unan"":true,""key"":null}]}",0.01885353442987748,True,2,OPTIMAL,solution_within_gap,False,,5:1,CTV|5:2;SOV|5:1,CTV|5|Aug:1;CTV|5|Dec:1;CTV|5|Jan:1;CTV|5|Jun:1;CTV|5|Oct:1;CTV|5|Sep:1,SOV1|5|Apr:1;SOV1|5|Aug:1;SOV1|5|Dec:1;SOV1|5|Feb:1;SOV1|5|Jan:1;SOV1|5|Jul:1;SOV1|5|Jun:1;SOV1|5|Mar:1;SOV1|5|May:1;SOV1|5|Nov:1;SOV1|5|Oct:1;SOV1|5|Sep:1,26;63;137;191;265;329;340;361;407;409,8e1f6eec5f28b6aa,200,1-500,501-1500
9,15,30493568.235640146,11189500.0,19304068.235634383,1380000.0,9056250.0,753250.0,18700794.38923393,211032.53344082474,392241.31296515075,,382.87539130914956,29.938407736830413,18.69593928195536,0.007840825244784355,320.400995016098,1,2,15,0.039938056903458016,1,3,4,15,0.03999161036947614,1,"{""eta"":[{""iter"":1,""solved"":15,""failed"":0,""gap_p90"":0,""cache_hr"":0,""fixed"":2,""unan"":true,""key"":null}],""gamma_LT"":[{""iter"":1,""solved"":15,""failed"":0,""gap_p90"":0,""cache_hr"":100,""fixed"":1,""unan"":false,""key"":""('gamma_LT', ('CTV',""},{""iter"":2,""solved"":15,""failed"":0,""gap_p90"":0,""cache_hr"":67,""fixed"":1,""unan"":false,""key"":""('gamma_LT', ('SOV',""},{""iter"":3,""solved"":15,""failed"":0,""gap_p90"":0,""cache_hr"":80,""fixed"":2,""unan"":true,""key"":null}]}",0.0055760278267298884,True,2,OPTIMAL,solution_within_gap,False,,5:1,CTV|5:2;SOV|5:1,SOV|5|Dec:1;SOV|5|Jan:1,SOV1|5|Apr:1;SOV1|5|Aug:1;SOV1|5|Dec:1;SOV1|5|Feb:1;SOV1|5|Jan:1;SOV1|5|Jul:1;SOV1|5|Jun:1;SOV1|5|Mar:1;SOV1|5|May:1;SOV1|5|Nov:1;SOV1|5|Oct:1;SOV1|5|Sep:1;SOV2|5|Dec:1;SOV2|5|Jan:1,14;18;54;153;188;197;206;210;238;303;357;372;374;378;495,8e1f6eec5f28b6aa,200,1-500,501-1500
9,20,30340861.079650715,9508200.0,20832661.079644214,0.0,9056250.0,451950.0,20196965.6444516,232079.61545544074,403615.819743719,,1287.197466420941,34.13893587887287,23.15013131685555,0.01679453905671835,1212.379991054535,1,2,20,0.038954638081716286,1,3,4,20,0.039996862418294796,1,"{""eta"":[{""iter"":1,""solved"":20,""failed"":0,""gap_p90"":0,""cache_hr"":0,""fixed"":2,""unan"":true,""key"":null}],""gamma_LT"":[{""iter"":1,""solved"":20,""failed"":0,""gap_p90"":0,""cache_hr"":100,""fixed"":1,""unan"":false,""key"":""('gamma_LT', ('SOV',""},{""iter"":2,""solved"":20,""failed"":0,""gap_p90"":0,""cache_hr"":60,""fixed"":1,""unan"":false,""key"":""('gamma_LT', ('CTV',""},{""iter"":3,""solved"":20,""failed"":0,""gap_p90"":0,""cache_hr"":50,""fixed"":2,""unan"":true,""key"":null}]}",3.3593167490147675e-05,True,2,OPTIMAL,solution_within_gap,False,,5:1,CTV|5:2;SOV|5:1,,SOV1|5|Apr:1;SOV1|5|Aug:1;SOV1|5|Dec:1;SOV1|5|Feb:1;SOV1|5|Jan:1;SOV1|5|Jul:1;SOV1|5|Jun:1;SOV1|5|Mar:1;SOV1|5|May:1;SOV1|5|Nov:1;SOV1|5|Oct:1;SOV1|5|Sep:1,8;13;51;94;97;171;180;186;200;254;281;296;313;328;392;401;478;479;492;496,8e1f6eec5f28b6aa,200,1-500,501-1500
10,1,23812829.767545003,11372350.0,12440479.767545043,2242500.0,8150625.0,979225.0,11773933.786753226,215196.54329210665,451349.43749966373,,17.451862402260303,12.485771731473505,0.00036499928683042526,0.0010328283533453941,1.7743568420410156,1,2,1,0.037719704181942974,1,1,4,1,0.037719704181942974,1,"{""eta"":[{""iter"":1,""solved"":1,""failed"":0,""gap_p90"":0,""cache_hr"":0,""fixed"":2,""unan"":true,""key"":null}],""gamma_LT"":[{""iter"":1,""solved"":1,""failed"":0,""gap_p90"":0,""cache_hr"":100,""fixed"":4,""unan"":true,""key"":null}]}",0.004574845449398117,True,2,OPTIMAL,solution_within_gap,False,,5:1,CTV|5:1;SOV|5:1,CTV|5|Aug:1;CTV|5|Dec:1;CTV|5|Feb:1;CTV|5|Jan:1;CTV|5|Jun:1;CTV|5|May:1;CTV|5|Oct:2;CTV|5|Sep:2;SOV|5|Dec:1;SOV|5|Nov:1,SOV1|5|Apr:1;SOV1|5|Aug:1;SOV1|5|Dec:1;SOV1|5|Feb:1;SOV1|5|Jan:1;SOV1|5|Jul:1;SOV1|5|Jun:1;SOV1|5|Mar:1;SOV1|5|May:1;SOV1|5|Nov:1;SOV1|5|Oct:1;SOV1|5|Sep:1;SOV2|5|Dec:1;SOV2|5|Nov:1,183,8e1f6eec5f28b6aa,200,1-500,501-1500
10,3,27762939.940896843,10165425.0,17597514.940896835,431250.0,9056250.0,677925.0,16946547.64559336,249207.65376514915,401759.6415383353,,46.31282019801438,22.855259786359966,7.96369856595993,0.002778385765850544,10.697041034698486,1,2,3,0.03727090607861567,1,2,4,3,0.039971603107185824,1,"{""eta"":[{""iter"":1,""solved"":3,""failed"":0,""gap_p90"":0,""cache_hr"":0,""fixed"":2,""unan"":true,""key"":null}],""gamma_LT"":[{""iter"":1,""solved"":3,""failed"":0,""gap_p90"":0,""cache_hr"":100,""fixed"":1,""unan"":false,""key"":""('gamma_LT', ('SOV',""},{""iter"":2,""solved"":3,""failed"":0,""gap_p90"":0,""cache_hr"":67,""fixed"":3,""unan"":true,""key"":null}]}",0.0185229844848112,True,2,OPTIMAL,solution_within_gap,False,,5:1,CTV|5:2;SOV|5:1,CTV|5|Dec:1;CTV|5|Feb:1;CTV|5|Jan:2;CTV|5|Sep:1,SOV1|5|Apr:1;SOV1|5|Aug:1;SOV1|5|Dec:1;SOV1|5|Feb:1;SOV1|5|Jan:1;SOV1|5|Jul:1;SOV1|5|Jun:1;SOV1|5|Mar:1;SOV1|5|May:1;SOV1|5|Nov:1;SOV1|5|Oct:1;SOV1|5|Sep:1,66;167;484,8e1f6eec5f28b6aa,200,1-500,501-1500
10,5,27637559.089343242,10251675.0,17385884.089341935,517500.0,9056250.0,677925.0,16705815.371579569,289385.9721897565,390682.74557384785,,64.27717912755907,24.32074421364814,13.313008358702064,0.004487719386816025,20.318812131881714,1,2,5,0.0389923126632549,1,3,4,5,0.039994184955142315,1,"{""eta"":[{""iter"":1,""solved"":5,""failed"":0,""gap_p90"":0,""cache_hr"":0,""fixed"":2,""unan"":true,""key"":null}],""gamma_LT"":[{""iter"":1,""solved"":5,""failed"":0,""gap_p90"":0,""cache_hr"":100,""fixed"":1,""unan"":false,""key"":""('gamma_LT', ('CTV',""},{""iter"":2,""solved"":5,""failed"":0,""gap_p90"":0,""cache_hr"":80,""fixed"":1,""unan"":false,""key"":""('gamma_LT', ('SOV',""},{""iter"":3,""solved"":5,""failed"":0,""gap_p90"":0,""cache_hr"":60,""fixed"":2,""unan"":true,""key"":null}]}",0.01680606094541358,True,2,OPTIMAL,solution_within_gap,False,,5:1,CTV|5:2;SOV|5:1,CTV|5|Dec:3;CTV|5|Jan:2;CTV|5|Nov:1,SOV1|5|Apr:1;SOV1|5|Aug:1;SOV1|5|Dec:1;SOV1|5|Feb:1;SOV1|5|Jan:1;SOV1|5|Jul:1;SOV1|5|Jun:1;SOV1|5|Mar:1;SOV1|5|May:1;SOV1|5|Nov:1;SOV1|5|Oct:1;SOV1|5|Sep:1,38;113;208;233;468,8e1f6eec5f28b6aa,200,1-500,501-1500
10,7,30917089.1331579,12041075.0,18876014.13315947,2156250.0,9056250.0,828575.0,18290699.13414363,204434.35801349292,380880.64100071497,,95.23100056499243,27.940603376366198,14.351875473745167,0.006264817900955677,45.0359308719635,1,2,7,0.03966553410085637,1,3,4,7,0.039997569467165484,1,"{""eta"":[{""iter"":1,""solved"":7,""failed"":0,""gap_p90"":0,""cache_hr"":0,""fixed"":2,""unan"":true,""key"":null}],""gamma_LT"":[{""iter"":1,""solved"":7,""failed"":0,""gap_p90"":0,""cache_hr"":100,""fixed"":1,""unan"":false,""key"":""('gamma_LT', ('CTV',""},{""iter"":2,""solved"":7,""failed"":0,""gap_p90"":0,""cache_hr"":57,""fixed"":1,""unan"":false,""key"":""('gamma_LT', ('SOV',""},{""iter"":3,""solved"":7,""failed"":0,""gap_p90"":0,""cache_hr"":57,""fixed"":2,""unan"":true,""key"":null}]}",0.013163038860894101,True,2,OPTIMAL,solution_within_gap,False,,5:1,CTV|5:2;SOV|5:1,CTV|5|Nov:1;SOV|5|Dec:1;SOV|5|Feb:1;SOV|5|Jan:1,SOV1|5|Apr:1;SOV1|5|Aug:1;SOV1|5|Dec:1;SOV1|5|Feb:1;SOV1|5|Jan:1;SOV1|5|Jul:1;SOV1|5|Jun:1;SOV1|5|Mar:1;SOV1|5|May:1;SOV1|5|Nov:1;SOV1|5|Oct:1;SOV1|5|Sep:1;SOV2|5|Dec:1;SOV2|5|Feb:1;SOV2|5|Jan:1,16;153;231;294;306;373;454,8e1f6eec5f28b6aa,200,1-500,501-1500
10,10,29500202.783467382,11189500.0,18310702.78347151,1380000.0,9056250.0,753250.0,17710391.182511423,221819.97681127093,378491.6241448149,,194.28845099080354,30.564853655174375,11.107681796886027,0.008785232901573181,142.6152491569519,1,2,10,0.03926314920641055,1,2,4,10,0.039910985281312636,1,"{""eta"":[{""iter"":1,""solved"":10,""failed"":0,""gap_p90"":0,""cache_hr"":0,""fixed"":2,""unan"":true,""key"":null}],""gamma_LT"":[{""iter"":1,""solved"":10,""failed"":0,""gap_p90"":0,""cache_hr"":100,""fixed"":1,""unan"":false,""key"":""('gamma_LT', ('SOV',""},{""iter"":2,""solved"":10,""failed"":0,""gap_p90"":0,""cache_hr"":50,""fixed"":3,""unan"":true,""key"":null}]}",0.0012095302227127119,True,2,OPTIMAL,solution_within_gap,False,,5:1,CTV|5:2;SOV|5:1,SOV|5|Dec:1;SOV|5|Jan:1,SOV1|5|Apr:1;SOV1|5|Aug:1;SOV1|5|Dec:1;SOV1|5|Feb:1;SOV1|5|Jan:1;SOV1|5|Jul:1;SOV1|5|Jun:1;SOV1|5|Mar:1;SOV1|5|May:1;SOV1|5|Nov:1;SOV1|5|Oct:1;SOV1|5|Sep:1;SOV2|5|Dec:1;SOV2|5|Jan:1,20;49;86;94;136;192;243;301;335;421,8e1f6eec5f28b6aa,200,1-500,501-1500
10,15,27208156.321204398,8451350.0,18756806.321197644,6037500.0,1811250.0,602600.0,17998506.588226173,460439.28590707696,297860.44707119284,,911.4880934711546,29.552048507146537,17.19318773970008,0.011829931288957596,851.0109550952911,1,2,15,0.03990443242995451,1,3,4,15,0.03998977009054263,1,"{""eta"":[{""iter"":1,""solved"":15,""failed"":0,""gap_p90"":0,""cache_hr"":0,""fixed"":2,""unan"":true,""key"":null}],""gamma_LT"":[{""iter"":1,""solved"":15,""failed"":0,""gap_p90"":0,""cache_hr"":100,""fixed"":1,""unan"":false,""key"":""('gamma_LT', ('CTV',""},{""iter"":2,""solved"":15,""failed"":0,""gap_p90"":0,""cache_hr"":80,""fixed"":1,""unan"":false,""key"":""('gamma_LT', ('SOV',""},{""iter"":3,""solved"":15,""failed"":0,""gap_p90"":0,""cache_hr"":33,""fixed"":2,""unan"":true,""key"":null}]}",0.00031084008561563985,True,2,OPTIMAL,solution_within_gap,False,,5:1,CTV|5:2,CTV|5|Aug:1;CTV|5|Dec:1;CTV|5|Jan:1;CTV|5|Jul:1;CTV|5|Jun:1;CTV|5|May:1;SOV|5|Apr:1;SOV|5|Dec:1;SOV|5|Feb:1;SOV|5|Jan:1;SOV|5|Mar:1;SOV|5|Nov:1;SOV|5|Oct:1;SOV|5|Sep:1,SOV1|5|Apr:1;SOV1|5|Dec:1;SOV1|5|Feb:1;SOV1|5|Jan:1;SOV1|5|Mar:1;SOV1|5|Nov:1;SOV1|5|Oct:1;SOV1|5|Sep:1,19;45;68;115;118;162;167;183;184;207;240;296;410;431;432,8e1f6eec5f28b6aa,200,1-500,501-1500
10,20,27168656.195529636,11189500.0,15979156.195533883,1380000.0,9056250.0,753250.0,15366510.843566943,213750.84131324396,398894.5106495055,,573.0933443717659,31.092327198013663,19.273267837241292,0.014226230792701244,505.4221661090851,1,2,20,0.0390058828885514,1,3,4,20,0.039994184955142315,1,"{""eta"":[{""iter"":1,""solved"":20,""failed"":0,""gap_p90"":0,""cache_hr"":0,""fixed"":2,""unan"":true,""key"":null}],""gamma_LT"":[{""iter"":1,""solved"":20,""failed"":0,""gap_p90"":0,""cache_hr"":100,""fixed"":1,""unan"":false,""key"":""('gamma_LT', ('CTV',""},{""iter"":2,""solved"":20,""failed"":0,""gap_p90"":0,""cache_hr"":70,""fixed"":1,""unan"":false,""key"":""('gamma_LT', ('SOV',""},{""iter"":3,""solved"":20,""failed"":0,""gap_p90"":0,""cache_hr"":70,""fixed"":2,""unan"":true,""key"":null}]}",0.01890280879520768,True,2,OPTIMAL,solution_within_gap,False,,5:1,CTV|5:2;SOV|5:1,SOV|5|Dec:1;SOV|5|Jan:1,SOV1|5|Apr:1;SOV1|5|Aug:1;SOV1|5|Dec:1;SOV1|5|Feb:1;SOV1|5|Jan:1;SOV1|5|Jul:1;SOV1|5|Jun:1;SOV1|5|Mar:1;SOV1|5|May:1;SOV1|5|Nov:1;SOV1|5|Oct:1;SOV1|5|Sep:1;SOV2|5|Dec:1;SOV2|5|Jan:1,15;24;56;69;74;87;95;103;113;144;201;296;310;360;381;390;428;436;456;472,8e1f6eec5f28b6aa,200,1-500,501-1500
11,1,18317979.113198183,9615725.0,8702254.113198213,862500.0,8150625.0,602600.0,7984823.466160879,294776.31874950574,422654.3282878082,,18.350793529301882,12.486338174901903,0.000330951064825058,0.0009388430044054985,2.4556899070739746,1,2,1,0.025490416103482606,1,1,4,1,0.025490416103482606,1,"{""eta"":[{""iter"":1,""solved"":1,""failed"":0,""gap_p90"":0,""cache_hr"":0,""fixed"":2,""unan"":true,""key"":null}],""gamma_LT"":[{""iter"":1,""solved"":1,""failed"":0,""gap_p90"":0,""cache_hr"":100,""fixed"":4,""unan"":true,""key"":null}]}",0.0036741537650293306,True,2,OPTIMAL,solution_within_gap,False,,5:1,CTV|5:1;SOV|5:1,CTV|5|Apr:1;CTV|5|Dec:2;CTV|5|Feb:2;CTV|5|Jan:2;CTV|5|Mar:1;CTV|5|May:2,SOV1|5|Apr:1;SOV1|5|Aug:1;SOV1|5|Dec:1;SOV1|5|Feb:1;SOV1|5|Jan:1;SOV1|5|Jul:1;SOV1|5|Jun:1;SOV1|5|Mar:1;SOV1|5|May:1;SOV1|5|Nov:1;SOV1|5|Oct:1;SOV1|5|Sep:1,176,8e1f6eec5f28b6aa,200,1-500,501-1500
11,3,28851286.48596221,9701975.0,19149311.485962234,948750.0,8150625.0,602600.0,18466721.42455131,235069.07909003287,447520.9823208835,,52.15470237843692,24.346677088178694,11.635529254563153,0.0027817944064736366,11.336305141448975,1,2,3,0.038847380523947116,1,3,4,3,0.03999816457062939,1,"{""eta"":[{""iter"":1,""solved"":3,""failed"":0,""gap_p90"":0,""cache_hr"":0,""fixed"":2,""unan"":true,""key"":null}],""gamma_LT"":[{""iter"":1,""solved"":3,""failed"":0,""gap_p90"":0,""cache_hr"":100,""fixed"":1,""unan"":false,""key"":""('gamma_LT', ('CTV',""},{""iter"":2,""solved"":3,""failed"":0,""gap_p90"":0,""cache_hr"":33,""fixed"":1,""unan"":false,""key"":""('gamma_LT', ('SOV',""},{""iter"":3,""solved"":3,""failed"":0,""gap_p90"":0,""cache_hr"":67,""fixed"":2,""unan"":true,""key"":null}]}",0.003404317349780818,True,2,OPTIMAL,solution_within_gap,False,,5:1,CTV|5:1;SOV|5:1,CTV|5|Apr:1;CTV|5|Aug:1;CTV|5|Dec:3;CTV|5|Feb:1;CTV|5|Jan:1;CTV|5|Mar:1;CTV|5|Nov:1;CTV|5|Oct:1;CTV|5|Sep:1,SOV1|5|Apr:1;SOV1|5|Aug:1;SOV1|5|Dec:1;SOV1|5|Feb:1;SOV1|5|Jan:1;SOV1|5|Jul:1;SOV1|5|Jun:1;SOV1|5|Mar:1;SOV1|5|May:1;SOV1|5|Nov:1;SOV1|5|Oct:1;SOV1|5|Sep:1,98;138;196,8e1f6eec5f28b6aa,200,1-500,501-1500
11,5,27764430.89818003,11437325.0,16327105.898179492,1552500.0,9056250.0,828575.0,15720771.446997307,230661.920776531,375672.53040613903,,66.76886208727956,24.910870285704732,0.0005508167669177055,0.004397003911435604,35.56840491294861,1,2,5,0.03899415682245639,1,1,4,5,0.03899415682245639,1,"{""eta"":[{""iter"":1,""solved"":5,""failed"":0,""gap_p90"":0,""cache_hr"":0,""fixed"":2,""unan"":true,""key"":null}],""gamma_LT"":[{""iter"":1,""solved"":5,""failed"":0,""gap_p90"":0,""cache_hr"":100,""fixed"":4,""unan"":true,""key"":null}]}",0.01815349595961953,True,2,OPTIMAL,solution_within_gap,False,,5:1,CTV|5:2;SOV|5:1,CTV|5|Dec:1;CTV|5|Nov:1;SOV|5|Dec:1;SOV|5|Jan:1,SOV1|5|Apr:1;SOV1|5|Aug:1;SOV1|5|Dec:1;SOV1|5|Feb:1;SOV1|5|Jan:1;SOV1|5|Jul:1;SOV1|5|Jun:1;SOV1|5|Mar:1;SOV1|5|May:1;SOV1|5|Nov:1;SOV1|5|Oct:1;SOV1|5|Sep:1;SOV2|5|Dec:1;SOV2|5|Jan:1,64;84;109;145;457,8e1f6eec5f28b6aa,200,1-500,501-1500
11,7,31228451.5680695,10843925.0,20384526.568071384,1638750.0,8150625.0,1054550.0,19734366.325421546,219624.3742947138,430535.8683532905,,105.06557172257453,27.38136778306216,18.460898926481605,0.006264750845730305,51.58330488204956,1,2,7,0.03972777905863996,1,3,4,7,0.039965399027216714,1,"{""eta"":[{""iter"":1,""solved"":7,""failed"":0,""gap_p90"":0,""cache_hr"":0,""fixed"":2,""unan"":true,""key"":null}],""gamma_LT"":[{""iter"":1,""solved"":7,""failed"":0,""gap_p90"":0,""cache_hr"":100,""fixed"":1,""unan"":false,""key"":""('gamma_LT', ('SOV',""},{""iter"":2,""solved"":7,""failed"":0,""gap_p90"":0,""cache_hr"":71,""fixed"":1,""unan"":false,""key"":""('gamma_LT', ('CTV',""},{""iter"":3,""solved"":7,""failed"":0,""gap_p90"":0,""cache_hr"":29,""fixed"":2,""unan"":true,""key"":null}]}",0.013760262204159693,True,2,OPTIMAL,solution_within_gap,False,,5:1,CTV|5:1;SOV|5:1,CTV|5|Dec:4;CTV|5|Feb:1;CTV|5|Jan:2;CTV|5|Mar:1;CTV|5|May:1;CTV|5|Nov:1;CTV|5|Oct:1;SOV|5|Dec:1,SOV1|5|Apr:1;SOV1|5|Aug:1;SOV1|5|Dec:1;SOV1|5|Feb:1;SOV1|5|Jan:1;SOV1|5|Jul:1;SOV1|5|Jun:1;SOV1|5|Mar:1;SOV1|5|May:1;SOV1|5|Nov:1;SOV1|5|Oct:1;SOV1|5|Sep:1;SOV2|5|Dec:1,136;168;224;276;279;344;425,8e1f6eec5f28b6aa,200,1-500,501-1500
11,10,28913420.844348818,10348275.0,18565145.844353557,1293750.0,8150625.0,903900.0,17901525.238675192,207322.0963603943,456298.50931331486,,219.85547131951898,24.605920602567494,16.330038372427225,0.0031062522903084755,168.941663980484,1,2,10,0.03968426123702558,1,3,4,10,0.03999488734387157,1,"{""eta"":[{""iter"":1,""solved"":10,""failed"":0,""gap_p90"":0,""cache_hr"":0,""fixed"":2,""unan"":true,""key"":null}],""gamma_LT"":[{""iter"":1,""solved"":10,""failed"":0,""gap_p90"":0,""cache_hr"":100,""fixed"":1,""unan"":false,""key"":""('gamma_LT', ('SOV',""},{""iter"":2,""solved"":10,""failed"":0,""gap_p90"":0,""cache_hr"":90,""fixed"":1,""unan"":false,""key"":""('gamma_LT', ('CTV',""},{""iter"":3,""solved"":10,""failed"":0,""gap_p90"":0,""cache_hr"":10,""fixed"":2,""unan"":true,""key"":null}]}",0.01653788832669304,True,2,OPTIMAL,solution_within_gap,False,,5:1,CTV|5:1;SOV|5:1,CTV|5|Dec:1;CTV|5|Feb:1;CTV|5|Jan:3;CTV|5|Nov:1;CTV|5|Oct:1;SOV|5|Dec:1,SOV1|5|Apr:1;SOV1|5|Aug:1;SOV1|5|Dec:1;SOV1|5|Feb:1;SOV1|5|Jan:1;SOV1|5|Jul:1;SOV1|5|Jun:1;SOV1|5|Mar:1;SOV1|5|May:1;SOV1|5|Nov:1;SOV1|5|Oct:1;SOV1|5|Sep:1;SOV2|5|Dec:1,10;46;189;235;260;276;345;388;431;485,8e1f6eec5f28b6aa,200,1-500,501-1500
11,15,29034646.373949163,9508200.0,19526446.37394338,0.0,9056250.0,451950.0,18860986.929371797,246775.79806267962,418683.64651453326,,432.86658202204853,30.364684174768627,17.06400906573981,0.009395373053848743,372.0651681423187,1,2,15,0.039261143884753734,1,3,4,15,0.039994184955142315,1,"{""eta"":[{""iter"":1,""solved"":15,""failed"":0,""gap_p90"":0,""cache_hr"":0,""fixed"":2,""unan"":true,""key"":null}],""gamma_LT"":[{""iter"":1,""solved"":15,""failed"":0,""gap_p90"":0,""cache_hr"":100,""fixed"":1,""unan"":false,""key"":""('gamma_LT', ('CTV',""},{""iter"":2,""solved"":15,""failed"":0,""gap_p90"":0,""cache_hr"":67,""fixed"":1,""unan"":false,""key"":""('gamma_LT', ('SOV',""},{""iter"":3,""solved"":15,""failed"":0,""gap_p90"":0,""cache_hr"":80,""fixed"":2,""unan"":true,""key"":null}]}",0.012146870892210351,True,2,OPTIMAL,solution_within_gap,False,,5:1,CTV|5:2;SOV|5:1,,SOV1|5|Apr:1;SOV1|5|Aug:1;SOV1|5|Dec:1;SOV1|5|Feb:1;SOV1|5|Jan:1;SOV1|5|Jul:1;SOV1|5|Jun:1;SOV1|5|Mar:1;SOV1|5|May:1;SOV1|5|Nov:1;SOV1|5|Oct:1;SOV1|5|Sep:1,85;88;113;121;137;211;234;238;253;343;406;425;434;453;479,8e1f6eec5f28b6aa,200,1-500,501-1500
11,20,27431077.966046855,9442650.0,17988427.96604026,6727500.0,1811250.0,903900.0,17241188.258791696,454675.20518697717,292564.5020681204,,908.5643449025229,29.694790401495993,26.663019471801817,0.01426217332482338,832.5675020217896,1,2,20,0.03992015073740955,1,3,4,20,0.03999141116522445,1,"{""eta"":[{""iter"":1,""solved"":20,""failed"":0,""gap_p90"":0,""cache_hr"":0,""fixed"":2,""unan"":true,""key"":null}],""gamma_LT"":[{""iter"":1,""solved"":20,""failed"":0,""gap_p90"":0,""cache_hr"":100,""fixed"":1,""unan"":false,""key"":""('gamma_LT', ('CTV',""},{""iter"":2,""solved"":20,""failed"":0,""gap_p90"":0,""cache_hr"":80,""fixed"":1,""unan"":false,""key"":""('gamma_LT', ('SOV',""},{""iter"":3,""solved"":20,""failed"":0,""gap_p90"":0,""cache_hr"":45,""fixed"":2,""unan"":true,""key"":null}]}",0.019402115115832657,True,2,OPTIMAL,solution_within_gap,False,,5:1,CTV|5:2,CTV|5|Apr:1;CTV|5|Dec:1;CTV|5|Jan:1;CTV|5|Jul:1;CTV|5|Jun:1;CTV|5|May:1;SOV|5|Aug:1;SOV|5|Dec:2;SOV|5|Feb:1;SOV|5|Jan:1;SOV|5|Mar:1;SOV|5|Nov:1;SOV|5|Oct:1;SOV|5|Sep:1,SOV1|5|Aug:1;SOV1|5|Dec:1;SOV1|5|Feb:1;SOV1|5|Jan:1;SOV1|5|Mar:1;SOV1|5|Nov:1;SOV1|5|Oct:1;SOV1|5|Sep:1;SOV2|5|Dec:1,47;54;190;218;256;299;305;325;336;362;376;380;437;440;455;461;469;483;493;495,8e1f6eec5f28b6aa,200,1-500,501-1500
12,1,24142097.350608546,9120075.0,15022022.35060859,517500.0,8150625.0,451950.0,14346148.231596598,214040.25896059186,461833.8600513555,,23.084105939604342,17.430601362138987,0.00033386703580617905,0.0010049128904938698,2.1189959049224854,1,2,1,0.018470015019113592,1,1,4,1,0.018470015019113592,1,"{""eta"":[{""iter"":1,""solved"":1,""failed"":0,""gap_p90"":0,""cache_hr"":0,""fixed"":2,""unan"":true,""key"":null}],""gamma_LT"":[{""iter"":1,""solved"":1,""failed"":0,""gap_p90"":0,""cache_hr"":100,""fixed"":4,""unan"":true,""key"":null}]}",0.006856778449578723,True,2,OPTIMAL,solution_within_gap,False,,5:1,CTV|5:1;SOV|5:1,CTV|5|Dec:1;CTV|5|Feb:1;CTV|5|Jan:1;CTV|5|Nov:1;CTV|5|Oct:1;CTV|5|Sep:1,SOV1|5|Apr:1;SOV1|5|Aug:1;SOV1|5|Dec:1;SOV1|5|Feb:1;SOV1|5|Jan:1;SOV1|5|Jul:1;SOV1|5|Jun:1;SOV1|5|Mar:1;SOV1|5|May:1;SOV1|5|Nov:1;SOV1|5|Oct:1;SOV1|5|Sep:1,415,8e1f6eec5f28b6aa,200,1-500,501-1500
12,3,30668388.28662747,10962950.0,19705438.28662749,1983750.0,8150625.0,828575.0,19048546.36411805,241750.47945528073,415141.4430541596,,50.56817441433668,24.294551420025527,7.459480891004205,0.0009331367909908295,13.530688047409058,1,2,3,0.039851014971542476,1,2,4,3,0.03999310034849118,1,"{""eta"":[{""iter"":1,""solved"":3,""failed"":0,""gap_p90"":0,""cache_hr"":0,""fixed"":2,""unan"":true,""key"":null}],""gamma_LT"":[{""iter"":1,""solved"":3,""failed"":0,""gap_p90"":0,""cache_hr"":100,""fixed"":1,""unan"":false,""key"":""('gamma_LT', ('CTV',""},{""iter"":2,""solved"":3,""failed"":0,""gap_p90"":0,""cache_hr"":33,""fixed"":3,""unan"":true,""key"":null}]}",0.010809531565050049,True,2,OPTIMAL,solution_within_gap,False,,5:1,CTV|5:1;SOV|5:1,CTV|5|Apr:1;CTV|5|Aug:1;CTV|5|Dec:2;CTV|5|Feb:1;CTV|5|Jan:3;CTV|5|Jul:1;CTV|5|Jun:1;CTV|5|Mar:1;CTV|5|May:1;CTV|5|Nov:1;CTV|5|Oct:1;CTV|5|Sep:1;SOV|5|Jan:1,SOV1|5|Apr:1;SOV1|5|Aug:1;SOV1|5|Dec:1;SOV1|5|Feb:1;SOV1|5|Jan:1;SOV1|5|Jul:1;SOV1|5|Jun:1;SOV1|5|Mar:1;SOV1|5|May:1;SOV1|5|Nov:1;SOV1|5|Oct:1;SOV1|5|Sep:1;SOV2|5|Jan:1,117;221;342,8e1f6eec5f28b6aa,200,1-500,501-1500
12,5,29234143.548046157,11189500.0,18044643.548045,1380000.0,9056250.0,753250.0,17441668.696446057,223855.73481661422,379119.11678349436,,74.88811131753027,25.25534521881491,13.999981530942023,0.0045079439878463745,28.795032024383545,1,2,5,0.039924420815737126,1,3,4,5,0.039924420815737126,1,"{""eta"":[{""iter"":1,""solved"":5,""failed"":0,""gap_p90"":0,""cache_hr"":0,""fixed"":2,""unan"":true,""key"":null}],""gamma_LT"":[{""iter"":1,""solved"":5,""failed"":0,""gap_p90"":0,""cache_hr"":100,""fixed"":1,""unan"":false,""key"":""('gamma_LT', ('SOV',""},{""iter"":2,""solved"":5,""failed"":0,""gap_p90"":0,""cache_hr"":60,""fixed"":1,""unan"":false,""key"":""('gamma_LT', ('CTV',""},{""iter"":3,""solved"":5,""failed"":0,""gap_p90"":0,""cache_hr"":40,""fixed"":2,""unan"":true,""key"":null}]}",0.01731702523429819,True,2,OPTIMAL,solution_within_gap,False,,5:1,CTV|5:2;SOV|5:1,SOV|5|Dec:1;SOV|5|Nov:1,SOV1|5|Apr:1;SOV1|5|Aug:1;SOV1|5|Dec:1;SOV1|5|Feb:1;SOV1|5|Jan:1;SOV1|5|Jul:1;SOV1|5|Jun:1;SOV1|5|Mar:1;SOV1|5|May:1;SOV1|5|Nov:1;SOV1|5|Oct:1;SOV1|5|Sep:1;SOV2|5|Dec:1;SOV2|5|Nov:1,9;12;107;192;270,8e1f6eec5f28b6aa,200,1-500,501-1500
12,7,27276203.493000768,10499500.0,16776703.492999893,690000.0,9056250.0,753250.0,16149000.142934527,241433.25777649094,386270.09228972724,,125.55741136241704,28.118406401015818,14.190519338473678,0.005724160000681877,74.82572293281555,1,2,7,0.03999669923066909,1,3,4,7,0.03999866671055609,1,"{""eta"":[{""iter"":1,""solved"":7,""failed"":0,""gap_p90"":0,""cache_hr"":0,""fixed"":2,""unan"":true,""key"":null}],""gamma_LT"":[{""iter"":1,""solved"":7,""failed"":0,""gap_p90"":0,""cache_hr"":100,""fixed"":1,""unan"":false,""key"":""('gamma_LT', ('CTV',""},{""iter"":2,""solved"":7,""failed"":0,""gap_p90"":0,""cache_hr"":71,""fixed"":1,""unan"":false,""key"":""('gamma_LT', ('SOV',""},{""iter"":3,""solved"":7,""failed"":0,""gap_p90"":0,""cache_hr"":71,""fixed"":2,""unan"":true,""key"":null}]}",0.009539988126062285,True,2,OPTIMAL,solution_within_gap,False,,5:1,CTV|5:2;SOV|5:1,SOV|5|Dec:1,SOV1|5|Apr:1;SOV1|5|Aug:1;SOV1|5|Dec:1;SOV1|5|Feb:1;SOV1|5|Jan:1;SOV1|5|Jul:1;SOV1|5|Jun:1;SOV1|5|Mar:1;SOV1|5|May:1;SOV1|5|Nov:1;SOV1|5|Oct:1;SOV1|5|Sep:1;SOV2|5|Dec:1,66;127;170;273;307;347;403,8e1f6eec5f28b6aa,200,1-500,501-1500
12,10,28922917.440373823,10241900.0,18681017.440378297,8280000.0,1811250.0,150650.0,18027362.821472865,225670.62996967926,427983.988931217,,254.94692247826606,25.25295343901962,22.09591433685273,0.00808653887361288,197.6162440776825,1,2,10,0.039907519853944154,1,3,4,10,0.03996756864299122,1,"{""eta"":[{""iter"":1,""solved"":10,""failed"":0,""gap_p90"":0,""cache_hr"":0,""fixed"":2,""unan"":true,""key"":null}],""gamma_LT"":[{""iter"":1,""solved"":10,""failed"":0,""gap_p90"":0,""cache_hr"":100,""fixed"":1,""unan"":false,""key"":""('gamma_LT', ('CTV',""},{""iter"":2,""solved"":10,""failed"":0,""gap_p90"":0,""cache_hr"":60,""fixed"":1,""unan"":false,""key"":""('gamma_LT', ('SOV',""},{""iter"":3,""solved"":10,""failed"":0,""gap_p90"":0,""cache_hr"":40,""fixed"":2,""unan"":true,""key"":null}]}",0.018959865664762415,True,2,OPTIMAL,solution_within_gap,False,,5:1,CTV|5:2,SOV|5|Apr:1;SOV|5|Aug:1;SOV|5|Dec:1;SOV|5|Feb:1;SOV|5|Jan:1;SOV|5|Jul:1;SOV|5|Jun:1;SOV|5|Mar:1;SOV|5|May:1;SOV|5|Nov:1;SOV|5|Oct:1;SOV|5|Sep:1,SOV1|5|Apr:1;SOV1|5|Aug:1;SOV1|5|Dec:1;SOV1|5|Feb:1;SOV1|5|Jan:1;SOV1|5|Jul:1;SOV1|5|Jun:1;SOV1|5|Mar:1;SOV1|5|May:1;SOV1|5|Nov:1;SOV1|5|Oct:1;SOV1|5|Sep:1,26;126;211;225;250;265;276;385;458;478,8e1f6eec5f28b6aa,200,1-500,501-1500
12,15,30061734.25913914,10079175.0,19982559.25913313,345000.0,9056250.0,677925.0,19337165.75591091,265050.51678625395,380342.98644177796,,262.39540007151663,30.62464363221079,28.1683319658041,0.017078627832233906,189.73370909690857,1,2,15,0.03937753238571916,1,3,4,15,0.039994184955142315,1,"{""eta"":[{""iter"":1,""solved"":15,""failed"":0,""gap_p90"":0,""cache_hr"":0,""fixed"":2,""unan"":true,""key"":null}],""gamma_LT"":[{""iter"":1,""solved"":15,""failed"":0,""gap_p90"":0,""cache_hr"":100,""fixed"":1,""unan"":false,""key"":""('gamma_LT', ('CTV',""},{""iter"":2,""solved"":15,""failed"":0,""gap_p90"":0,""cache_hr"":67,""fixed"":1,""unan"":false,""key"":""('gamma_LT', ('SOV',""},{""iter"":3,""solved"":15,""failed"":0,""gap_p90"":0,""cache_hr"":67,""fixed"":2,""unan"":true,""key"":null}]}",0.015566505391781286,True,2,OPTIMAL,solution_within_gap,False,,5:1,CTV|5:2;SOV|5:1,CTV|5|Dec:1;CTV|5|Jan:1;CTV|5|May:1;CTV|5|Oct:1,SOV1|5|Apr:1;SOV1|5|Aug:1;SOV1|5|Dec:1;SOV1|5|Feb:1;SOV1|5|Jan:1;SOV1|5|Jul:1;SOV1|5|Jun:1;SOV1|5|Mar:1;SOV1|5|May:1;SOV1|5|Nov:1;SOV1|5|Oct:1;SOV1|5|Sep:1,68;113;164;173;236;238;300;328;339;435;437;444;452;456;464,8e1f6eec5f28b6aa,200,1-500,501-1500
12,20,29486064.32101907,8699175.0,20786889.32101234,6210000.0,1811250.0,677925.0,20029978.784097318,462262.05635289307,294648.4805689188,,1519.5419314140454,32.42173023428768,33.904810577631,0.011647120118141174,1435.102401971817,1,2,20,0.03995214408929136,1,3,4,20,0.03999388064425158,1,"{""eta"":[{""iter"":1,""solved"":20,""failed"":0,""gap_p90"":0,""cache_hr"":0,""fixed"":2,""unan"":true,""key"":null}],""gamma_LT"":[{""iter"":1,""solved"":20,""failed"":0,""gap_p90"":0,""cache_hr"":100,""fixed"":1,""unan"":false,""key"":""('gamma_LT', ('SOV',""},{""iter"":2,""solved"":20,""failed"":0,""gap_p90"":0,""cache_hr"":55,""fixed"":1,""unan"":false,""key"":""('gamma_LT', ('CTV',""},{""iter"":3,""solved"":20,""failed"":0,""gap_p90"":0,""cache_hr"":40,""fixed"":2,""unan"":true,""key"":null}]}",0.000379845424234389,True,2,OPTIMAL,solution_within_gap,False,,5:1,CTV|5:2,CTV|5|Aug:1;CTV|5|Dec:2;CTV|5|Jan:2;CTV|5|Jul:1;CTV|5|Jun:1;CTV|5|May:1;SOV|5|Apr:1;SOV|5|Dec:1;SOV|5|Feb:1;SOV|5|Jan:1;SOV|5|Mar:1;SOV|5|Nov:1;SOV|5|Oct:1;SOV|5|Sep:1,SOV1|5|Apr:1;SOV1|5|Dec:1;SOV1|5|Feb:1;SOV1|5|Jan:1;SOV1|5|Mar:1;SOV1|5|Nov:1;SOV1|5|Oct:1;SOV1|5|Sep:1,54;60;122;124;126;150;209;238;248;255;257;273;288;292;312;317;319;327;404;468,8e1f6eec5f28b6aa,200,1-500,501-1500
13,1,33648608.47910116,10499500.0,23149108.479101267,690000.0,9056250.0,753250.0,22513953.877697296,226274.11970361593,408880.4817002446,,18.005912743508816,12.98556831665337,0.0003304276615381241,0.0010118447244167328,1.6619911193847656,1,2,1,0.02022392132371298,1,1,4,1,0.02022392132371298,1,"{""eta"":[{""iter"":1,""solved"":1,""failed"":0,""gap_p90"":0,""cache_hr"":0,""fixed"":2,""unan"":true,""key"":null}],""gamma_LT"":[{""iter"":1,""solved"":1,""failed"":0,""gap_p90"":0,""cache_hr"":100,""fixed"":4,""unan"":true,""key"":null}]}",0.0036369781217924736,True,2,OPTIMAL,solution_within_gap,False,,5:1,CTV|5:2;SOV|5:1,SOV|5|Dec:1,SOV1|5|Apr:1;SOV1|5|Aug:1;SOV1|5|Dec:1;SOV1|5|Feb:1;SOV1|5|Jan:1;SOV1|5|Jul:1;SOV1|5|Jun:1;SOV1|5|Mar:1;SOV1|5|May:1;SOV1|5|Nov:1;SOV1|5|Oct:1;SOV1|5|Sep:1;SOV2|5|Dec:1,204,8e1f6eec5f28b6aa,200,1-500,501-1500
13,3,26183964.911632456,8838900.0,17345064.91163218,6123750.0,1811250.0,903900.0,16559283.818975303,553107.360893781,232673.73176336059,,55.265179604291916,24.777730029076338,12.83008131571114,0.0027908366173505783,12.759977102279663,1,2,3,0.03988042676181899,1,3,4,3,0.03988042676181899,1,"{""eta"":[{""iter"":1,""solved"":3,""failed"":0,""gap_p90"":0,""cache_hr"":0,""fixed"":2,""unan"":true,""key"":null}],""gamma_LT"":[{""iter"":1,""solved"":3,""failed"":0,""gap_p90"":0,""cache_hr"":100,""fixed"":1,""unan"":false,""key"":""('gamma_LT', ('CTV',""},{""iter"":2,""solved"":3,""failed"":0,""gap_p90"":0,""cache_hr"":67,""fixed"":1,""unan"":false,""key"":""('gamma_LT', ('SOV',""},{""iter"":3,""solved"":3,""failed"":0,""gap_p90"":0,""cache_hr"":33,""fixed"":2,""unan"":true,""key"":null}]}",0.014983482963557468,True,2,OPTIMAL,solution_within_gap,False,,5:1,CTV|5:2,CTV|5|Aug:1;CTV|5|Dec:1;CTV|5|Jan:1;CTV|5|Jul:1;CTV|5|Jun:1;CTV|5|May:1;CTV|5|Sep:1;SOV|5|Apr:1;SOV|5|Dec:2;SOV|5|Feb:1;SOV|5|Jan:1;SOV|5|Mar:1;SOV|5|Nov:1;SOV|5|Oct:1,SOV1|5|Apr:1;SOV1|5|Dec:1;SOV1|5|Feb:1;SOV1|5|Jan:1;SOV1|5|Mar:1;SOV1|5|Nov:1;SOV1|5|Oct:1;SOV2|5|Dec:1,42;352;353,8e1f6eec5f28b6aa,200,1-500,501-1500
13,5,31847321.8145537,7653825.0,24193496.814552158,6296250.0,905625.0,451950.0,23379942.96721741,534076.7320817431,279477.1152544644,,73.15820614527911,24.75620783958584,16.843801703304052,0.0035145729780197144,25.207886219024658,1,2,5,0.038946320934851814,1,3,4,5,0.03999766977704502,1,"{""eta"":[{""iter"":1,""solved"":5,""failed"":0,""gap_p90"":0,""cache_hr"":0,""fixed"":2,""unan"":true,""key"":null}],""gamma_LT"":[{""iter"":1,""solved"":5,""failed"":0,""gap_p90"":0,""cache_hr"":100,""fixed"":1,""unan"":false,""key"":""('gamma_LT', ('SOV',""},{""iter"":2,""solved"":5,""failed"":0,""gap_p90"":0,""cache_hr"":80,""fixed"":1,""unan"":false,""key"":""('gamma_LT', ('CTV',""},{""iter"":3,""solved"":5,""failed"":0,""gap_p90"":0,""cache_hr"":20,""fixed"":2,""unan"":true,""key"":null}]}",0.01963014246819803,True,2,OPTIMAL,solution_within_gap,False,,5:1,CTV|5:1,CTV|5|Apr:2;CTV|5|Aug:2;CTV|5|Dec:1;CTV|5|Feb:1;CTV|5|Jan:1;CTV|5|Jul:2;CTV|5|Jun:2;CTV|5|Mar:1;CTV|5|May:2;CTV|5|Nov:1;CTV|5|Oct:1;CTV|5|Sep:1;SOV|5|Dec:1;SOV|5|Feb:1;SOV|5|Jan:1;SOV|5|Mar:1;SOV|5|Nov:1;SOV|5|Oct:1;SOV|5|Sep:1,SOV1|5|Dec:1;SOV1|5|Feb:1;SOV1|5|Jan:1;SOV1|5|Mar:1;SOV1|5|Nov:1;SOV1|5|Oct:1;SOV1|5|Sep:1,38;96;113;205;383,8e1f6eec5f28b6aa,200,1-500,501-1500
13,7,28078020.49028914,10747325.0,17330695.490289185,862500.0,9056250.0,828575.0,16698104.403029412,244488.52976161972,388102.55749809515,,108.0404113298282,29.00776930246502,17.47198577877134,0.0041322605684399605,53.18733501434326,1,2,7,0.03999669923066909,1,3,4,7,0.03999669923066909,1,"{""eta"":[{""iter"":1,""solved"":7,""failed"":0,""gap_p90"":0,""cache_hr"":0,""fixed"":2,""unan"":true,""key"":null}],""gamma_LT"":[{""iter"":1,""solved"":7,""failed"":0,""gap_p90"":0,""cache_hr"":100,""fixed"":1,""unan"":false,""key"":""('gamma_LT', ('CTV',""},{""iter"":2,""solved"":7,""failed"":0,""gap_p90"":0,""cache_hr"":71,""fixed"":1,""unan"":false,""key"":""('gamma_LT', ('SOV',""},{""iter"":3,""solved"":7,""failed"":0,""gap_p90"":0,""cache_hr"":71,""fixed"":2,""unan"":true,""key"":null}]}",0.019642837959233956,True,2,OPTIMAL,solution_within_gap,False,,5:1,CTV|5:2;SOV|5:1,CTV|5|Dec:1;CTV|5|Jan:1;SOV|5|Feb:1,SOV1|5|Apr:1;SOV1|5|Aug:1;SOV1|5|Dec:1;SOV1|5|Feb:1;SOV1|5|Jan:1;SOV1|5|Jul:1;SOV1|5|Jun:1;SOV1|5|Mar:1;SOV1|5|May:1;SOV1|5|Nov:1;SOV1|5|Oct:1;SOV1|5|Sep:1;SOV2|5|Feb:1,48;82;127;414;446;458;466,8e1f6eec5f28b6aa,200,1-500,501-1500
13,10,30210314.630636983,8451350.0,21758964.630641494,6037500.0,1811250.0,602600.0,21016711.722084645,456613.9654736443,285638.9430785961,,249.1730836648494,26.669496064074337,20.08371937740594,0.003064380958676338,192.64335703849792,1,2,10,0.03937329906243869,1,3,4,10,0.03999505439676038,1,"{""eta"":[{""iter"":1,""solved"":10,""failed"":0,""gap_p90"":0,""cache_hr"":0,""fixed"":2,""unan"":true,""key"":null}],""gamma_LT"":[{""iter"":1,""solved"":10,""failed"":0,""gap_p90"":0,""cache_hr"":100,""fixed"":1,""unan"":false,""key"":""('gamma_LT', ('CTV',""},{""iter"":2,""solved"":10,""failed"":0,""gap_p90"":0,""cache_hr"":60,""fixed"":1,""unan"":false,""key"":""('gamma_LT', ('SOV',""},{""iter"":3,""solved"":10,""failed"":0,""gap_p90"":0,""cache_hr"":40,""fixed"":2,""unan"":true,""key"":null}]}",0.007334852836879048,True,2,OPTIMAL,solution_within_gap,False,,5:1,CTV|5:2,CTV|5|Aug:1;CTV|5|Dec:1;CTV|5|Jan:1;CTV|5|Jul:1;CTV|5|Jun:1;CTV|5|May:1;SOV|5|Apr:1;SOV|5|Dec:1;SOV|5|Feb:1;SOV|5|Jan:1;SOV|5|Mar:1;SOV|5|Nov:1;SOV|5|Oct:1;SOV|5|Sep:1,SOV1|5|Apr:1;SOV1|5|Dec:1;SOV1|5|Feb:1;SOV1|5|Jan:1;SOV1|5|Mar:1;SOV1|5|Nov:1;SOV1|5|Oct:1;SOV1|5|Sep:1,6;166;181;187;238;264;338;360;362;497,8e1f6eec5f28b6aa,200,1-500,501-1500
13,15,28711531.87557243,9842275.0,18869256.875566762,258750.0,9056250.0,527275.0,18182086.684436854,270281.2380762029,416888.9530592174,,468.12096442002803,26.613127574324608,20.122302250005305,0.011723082512617111,407.9321279525757,1,2,15,0.03999669923066909,1,3,4,15,0.03999669923066909,1,"{""eta"":[{""iter"":1,""solved"":15,""failed"":0,""gap_p90"":0,""cache_hr"":0,""fixed"":2,""unan"":true,""key"":null}],""gamma_LT"":[{""iter"":1,""solved"":15,""failed"":0,""gap_p90"":0,""cache_hr"":100,""fixed"":1,""unan"":false,""key"":""('gamma_LT', ('SOV',""},{""iter"":2,""solved"":15,""failed"":0,""gap_p90"":0,""cache_hr"":73,""fixed"":1,""unan"":false,""key"":""('gamma_LT', ('CTV',""},{""iter"":3,""solved"":15,""failed"":0,""gap_p90"":0,""cache_hr"":67,""fixed"":2,""unan"":true,""key"":null}]}",0.017634088249127503,True,2,OPTIMAL,solution_within_gap,False,,5:1,CTV|5:2;SOV|5:1,CTV|5|Dec:1;CTV|5|Feb:1;CTV|5|Jan:1,SOV1|5|Apr:1;SOV1|5|Aug:1;SOV1|5|Dec:1;SOV1|5|Feb:1;SOV1|5|Jan:1;SOV1|5|Jul:1;SOV1|5|Jun:1;SOV1|5|Mar:1;SOV1|5|May:1;SOV1|5|Nov:1;SOV1|5|Oct:1;SOV1|5|Sep:1,3;52;59;87;123;127;154;156;160;178;290;356;365;442;463,8e1f6eec5f28b6aa,200,1-500,501-1500
13,20,28642632.912955612,9756025.0,18886607.91294926,172500.0,9056250.0,527275.0,18232689.088803433,247875.8515945689,406042.97255764046,,1077.8341488949955,30.830461466684937,19.631550507619977,0.011909808032214642,1009.5469379425049,1,2,20,0.03954751290306779,1,3,4,20,0.03958246135179903,1,"{""eta"":[{""iter"":1,""solved"":20,""failed"":0,""gap_p90"":0,""cache_hr"":0,""fixed"":2,""unan"":true,""key"":null}],""gamma_LT"":[{""iter"":1,""solved"":20,""failed"":0,""gap_p90"":0,""cache_hr"":100,""fixed"":1,""unan"":false,""key"":""('gamma_LT', ('CTV',""},{""iter"":2,""solved"":20,""failed"":0,""gap_p90"":0,""cache_hr"":85,""fixed"":1,""unan"":false,""key"":""('gamma_LT', ('SOV',""},{""iter"":3,""solved"":20,""failed"":0,""gap_p90"":0,""cache_hr"":70,""fixed"":2,""unan"":true,""key"":null}]}",3.069440274952332e-14,True,2,OPTIMAL,solution_within_gap,False,,5:1,CTV|5:2;SOV|5:1,CTV|5|Dec:1;CTV|5|Jan:1,SOV1|5|Apr:1;SOV1|5|Aug:1;SOV1|5|Dec:1;SOV1|5|Feb:1;SOV1|5|Jan:1;SOV1|5|Jul:1;SOV1|5|Jun:1;SOV1|5|Mar:1;SOV1|5|May:1;SOV1|5|Nov:1;SOV1|5|Oct:1;SOV1|5|Sep:1,66;82;93;107;121;186;202;212;227;236;293;344;370;400;402;404;440;483;484;496,8e1f6eec5f28b6aa,200,1-500,501-1500
14,1,24142097.350608546,9120075.0,15022022.35060859,517500.0,8150625.0,451950.0,14346148.231596598,214040.25896059186,461833.8600513555,,23.100687434896827,17.558714063838124,0.00032881367951631546,0.0010077934712171555,2.0585079193115234,1,2,1,0.018470015019113592,1,1,4,1,0.018470015019113592,1,"{""eta"":[{""iter"":1,""solved"":1,""failed"":0,""gap_p90"":0,""cache_hr"":0,""fixed"":2,""unan"":true,""key"":null}],""gamma_LT"":[{""iter"":1,""solved"":1,""failed"":0,""gap_p90"":0,""cache_hr"":100,""fixed"":4,""unan"":true,""key"":null}]}",0.006856778449578723,True,2,OPTIMAL,solution_within_gap,False,,5:1,CTV|5:1;SOV|5:1,CTV|5|Dec:1;CTV|5|Feb:1;CTV|5|Jan:1;CTV|5|Nov:1;CTV|5|Oct:1;CTV|5|Sep:1,SOV1|5|Apr:1;SOV1|5|Aug:1;SOV1|5|Dec:1;SOV1|5|Feb:1;SOV1|5|Jan:1;SOV1|5|Jul:1;SOV1|5|Jun:1;SOV1|5|Mar:1;SOV1|5|May:1;SOV1|5|Nov:1;SOV1|5|Oct:1;SOV1|5|Sep:1,415,8e1f6eec5f28b6aa,200,1-500,501-1500
14,3,25395236.23009467,8203525.0,17191711.230094552,5865000.0,1811250.0,527275.0,16392350.094080776,475171.1502370667,324189.98577681056,,57.4883764879778,26.04434902779758,7.933817580342293,0.002753523178398609,18.398149013519287,1,2,3,0.039918091656105485,1,2,4,3,0.039918091656105485,1,"{""eta"":[{""iter"":1,""solved"":3,""failed"":0,""gap_p90"":0,""cache_hr"":0,""fixed"":2,""unan"":true,""key"":null}],""gamma_LT"":[{""iter"":1,""solved"":3,""failed"":0,""gap_p90"":0,""cache_hr"":100,""fixed"":1,""unan"":false,""key"":""('gamma_LT', ('SOV',""},{""iter"":2,""solved"":3,""failed"":0,""gap_p90"":0,""cache_hr"":67,""fixed"":3,""unan"":true,""key"":null}]}",0.004527253634920451,True,2,OPTIMAL,solution_within_gap,False,,5:1,CTV|5:2,CTV|5|Aug:1;CTV|5|Jul:1;CTV|5|Jun:1;CTV|5|May:1;SOV|5|Apr:1;SOV|5|Dec:1;SOV|5|Feb:1;SOV|5|Jan:1;SOV|5|Mar:1;SOV|5|Nov:1;SOV|5|Oct:1;SOV|5|Sep:1,SOV1|5|Apr:1;SOV1|5|Dec:1;SOV1|5|Feb:1;SOV1|5|Jan:1;SOV1|5|Mar:1;SOV1|5|Nov:1;SOV1|5|Oct:1;SOV1|5|Sep:1,298;309;390,8e1f6eec5f28b6aa,200,1-500,501-1500
14,5,29121476.148118757,9367900.0,19753576.148117397,690000.0,8150625.0,527275.0,19078134.473666534,234115.7534224786,441325.9210296931,,92.32655053026974,26.78453996963799,14.711765557527542,0.0044937776401638985,44.53941798210144,1,2,5,0.03993787654155765,1,3,4,5,0.039975107773822974,1,"{""eta"":[{""iter"":1,""solved"":5,""failed"":0,""gap_p90"":0,""cache_hr"":0,""fixed"":2,""unan"":true,""key"":null}],""gamma_LT"":[{""iter"":1,""solved"":5,""failed"":0,""gap_p90"":0,""cache_hr"":100,""fixed"":1,""unan"":false,""key"":""('gamma_LT', ('SOV',""},{""iter"":2,""solved"":5,""failed"":0,""gap_p90"":0,""cache_hr"":80,""fixed"":1,""unan"":false,""key"":""('gamma_LT', ('CTV',""},{""iter"":3,""solved"":5,""failed"":0,""gap_p90"":0,""cache_hr"":40,""fixed"":2,""unan"":true,""key"":null}]}",0.0031800833897786423,True,2,OPTIMAL,solution_within_gap,False,,5:1,CTV|5:1;SOV|5:1,CTV|5|Dec:2;CTV|5|Feb:1;CTV|5|Jan:2;CTV|5|Nov:2;CTV|5|Oct:1,SOV1|5|Apr:1;SOV1|5|Aug:1;SOV1|5|Dec:1;SOV1|5|Feb:1;SOV1|5|Jan:1;SOV1|5|Jul:1;SOV1|5|Jun:1;SOV1|5|Mar:1;SOV1|5|May:1;SOV1|5|Nov:1;SOV1|5|Oct:1;SOV1|5|Sep:1,18;106;274;378;429,8e1f6eec5f28b6aa,200,1-500,501-1500
14,7,29969336.17870208,10014775.0,19954561.17870377,431250.0,9056250.0,527275.0,19298072.655633204,252413.88895065297,404074.6341181758,,91.4466485446319,24.993021060712636,17.55538218189031,0.00597760733217001,40.882832050323486,1,2,7,0.03991594091320322,1,3,4,7,0.03991594091320322,1,"{""eta"":[{""iter"":1,""solved"":7,""failed"":0,""gap_p90"":0,""cache_hr"":0,""fixed"":2,""unan"":true,""key"":null}],""gamma_LT"":[{""iter"":1,""solved"":7,""failed"":0,""gap_p90"":0,""cache_hr"":100,""fixed"":1,""unan"":false,""key"":""('gamma_LT', ('SOV',""},{""iter"":2,""solved"":7,""failed"":0,""gap_p90"":0,""cache_hr"":86,""fixed"":1,""unan"":false,""key"":""('gamma_LT', ('CTV',""},{""iter"":3,""solved"":7,""failed"":0,""gap_p90"":0,""cache_hr"":86,""fixed"":2,""unan"":true,""key"":null}]}",0.01469867030854777,True,2,OPTIMAL,solution_within_gap,False,,5:1,CTV|5:2;SOV|5:1,CTV|5|Dec:1;CTV|5|Jan:1;CTV|5|Nov:1;CTV|5|Oct:1;CTV|5|Sep:1,SOV1|5|Apr:1;SOV1|5|Aug:1;SOV1|5|Dec:1;SOV1|5|Feb:1;SOV1|5|Jan:1;SOV1|5|Jul:1;SOV1|5|Jun:1;SOV1|5|Mar:1;SOV1|5|May:1;SOV1|5|Nov:1;SOV1|5|Oct:1;SOV1|5|Sep:1,15;160;299;367;421;457;463,8e1f6eec5f28b6aa,200,1-500,501-1500
14,10,28347181.380176134,9141350.0,19205831.380180623,6727500.0,1811250.0,602600.0,18466680.724707987,403823.3320678248,335327.3234001885,,312.77907478716224,29.200562434270978,21.67477047815919,0.005653643049299717,251.64576411247253,1,2,10,0.03974415830727509,1,3,4,10,0.03994451677775364,1,"{""eta"":[{""iter"":1,""solved"":10,""failed"":0,""gap_p90"":0,""cache_hr"":0,""fixed"":2,""unan"":true,""key"":null}],""gamma_LT"":[{""iter"":1,""solved"":10,""failed"":0,""gap_p90"":0,""cache_hr"":100,""fixed"":1,""unan"":false,""key"":""('gamma_LT', ('SOV',""},{""iter"":2,""solved"":10,""failed"":0,""gap_p90"":0,""cache_hr"":60,""fixed"":1,""unan"":false,""key"":""('gamma_LT', ('CTV',""},{""iter"":3,""solved"":10,""failed"":0,""gap_p90"":0,""cache_hr"":50,""fixed"":2,""unan"":true,""key"":null}]}",0.018435523666335583,True,2,OPTIMAL,solution_within_gap,False,,5:1,CTV|5:2,CTV|5|Aug:1;CTV|5|Feb:1;CTV|5|Jan:1;CTV|5|Jul:1;CTV|5|Jun:1;CTV|5|May:1;SOV|5|Apr:1;SOV|5|Aug:1;SOV|5|Dec:1;SOV|5|Feb:1;SOV|5|Jan:1;SOV|5|Mar:1;SOV|5|Nov:1;SOV|5|Oct:1;SOV|5|Sep:1,SOV1|5|Apr:1;SOV1|5|Aug:1;SOV1|5|Dec:1;SOV1|5|Feb:1;SOV1|5|Jan:1;SOV1|5|Mar:1;SOV1|5|Nov:1;SOV1|5|Oct:1;SOV1|5|Sep:1,4;32;107;178;228;241;283;321;341;412,8e1f6eec5f28b6aa,200,1-500,501-1500
14,15,29463491.279561758,9195400.0,20268091.279555872,517500.0,8150625.0,527275.0,19598074.272429936,217902.39358020978,452114.61355148174,,1014.956655391492,29.474636936560273,19.147568942978978,0.011843611486256123,952.3547189235687,1,2,15,0.03968426123702558,1,3,4,15,0.039993022666507116,1,"{""eta"":[{""iter"":1,""solved"":15,""failed"":0,""gap_p90"":0,""cache_hr"":0,""fixed"":2,""unan"":true,""key"":null}],""gamma_LT"":[{""iter"":1,""solved"":15,""failed"":0,""gap_p90"":0,""cache_hr"":100,""fixed"":1,""unan"":false,""key"":""('gamma_LT', ('SOV',""},{""iter"":2,""solved"":15,""failed"":0,""gap_p90"":0,""cache_hr"":80,""fixed"":1,""unan"":false,""key"":""('gamma_LT', ('CTV',""},{""iter"":3,""solved"":15,""failed"":0,""gap_p90"":0,""cache_hr"":47,""fixed"":2,""unan"":true,""key"":null}]}",2.7466237367118864e-05,True,2,OPTIMAL,solution_within_gap,False,,5:1,CTV|5:1;SOV|5:1,CTV|5|Dec:1;CTV|5|Feb:1;CTV|5|Jan:2;CTV|5|Nov:1;CTV|5|Oct:1,SOV1|5|Apr:1;SOV1|5|Aug:1;SOV1|5|Dec:1;SOV1|5|Feb:1;SOV1|5|Jan:1;SOV1|5|Jul:1;SOV1|5|Jun:1;SOV1|5|Mar:1;SOV1|5|May:1;SOV1|5|Nov:1;SOV1|5|Oct:1;SOV1|5|Sep:1,17;46;52;56;58;103;130;159;167;178;183;276;411;429;470,8e1f6eec5f28b6aa,200,1-500,501-1500
14,20,29899951.172344767,9194825.0,20705126.172338232,6555000.0,1811250.0,828575.0,19968648.10511869,454678.55804763443,281799.5091785341,,1597.4990506730974,36.80424746032804,23.93932518735528,0.015159372240304947,1519.768581867218,1,2,20,0.039526142349924166,1,3,4,20,0.03999668174133841,1,"{""eta"":[{""iter"":1,""solved"":20,""failed"":0,""gap_p90"":0,""cache_hr"":0,""fixed"":2,""unan"":true,""key"":null}],""gamma_LT"":[{""iter"":1,""solved"":20,""failed"":0,""gap_p90"":0,""cache_hr"":100,""fixed"":1,""unan"":false,""key"":""('gamma_LT', ('CTV',""},{""iter"":2,""solved"":20,""failed"":0,""gap_p90"":0,""cache_hr"":75,""fixed"":1,""unan"":false,""key"":""('gamma_LT', ('SOV',""},{""iter"":3,""solved"":20,""failed"":0,""gap_p90"":0,""cache_hr"":45,""fixed"":2,""unan"":true,""key"":null}]}",0.0019716529494927565,True,2,OPTIMAL,solution_within_gap,False,,5:1,CTV|5:2,CTV|5|Aug:1;CTV|5|Jul:1;CTV|5|Jun:1;CTV|5|May:1;SOV|5|Apr:1;SOV|5|Dec:2;SOV|5|Feb:1;SOV|5|Jan:1;SOV|5|Mar:1;SOV|5|Nov:1;SOV|5|Oct:1;SOV|5|Sep:1,SOV1|5|Apr:1;SOV1|5|Dec:1;SOV1|5|Feb:1;SOV1|5|Jan:1;SOV1|5|Mar:1;SOV1|5|Nov:1;SOV1|5|Oct:1;SOV1|5|Sep:1;SOV2|5|Dec:1,5;37;78;94;108;137;163;219;241;288;304;367;397;419;425;445;464;469;474;490,8e1f6eec5f28b6aa,200,1-500,501-1500
15,1,22333608.18938387,9669775.0,12663833.189383894,86250.0,9056250.0,527275.0,11954660.376083279,286518.4850127784,422654.32828780817,,18.706368654966354,13.133448854088783,0.00033137574791908264,0.0010037776082754135,1.859687089920044,1,2,1,0.03991920615894334,1,1,4,1,0.03991920615894334,1,"{""eta"":[{""iter"":1,""solved"":1,""failed"":0,""gap_p90"":0,""cache_hr"":0,""fixed"":2,""unan"":true,""key"":null}],""gamma_LT"":[{""iter"":1,""solved"":1,""failed"":0,""gap_p90"":0,""cache_hr"":100,""fixed"":4,""unan"":true,""key"":null}]}",0.017366776131384976,True,2,OPTIMAL,solution_within_gap,False,,5:1,CTV|5:2;SOV|5:1,CTV|5|Jan:1,SOV1|5|Apr:1;SOV1|5|Aug:1;SOV1|5|Dec:1;SOV1|5|Feb:1;SOV1|5|Jan:1;SOV1|5|Jul:1;SOV1|5|Jun:1;SOV1|5|Mar:1;SOV1|5|May:1;SOV1|5|Nov:1;SOV1|5|Oct:1;SOV1|5|Sep:1,18,8e1f6eec5f28b6aa,200,1-500,501-1500
15,3,29894085.744728267,10251675.0,19642410.744728226,517500.0,9056250.0,677925.0,18978064.65504194,280349.3248149825,383996.76487134176,,47.44698887411505,23.281279750168324,6.873313040472567,0.002773551270365715,12.540290832519531,1,2,3,0.03753246831304533,1,2,4,3,0.039910985281312636,1,"{""eta"":[{""iter"":1,""solved"":3,""failed"":0,""gap_p90"":0,""cache_hr"":0,""fixed"":2,""unan"":true,""key"":null}],""gamma_LT"":[{""iter"":1,""solved"":3,""failed"":0,""gap_p90"":0,""cache_hr"":100,""fixed"":1,""unan"":false,""key"":""('gamma_LT', ('SOV',""},{""iter"":2,""solved"":3,""failed"":0,""gap_p90"":0,""cache_hr"":33,""fixed"":3,""unan"":true,""key"":null}]}",0.012237006823663053,True,2,OPTIMAL,solution_within_gap,False,,5:1,CTV|5:2;SOV|5:1,CTV|5|Aug:1;CTV|5|Dec:1;CTV|5|Jan:2;CTV|5|Oct:1;CTV|5|Sep:1,SOV1|5|Apr:1;SOV1|5|Aug:1;SOV1|5|Dec:1;SOV1|5|Feb:1;SOV1|5|Jan:1;SOV1|5|Jul:1;SOV1|5|Jun:1;SOV1|5|Mar:1;SOV1|5|May:1;SOV1|5|Nov:1;SOV1|5|Oct:1;SOV1|5|Sep:1,49;191;468,8e1f6eec5f28b6aa,200,1-500,501-1500
15,5,27894378.982214607,9120075.0,18774303.982213162,517500.0,8150625.0,451950.0,18107943.45907004,201706.4387323034,464654.08441221656,,88.56107025779784,22.484952367842197,15.135560382157564,0.004167670384049416,44.272454023361206,1,2,5,0.03966553410085637,1,3,4,5,0.03998830651532631,1,"{""eta"":[{""iter"":1,""solved"":5,""failed"":0,""gap_p90"":0,""cache_hr"":0,""fixed"":2,""unan"":true,""key"":null}],""gamma_LT"":[{""iter"":1,""solved"":5,""failed"":0,""gap_p90"":0,""cache_hr"":100,""fixed"":1,""unan"":false,""key"":""('gamma_LT', ('SOV',""},{""iter"":2,""solved"":5,""failed"":0,""gap_p90"":0,""cache_hr"":80,""fixed"":1,""unan"":false,""key"":""('gamma_LT', ('CTV',""},{""iter"":3,""solved"":5,""failed"":0,""gap_p90"":0,""cache_hr"":40,""fixed"":2,""unan"":true,""key"":null}]}",0.006652175996337992,True,2,OPTIMAL,solution_within_gap,False,,5:1,CTV|5:1;SOV|5:1,CTV|5|Dec:1;CTV|5|Feb:1;CTV|5|Jan:1;CTV|5|Nov:1;CTV|5|Oct:1;CTV|5|Sep:1,SOV1|5|Apr:1;SOV1|5|Aug:1;SOV1|5|Dec:1;SOV1|5|Feb:1;SOV1|5|Jan:1;SOV1|5|Jul:1;SOV1|5|Jun:1;SOV1|5|Mar:1;SOV1|5|May:1;SOV1|5|Nov:1;SOV1|5|Oct:1;SOV1|5|Sep:1,97;107;231;430;466,8e1f6eec5f28b6aa,200,1-500,501-1500
15,7,25308835.34447694,8365100.0,16943735.344475746,5951250.0,1811250.0,602600.0,16161674.598450355,472110.90751687804,309949.8385097362,,128.99701849650592,27.47534926328808,21.096485724672675,0.006249641999602318,72.25427412986755,1,2,7,0.03984229587449348,1,3,4,7,0.03999691767318761,1,"{""eta"":[{""iter"":1,""solved"":7,""failed"":0,""gap_p90"":0,""cache_hr"":0,""fixed"":2,""unan"":true,""key"":null}],""gamma_LT"":[{""iter"":1,""solved"":7,""failed"":0,""gap_p90"":0,""cache_hr"":100,""fixed"":1,""unan"":false,""key"":""('gamma_LT', ('CTV',""},{""iter"":2,""solved"":7,""failed"":0,""gap_p90"":0,""cache_hr"":71,""fixed"":1,""unan"":false,""key"":""('gamma_LT', ('SOV',""},{""iter"":3,""solved"":7,""failed"":0,""gap_p90"":0,""cache_hr"":71,""fixed"":2,""unan"":true,""key"":null}]}",0.009162367482572008,True,2,OPTIMAL,solution_within_gap,False,,5:1,CTV|5:2,CTV|5|Apr:1;CTV|5|Dec:1;CTV|5|Jul:1;CTV|5|Jun:1;CTV|5|May:1;SOV|5|Aug:1;SOV|5|Dec:1;SOV|5|Feb:1;SOV|5|Jan:1;SOV|5|Mar:1;SOV|5|Nov:1;SOV|5|Oct:1;SOV|5|Sep:1,SOV1|5|Aug:1;SOV1|5|Dec:1;SOV1|5|Feb:1;SOV1|5|Jan:1;SOV1|5|Mar:1;SOV1|5|Nov:1;SOV1|5|Oct:1;SOV1|5|Sep:1,6;11;149;150;176;325;363,8e1f6eec5f28b6aa,200,1-500,501-1500
15,10,25918550.28876285,7944775.0,17973775.288767505,5606250.0,1811250.0,527275.0,17184168.243980665,529840.3678186194,259766.67696349637,,281.4942104127258,28.659189651720226,18.121847365051508,0.008908890187740326,224.28247499465942,1,2,10,0.038986549145139195,1,3,4,10,0.03999800853328706,1,"{""eta"":[{""iter"":1,""solved"":10,""failed"":0,""gap_p90"":0,""cache_hr"":0,""fixed"":2,""unan"":true,""key"":null}],""gamma_LT"":[{""iter"":1,""solved"":10,""failed"":0,""gap_p90"":0,""cache_hr"":100,""fixed"":1,""unan"":false,""key"":""('gamma_LT', ('CTV',""},{""iter"":2,""solved"":10,""failed"":0,""gap_p90"":0,""cache_hr"":80,""fixed"":1,""unan"":false,""key"":""('gamma_LT', ('SOV',""},{""iter"":3,""solved"":10,""failed"":0,""gap_p90"":0,""cache_hr"":40,""fixed"":2,""unan"":true,""key"":null}]}",0.011836907385223059,True,2,OPTIMAL,solution_within_gap,False,,5:1,CTV|5:2,CTV|5|Apr:1;CTV|5|Aug:1;CTV|5|Dec:1;CTV|5|Feb:1;CTV|5|Jan:1;CTV|5|Jul:1;CTV|5|Jun:1;CTV|5|Mar:1;CTV|5|May:1;SOV|5|Dec:1;SOV|5|Feb:1;SOV|5|Jan:1;SOV|5|Mar:1;SOV|5|Nov:1;SOV|5|Oct:1;SOV|5|Sep:1,SOV1|5|Dec:1;SOV1|5|Feb:1;SOV1|5|Jan:1;SOV1|5|Mar:1;SOV1|5|Nov:1;SOV1|5|Oct:1;SOV1|5|Sep:1,12;24;50;74;100;149;169;196;236;418,8e1f6eec5f28b6aa,200,1-500,501-1500
15,15,28939329.9845201,10488575.0,18450754.98451373,7848750.0,1811250.0,828575.0,17759345.599198427,379195.99273357744,312213.39258789783,,1135.1722371252254,31.687829409725964,20.624399732798338,0.006614873185753822,1068.2311389446259,1,2,15,0.03779265576659696,1,3,4,15,0.039994791616775806,1,"{""eta"":[{""iter"":1,""solved"":15,""failed"":0,""gap_p90"":0,""cache_hr"":0,""fixed"":2,""unan"":true,""key"":null}],""gamma_LT"":[{""iter"":1,""solved"":15,""failed"":0,""gap_p90"":0,""cache_hr"":100,""fixed"":1,""unan"":false,""key"":""('gamma_LT', ('CTV',""},{""iter"":2,""solved"":15,""failed"":0,""gap_p90"":0,""cache_hr"":80,""fixed"":1,""unan"":false,""key"":""('gamma_LT', ('SOV',""},{""iter"":3,""solved"":15,""failed"":0,""gap_p90"":0,""cache_hr"":47,""fixed"":2,""unan"":true,""key"":null}]}",0.005612285568324669,True,2,OPTIMAL,solution_within_gap,False,,5:1,CTV|5:2,CTV|5|Jul:1;CTV|5|Jun:1;CTV|5|May:1;SOV|5|Apr:1;SOV|5|Aug:1;SOV|5|Dec:1;SOV|5|Feb:2;SOV|5|Jan:2;SOV|5|Mar:1;SOV|5|Nov:1;SOV|5|Oct:1;SOV|5|Sep:1,SOV1|5|Apr:1;SOV1|5|Aug:1;SOV1|5|Dec:1;SOV1|5|Feb:1;SOV1|5|Jan:1;SOV1|5|Mar:1;SOV1|5|Nov:1;SOV1|5|Oct:1;SOV1|5|Sep:1;SOV2|5|Feb:1;SOV2|5|Jan:1,13;14;109;132;145;154;228;316;359;360;368;410;457;484;495,8e1f6eec5f28b6aa,200,1-500,501-1500
15,20,28981006.12211649,8871675.0,20109331.122109514,6382500.0,1811250.0,677925.0,19338727.036218315,469139.13253996684,301464.9533581945,,1523.5778276771307,34.57803613226861,19.589838818646967,0.011975306086242199,1451.9021289348602,1,2,20,0.039386810090136073,1,3,4,20,0.039996185951230834,1,"{""eta"":[{""iter"":1,""solved"":20,""failed"":0,""gap_p90"":0,""cache_hr"":0,""fixed"":2,""unan"":true,""key"":null}],""gamma_LT"":[{""iter"":1,""solved"":20,""failed"":0,""gap_p90"":0,""cache_hr"":100,""fixed"":1,""unan"":false,""key"":""('gamma_LT', ('CTV',""},{""iter"":2,""solved"":20,""failed"":0,""gap_p90"":0,""cache_hr"":60,""fixed"":1,""unan"":false,""key"":""('gamma_LT', ('SOV',""},{""iter"":3,""solved"":20,""failed"":0,""gap_p90"":0,""cache_hr"":35,""fixed"":2,""unan"":true,""key"":null}]}",0.010701854724340007,True,2,OPTIMAL,solution_within_gap,False,,5:1,CTV|5:2,CTV|5|Aug:2;CTV|5|Dec:1;CTV|5|Jan:1;CTV|5|Jul:2;CTV|5|Jun:2;CTV|5|May:2;SOV|5|Apr:1;SOV|5|Dec:1;SOV|5|Feb:1;SOV|5|Jan:1;SOV|5|Mar:1;SOV|5|Nov:1;SOV|5|Oct:1;SOV|5|Sep:1,SOV1|5|Apr:1;SOV1|5|Dec:1;SOV1|5|Feb:1;SOV1|5|Jan:1;SOV1|5|Mar:1;SOV1|5|Nov:1;SOV1|5|Oct:1;SOV1|5|Sep:1,37;45;69;73;104;117;125;139;193;255;275;289;293;310;322;330;382;415;450;494,8e1f6eec5f28b6aa,200,1-500,501-1500
16,1,24410905.12871317,9508200.0,14902705.128713198,0.0,9056250.0,451950.0,14296224.000973543,241805.16814337,364675.9595962442,,18.7926571322605,12.90099077578634,0.0003417655825614929,0.0010095080360770226,2.289026975631714,1,2,1,0.0399990127567793,1,1,4,1,0.0399990127567793,1,"{""eta"":[{""iter"":1,""solved"":1,""failed"":0,""gap_p90"":0,""cache_hr"":0,""fixed"":2,""unan"":true,""key"":null}],""gamma_LT"":[{""iter"":1,""solved"":1,""failed"":0,""gap_p90"":0,""cache_hr"":100,""fixed"":4,""unan"":true,""key"":null}]}",0.001952662348624248,True,2,OPTIMAL,solution_within_gap,False,,5:1,CTV|5:2;SOV|5:1,,SOV1|5|Apr:1;SOV1|5|Aug:1;SOV1|5|Dec:1;SOV1|5|Feb:1;SOV1|5|Jan:1;SOV1|5|Jul:1;SOV1|5|Jun:1;SOV1|5|Mar:1;SOV1|5|May:1;SOV1|5|Nov:1;SOV1|5|Oct:1;SOV1|5|Sep:1,476,8e1f6eec5f28b6aa,200,1-500,501-1500
16,3,25467171.168700166,8526675.0,16940496.16870005,6037500.0,1811250.0,677925.0,16135238.622692259,484731.9739048403,320525.5721030684,,48.84653354994953,22.48928710911423,14.517063758336008,0.0027467384934425354,6.649054050445557,1,2,3,0.03992481338678234,1,3,4,3,0.03995643622290884,1,"{""eta"":[{""iter"":1,""solved"":3,""failed"":0,""gap_p90"":0,""cache_hr"":0,""fixed"":2,""unan"":true,""key"":null}],""gamma_LT"":[{""iter"":1,""solved"":3,""failed"":0,""gap_p90"":0,""cache_hr"":100,""fixed"":1,""unan"":false,""key"":""('gamma_LT', ('SOV',""},{""iter"":2,""solved"":3,""failed"":0,""gap_p90"":0,""cache_hr"":67,""fixed"":1,""unan"":false,""key"":""('gamma_LT', ('CTV',""},{""iter"":3,""solved"":3,""failed"":0,""gap_p90"":0,""cache_hr"":67,""fixed"":2,""unan"":true,""key"":null}]}",0.011218868101713613,True,2,OPTIMAL,solution_within_gap,False,,5:1,CTV|5:2,CTV|5|Aug:1;CTV|5|Jul:1;CTV|5|Jun:3;CTV|5|May:1;SOV|5|Apr:1;SOV|5|Dec:1;SOV|5|Feb:1;SOV|5|Jan:1;SOV|5|Mar:1;SOV|5|Nov:1;SOV|5|Oct:1;SOV|5|Sep:1,SOV1|5|Apr:1;SOV1|5|Dec:1;SOV1|5|Feb:1;SOV1|5|Jan:1;SOV1|5|Mar:1;SOV1|5|Nov:1;SOV1|5|Oct:1;SOV1|5|Sep:1,107;115;424,8e1f6eec5f28b6aa,200,1-500,501-1500
16,5,31602861.17042616,10661075.0,20941786.170424778,776250.0,9056250.0,828575.0,20306339.90874654,229390.790200034,406055.4714795044,,82.07932083588094,25.591206007637084,11.61981045268476,0.004506995901465416,38.08709192276001,1,2,5,0.03904708749032787,1,3,4,5,0.03997940705156124,1,"{""eta"":[{""iter"":1,""solved"":5,""failed"":0,""gap_p90"":0,""cache_hr"":0,""fixed"":2,""unan"":true,""key"":null}],""gamma_LT"":[{""iter"":1,""solved"":5,""failed"":0,""gap_p90"":0,""cache_hr"":100,""fixed"":1,""unan"":false,""key"":""('gamma_LT', ('CTV',""},{""iter"":2,""solved"":5,""failed"":0,""gap_p90"":0,""cache_hr"":80,""fixed"":1,""unan"":false,""key"":""('gamma_LT', ('SOV',""},{""iter"":3,""solved"":5,""failed"":0,""gap_p90"":0,""cache_hr"":60,""fixed"":2,""unan"":true,""key"":null}]}",0.01852699815036599,True,2,OPTIMAL,solution_within_gap,False,,5:1,CTV|5:2;SOV|5:1,CTV|5|Jan:1;SOV|5|Jan:1,SOV1|5|Apr:1;SOV1|5|Aug:1;SOV1|5|Dec:1;SOV1|5|Feb:1;SOV1|5|Jan:1;SOV1|5|Jul:1;SOV1|5|Jun:1;SOV1|5|Mar:1;SOV1|5|May:1;SOV1|5|Nov:1;SOV1|5|Oct:1;SOV1|5|Sep:1;SOV2|5|Jan:1,17;39;236;291;299,8e1f6eec5f28b6aa,200,1-500,501-1500
16,7,31915598.251689248,9873900.0,22041698.251691654,7158750.0,1811250.0,903900.0,21286669.83903436,462435.7145332735,292592.698121642,,125.81210762541741,26.55880897026509,14.020243836566806,0.005715826526284218,76.91454696655273,1,2,7,0.03999882566710661,1,3,4,7,0.03999882566710661,1,"{""eta"":[{""iter"":1,""solved"":7,""failed"":0,""gap_p90"":0,""cache_hr"":0,""fixed"":2,""unan"":true,""key"":null}],""gamma_LT"":[{""iter"":1,""solved"":7,""failed"":0,""gap_p90"":0,""cache_hr"":100,""fixed"":1,""unan"":false,""key"":""('gamma_LT', ('CTV',""},{""iter"":2,""solved"":7,""failed"":0,""gap_p90"":0,""cache_hr"":71,""fixed"":1,""unan"":false,""key"":""('gamma_LT', ('SOV',""},{""iter"":3,""solved"":7,""failed"":0,""gap_p90"":0,""cache_hr"":57,""fixed"":2,""unan"":true,""key"":null}]}",0.019435014124059628,True,2,OPTIMAL,solution_within_gap,False,,5:1,CTV|5:2,CTV|5|Apr:2;CTV|5|Dec:1;CTV|5|Feb:1;CTV|5|Jan:1;CTV|5|Jul:1;CTV|5|Jun:2;CTV|5|Mar:1;CTV|5|May:2;SOV|5|Aug:1;SOV|5|Dec:1;SOV|5|Feb:1;SOV|5|Jan:1;SOV|5|Mar:1;SOV|5|Nov:2;SOV|5|Oct:1;SOV|5|Sep:1,SOV1|5|Aug:1;SOV1|5|Dec:1;SOV1|5|Feb:1;SOV1|5|Jan:1;SOV1|5|Mar:1;SOV1|5|Nov:1;SOV1|5|Oct:1;SOV1|5|Sep:1;SOV2|5|Nov:1,61;99;139;309;355;471;491,8e1f6eec5f28b6aa,200,1-500,501-1500
16,10,31224794.2394718,11879500.0,19345294.239475854,2070000.0,9056250.0,753250.0,18736540.417192757,201916.0808527599,406837.74142640596,,235.64519780222327,30.70991267543286,22.83733114693314,0.00813461747020483,171.01339197158813,1,2,10,0.03790057195272363,1,3,4,10,0.0399030758801583,1,"{""eta"":[{""iter"":1,""solved"":10,""failed"":0,""gap_p90"":0,""cache_hr"":0,""fixed"":2,""unan"":true,""key"":null}],""gamma_LT"":[{""iter"":1,""solved"":10,""failed"":0,""gap_p90"":0,""cache_hr"":100,""fixed"":1,""unan"":false,""key"":""('gamma_LT', ('CTV',""},{""iter"":2,""solved"":10,""failed"":0,""gap_p90"":0,""cache_hr"":70,""fixed"":1,""unan"":false,""key"":""('gamma_LT', ('SOV',""},{""iter"":3,""solved"":10,""failed"":0,""gap_p90"":0,""cache_hr"":60,""fixed"":2,""unan"":true,""key"":null}]}",0.004694979341084826,True,2,OPTIMAL,solution_within_gap,False,,5:1,CTV|5:2;SOV|5:1,SOV|5|Dec:1;SOV|5|Feb:1;SOV|5|Jan:1,SOV1|5|Apr:1;SOV1|5|Aug:1;SOV1|5|Dec:1;SOV1|5|Feb:1;SOV1|5|Jan:1;SOV1|5|Jul:1;SOV1|5|Jun:1;SOV1|5|Mar:1;SOV1|5|May:1;SOV1|5|Nov:1;SOV1|5|Oct:1;SOV1|5|Sep:1;SOV2|5|Dec:1;SOV2|5|Feb:1;SOV2|5|Jan:1,60;177;266;281;359;393;400;478;484;487,8e1f6eec5f28b6aa,200,1-500,501-1500
16,15,29076822.70685198,9055100.0,20021722.70684531,6641250.0,1811250.0,602600.0,19300229.02755757,404499.67540756025,316994.0038868702,,975.7663205014542,28.320113878697157,21.584820204414427,0.01251960452646017,910.8399169445038,1,2,15,0.0398188409082451,1,3,4,15,0.03999783909510265,1,"{""eta"":[{""iter"":1,""solved"":15,""failed"":0,""gap_p90"":0,""cache_hr"":0,""fixed"":2,""unan"":true,""key"":null}],""gamma_LT"":[{""iter"":1,""solved"":15,""failed"":0,""gap_p90"":0,""cache_hr"":100,""fixed"":1,""unan"":false,""key"":""('gamma_LT', ('CTV',""},{""iter"":2,""solved"":15,""failed"":0,""gap_p90"":0,""cache_hr"":67,""fixed"":1,""unan"":false,""key"":""('gamma_LT', ('SOV',""},{""iter"":3,""solved"":15,""failed"":0,""gap_p90"":0,""cache_hr"":27,""fixed"":2,""unan"":true,""key"":null}]}",0.0011312251122311647,True,2,OPTIMAL,solution_within_gap,False,,5:1,CTV|5:2,CTV|5|Aug:1;CTV|5|Dec:1;CTV|5|Jan:1;CTV|5|Jul:1;CTV|5|Jun:1;SOV|5|Apr:1;SOV|5|Dec:1;SOV|5|Feb:1;SOV|5|Jan:1;SOV|5|Mar:1;SOV|5|May:1;SOV|5|Nov:1;SOV|5|Oct:1;SOV|5|Sep:1,SOV1|5|Apr:1;SOV1|5|Dec:1;SOV1|5|Feb:1;SOV1|5|Jan:1;SOV1|5|Mar:1;SOV1|5|May:1;SOV1|5|Nov:1;SOV1|5|Oct:1;SOV1|5|Sep:1,66;95;111;116;138;181;206;290;315;346;383;388;449;455;480,8e1f6eec5f28b6aa,200,1-500,501-1500
16,20,28584483.384616554,9055100.0,19529383.384609755,6641250.0,1811250.0,602600.0,18791052.92000496,409113.3614454266,329217.10316609655,,1454.2520497459918,34.92947676125914,22.431352344341576,0.014259572140872478,1379.5595378875732,1,2,20,0.03972126166619745,1,3,4,20,0.039973250335418986,1,"{""eta"":[{""iter"":1,""solved"":20,""failed"":0,""gap_p90"":0,""cache_hr"":0,""fixed"":2,""unan"":true,""key"":null}],""gamma_LT"":[{""iter"":1,""solved"":20,""failed"":0,""gap_p90"":0,""cache_hr"":100,""fixed"":1,""unan"":false,""key"":""('gamma_LT', ('CTV',""},{""iter"":2,""solved"":20,""failed"":0,""gap_p90"":0,""cache_hr"":80,""fixed"":1,""unan"":false,""key"":""('gamma_LT', ('SOV',""},{""iter"":3,""solved"":20,""failed"":0,""gap_p90"":0,""cache_hr"":50,""fixed"":2,""unan"":true,""key"":null}]}",0.000221034941476207,True,2,OPTIMAL,solution_within_gap,False,,5:1,CTV|5:2,CTV|5|Dec:1;CTV|5|Jan:1;CTV|5|Jul:1;CTV|5|Jun:1;CTV|5|May:1;SOV|5|Apr:1;SOV|5|Aug:1;SOV|5|Dec:1;SOV|5|Feb:1;SOV|5|Jan:1;SOV|5|Mar:1;SOV|5|Nov:1;SOV|5|Oct:1;SOV|5|Sep:1,SOV1|5|Apr:1;SOV1|5|Aug:1;SOV1|5|Dec:1;SOV1|5|Feb:1;SOV1|5|Jan:1;SOV1|5|Mar:1;SOV1|5|Nov:1;SOV1|5|Oct:1;SOV1|5|Sep:1,4;6;9;11;44;46;110;123;189;232;240;241;301;309;323;356;385;389;421;485,8e1f6eec5f28b6aa,200,1-500,501-1500
17,1,38610998.4118967,11512075.0,27098923.411896836,2156250.0,8150625.0,1205200.0,26408289.73132157,215375.58517533768,475258.0953998047,,22.406747204251587,17.095114711672068,0.0003296155482530594,0.0010052379220724106,2.017725944519043,1,2,1,0.038151474692021736,1,1,4,1,0.038151474692021736,1,"{""eta"":[{""iter"":1,""solved"":1,""failed"":0,""gap_p90"":0,""cache_hr"":0,""fixed"":2,""unan"":true,""key"":null}],""gamma_LT"":[{""iter"":1,""solved"":1,""failed"":0,""gap_p90"":0,""cache_hr"":100,""fixed"":4,""unan"":true,""key"":null}]}",0.018788594089140326,True,2,OPTIMAL,solution_within_gap,False,,5:1,CTV|5:1;SOV|5:1,CTV|5|Apr:1;CTV|5|Dec:1;CTV|5|Feb:2;CTV|5|Jan:2;CTV|5|Mar:1;CTV|5|May:1;CTV|5|Sep:1;SOV|5|Jan:1;SOV|5|Oct:1,SOV1|5|Apr:1;SOV1|5|Aug:1;SOV1|5|Dec:1;SOV1|5|Feb:1;SOV1|5|Jan:1;SOV1|5|Jul:1;SOV1|5|Jun:1;SOV1|5|Mar:1;SOV1|5|May:1;SOV1|5|Nov:1;SOV1|5|Oct:1;SOV1|5|Sep:1;SOV2|5|Jan:1;SOV2|5|Oct:1,220,8e1f6eec5f28b6aa,200,1-500,501-1500
17,3,27635981.669334173,8074150.0,19561831.669333894,4830000.0,2716875.0,527275.0,18798445.679803822,508473.6181946983,254912.37133565117,,32.532166143879294,16.965885053388774,0.0004075001925230026,0.0025051599368453026,10.820509910583496,1,2,3,0.03943998649545004,1,1,4,3,0.03943998649545004,1,"{""eta"":[{""iter"":1,""solved"":3,""failed"":0,""gap_p90"":0,""cache_hr"":0,""fixed"":2,""unan"":true,""key"":null}],""gamma_LT"":[{""iter"":1,""solved"":3,""failed"":0,""gap_p90"":0,""cache_hr"":100,""fixed"":4,""unan"":true,""key"":null}]}",0.0011984459133707844,True,2,OPTIMAL,solution_within_gap,False,,5:1,CTV|5:3,SOV|5|Dec:1;SOV|5|Feb:1;SOV|5|Jan:1;SOV|5|Mar:1;SOV|5|Nov:1;SOV|5|Oct:1;SOV|5|Sep:1,SOV1|5|Dec:1;SOV1|5|Feb:1;SOV1|5|Jan:1;SOV1|5|Mar:1;SOV1|5|Nov:1;SOV1|5|Oct:1;SOV1|5|Sep:1,36;356;491,8e1f6eec5f28b6aa,200,1-500,501-1500
17,5,27908115.806354985,8020100.0,19888015.806353465,5606250.0,1811250.0,602600.0,19123847.462517545,516671.80099009554,247496.5428473059,,83.52075554803014,22.915828209370375,17.502614129334688,0.004109681583940983,36.9361310005188,1,2,5,0.03999884392661479,1,3,4,5,0.03999884392661479,1,"{""eta"":[{""iter"":1,""solved"":5,""failed"":0,""gap_p90"":0,""cache_hr"":0,""fixed"":2,""unan"":true,""key"":null}],""gamma_LT"":[{""iter"":1,""solved"":5,""failed"":0,""gap_p90"":0,""cache_hr"":100,""fixed"":1,""unan"":false,""key"":""('gamma_LT', ('CTV',""},{""iter"":2,""solved"":5,""failed"":0,""gap_p90"":0,""cache_hr"":80,""fixed"":1,""unan"":false,""key"":""('gamma_LT', ('SOV',""},{""iter"":3,""solved"":5,""failed"":0,""gap_p90"":0,""cache_hr"":20,""fixed"":2,""unan"":true,""key"":null}]}",0.004237035246818418,True,2,OPTIMAL,solution_within_gap,False,,5:1,CTV|5:2,CTV|5|Apr:1;CTV|5|Aug:1;CTV|5|Feb:1;CTV|5|Jan:2;CTV|5|Jul:1;CTV|5|Jun:1;CTV|5|Mar:1;CTV|5|May:1;SOV|5|Dec:1;SOV|5|Feb:1;SOV|5|Jan:1;SOV|5|Mar:1;SOV|5|Nov:1;SOV|5|Oct:1;SOV|5|Sep:1,SOV1|5|Dec:1;SOV1|5|Feb:1;SOV1|5|Jan:1;SOV1|5|Mar:1;SOV1|5|Nov:1;SOV1|5|Oct:1;SOV1|5|Sep:1,2;22;109;308;346,8e1f6eec5f28b6aa,200,1-500,501-1500
17,7,30045280.950700745,9992925.0,20052355.950702902,7503750.0,1811250.0,677925.0,19349707.863416683,351611.5753056296,351036.5119784709,,126.58700802829117,24.855682015419006,14.590149286203086,0.006270864978432655,78.72683191299438,1,2,7,0.039831026539044856,1,3,4,7,0.039998781231453305,1,"{""eta"":[{""iter"":1,""solved"":7,""failed"":0,""gap_p90"":0,""cache_hr"":0,""fixed"":2,""unan"":true,""key"":null}],""gamma_LT"":[{""iter"":1,""solved"":7,""failed"":0,""gap_p90"":0,""cache_hr"":100,""fixed"":1,""unan"":false,""key"":""('gamma_LT', ('CTV',""},{""iter"":2,""solved"":7,""failed"":0,""gap_p90"":0,""cache_hr"":86,""fixed"":1,""unan"":false,""key"":""('gamma_LT', ('SOV',""},{""iter"":3,""solved"":7,""failed"":0,""gap_p90"":0,""cache_hr"":43,""fixed"":2,""unan"":true,""key"":null}]}",0.0198456858356537,True,2,OPTIMAL,solution_within_gap,False,,5:1,CTV|5:2,CTV|5|Dec:2;CTV|5|Feb:1;CTV|5|Jan:2;CTV|5|Jun:1;CTV|5|May:1;SOV|5|Apr:1;SOV|5|Aug:1;SOV|5|Dec:1;SOV|5|Feb:1;SOV|5|Jan:1;SOV|5|Jul:1;SOV|5|Mar:1;SOV|5|Nov:1;SOV|5|Oct:1;SOV|5|Sep:1,SOV1|5|Apr:1;SOV1|5|Aug:1;SOV1|5|Dec:1;SOV1|5|Feb:1;SOV1|5|Jan:1;SOV1|5|Jul:1;SOV1|5|Mar:1;SOV1|5|Nov:1;SOV1|5|Oct:1;SOV1|5|Sep:1,16;34;259;335;369;392;421,8e1f6eec5f28b6aa,200,1-500,501-1500
17,10,29732662.86684866,8807275.0,20925387.86685314,6468750.0,1811250.0,527275.0,20197605.798377715,400444.8489975065,327337.21947329666,,270.8143919054419,29.40519681945443,19.57518868893385,0.008043959736824036,211.03993797302246,1,2,10,0.038622325534581996,1,3,4,10,0.03998508949321917,1,"{""eta"":[{""iter"":1,""solved"":10,""failed"":0,""gap_p90"":0,""cache_hr"":0,""fixed"":2,""unan"":true,""key"":null}],""gamma_LT"":[{""iter"":1,""solved"":10,""failed"":0,""gap_p90"":0,""cache_hr"":100,""fixed"":1,""unan"":false,""key"":""('gamma_LT', ('CTV',""},{""iter"":2,""solved"":10,""failed"":0,""gap_p90"":0,""cache_hr"":80,""fixed"":1,""unan"":false,""key"":""('gamma_LT', ('SOV',""},{""iter"":3,""solved"":10,""failed"":0,""gap_p90"":0,""cache_hr"":50,""fixed"":2,""unan"":true,""key"":null}]}",0.016443721702205275,True,2,OPTIMAL,solution_within_gap,False,,5:1,CTV|5:2,CTV|5|Jul:1;CTV|5|Jun:1;CTV|5|May:1;SOV|5|Apr:1;SOV|5|Aug:1;SOV|5|Dec:1;SOV|5|Feb:1;SOV|5|Jan:1;SOV|5|Mar:1;SOV|5|Nov:1;SOV|5|Oct:1;SOV|5|Sep:1,SOV1|5|Apr:1;SOV1|5|Aug:1;SOV1|5|Dec:1;SOV1|5|Feb:1;SOV1|5|Jan:1;SOV1|5|Mar:1;SOV1|5|Nov:1;SOV1|5|Oct:1;SOV1|5|Sep:1,68;234;242;266;314;328;362;369;390;439,8e1f6eec5f28b6aa,200,1-500,501-1500
17,15,26992850.70257829,9055100.0,17937750.702571664,6641250.0,1811250.0,602600.0,17218224.376081284,405562.92959649087,313963.39690055157,,411.74755904078484,29.83613387681544,23.595909831114113,0.011934049427509308,343.7157280445099,1,2,15,0.03972777905863996,1,3,4,15,0.03999792707095057,1,"{""eta"":[{""iter"":1,""solved"":15,""failed"":0,""gap_p90"":0,""cache_hr"":0,""fixed"":2,""unan"":true,""key"":null}],""gamma_LT"":[{""iter"":1,""solved"":15,""failed"":0,""gap_p90"":0,""cache_hr"":100,""fixed"":1,""unan"":false,""key"":""('gamma_LT', ('CTV',""},{""iter"":2,""solved"":15,""failed"":0,""gap_p90"":0,""cache_hr"":87,""fixed"":1,""unan"":false,""key"":""('gamma_LT', ('SOV',""},{""iter"":3,""solved"":15,""failed"":0,""gap_p90"":0,""cache_hr"":40,""fixed"":2,""unan"":true,""key"":null}]}",0.01514266266154693,True,2,OPTIMAL,solution_within_gap,False,,5:1,CTV|5:2,CTV|5|Dec:1;CTV|5|Jan:1;CTV|5|Jul:1;CTV|5|Jun:1;CTV|5|May:1;SOV|5|Apr:1;SOV|5|Aug:1;SOV|5|Dec:1;SOV|5|Feb:1;SOV|5|Jan:1;SOV|5|Mar:1;SOV|5|Nov:1;SOV|5|Oct:1;SOV|5|Sep:1,SOV1|5|Apr:1;SOV1|5|Aug:1;SOV1|5|Dec:1;SOV1|5|Feb:1;SOV1|5|Jan:1;SOV1|5|Mar:1;SOV1|5|Nov:1;SOV1|5|Oct:1;SOV1|5|Sep:1,36;78;86;119;136;146;149;198;263;295;323;352;437;477;483,8e1f6eec5f28b6aa,200,1-500,501-1500
17,20,27751732.626790743,9508200.0,18243532.6267842,0.0,9056250.0,451950.0,17593508.159792457,241393.7629060084,408630.7040922551,,851.5847593601793,30.48939965479076,21.940248136408627,0.01643312256783247,781.9343039989471,1,2,20,0.03971400812772323,1,3,4,20,0.03999706999067586,1,"{""eta"":[{""iter"":1,""solved"":20,""failed"":0,""gap_p90"":0,""cache_hr"":0,""fixed"":2,""unan"":true,""key"":null}],""gamma_LT"":[{""iter"":1,""solved"":20,""failed"":0,""gap_p90"":0,""cache_hr"":100,""fixed"":1,""unan"":false,""key"":""('gamma_LT', ('CTV',""},{""iter"":2,""solved"":20,""failed"":0,""gap_p90"":0,""cache_hr"":85,""fixed"":1,""unan"":false,""key"":""('gamma_LT', ('SOV',""},{""iter"":3,""solved"":20,""failed"":0,""gap_p90"":0,""cache_hr"":80,""fixed"":2,""unan"":true,""key"":null}]}",0.0004357266362861641,True,2,OPTIMAL,solution_within_gap,False,,5:1,CTV|5:2;SOV|5:1,,SOV1|5|Apr:1;SOV1|5|Aug:1;SOV1|5|Dec:1;SOV1|5|Feb:1;SOV1|5|Jan:1;SOV1|5|Jul:1;SOV1|5|Jun:1;SOV1|5|Mar:1;SOV1|5|May:1;SOV1|5|Nov:1;SOV1|5|Oct:1;SOV1|5|Sep:1,4;21;25;54;99;102;109;137;161;163;164;197;210;261;371;375;463;472;479;486,8e1f6eec5f28b6aa,200,1-500,501-1500
18,1,31669353.71109441,12288900.0,19380453.711094532,2328750.0,9056250.0,903900.0,18707880.747700047,199904.21736332672,472668.7460310439,,17.9005753910169,12.371805872768164,0.000334092415869236,0.0010091373696923256,1.7701759338378906,1,2,1,0.03703990573423205,1,1,4,1,0.03703990573423205,1,"{""eta"":[{""iter"":1,""solved"":1,""failed"":0,""gap_p90"":0,""cache_hr"":0,""fixed"":2,""unan"":true,""key"":null}],""gamma_LT"":[{""iter"":1,""solved"":1,""failed"":0,""gap_p90"":0,""cache_hr"":100,""fixed"":4,""unan"":true,""key"":null}]}",0.014053593479025413,True,2,OPTIMAL,solution_within_gap,False,,5:1,CTV|5:2;SOV|5:1,CTV|5|May:1;CTV|5|Oct:1;CTV|5|Sep:1;SOV|5|Dec:1;SOV|5|Feb:1;SOV|5|Jan:1,SOV1|5|Apr:1;SOV1|5|Aug:1;SOV1|5|Dec:1;SOV1|5|Feb:1;SOV1|5|Jan:1;SOV1|5|Jul:1;SOV1|5|Jun:1;SOV1|5|Mar:1;SOV1|5|May:1;SOV1|5|Nov:1;SOV1|5|Oct:1;SOV1|5|Sep:1;SOV2|5|Dec:1;SOV2|5|Feb:1;SOV2|5|Jan:1,376,8e1f6eec5f28b6aa,200,1-500,501-1500
18,3,26096084.439119533,9033825.0,17062259.43911958,431250.0,8150625.0,451950.0,16358395.239010481,218003.84322576702,485860.35688330943,,55.69712352473289,22.872932909987867,9.680670865811408,0.002764577977359295,17.999555826187134,1,2,3,0.03991594091320322,1,3,4,3,0.03996425252453987,1,"{""eta"":[{""iter"":1,""solved"":3,""failed"":0,""gap_p90"":0,""cache_hr"":0,""fixed"":2,""unan"":true,""key"":null}],""gamma_LT"":[{""iter"":1,""solved"":3,""failed"":0,""gap_p90"":0,""cache_hr"":100,""fixed"":1,""unan"":false,""key"":""('gamma_LT', ('CTV',""},{""iter"":2,""solved"":3,""failed"":0,""gap_p90"":0,""cache_hr"":67,""fixed"":1,""unan"":false,""key"":""('gamma_LT', ('SOV',""},{""iter"":3,""solved"":3,""failed"":0,""gap_p90"":0,""cache_hr"":67,""fixed"":2,""unan"":true,""key"":null}]}",0.0027029774545982927,True,2,OPTIMAL,solution_within_gap,False,,5:1,CTV|5:1;SOV|5:1,CTV|5|Dec:1;CTV|5|Feb:1;CTV|5|Jan:1;CTV|5|Nov:1;CTV|5|Oct:1,SOV1|5|Apr:1;SOV1|5|Aug:1;SOV1|5|Dec:1;SOV1|5|Feb:1;SOV1|5|Jan:1;SOV1|5|Jul:1;SOV1|5|Jun:1;SOV1|5|Mar:1;SOV1|5|May:1;SOV1|5|Nov:1;SOV1|5|Oct:1;SOV1|5|Sep:1,15;415;430,8e1f6eec5f28b6aa,200,1-500,501-1500
18,5,30179246.33568504,12127325.0,18051921.335683897,2242500.0,9056250.0,828575.0,17489134.78798945,202647.87280394,360138.67489165615,,77.73583842534572,29.096132113598287,16.72457496728748,0.0016100071370601654,25.66953992843628,1,2,5,0.03834758858130564,1,3,4,5,0.039941300829956956,1,"{""eta"":[{""iter"":1,""solved"":5,""failed"":0,""gap_p90"":0,""cache_hr"":0,""fixed"":2,""unan"":true,""key"":null}],""gamma_LT"":[{""iter"":1,""solved"":5,""failed"":0,""gap_p90"":0,""cache_hr"":100,""fixed"":1,""unan"":false,""key"":""('gamma_LT', ('CTV',""},{""iter"":2,""solved"":5,""failed"":0,""gap_p90"":0,""cache_hr"":80,""fixed"":1,""unan"":false,""key"":""('gamma_LT', ('SOV',""},{""iter"":3,""solved"":5,""failed"":0,""gap_p90"":0,""cache_hr"":60,""fixed"":2,""unan"":true,""key"":null}]}",0.015904175156285696,True,2,OPTIMAL,solution_within_gap,False,,5:1,CTV|5:2;SOV|5:1,CTV|5|Feb:1;CTV|5|Mar:1;SOV|5|Dec:1;SOV|5|Jan:1;SOV|5|Nov:1,SOV1|5|Apr:1;SOV1|5|Aug:1;SOV1|5|Dec:1;SOV1|5|Feb:1;SOV1|5|Jan:1;SOV1|5|Jul:1;SOV1|5|Jun:1;SOV1|5|Mar:1;SOV1|5|May:1;SOV1|5|Nov:1;SOV1|5|Oct:1;SOV1|5|Sep:1;SOV2|5|Dec:1;SOV2|5|Jan:1;SOV2|5|Nov:1,247;301;401;414;462,8e1f6eec5f28b6aa,200,1-500,501-1500
18,7,27869989.47861839,8968850.0,18901139.478620827,6555000.0,1811250.0,602600.0,18187420.97565483,388756.4993407977,324962.00362285244,,105.5103901149705,25.53926605079323,18.492076200433075,0.006264905445277691,53.87211799621582,1,2,7,0.039950540859344914,1,3,4,7,0.039998485464488795,1,"{""eta"":[{""iter"":1,""solved"":7,""failed"":0,""gap_p90"":0,""cache_hr"":0,""fixed"":2,""unan"":true,""key"":null}],""gamma_LT"":[{""iter"":1,""solved"":7,""failed"":0,""gap_p90"":0,""cache_hr"":100,""fixed"":1,""unan"":false,""key"":""('gamma_LT', ('CTV',""},{""iter"":2,""solved"":7,""failed"":0,""gap_p90"":0,""cache_hr"":57,""fixed"":1,""unan"":false,""key"":""('gamma_LT', ('SOV',""},{""iter"":3,""solved"":7,""failed"":0,""gap_p90"":0,""cache_hr"":43,""fixed"":2,""unan"":true,""key"":null}]}",0.014462345488717537,True,2,OPTIMAL,solution_within_gap,False,,5:1,CTV|5:2,CTV|5|Jan:1;CTV|5|Jul:1;CTV|5|Jun:1;CTV|5|May:1;SOV|5|Apr:1;SOV|5|Aug:1;SOV|5|Dec:1;SOV|5|Feb:1;SOV|5|Jan:1;SOV|5|Mar:1;SOV|5|Nov:1;SOV|5|Oct:1;SOV|5|Sep:1,SOV1|5|Apr:1;SOV1|5|Aug:1;SOV1|5|Dec:1;SOV1|5|Feb:1;SOV1|5|Jan:1;SOV1|5|Mar:1;SOV1|5|Nov:1;SOV1|5|Oct:1;SOV1|5|Sep:1,45;60;70;164;201;276;392,8e1f6eec5f28b6aa,200,1-500,501-1500
18,10,29536303.433516234,9205750.0,20330553.43352079,6641250.0,1811250.0,753250.0,19581619.061650798,462921.1139305809,286013.25793475576,,204.9361432287842,25.07510052714497,17.1029465328902,0.00804246123880148,152.77172994613647,1,2,10,0.039034639739450615,1,3,4,10,0.03988776339301274,1,"{""eta"":[{""iter"":1,""solved"":10,""failed"":0,""gap_p90"":0,""cache_hr"":0,""fixed"":2,""unan"":true,""key"":null}],""gamma_LT"":[{""iter"":1,""solved"":10,""failed"":0,""gap_p90"":0,""cache_hr"":100,""fixed"":1,""unan"":false,""key"":""('gamma_LT', ('CTV',""},{""iter"":2,""solved"":10,""failed"":0,""gap_p90"":0,""cache_hr"":70,""fixed"":1,""unan"":false,""key"":""('gamma_LT', ('SOV',""},{""iter"":3,""solved"":10,""failed"":0,""gap_p90"":0,""cache_hr"":50,""fixed"":2,""unan"":true,""key"":null}]}",0.019323200611975608,True,2,OPTIMAL,solution_within_gap,False,,5:1,CTV|5:2,CTV|5|Apr:1;CTV|5|Dec:2;CTV|5|Jan:2;CTV|5|Jul:2;CTV|5|Jun:2;CTV|5|Mar:1;CTV|5|May:1;CTV|5|Nov:1;CTV|5|Oct:1;SOV|5|Aug:1;SOV|5|Dec:1;SOV|5|Feb:1;SOV|5|Jan:1;SOV|5|Mar:1;SOV|5|Nov:1;SOV|5|Oct:1;SOV|5|Sep:1,SOV1|5|Aug:1;SOV1|5|Dec:1;SOV1|5|Feb:1;SOV1|5|Jan:1;SOV1|5|Mar:1;SOV1|5|Nov:1;SOV1|5|Oct:1;SOV1|5|Sep:1,110;117;162;165;174;214;302;344;369;420,8e1f6eec5f28b6aa,200,1-500,501-1500
18,15,28847474.11047049,11189500.0,17657974.110464912,1380000.0,9056250.0,753250.0,17030553.88726849,216396.0422721022,411024.1809296857,,434.83079154323786,29.62557591870427,23.360091941431165,0.012433317489922047,366.74198484420776,1,2,15,0.03997518215448598,1,3,4,15,0.03997518215448598,1,"{""eta"":[{""iter"":1,""solved"":15,""failed"":0,""gap_p90"":0,""cache_hr"":0,""fixed"":2,""unan"":true,""key"":null}],""gamma_LT"":[{""iter"":1,""solved"":15,""failed"":0,""gap_p90"":0,""cache_hr"":100,""fixed"":1,""unan"":false,""key"":""('gamma_LT', ('SOV',""},{""iter"":2,""solved"":15,""failed"":0,""gap_p90"":0,""cache_hr"":80,""fixed"":1,""unan"":false,""key"":""('gamma_LT', ('CTV',""},{""iter"":3,""solved"":15,""failed"":0,""gap_p90"":0,""cache_hr"":80,""fixed"":2,""unan"":true,""key"":null}]}",0.015907088286953364,True,2,OPTIMAL,solution_within_gap,False,,5:1,CTV|5:2;SOV|5:1,SOV|5|Dec:1;SOV|5|Jan:1,SOV1|5|Apr:1;SOV1|5|Aug:1;SOV1|5|Dec:1;SOV1|5|Feb:1;SOV1|5|Jan:1;SOV1|5|Jul:1;SOV1|5|Jun:1;SOV1|5|Mar:1;SOV1|5|May:1;SOV1|5|Nov:1;SOV1|5|Oct:1;SOV1|5|Sep:1;SOV2|5|Dec:1;SOV2|5|Jan:1,43;103;122;146;175;183;184;255;257;259;266;288;290;411;438,8e1f6eec5f28b6aa,200,1-500,501-1500
18,20,28553899.51368316,10187275.0,18366624.51367697,603750.0,9056250.0,527275.0,17706816.163270596,259407.02304174344,400401.32737095153,,440.08249228354543,30.64945888798684,20.24025505501777,0.016497411765158176,372.01509284973145,1,2,20,0.039864982938767626,1,3,4,20,0.03991594091320322,1,"{""eta"":[{""iter"":1,""solved"":20,""failed"":0,""gap_p90"":0,""cache_hr"":0,""fixed"":2,""unan"":true,""key"":null}],""gamma_LT"":[{""iter"":1,""solved"":20,""failed"":0,""gap_p90"":0,""cache_hr"":100,""fixed"":1,""unan"":false,""key"":""('gamma_LT', ('CTV',""},{""iter"":2,""solved"":20,""failed"":0,""gap_p90"":0,""cache_hr"":80,""fixed"":1,""unan"":false,""key"":""('gamma_LT', ('SOV',""},{""iter"":3,""solved"":20,""failed"":0,""gap_p90"":0,""cache_hr"":80,""fixed"":2,""unan"":true,""key"":null}]}",0.01923702672341193,True,2,OPTIMAL,solution_within_gap,False,,5:1,CTV|5:2;SOV|5:1,CTV|5|Aug:1;CTV|5|Dec:1;CTV|5|Jan:1;CTV|5|Jul:1;CTV|5|Nov:1;CTV|5|Oct:1;CTV|5|Sep:1,SOV1|5|Apr:1;SOV1|5|Aug:1;SOV1|5|Dec:1;SOV1|5|Feb:1;SOV1|5|Jan:1;SOV1|5|Jul:1;SOV1|5|Jun:1;SOV1|5|Mar:1;SOV1|5|May:1;SOV1|5|Nov:1;SOV1|5|Oct:1;SOV1|5|Sep:1,1;12;15;17;19;25;35;57;88;216;295;304;325;353;362;376;404;451;477;492,8e1f6eec5f28b6aa,200,1-500,501-1500
19,1,25356209.570432775,8074150.0,17282059.57043292,4830000.0,2716875.0,527275.0,16563028.413265176,487631.29074994725,231399.86641764067,,23.023919484578073,17.87640074081719,0.0003341697156429291,0.0010302243754267693,1.5112850666046143,1,2,1,0.03996619521656242,1,1,4,1,0.03996619521656242,1,"{""eta"":[{""iter"":1,""solved"":1,""failed"":0,""gap_p90"":0,""cache_hr"":0,""fixed"":2,""unan"":true,""key"":null}],""gamma_LT"":[{""iter"":1,""solved"":1,""failed"":0,""gap_p90"":0,""cache_hr"":100,""fixed"":4,""unan"":true,""key"":null}]}",0.0015698780288883616,True,2,OPTIMAL,solution_within_gap,False,,5:1,CTV|5:3,SOV|5|Dec:1;SOV|5|Feb:1;SOV|5|Jan:1;SOV|5|Mar:1;SOV|5|Nov:1;SOV|5|Oct:1;SOV|5|Sep:1,SOV1|5|Dec:1;SOV1|5|Feb:1;SOV1|5|Jan:1;SOV1|5|Mar:1;SOV1|5|Nov:1;SOV1|5|Oct:1;SOV1|5|Sep:1,371,8e1f6eec5f28b6aa,200,1-500,501-1500
19,3,28470769.81443492,10499500.0,17971269.81443489,690000.0,9056250.0,753250.0,17259328.447468724,277390.32734213234,434551.0396240807,,49.84121183864772,27.567269444465637,7.218454342335463,0.0026808474212884903,10.385776042938232,1,2,3,0.03982269578674012,1,2,4,3,0.039987439326340336,1,"{""eta"":[{""iter"":1,""solved"":3,""failed"":0,""gap_p90"":0,""cache_hr"":0,""fixed"":2,""unan"":true,""key"":null}],""gamma_LT"":[{""iter"":1,""solved"":3,""failed"":0,""gap_p90"":0,""cache_hr"":100,""fixed"":1,""unan"":false,""key"":""('gamma_LT', ('SOV',""},{""iter"":2,""solved"":3,""failed"":0,""gap_p90"":0,""cache_hr"":33,""fixed"":3,""unan"":true,""key"":null}]}",0.011222218913539722,True,2,OPTIMAL,solution_within_gap,False,,5:1,CTV|5:2;SOV|5:1,SOV|5|Jan:1,SOV1|5|Apr:1;SOV1|5|Aug:1;SOV1|5|Dec:1;SOV1|5|Feb:1;SOV1|5|Jan:1;SOV1|5|Jul:1;SOV1|5|Jun:1;SOV1|5|Mar:1;SOV1|5|May:1;SOV1|5|Nov:1;SOV1|5|Oct:1;SOV1|5|Sep:1;SOV2|5|Jan:1,29;72;340,8e1f6eec5f28b6aa,200,1-500,501-1500
19,5,29841918.82174324,9831350.0,20010568.821741838,172500.0,9056250.0,602600.0,19358708.443255883,259606.94201229446,392253.43647496996,,69.00407741591334,26.859286852180958,13.412146784365177,0.004462475888431072,22.16729497909546,1,2,5,0.03930581149185813,1,2,4,5,0.0396479113426213,1,"{""eta"":[{""iter"":1,""solved"":5,""failed"":0,""gap_p90"":0,""cache_hr"":0,""fixed"":2,""unan"":true,""key"":null}],""gamma_LT"":[{""iter"":1,""solved"":5,""failed"":0,""gap_p90"":0,""cache_hr"":100,""fixed"":1,""unan"":false,""key"":""('gamma_LT', ('SOV',""},{""iter"":2,""solved"":5,""failed"":0,""gap_p90"":0,""cache_hr"":80,""fixed"":3,""unan"":true,""key"":null}]}",0.018495411085484213,True,2,OPTIMAL,solution_within_gap,False,,5:1,CTV|5:2;SOV|5:1,CTV|5|Apr:1;CTV|5|Jan:1,SOV1|5|Apr:1;SOV1|5|Aug:1;SOV1|5|Dec:1;SOV1|5|Feb:1;SOV1|5|Jan:1;SOV1|5|Jul:1;SOV1|5|Jun:1;SOV1|5|Mar:1;SOV1|5|May:1;SOV1|5|Nov:1;SOV1|5|Oct:1;SOV1|5|Sep:1,135;243;308;326;464,8e1f6eec5f28b6aa,200,1-500,501-1500
19,7,28145751.860525154,10531700.0,17614051.860527176,1552500.0,8150625.0,828575.0,16971182.659201354,221854.81450498343,421014.3868189848,,157.6653137523681,27.172822683118284,17.76574032753706,0.006230928003787994,105.14228820800781,1,2,7,0.03994014438287992,1,3,4,7,0.03999599337636206,1,"{""eta"":[{""iter"":1,""solved"":7,""failed"":0,""gap_p90"":0,""cache_hr"":0,""fixed"":2,""unan"":true,""key"":null}],""gamma_LT"":[{""iter"":1,""solved"":7,""failed"":0,""gap_p90"":0,""cache_hr"":100,""fixed"":1,""unan"":false,""key"":""('gamma_LT', ('SOV',""},{""iter"":2,""solved"":7,""failed"":0,""gap_p90"":0,""cache_hr"":71,""fixed"":1,""unan"":false,""key"":""('gamma_LT', ('CTV',""},{""iter"":3,""solved"":7,""failed"":0,""gap_p90"":0,""cache_hr"":29,""fixed"":2,""unan"":true,""key"":null}]}",0.005033305247044471,True,2,OPTIMAL,solution_within_gap,False,,5:1,CTV|5:1;SOV|5:1,CTV|5|Apr:1;CTV|5|Dec:2;CTV|5|Feb:1;CTV|5|Jan:2;CTV|5|Mar:1;CTV|5|Nov:1;CTV|5|Oct:1;CTV|5|Sep:1;SOV|5|Nov:1,SOV1|5|Apr:1;SOV1|5|Aug:1;SOV1|5|Dec:1;SOV1|5|Feb:1;SOV1|5|Jan:1;SOV1|5|Jul:1;SOV1|5|Jun:1;SOV1|5|Mar:1;SOV1|5|May:1;SOV1|5|Nov:1;SOV1|5|Oct:1;SOV1|5|Sep:1;SOV2|5|Nov:1,223;344;356;391;406;428;486,8e1f6eec5f28b6aa,200,1-500,501-1500
19,10,27657470.697797343,9508200.0,18149270.697801907,0.0,9056250.0,451950.0,17489848.87556845,231751.01430600337,427670.80792296864,,258.6160068893805,29.905663621611893,20.211828988976777,0.008699540980160236,197.55308198928833,1,2,10,0.039413210062285944,1,3,4,10,0.03982362187278246,1,"{""eta"":[{""iter"":1,""solved"":10,""failed"":0,""gap_p90"":0,""cache_hr"":0,""fixed"":2,""unan"":true,""key"":null}],""gamma_LT"":[{""iter"":1,""solved"":10,""failed"":0,""gap_p90"":0,""cache_hr"":100,""fixed"":1,""unan"":false,""key"":""('gamma_LT', ('CTV',""},{""iter"":2,""solved"":10,""failed"":0,""gap_p90"":0,""cache_hr"":60,""fixed"":1,""unan"":false,""key"":""('gamma_LT', ('SOV',""},{""iter"":3,""solved"":10,""failed"":0,""gap_p90"":0,""cache_hr"":60,""fixed"":2,""unan"":true,""key"":null}]}",0.0019863233293094416,True,2,OPTIMAL,solution_within_gap,False,,5:1,CTV|5:2;SOV|5:1,,SOV1|5|Apr:1;SOV1|5|Aug:1;SOV1|5|Dec:1;SOV1|5|Feb:1;SOV1|5|Jan:1;SOV1|5|Jul:1;SOV1|5|Jun:1;SOV1|5|Mar:1;SOV1|5|May:1;SOV1|5|Nov:1;SOV1|5|Oct:1;SOV1|5|Sep:1,27;72;81;84;124;220;248;380;396;420,8e1f6eec5f28b6aa,200,1-500,501-1500
19,15,29201307.680763137,8677325.0,20523982.680756062,6037500.0,1811250.0,828575.0,19719536.91668833,530753.1835856809,273692.58048913814,,454.98490507435054,30.974658117629588,21.034914297051728,0.011883072555065155,388.460244178772,1,2,15,0.03932727640035316,1,3,4,15,0.039991722345002825,1,"{""eta"":[{""iter"":1,""solved"":15,""failed"":0,""gap_p90"":0,""cache_hr"":0,""fixed"":2,""unan"":true,""key"":null}],""gamma_LT"":[{""iter"":1,""solved"":15,""failed"":0,""gap_p90"":0,""cache_hr"":100,""fixed"":1,""unan"":false,""key"":""('gamma_LT', ('CTV',""},{""iter"":2,""solved"":15,""failed"":0,""gap_p90"":0,""cache_hr"":60,""fixed"":1,""unan"":false,""key"":""('gamma_LT', ('SOV',""},{""iter"":3,""solved"":15,""failed"":0,""gap_p90"":0,""cache_hr"":47,""fixed"":2,""unan"":true,""key"":null}]}",0.01998735609408167,True,2,OPTIMAL,solution_within_gap,False,,5:1,CTV|5:2,CTV|5|Apr:1;CTV|5|Aug:2;CTV|5|Dec:3;CTV|5|Jan:2;CTV|5|Jul:2;CTV|5|Jun:2;CTV|5|May:2;SOV|5|Dec:1;SOV|5|Feb:1;SOV|5|Jan:1;SOV|5|Mar:1;SOV|5|Nov:1;SOV|5|Oct:1;SOV|5|Sep:1,SOV1|5|Dec:1;SOV1|5|Feb:1;SOV1|5|Jan:1;SOV1|5|Mar:1;SOV1|5|Nov:1;SOV1|5|Oct:1;SOV1|5|Sep:1,75;125;149;164;165;179;193;225;250;319;425;446;468;473;485,8e1f6eec5f28b6aa,200,1-500,501-1500
19,20,29234965.56749779,8807275.0,20427690.567490954,6468750.0,1811250.0,527275.0,19698749.186899383,401057.2908255879,327884.0897727583,,1418.7507222518325,30.363534091040492,26.322726966813207,0.01612137258052826,1343.5030908584595,1,2,20,0.03999669923066909,1,3,4,20,0.03999669923066909,1,"{""eta"":[{""iter"":1,""solved"":20,""failed"":0,""gap_p90"":0,""cache_hr"":0,""fixed"":2,""unan"":true,""key"":null}],""gamma_LT"":[{""iter"":1,""solved"":20,""failed"":0,""gap_p90"":0,""cache_hr"":100,""fixed"":1,""unan"":false,""key"":""('gamma_LT', ('CTV',""},{""iter"":2,""solved"":20,""failed"":0,""gap_p90"":0,""cache_hr"":55,""fixed"":1,""unan"":false,""key"":""('gamma_LT', ('SOV',""},{""iter"":3,""solved"":20,""failed"":0,""gap_p90"":0,""cache_hr"":45,""fixed"":2,""unan"":true,""key"":null}]}",0.00048813350392012413,True,2,OPTIMAL,solution_within_gap,False,,5:1,CTV|5:2,CTV|5|Jul:1;CTV|5|Jun:1;CTV|5|May:1;SOV|5|Apr:1;SOV|5|Aug:1;SOV|5|Dec:1;SOV|5|Feb:1;SOV|5|Jan:1;SOV|5|Mar:1;SOV|5|Nov:1;SOV|5|Oct:1;SOV|5|Sep:1,SOV1|5|Apr:1;SOV1|5|Aug:1;SOV1|5|Dec:1;SOV1|5|Feb:1;SOV1|5|Jan:1;SOV1|5|Mar:1;SOV1|5|Nov:1;SOV1|5|Oct:1;SOV1|5|Sep:1,2;18;43;88;127;130;170;257;273;275;283;287;343;347;357;408;414;451;484;496,8e1f6eec5f28b6aa,200,1-500,501-1500
20,1,30420031.302152246,10984225.0,19435806.302152343,948750.0,9056250.0,979225.0,18792707.946650695,233271.28367231134,409827.0718292311,,18.72291661053896,13.390710044652224,0.00031542591750621796,0.0010108835995197296,1.6043951511383057,1,2,1,0.037200964600686746,1,1,4,1,0.037200964600686746,1,"{""eta"":[{""iter"":1,""solved"":1,""failed"":0,""gap_p90"":0,""cache_hr"":0,""fixed"":2,""unan"":true,""key"":null}],""gamma_LT"":[{""iter"":1,""solved"":1,""failed"":0,""gap_p90"":0,""cache_hr"":100,""fixed"":4,""unan"":true,""key"":null}]}",0.002777176884528057,True,2,OPTIMAL,solution_within_gap,False,,5:1,CTV|5:2;SOV|5:1,CTV|5|Jan:2;CTV|5|Oct:1;SOV|5|Dec:1,SOV1|5|Apr:1;SOV1|5|Aug:1;SOV1|5|Dec:1;SOV1|5|Feb:1;SOV1|5|Jan:1;SOV1|5|Jul:1;SOV1|5|Jun:1;SOV1|5|Mar:1;SOV1|5|May:1;SOV1|5|Nov:1;SOV1|5|Oct:1;SOV1|5|Sep:1;SOV2|5|Dec:1,438,8e1f6eec5f28b6aa,200,1-500,501-1500
20,3,23936677.810466394,8160400.0,15776277.810466228,6727500.0,905625.0,527275.0,15031668.279074935,456467.26729572687,288142.26409574354,,63.07762447372079,24.076718349009752,18.225865217857063,0.0027760034427046776,15.661688804626465,1,2,3,0.03890508531743035,1,3,4,3,0.03999778789502051,1,"{""eta"":[{""iter"":1,""solved"":3,""failed"":0,""gap_p90"":0,""cache_hr"":0,""fixed"":2,""unan"":true,""key"":null}],""gamma_LT"":[{""iter"":1,""solved"":3,""failed"":0,""gap_p90"":0,""cache_hr"":100,""fixed"":1,""unan"":false,""key"":""('gamma_LT', ('CTV',""},{""iter"":2,""solved"":3,""failed"":0,""gap_p90"":0,""cache_hr"":33,""fixed"":1,""unan"":false,""key"":""('gamma_LT', ('SOV',""},{""iter"":3,""solved"":3,""failed"":0,""gap_p90"":0,""cache_hr"":67,""fixed"":2,""unan"":true,""key"":null}]}",0.010394889359718159,True,2,OPTIMAL,solution_within_gap,False,,5:1,CTV|5:1,CTV|5|Aug:2;CTV|5|Dec:1;CTV|5|Feb:1;CTV|5|Jan:1;CTV|5|Jul:2;CTV|5|Jun:2;CTV|5|May:2;CTV|5|Nov:1;CTV|5|Oct:1;CTV|5|Sep:1;SOV|5|Apr:1;SOV|5|Dec:1;SOV|5|Feb:1;SOV|5|Jan:1;SOV|5|Mar:1;SOV|5|Nov:1;SOV|5|Oct:1;SOV|5|Sep:1,SOV1|5|Apr:1;SOV1|5|Dec:1;SOV1|5|Feb:1;SOV1|5|Jan:1;SOV1|5|Mar:1;SOV1|5|Nov:1;SOV1|5|Oct:1;SOV1|5|Sep:1,337;402;422,8e1f6eec5f28b6aa,200,1-500,501-1500
20,5,28809161.993886974,9831350.0,18977811.99388557,172500.0,9056250.0,602600.0,18327099.875364758,251563.91400581627,399148.20451630815,,69.33244520798326,21.72952924761921,10.709060348570347,0.0028953710570931435,30.101948976516724,1,2,5,0.03985274868526895,1,2,4,5,0.03997646647971,1,"{""eta"":[{""iter"":1,""solved"":5,""failed"":0,""gap_p90"":0,""cache_hr"":0,""fixed"":2,""unan"":true,""key"":null}],""gamma_LT"":[{""iter"":1,""solved"":5,""failed"":0,""gap_p90"":0,""cache_hr"":100,""fixed"":1,""unan"":false,""key"":""('gamma_LT', ('SOV',""},{""iter"":2,""solved"":5,""failed"":0,""gap_p90"":0,""cache_hr"":80,""fixed"":3,""unan"":true,""key"":null}]}",0.007421056336865365,True,2,OPTIMAL,solution_within_gap,False,,5:1,CTV|5:2;SOV|5:1,CTV|5|Jan:2,SOV1|5|Apr:1;SOV1|5|Aug:1;SOV1|5|Dec:1;SOV1|5|Feb:1;SOV1|5|Jan:1;SOV1|5|Jul:1;SOV1|5|Jun:1;SOV1|5|Mar:1;SOV1|5|May:1;SOV1|5|Nov:1;SOV1|5|Oct:1;SOV1|5|Sep:1,123;201;210;342;445,8e1f6eec5f28b6aa,200,1-500,501-1500
20,7,27439696.343864325,8020100.0,19419596.343867097,5606250.0,1811250.0,602600.0,18633668.843761247,514185.59938369336,271741.90071947296,,113.51563626620919,24.76073876582086,23.715664719231427,0.0061798254027962685,57.36789798736572,1,2,7,0.039368015671356664,1,3,4,7,0.03999876014425808,1,"{""eta"":[{""iter"":1,""solved"":7,""failed"":0,""gap_p90"":0,""cache_hr"":0,""fixed"":2,""unan"":true,""key"":null}],""gamma_LT"":[{""iter"":1,""solved"":7,""failed"":0,""gap_p90"":0,""cache_hr"":100,""fixed"":1,""unan"":false,""key"":""('gamma_LT', ('CTV',""},{""iter"":2,""solved"":7,""failed"":0,""gap_p90"":0,""cache_hr"":71,""fixed"":1,""unan"":false,""key"":""('gamma_LT', ('SOV',""},{""iter"":3,""solved"":7,""failed"":0,""gap_p90"":0,""cache_hr"":43,""fixed"":2,""unan"":true,""key"":null}]}",0.018772153198151474,True,2,OPTIMAL,solution_within_gap,False,,5:1,CTV|5:2,CTV|5|Apr:1;CTV|5|Dec:1;CTV|5|Feb:1;CTV|5|Jan:1;CTV|5|Jul:1;CTV|5|Jun:1;CTV|5|Mar:1;CTV|5|May:2;SOV|5|Aug:1;SOV|5|Dec:1;SOV|5|Feb:1;SOV|5|Jan:1;SOV|5|Nov:1;SOV|5|Oct:1;SOV|5|Sep:1,SOV1|5|Aug:1;SOV1|5|Dec:1;SOV1|5|Feb:1;SOV1|5|Jan:1;SOV1|5|Nov:1;SOV1|5|Oct:1;SOV1|5|Sep:1,59;65;81;82;100;140;238,8e1f6eec5f28b6aa,200,1-500,501-1500
20,10,28097811.57030372,9508200.0,18589611.570308134,0.0,9056250.0,451950.0,17917517.147420947,253672.02642299232,418422.3964598888,,209.54908725991845,23.975738405250013,20.500820537097752,0.008494879119098186,154.2183380126953,1,2,10,0.03943998649545004,1,3,4,10,0.03998499734090526,1,"{""eta"":[{""iter"":1,""solved"":10,""failed"":0,""gap_p90"":0,""cache_hr"":0,""fixed"":2,""unan"":true,""key"":null}],""gamma_LT"":[{""iter"":1,""solved"":10,""failed"":0,""gap_p90"":0,""cache_hr"":100,""fixed"":1,""unan"":false,""key"":""('gamma_LT', ('CTV',""},{""iter"":2,""solved"":10,""failed"":0,""gap_p90"":0,""cache_hr"":60,""fixed"":1,""unan"":false,""key"":""('gamma_LT', ('SOV',""},{""iter"":3,""solved"":10,""failed"":0,""gap_p90"":0,""cache_hr"":50,""fixed"":2,""unan"":true,""key"":null}]}",0.009965779850635405,True,2,OPTIMAL,solution_within_gap,False,,5:1,CTV|5:2;SOV|5:1,,SOV1|5|Apr:1;SOV1|5|Aug:1;SOV1|5|Dec:1;SOV1|5|Feb:1;SOV1|5|Jan:1;SOV1|5|Jul:1;SOV1|5|Jun:1;SOV1|5|Mar:1;SOV1|5|May:1;SOV1|5|Nov:1;SOV1|5|Oct:1;SOV1|5|Sep:1,53;150;171;183;268;291;302;335;361;491,8e1f6eec5f28b6aa,200,1-500,501-1500
20,15,29421114.894643303,9756025.0,19665089.89463742,172500.0,9056250.0,527275.0,19010374.48764564,243970.46521846153,410744.94177903514,,686.1438182489946,39.01359979901463,20.457991685718298,0.012212703004479408,611.5831830501556,2,2,15,0.03999161036947614,1,3,4,15,0.03999161036947614,1,"{""eta"":[{""iter"":1,""solved"":15,""failed"":0,""gap_p90"":0,""cache_hr"":0,""fixed"":1,""unan"":false,""key"":""('eta', '5')""},{""iter"":2,""solved"":15,""failed"":0,""gap_p90"":0,""cache_hr"":93,""fixed"":1,""unan"":true,""key"":null}],""gamma_LT"":[{""iter"":1,""solved"":15,""failed"":0,""gap_p90"":0,""cache_hr"":100,""fixed"":1,""unan"":false,""key"":""('gamma_LT', ('CTV',""},{""iter"":2,""solved"":15,""failed"":0,""gap_p90"":0,""cache_hr"":80,""fixed"":1,""unan"":false,""key"":""('gamma_LT', ('SOV',""},{""iter"":3,""solved"":15,""failed"":0,""gap_p90"":0,""cache_hr"":67,""fixed"":2,""unan"":true,""key"":null}]}",0.0016094203541383474,True,2,OPTIMAL,solution_within_gap,False,,5:1,CTV|5:2;SOV|5:1,CTV|5|Dec:1;CTV|5|Jan:1,SOV1|5|Apr:1;SOV1|5|Aug:1;SOV1|5|Dec:1;SOV1|5|Feb:1;SOV1|5|Jan:1;SOV1|5|Jul:1;SOV1|5|Jun:1;SOV1|5|Mar:1;SOV1|5|May:1;SOV1|5|Nov:1;SOV1|5|Oct:1;SOV1|5|Sep:1,13;18;54;74;81;90;108;133;182;244;317;332;444;477;483,8e1f6eec5f28b6aa,200,1-500,501-1500
20,20,27208177.02364768,8623850.0,18584327.0236408,6210000.0,1811250.0,602600.0,17823721.087280404,461224.78671240853,299381.1496548196,,889.1883460283279,31.75645867921412,24.387147165834904,0.015541120432317257,813.6672968864441,1,2,20,0.03981126103187016,1,3,4,20,0.03999661551048734,1,"{""eta"":[{""iter"":1,""solved"":20,""failed"":0,""gap_p90"":0,""cache_hr"":0,""fixed"":2,""unan"":true,""key"":null}],""gamma_LT"":[{""iter"":1,""solved"":20,""failed"":0,""gap_p90"":0,""cache_hr"":100,""fixed"":1,""unan"":false,""key"":""('gamma_LT', ('CTV',""},{""iter"":2,""solved"":20,""failed"":0,""gap_p90"":0,""cache_hr"":70,""fixed"":1,""unan"":false,""key"":""('gamma_LT', ('SOV',""},{""iter"":3,""solved"":20,""failed"":0,""gap_p90"":0,""cache_hr"":35,""fixed"":2,""unan"":true,""key"":null}]}",0.019900584110779447,True,2,OPTIMAL,solution_within_gap,False,,5:1,CTV|5:2,CTV|5|Apr:2;CTV|5|Aug:1;CTV|5|Jul:1;CTV|5|Jun:1;CTV|5|Mar:1;CTV|5|May:2;SOV|5|Aug:1;SOV|5|Dec:1;SOV|5|Feb:1;SOV|5|Jan:1;SOV|5|Mar:1;SOV|5|Nov:1;SOV|5|Oct:1;SOV|5|Sep:1,SOV1|5|Aug:1;SOV1|5|Dec:1;SOV1|5|Feb:1;SOV1|5|Jan:1;SOV1|5|Mar:1;SOV1|5|Nov:1;SOV1|5|Oct:1;SOV1|5|Sep:1,8;19;104;127;155;161;196;218;267;305;325;340;341;346;415;416;434;437;475;481,8e1f6eec5f28b6aa,200,1-500,501-1500
