instance_id,tree_size,objective,first_stage_cost,second_stage_cost,charter_cost_ST,charter_cost_LT,charter_cost_mob,downtime_cost,travel_cost_S,travel_cost_M,MIP_runtime,Con_total runtime,Con_eta runtime,Con_gamma_LT_runtime,Con_gamma_ST_runtime,Con_Master_runtime,Con_eta_n_iters,Con_eta_vars_fixed,Con_eta_judges_solved_min,Con_eta_gap_p90_max,Con_eta_unanimous_count,Con_gamma_LT_n_iters,Con_gamma_LT_vars_fixed,Con_gamma_LT_judges_solved_min,Con_gamma_LT_gap_p90_max,Con_gamma_LT_unanimous_count,Con_fix_history_json,MIPGap,has_solution,solve_status_code,solve_status,solve_outcome,gap_pruned,optimize_error,eta,gamma_LT,gamma_ST,alpha,scenarios,param_signature,seed,iss_pool,oos_pool
1,1,18847627.548816085,8893525.0,9954102.54881609,6555000.0,1811250.0,527275.0,9226780.345427984,424746.2246492335,302575.9787388641,,19.52538097370416,13.257747109048069,0.0004234984517097473,0.0010300986468791962,2.1275298595428467,1,2,1,0.037567499409087525,1,1,4,1,0.037567499409087525,1,"{""eta"":[{""iter"":1,""solved"":1,""failed"":0,""gap_p90"":0,""cache_hr"":0,""fixed"":2,""unan"":true,""key"":null}],""gamma_LT"":[{""iter"":1,""solved"":1,""failed"":0,""gap_p90"":0,""cache_hr"":100,""fixed"":4,""unan"":true,""key"":null}]}",0.0006120165530984022,True,2,OPTIMAL,solution_within_gap,False,,5:1,CTV|5:2,CTV|5|Aug:1;CTV|5|Jul:1;CTV|5|Jun:1;CTV|5|May:1;SOV|5|Apr:1;SOV|5|Dec:1;SOV|5|Feb:1;SOV|5|Jan:1;SOV|5|Mar:1;SOV|5|May:1;SOV|5|Nov:1;SOV|5|Oct:1;SOV|5|Sep:1,SOV1|5|Apr:1;SOV1|5|Dec:1;SOV1|5|Feb:1;SOV1|5|Jan:1;SOV1|5|Mar:1;SOV1|5|May:1;SOV1|5|Nov:1;SOV1|5|Oct:1;SOV1|5|Sep:1,418,8e1f6eec5f28b6aa,200,1-500,501-1500
1,3,27196927.60272568,9130425.0,18066502.602725513,6641250.0,1811250.0,677925.0,17331487.960392665,416249.6684015307,318764.97393148154,,51.66989338584244,20.287854303605855,10.695460592396557,0.0027353931218385696,15.173725128173828,1,2,3,0.039851014971542476,1,2,4,3,0.039851014971542476,1,"{""eta"":[{""iter"":1,""solved"":3,""failed"":0,""gap_p90"":0,""cache_hr"":0,""fixed"":2,""unan"":true,""key"":null}],""gamma_LT"":[{""iter"":1,""solved"":3,""failed"":0,""gap_p90"":0,""cache_hr"":100,""fixed"":1,""unan"":false,""key"":""('gamma_LT', ('SOV',""},{""iter"":2,""solved"":3,""failed"":0,""gap_p90"":0,""cache_hr"":33,""fixed"":3,""unan"":true,""key"":null}]}",0.008716889918328138,True,2,OPTIMAL,solution_within_gap,False,,5:1,CTV|5:2,CTV|5|Aug:1;CTV|5|Jan:2;CTV|5|Jul:1;CTV|5|Jun:1;SOV|5|Apr:1;SOV|5|Dec:1;SOV|5|Feb:1;SOV|5|Jan:1;SOV|5|Mar:1;SOV|5|May:1;SOV|5|Nov:1;SOV|5|Oct:1;SOV|5|Sep:1,SOV1|5|Apr:1;SOV1|5|Dec:1;SOV1|5|Feb:1;SOV1|5|Jan:1;SOV1|5|Mar:1;SOV1|5|May:1;SOV1|5|Nov:1;SOV1|5|Oct:1;SOV1|5|Sep:1,156;342;432,8e1f6eec5f28b6aa,200,1-500,501-1500
1,5,28704605.278028022,12569500.0,16135105.278027685,2760000.0,9056250.0,753250.0,15554715.73521413,184568.61741322995,395820.9254007209,,74.39312831684947,25.135049613192677,14.428496009670198,0.004426431842148304,27.823379039764404,1,2,5,0.03779265576659696,1,3,4,5,0.03999513722879881,1,"{""eta"":[{""iter"":1,""solved"":5,""failed"":0,""gap_p90"":0,""cache_hr"":0,""fixed"":2,""unan"":true,""key"":null}],""gamma_LT"":[{""iter"":1,""solved"":5,""failed"":0,""gap_p90"":0,""cache_hr"":100,""fixed"":1,""unan"":false,""key"":""('gamma_LT', ('CTV',""},{""iter"":2,""solved"":5,""failed"":0,""gap_p90"":0,""cache_hr"":60,""fixed"":1,""unan"":false,""key"":""('gamma_LT', ('SOV',""},{""iter"":3,""solved"":5,""failed"":0,""gap_p90"":0,""cache_hr"":60,""fixed"":2,""unan"":true,""key"":null}]}",0.019402156860466833,True,2,OPTIMAL,solution_within_gap,False,,5:1,CTV|5:2;SOV|5:1,SOV|5|Dec:1;SOV|5|Feb:1;SOV|5|Jan:1;SOV|5|Nov:1,SOV1|5|Apr:1;SOV1|5|Aug:1;SOV1|5|Dec:1;SOV1|5|Feb:1;SOV1|5|Jan:1;SOV1|5|Jul:1;SOV1|5|Jun:1;SOV1|5|Mar:1;SOV1|5|May:1;SOV1|5|Nov:1;SOV1|5|Oct:1;SOV1|5|Sep:1;SOV2|5|Dec:1;SOV2|5|Feb:1;SOV2|5|Jan:1;SOV2|5|Nov:1,87;145;304;316;354,8e1f6eec5f28b6aa,200,1-500,501-1500
1,7,27678972.272212878,10499500.0,17179472.272211727,690000.0,9056250.0,753250.0,16551221.230624635,233131.70941515284,395119.33217305323,,90.00402506068349,26.032777779735625,17.894240740686655,0.0055714817717671394,37.82591509819031,1,2,7,0.03972777905863996,1,3,4,7,0.039911032970347274,1,"{""eta"":[{""iter"":1,""solved"":7,""failed"":0,""gap_p90"":0,""cache_hr"":0,""fixed"":2,""unan"":true,""key"":null}],""gamma_LT"":[{""iter"":1,""solved"":7,""failed"":0,""gap_p90"":0,""cache_hr"":100,""fixed"":1,""unan"":false,""key"":""('gamma_LT', ('SOV',""},{""iter"":2,""solved"":7,""failed"":0,""gap_p90"":0,""cache_hr"":86,""fixed"":1,""unan"":false,""key"":""('gamma_LT', ('CTV',""},{""iter"":3,""solved"":7,""failed"":0,""gap_p90"":0,""cache_hr"":86,""fixed"":2,""unan"":true,""key"":null}]}",0.01579714407138835,True,2,OPTIMAL,solution_within_gap,False,,5:1,CTV|5:2;SOV|5:1,SOV|5|Jan:1,SOV1|5|Apr:1;SOV1|5|Aug:1;SOV1|5|Dec:1;SOV1|5|Feb:1;SOV1|5|Jan:1;SOV1|5|Jul:1;SOV1|5|Jun:1;SOV1|5|Mar:1;SOV1|5|May:1;SOV1|5|Nov:1;SOV1|5|Oct:1;SOV1|5|Sep:1;SOV2|5|Jan:1,132;136;233;314;329;381;416,8e1f6eec5f28b6aa,200,1-500,501-1500
1,10,29072528.349390753,9194825.0,19877703.349395234,6555000.0,1811250.0,828575.0,19123689.340826392,456207.4218112596,297806.5867529917,,240.95057673193514,26.011583978310227,17.69521064311266,0.0087861567735672,186.89866590499878,1,2,10,0.03997518215448598,1,3,4,10,0.03997518215448598,1,"{""eta"":[{""iter"":1,""solved"":10,""failed"":0,""gap_p90"":0,""cache_hr"":0,""fixed"":2,""unan"":true,""key"":null}],""gamma_LT"":[{""iter"":1,""solved"":10,""failed"":0,""gap_p90"":0,""cache_hr"":100,""fixed"":1,""unan"":false,""key"":""('gamma_LT', ('CTV',""},{""iter"":2,""solved"":10,""failed"":0,""gap_p90"":0,""cache_hr"":90,""fixed"":1,""unan"":false,""key"":""('gamma_LT', ('SOV',""},{""iter"":3,""solved"":10,""failed"":0,""gap_p90"":0,""cache_hr"":50,""fixed"":2,""unan"":true,""key"":null}]}",0.014362103159591343,True,2,OPTIMAL,solution_within_gap,False,,5:1,CTV|5:2,CTV|5|Aug:1;CTV|5|Jul:1;CTV|5|Jun:1;CTV|5|May:1;SOV|5|Apr:1;SOV|5|Dec:2;SOV|5|Feb:1;SOV|5|Jan:1;SOV|5|Mar:1;SOV|5|Nov:1;SOV|5|Oct:1;SOV|5|Sep:1,SOV1|5|Apr:1;SOV1|5|Dec:1;SOV1|5|Feb:1;SOV1|5|Jan:1;SOV1|5|Mar:1;SOV1|5|Nov:1;SOV1|5|Oct:1;SOV1|5|Sep:1;SOV2|5|Dec:1,54;67;184;239;285;326;348;385;400;469,8e1f6eec5f28b6aa,200,1-500,501-1500
1,15,27344924.980522707,9508200.0,17836724.980516676,0.0,9056250.0,451950.0,17170756.707393575,254387.6502323199,411580.6228965723,,317.52377232629806,26.661504621617496,19.707632538862526,0.012149548158049583,257.0113699436188,1,2,15,0.03972134225784641,1,3,4,15,0.03986235711944125,1,"{""eta"":[{""iter"":1,""solved"":15,""failed"":0,""gap_p90"":0,""cache_hr"":0,""fixed"":2,""unan"":true,""key"":null}],""gamma_LT"":[{""iter"":1,""solved"":15,""failed"":0,""gap_p90"":0,""cache_hr"":100,""fixed"":1,""unan"":false,""key"":""('gamma_LT', ('SOV',""},{""iter"":2,""solved"":15,""failed"":0,""gap_p90"":0,""cache_hr"":87,""fixed"":1,""unan"":false,""key"":""('gamma_LT', ('CTV',""},{""iter"":3,""solved"":15,""failed"":0,""gap_p90"":0,""cache_hr"":73,""fixed"":2,""unan"":true,""key"":null}]}",0.005124857904337722,True,2,OPTIMAL,solution_within_gap,False,,5:1,CTV|5:2;SOV|5:1,,SOV1|5|Apr:1;SOV1|5|Aug:1;SOV1|5|Dec:1;SOV1|5|Feb:1;SOV1|5|Jan:1;SOV1|5|Jul:1;SOV1|5|Jun:1;SOV1|5|Mar:1;SOV1|5|May:1;SOV1|5|Nov:1;SOV1|5|Oct:1;SOV1|5|Sep:1,10;58;71;146;164;213;285;291;313;323;334;355;427;448;463,8e1f6eec5f28b6aa,200,1-500,501-1500
1,20,28709261.887642577,10499500.0,18209761.887636364,690000.0,9056250.0,753250.0,17577686.95399569,229590.70917055305,402484.2244763796,,413.21289961226285,32.378984704613686,24.345060528256,0.014828762039542198,338.8825008869171,1,2,20,0.03890828993035639,1,3,4,20,0.03997789817523902,1,"{""eta"":[{""iter"":1,""solved"":20,""failed"":0,""gap_p90"":0,""cache_hr"":0,""fixed"":2,""unan"":true,""key"":null}],""gamma_LT"":[{""iter"":1,""solved"":20,""failed"":0,""gap_p90"":0,""cache_hr"":100,""fixed"":1,""unan"":false,""key"":""('gamma_LT', ('SOV',""},{""iter"":2,""solved"":20,""failed"":0,""gap_p90"":0,""cache_hr"":70,""fixed"":1,""unan"":false,""key"":""('gamma_LT', ('CTV',""},{""iter"":3,""solved"":20,""failed"":0,""gap_p90"":0,""cache_hr"":55,""fixed"":2,""unan"":true,""key"":null}]}",0.01940171618960892,True,2,OPTIMAL,solution_within_gap,False,,5:1,CTV|5:2;SOV|5:1,SOV|5|Jan:1,SOV1|5|Apr:1;SOV1|5|Aug:1;SOV1|5|Dec:1;SOV1|5|Feb:1;SOV1|5|Jan:1;SOV1|5|Jul:1;SOV1|5|Jun:1;SOV1|5|Mar:1;SOV1|5|May:1;SOV1|5|Nov:1;SOV1|5|Oct:1;SOV1|5|Sep:1;SOV2|5|Jan:1,37;52;69;74;92;180;186;210;215;259;262;266;281;299;376;402;404;428;477;499,8e1f6eec5f28b6aa,200,1-500,501-1500
2,1,28644938.78029114,10489150.0,18155788.780291233,0.0,9961875.0,527275.0,17481831.58701218,260335.00114113654,413622.19213781133,,18.199008378200233,12.215395574457943,0.00032845698297023773,0.000984719954431057,1.8654348850250244,1,2,1,0.03993999721585884,1,1,4,1,0.03993999721585884,1,"{""eta"":[{""iter"":1,""solved"":1,""failed"":0,""gap_p90"":0,""cache_hr"":0,""fixed"":2,""unan"":true,""key"":null}],""gamma_LT"":[{""iter"":1,""solved"":1,""failed"":0,""gap_p90"":0,""cache_hr"":100,""fixed"":4,""unan"":true,""key"":null}]}",0.0035332458102951742,True,2,OPTIMAL,solution_within_gap,False,,5:1,CTV|5:3;SOV|5:1,,SOV1|5|Apr:1;SOV1|5|Aug:1;SOV1|5|Dec:1;SOV1|5|Feb:1;SOV1|5|Jan:1;SOV1|5|Jul:1;SOV1|5|Jun:1;SOV1|5|Mar:1;SOV1|5|May:1;SOV1|5|Nov:1;SOV1|5|Oct:1;SOV1|5|Sep:1,79,8e1f6eec5f28b6aa,200,1-500,501-1500
2,3,29922577.155235194,12127325.0,17795252.155235216,2242500.0,9056250.0,828575.0,17112177.302733175,238336.46358091471,444738.3889211216,,36.98305587563664,21.225382103584707,0.0004616500809788704,0.0027129128575325012,9.562111854553223,1,2,3,0.03053865749698623,1,1,4,3,0.03053865749698623,1,"{""eta"":[{""iter"":1,""solved"":3,""failed"":0,""gap_p90"":0,""cache_hr"":0,""fixed"":2,""unan"":true,""key"":null}],""gamma_LT"":[{""iter"":1,""solved"":3,""failed"":0,""gap_p90"":0,""cache_hr"":100,""fixed"":4,""unan"":true,""key"":null}]}",0.01700606368159766,True,2,OPTIMAL,solution_within_gap,False,,5:1,CTV|5:2;SOV|5:1,CTV|5|Dec:1;CTV|5|Jan:1;SOV|5|Dec:1;SOV|5|Feb:1;SOV|5|Jan:1,SOV1|5|Apr:1;SOV1|5|Aug:1;SOV1|5|Dec:1;SOV1|5|Feb:1;SOV1|5|Jan:1;SOV1|5|Jul:1;SOV1|5|Jun:1;SOV1|5|Mar:1;SOV1|5|May:1;SOV1|5|Nov:1;SOV1|5|Oct:1;SOV1|5|Sep:1;SOV2|5|Dec:1;SOV2|5|Feb:1;SOV2|5|Jan:1,217;457;483,8e1f6eec5f28b6aa,200,1-500,501-1500
2,5,27990186.460163027,10499500.0,17490686.46016169,690000.0,9056250.0,753250.0,16866136.586704586,234348.4856058645,390201.3878525311,,63.579601062461734,18.093002875335515,12.350348263047636,0.004429430700838566,26.046147108078003,1,2,5,0.03972134225784641,1,3,4,5,0.03997958359960444,1,"{""eta"":[{""iter"":1,""solved"":5,""failed"":0,""gap_p90"":0,""cache_hr"":0,""fixed"":2,""unan"":true,""key"":null}],""gamma_LT"":[{""iter"":1,""solved"":5,""failed"":0,""gap_p90"":0,""cache_hr"":100,""fixed"":1,""unan"":false,""key"":""('gamma_LT', ('SOV',""},{""iter"":2,""solved"":5,""failed"":0,""gap_p90"":0,""cache_hr"":60,""fixed"":1,""unan"":false,""key"":""('gamma_LT', ('CTV',""},{""iter"":3,""solved"":5,""failed"":0,""gap_p90"":0,""cache_hr"":80,""fixed"":2,""unan"":true,""key"":null}]}",0.0010598654095574018,True,2,OPTIMAL,solution_within_gap,False,,5:1,CTV|5:2;SOV|5:1,SOV|5|Dec:1,SOV1|5|Apr:1;SOV1|5|Aug:1;SOV1|5|Dec:1;SOV1|5|Feb:1;SOV1|5|Jan:1;SOV1|5|Jul:1;SOV1|5|Jun:1;SOV1|5|Mar:1;SOV1|5|May:1;SOV1|5|Nov:1;SOV1|5|Oct:1;SOV1|5|Sep:1;SOV2|5|Dec:1,190;239;302;334;365,8e1f6eec5f28b6aa,200,1-500,501-1500
2,7,27946296.469875976,10488575.0,17457721.469878227,7848750.0,1811250.0,828575.0,16779982.769973014,372358.0219132423,305380.6779897539,,110.19578146748245,27.324208247475326,19.50319652631879,0.006230260245501995,54.67330503463745,1,2,7,0.03984592910115585,1,3,4,7,0.03997005177688091,1,"{""eta"":[{""iter"":1,""solved"":7,""failed"":0,""gap_p90"":0,""cache_hr"":0,""fixed"":2,""unan"":true,""key"":null}],""gamma_LT"":[{""iter"":1,""solved"":7,""failed"":0,""gap_p90"":0,""cache_hr"":100,""fixed"":1,""unan"":false,""key"":""('gamma_LT', ('SOV',""},{""iter"":2,""solved"":7,""failed"":0,""gap_p90"":0,""cache_hr"":71,""fixed"":1,""unan"":false,""key"":""('gamma_LT', ('CTV',""},{""iter"":3,""solved"":7,""failed"":0,""gap_p90"":0,""cache_hr"":57,""fixed"":2,""unan"":true,""key"":null}]}",0.019218805765264215,True,2,OPTIMAL,solution_within_gap,False,,5:1,CTV|5:2,CTV|5|Aug:1;CTV|5|Jul:1;CTV|5|Jun:1;SOV|5|Apr:1;SOV|5|Dec:2;SOV|5|Feb:1;SOV|5|Jan:1;SOV|5|Mar:1;SOV|5|May:1;SOV|5|Nov:2;SOV|5|Oct:1;SOV|5|Sep:1,SOV1|5|Apr:1;SOV1|5|Dec:1;SOV1|5|Feb:1;SOV1|5|Jan:1;SOV1|5|Mar:1;SOV1|5|May:1;SOV1|5|Nov:1;SOV1|5|Oct:1;SOV1|5|Sep:1;SOV2|5|Dec:1;SOV2|5|Nov:1,115;183;224;227;234;238;273,8e1f6eec5f28b6aa,200,1-500,501-1500
2,10,29382097.093679305,8203525.0,21178572.093683895,5865000.0,1811250.0,527275.0,20433997.709948447,459030.89730837755,285543.4864223837,,473.3080347934738,29.915126342326403,17.848282576538622,0.008115900680422783,415.1839029788971,1,2,10,0.03986817493789354,1,3,4,10,0.039987187362920694,1,"{""eta"":[{""iter"":1,""solved"":10,""failed"":0,""gap_p90"":0,""cache_hr"":0,""fixed"":2,""unan"":true,""key"":null}],""gamma_LT"":[{""iter"":1,""solved"":10,""failed"":0,""gap_p90"":0,""cache_hr"":100,""fixed"":1,""unan"":false,""key"":""('gamma_LT', ('CTV',""},{""iter"":2,""solved"":10,""failed"":0,""gap_p90"":0,""cache_hr"":70,""fixed"":1,""unan"":false,""key"":""('gamma_LT', ('SOV',""},{""iter"":3,""solved"":10,""failed"":0,""gap_p90"":0,""cache_hr"":60,""fixed"":2,""unan"":true,""key"":null}]}",6.630225853940321e-05,True,2,OPTIMAL,solution_within_gap,False,,5:1,CTV|5:2,CTV|5|Apr:1;CTV|5|Jul:1;CTV|5|Jun:1;CTV|5|May:1;SOV|5|Aug:1;SOV|5|Dec:1;SOV|5|Feb:1;SOV|5|Jan:1;SOV|5|Mar:1;SOV|5|Nov:1;SOV|5|Oct:1;SOV|5|Sep:1,SOV1|5|Aug:1;SOV1|5|Dec:1;SOV1|5|Feb:1;SOV1|5|Jan:1;SOV1|5|Mar:1;SOV1|5|Nov:1;SOV1|5|Oct:1;SOV1|5|Sep:1,7;170;240;281;298;343;389;426;441;472,8e1f6eec5f28b6aa,200,1-500,501-1500
2,15,28373462.53743044,9033825.0,19339637.53742437,431250.0,8150625.0,451950.0,18696578.121901147,214137.7447408443,428921.670788229,,954.609199074097,29.913984330371022,21.71988793835044,0.012179045006632805,889.0040340423584,1,2,15,0.03995214408929136,1,3,4,15,0.039974295944229805,1,"{""eta"":[{""iter"":1,""solved"":15,""failed"":0,""gap_p90"":0,""cache_hr"":0,""fixed"":2,""unan"":true,""key"":null}],""gamma_LT"":[{""iter"":1,""solved"":15,""failed"":0,""gap_p90"":0,""cache_hr"":100,""fixed"":1,""unan"":false,""key"":""('gamma_LT', ('SOV',""},{""iter"":2,""solved"":15,""failed"":0,""gap_p90"":0,""cache_hr"":73,""fixed"":1,""unan"":false,""key"":""('gamma_LT', ('CTV',""},{""iter"":3,""solved"":15,""failed"":0,""gap_p90"":0,""cache_hr"":27,""fixed"":2,""unan"":true,""key"":null}]}",0.0003563345127026198,True,2,OPTIMAL,solution_within_gap,False,,5:1,CTV|5:1;SOV|5:1,CTV|5|Dec:1;CTV|5|Feb:1;CTV|5|Jan:1;CTV|5|Nov:1;CTV|5|Oct:1,SOV1|5|Apr:1;SOV1|5|Aug:1;SOV1|5|Dec:1;SOV1|5|Feb:1;SOV1|5|Jan:1;SOV1|5|Jul:1;SOV1|5|Jun:1;SOV1|5|Mar:1;SOV1|5|May:1;SOV1|5|Nov:1;SOV1|5|Oct:1;SOV1|5|Sep:1,18;106;107;150;170;240;260;312;330;344;353;399;426;472;476,8e1f6eec5f28b6aa,200,1-500,501-1500
2,20,30230212.464702245,11189500.0,19040712.464696158,1380000.0,9056250.0,753250.0,18425058.295494594,221241.47694863658,394412.6922589708,,429.3243660358712,27.601090639829636,23.407508715055883,0.01656524185091257,360.83353304862976,1,2,20,0.03928264672158681,1,3,4,20,0.03991920615894334,1,"{""eta"":[{""iter"":1,""solved"":20,""failed"":0,""gap_p90"":0,""cache_hr"":0,""fixed"":2,""unan"":true,""key"":null}],""gamma_LT"":[{""iter"":1,""solved"":20,""failed"":0,""gap_p90"":0,""cache_hr"":100,""fixed"":1,""unan"":false,""key"":""('gamma_LT', ('CTV',""},{""iter"":2,""solved"":20,""failed"":0,""gap_p90"":0,""cache_hr"":60,""fixed"":1,""unan"":false,""key"":""('gamma_LT', ('SOV',""},{""iter"":3,""solved"":20,""failed"":0,""gap_p90"":0,""cache_hr"":65,""fixed"":2,""unan"":true,""key"":null}]}",0.008599123602194279,True,2,OPTIMAL,solution_within_gap,False,,5:1,CTV|5:2;SOV|5:1,SOV|5|Dec:1;SOV|5|Jan:1,SOV1|5|Apr:1;SOV1|5|Aug:1;SOV1|5|Dec:1;SOV1|5|Feb:1;SOV1|5|Jan:1;SOV1|5|Jul:1;SOV1|5|Jun:1;SOV1|5|Mar:1;SOV1|5|May:1;SOV1|5|Nov:1;SOV1|5|Oct:1;SOV1|5|Sep:1;SOV2|5|Dec:1;SOV2|5|Jan:1,18;39;51;115;125;131;148;166;172;188;251;260;273;306;361;365;372;374;379;471,8e1f6eec5f28b6aa,200,1-500,501-1500
3,1,24898884.780571636,9831350.0,15067534.780571679,172500.0,9056250.0,602600.0,14418772.963305287,240827.92569508593,407933.891571258,,19.605441579595208,13.72889897134155,0.00034990254789590836,0.000986027531325817,1.8501989841461182,1,2,1,0.03799659880577437,1,1,4,1,0.03799659880577437,1,"{""eta"":[{""iter"":1,""solved"":1,""failed"":0,""gap_p90"":0,""cache_hr"":0,""fixed"":2,""unan"":true,""key"":null}],""gamma_LT"":[{""iter"":1,""solved"":1,""failed"":0,""gap_p90"":0,""cache_hr"":100,""fixed"":4,""unan"":true,""key"":null}]}",0.0116186382885147,True,2,OPTIMAL,solution_within_gap,False,,5:1,CTV|5:2;SOV|5:1,CTV|5|Dec:2,SOV1|5|Apr:1;SOV1|5|Aug:1;SOV1|5|Dec:1;SOV1|5|Feb:1;SOV1|5|Jan:1;SOV1|5|Jul:1;SOV1|5|Jun:1;SOV1|5|Mar:1;SOV1|5|May:1;SOV1|5|Nov:1;SOV1|5|Oct:1;SOV1|5|Sep:1,463,8e1f6eec5f28b6aa,200,1-500,501-1500
3,3,26361964.42231142,10088950.0,16273014.422311284,7072500.0,1811250.0,1205200.0,15509965.21406994,476036.4822313263,287012.7260101477,,48.302492739632726,22.35158583521843,12.77924578357488,0.002896278165280819,8.045790910720825,1,2,3,0.03974415830727509,1,3,4,3,0.03992983881256257,1,"{""eta"":[{""iter"":1,""solved"":3,""failed"":0,""gap_p90"":0,""cache_hr"":0,""fixed"":2,""unan"":true,""key"":null}],""gamma_LT"":[{""iter"":1,""solved"":3,""failed"":0,""gap_p90"":0,""cache_hr"":100,""fixed"":1,""unan"":false,""key"":""('gamma_LT', ('SOV',""},{""iter"":2,""solved"":3,""failed"":0,""gap_p90"":0,""cache_hr"":67,""fixed"":1,""unan"":false,""key"":""('gamma_LT', ('CTV',""},{""iter"":3,""solved"":3,""failed"":0,""gap_p90"":0,""cache_hr"":67,""fixed"":2,""unan"":true,""key"":null}]}",0.004568332461715581,True,2,OPTIMAL,solution_within_gap,False,,5:1,CTV|5:2,CTV|5|Aug:1;CTV|5|Dec:5;CTV|5|Jan:1;CTV|5|Jul:1;CTV|5|Jun:1;CTV|5|May:1;SOV|5|Apr:1;SOV|5|Dec:2;SOV|5|Feb:1;SOV|5|Jan:1;SOV|5|Mar:1;SOV|5|Nov:1;SOV|5|Oct:1;SOV|5|Sep:1,SOV1|5|Apr:1;SOV1|5|Dec:1;SOV1|5|Feb:1;SOV1|5|Jan:1;SOV1|5|Mar:1;SOV1|5|Nov:1;SOV1|5|Oct:1;SOV1|5|Sep:1;SOV2|5|Dec:1,32;85;280,8e1f6eec5f28b6aa,200,1-500,501-1500
3,5,28773420.58205035,10499500.0,18273920.58204899,690000.0,9056250.0,753250.0,17651188.357479747,239177.87879445328,383554.34577609407,,70.42071305867285,24.828753042034805,13.465657286345959,0.0044759903103113174,25.295030117034912,1,2,5,0.03988042676181899,1,3,4,5,0.039994236784971,1,"{""eta"":[{""iter"":1,""solved"":5,""failed"":0,""gap_p90"":0,""cache_hr"":0,""fixed"":2,""unan"":true,""key"":null}],""gamma_LT"":[{""iter"":1,""solved"":5,""failed"":0,""gap_p90"":0,""cache_hr"":100,""fixed"":1,""unan"":false,""key"":""('gamma_LT', ('SOV',""},{""iter"":2,""solved"":5,""failed"":0,""gap_p90"":0,""cache_hr"":80,""fixed"":1,""unan"":false,""key"":""('gamma_LT', ('CTV',""},{""iter"":3,""solved"":5,""failed"":0,""gap_p90"":0,""cache_hr"":40,""fixed"":2,""unan"":true,""key"":null}]}",0.00469425660471012,True,2,OPTIMAL,solution_within_gap,False,,5:1,CTV|5:2;SOV|5:1,SOV|5|Dec:1,SOV1|5|Apr:1;SOV1|5|Aug:1;SOV1|5|Dec:1;SOV1|5|Feb:1;SOV1|5|Jan:1;SOV1|5|Jul:1;SOV1|5|Jun:1;SOV1|5|Mar:1;SOV1|5|May:1;SOV1|5|Nov:1;SOV1|5|Oct:1;SOV1|5|Sep:1;SOV2|5|Dec:1,55;126;146;353;373,8e1f6eec5f28b6aa,200,1-500,501-1500
3,7,27030537.954681724,9756025.0,17274512.9546809,172500.0,9056250.0,527275.0,16614383.768479463,260309.42372925227,399819.7624730177,,83.50628304574639,26.68450146447867,16.792335248552263,0.006244771182537079,31.717740058898926,1,2,7,0.039973250335418986,1,3,4,7,0.039973250335418986,1,"{""eta"":[{""iter"":1,""solved"":7,""failed"":0,""gap_p90"":0,""cache_hr"":0,""fixed"":2,""unan"":true,""key"":null}],""gamma_LT"":[{""iter"":1,""solved"":7,""failed"":0,""gap_p90"":0,""cache_hr"":100,""fixed"":1,""unan"":false,""key"":""('gamma_LT', ('CTV',""},{""iter"":2,""solved"":7,""failed"":0,""gap_p90"":0,""cache_hr"":57,""fixed"":1,""unan"":false,""key"":""('gamma_LT', ('SOV',""},{""iter"":3,""solved"":7,""failed"":0,""gap_p90"":0,""cache_hr"":71,""fixed"":2,""unan"":true,""key"":null}]}",0.007773291706086474,True,2,OPTIMAL,solution_within_gap,False,,5:1,CTV|5:2;SOV|5:1,CTV|5|Dec:1;CTV|5|Jan:1,SOV1|5|Apr:1;SOV1|5|Aug:1;SOV1|5|Dec:1;SOV1|5|Feb:1;SOV1|5|Jan:1;SOV1|5|Jul:1;SOV1|5|Jun:1;SOV1|5|Mar:1;SOV1|5|May:1;SOV1|5|Nov:1;SOV1|5|Oct:1;SOV1|5|Sep:1,103;104;107;110;116;323;378,8e1f6eec5f28b6aa,200,1-500,501-1500
3,10,28041409.452668667,9992925.0,18048484.45267309,258750.0,9056250.0,677925.0,17425256.026669897,249151.45265195967,374076.97334687825,,196.09721637051553,26.91658901050687,16.884748454205692,0.008767982013523579,141.96373414993286,1,2,10,0.039779884134722124,1,3,4,10,0.03997894439562949,1,"{""eta"":[{""iter"":1,""solved"":10,""failed"":0,""gap_p90"":0,""cache_hr"":0,""fixed"":2,""unan"":true,""key"":null}],""gamma_LT"":[{""iter"":1,""solved"":10,""failed"":0,""gap_p90"":0,""cache_hr"":100,""fixed"":1,""unan"":false,""key"":""('gamma_LT', ('CTV',""},{""iter"":2,""solved"":10,""failed"":0,""gap_p90"":0,""cache_hr"":70,""fixed"":1,""unan"":false,""key"":""('gamma_LT', ('SOV',""},{""iter"":3,""solved"":10,""failed"":0,""gap_p90"":0,""cache_hr"":70,""fixed"":2,""unan"":true,""key"":null}]}",0.01896796691811547,True,2,OPTIMAL,solution_within_gap,False,,5:1,CTV|5:2;SOV|5:1,CTV|5|Dec:1;CTV|5|Mar:1;CTV|5|Sep:1,SOV1|5|Apr:1;SOV1|5|Aug:1;SOV1|5|Dec:1;SOV1|5|Feb:1;SOV1|5|Jan:1;SOV1|5|Jul:1;SOV1|5|Jun:1;SOV1|5|Mar:1;SOV1|5|May:1;SOV1|5|Nov:1;SOV1|5|Oct:1;SOV1|5|Sep:1,28;123;194;203;214;237;239;451;458;460,8e1f6eec5f28b6aa,200,1-500,501-1500
3,15,27710725.129594807,8807275.0,18903450.12958829,6468750.0,1811250.0,527275.0,18168714.058735635,402176.24322295864,332559.8276362458,,870.4394331173971,29.425142311491072,25.79636967740953,0.012486711144447327,801.3806071281433,1,2,15,0.038946320934851814,1,3,4,15,0.03999667503621813,1,"{""eta"":[{""iter"":1,""solved"":15,""failed"":0,""gap_p90"":0,""cache_hr"":0,""fixed"":2,""unan"":true,""key"":null}],""gamma_LT"":[{""iter"":1,""solved"":15,""failed"":0,""gap_p90"":0,""cache_hr"":100,""fixed"":1,""unan"":false,""key"":""('gamma_LT', ('CTV',""},{""iter"":2,""solved"":15,""failed"":0,""gap_p90"":0,""cache_hr"":60,""fixed"":1,""unan"":false,""key"":""('gamma_LT', ('SOV',""},{""iter"":3,""solved"":15,""failed"":0,""gap_p90"":0,""cache_hr"":40,""fixed"":2,""unan"":true,""key"":null}]}",0.0002245037387110716,True,2,OPTIMAL,solution_within_gap,False,,5:1,CTV|5:2,CTV|5|Jul:1;CTV|5|Jun:1;CTV|5|May:1;SOV|5|Apr:1;SOV|5|Aug:1;SOV|5|Dec:1;SOV|5|Feb:1;SOV|5|Jan:1;SOV|5|Mar:1;SOV|5|Nov:1;SOV|5|Oct:1;SOV|5|Sep:1,SOV1|5|Apr:1;SOV1|5|Aug:1;SOV1|5|Dec:1;SOV1|5|Feb:1;SOV1|5|Jan:1;SOV1|5|Mar:1;SOV1|5|Nov:1;SOV1|5|Oct:1;SOV1|5|Sep:1,22;35;38;57;115;143;162;170;265;279;304;376;388;459;490,8e1f6eec5f28b6aa,200,1-500,501-1500
3,20,30117889.246005382,9356400.0,20761489.245998994,6641250.0,1811250.0,903900.0,20021224.87837637,446413.61636310094,293850.75126609905,,621.3992120577022,31.114379158243537,25.548731934279203,0.016582601703703403,547.6838610172272,1,2,20,0.03968426123702558,1,3,4,20,0.03999513722879881,1,"{""eta"":[{""iter"":1,""solved"":20,""failed"":0,""gap_p90"":0,""cache_hr"":0,""fixed"":2,""unan"":true,""key"":null}],""gamma_LT"":[{""iter"":1,""solved"":20,""failed"":0,""gap_p90"":0,""cache_hr"":100,""fixed"":1,""unan"":false,""key"":""('gamma_LT', ('CTV',""},{""iter"":2,""solved"":20,""failed"":0,""gap_p90"":0,""cache_hr"":70,""fixed"":1,""unan"":false,""key"":""('gamma_LT', ('SOV',""},{""iter"":3,""solved"":20,""failed"":0,""gap_p90"":0,""cache_hr"":50,""fixed"":2,""unan"":true,""key"":null}]}",0.01926352889871691,True,2,OPTIMAL,solution_within_gap,False,,5:1,CTV|5:2,CTV|5|Aug:1;CTV|5|Jan:1;CTV|5|Jul:1;CTV|5|Jun:1;CTV|5|May:1;SOV|5|Apr:1;SOV|5|Dec:2;SOV|5|Feb:1;SOV|5|Jan:1;SOV|5|Mar:1;SOV|5|Nov:1;SOV|5|Oct:1;SOV|5|Sep:1,SOV1|5|Apr:1;SOV1|5|Dec:1;SOV1|5|Feb:1;SOV1|5|Jan:1;SOV1|5|Mar:1;SOV1|5|Nov:1;SOV1|5|Oct:1;SOV1|5|Sep:1;SOV2|5|Dec:1,78;87;148;188;212;255;259;268;275;276;283;299;334;379;401;403;444;445;469;486,8e1f6eec5f28b6aa,200,1-500,501-1500
4,1,37478553.919887446,11437325.0,26041228.919887543,1552500.0,9056250.0,828575.0,25460081.996181525,218956.2001918155,362190.72351409384,,16.44263786636293,11.25702293496579,0.00032512471079826355,0.0009986795485019684,1.1749000549316406,1,2,1,0.03754684519228476,1,1,4,1,0.03754684519228476,1,"{""eta"":[{""iter"":1,""solved"":1,""failed"":0,""gap_p90"":0,""cache_hr"":0,""fixed"":2,""unan"":true,""key"":null}],""gamma_LT"":[{""iter"":1,""solved"":1,""failed"":0,""gap_p90"":0,""cache_hr"":100,""fixed"":4,""unan"":true,""key"":null}]}",0.012907639269501892,True,2,OPTIMAL,solution_within_gap,False,,5:1,CTV|5:2;SOV|5:1,CTV|5|Apr:1;CTV|5|Mar:1;SOV|5|Dec:1;SOV|5|Nov:1,SOV1|5|Apr:1;SOV1|5|Aug:1;SOV1|5|Dec:1;SOV1|5|Feb:1;SOV1|5|Jan:1;SOV1|5|Jul:1;SOV1|5|Jun:1;SOV1|5|Mar:1;SOV1|5|May:1;SOV1|5|Nov:1;SOV1|5|Oct:1;SOV1|5|Sep:1;SOV2|5|Dec:1;SOV2|5|Nov:1,293,8e1f6eec5f28b6aa,200,1-500,501-1500
4,3,30941602.43420902,10833575.0,20108027.434209015,948750.0,9056250.0,828575.0,19462344.871613886,245055.1179534733,400627.4446416939,,50.853821283206344,23.72769780550152,12.532982889562845,0.002710488624870777,9.127671003341675,1,2,3,0.039779884134722124,1,3,4,3,0.03999684382959756,1,"{""eta"":[{""iter"":1,""solved"":3,""failed"":0,""gap_p90"":0,""cache_hr"":0,""fixed"":2,""unan"":true,""key"":null}],""gamma_LT"":[{""iter"":1,""solved"":3,""failed"":0,""gap_p90"":0,""cache_hr"":100,""fixed"":1,""unan"":false,""key"":""('gamma_LT', ('CTV',""},{""iter"":2,""solved"":3,""failed"":0,""gap_p90"":0,""cache_hr"":67,""fixed"":1,""unan"":false,""key"":""('gamma_LT', ('SOV',""},{""iter"":3,""solved"":3,""failed"":0,""gap_p90"":0,""cache_hr"":67,""fixed"":2,""unan"":true,""key"":null}]}",0.018658296972479557,True,2,OPTIMAL,solution_within_gap,False,,5:1,CTV|5:2;SOV|5:1,CTV|5|Dec:1;CTV|5|Jan:1;CTV|5|Nov:1;SOV|5|Nov:1,SOV1|5|Apr:1;SOV1|5|Aug:1;SOV1|5|Dec:1;SOV1|5|Feb:1;SOV1|5|Jan:1;SOV1|5|Jul:1;SOV1|5|Jun:1;SOV1|5|Mar:1;SOV1|5|May:1;SOV1|5|Nov:1;SOV1|5|Oct:1;SOV1|5|Sep:1;SOV2|5|Nov:1,28;262;366,8e1f6eec5f28b6aa,200,1-500,501-1500
4,5,29289944.97708921,7599775.0,21690169.977087673,5261250.0,1811250.0,527275.0,20916303.526748132,522279.99297351757,251586.45736749138,,71.55902460683137,22.99680773820728,11.270100511610508,0.0045068394392728806,30.47182607650757,1,2,5,0.0387463578896156,1,3,4,5,0.03999655895102229,1,"{""eta"":[{""iter"":1,""solved"":5,""failed"":0,""gap_p90"":0,""cache_hr"":0,""fixed"":2,""unan"":true,""key"":null}],""gamma_LT"":[{""iter"":1,""solved"":5,""failed"":0,""gap_p90"":0,""cache_hr"":100,""fixed"":1,""unan"":false,""key"":""('gamma_LT', ('CTV',""},{""iter"":2,""solved"":5,""failed"":0,""gap_p90"":0,""cache_hr"":60,""fixed"":1,""unan"":false,""key"":""('gamma_LT', ('SOV',""},{""iter"":3,""solved"":5,""failed"":0,""gap_p90"":0,""cache_hr"":60,""fixed"":2,""unan"":true,""key"":null}]}",0.01735602521089346,True,2,OPTIMAL,solution_within_gap,False,,5:1,CTV|5:2,CTV|5|Apr:1;CTV|5|Aug:1;CTV|5|Jul:1;CTV|5|Jun:1;CTV|5|May:1;SOV|5|Dec:1;SOV|5|Feb:1;SOV|5|Jan:1;SOV|5|Mar:1;SOV|5|Nov:1;SOV|5|Oct:1;SOV|5|Sep:1,SOV1|5|Dec:1;SOV1|5|Feb:1;SOV1|5|Jan:1;SOV1|5|Mar:1;SOV1|5|Nov:1;SOV1|5|Oct:1;SOV1|5|Sep:1,95;202;306;389;422,8e1f6eec5f28b6aa,200,1-500,501-1500
4,7,28814328.93771387,9884825.0,18929503.937716354,7245000.0,1811250.0,828575.0,18206089.17931074,429106.96663180826,294307.7917713812,,126.00070255342871,26.701031775213778,17.28810888249427,0.005934111773967743,73.55520296096802,1,2,7,0.03976365931578181,1,3,4,7,0.03998772052994456,1,"{""eta"":[{""iter"":1,""solved"":7,""failed"":0,""gap_p90"":0,""cache_hr"":0,""fixed"":2,""unan"":true,""key"":null}],""gamma_LT"":[{""iter"":1,""solved"":7,""failed"":0,""gap_p90"":0,""cache_hr"":100,""fixed"":1,""unan"":false,""key"":""('gamma_LT', ('CTV',""},{""iter"":2,""solved"":7,""failed"":0,""gap_p90"":0,""cache_hr"":86,""fixed"":1,""unan"":false,""key"":""('gamma_LT', ('SOV',""},{""iter"":3,""solved"":7,""failed"":0,""gap_p90"":0,""cache_hr"":57,""fixed"":2,""unan"":true,""key"":null}]}",0.01493662356686284,True,2,OPTIMAL,solution_within_gap,False,,5:1,CTV|5:2,CTV|5|Aug:1;CTV|5|Jul:1;CTV|5|Jun:1;CTV|5|May:1;SOV|5|Apr:1;SOV|5|Dec:2;SOV|5|Feb:1;SOV|5|Jan:2;SOV|5|Mar:1;SOV|5|Nov:1;SOV|5|Oct:1;SOV|5|Sep:1,SOV1|5|Apr:1;SOV1|5|Dec:1;SOV1|5|Feb:1;SOV1|5|Jan:1;SOV1|5|Mar:1;SOV1|5|Nov:1;SOV1|5|Oct:1;SOV1|5|Sep:1;SOV2|5|Dec:1;SOV2|5|Jan:1,104;187;269;276;405;411;452,8e1f6eec5f28b6aa,200,1-500,501-1500
4,10,27160596.945432205,9508200.0,17652396.945436567,0.0,9056250.0,451950.0,17010884.76739794,251297.60868622144,390214.5693480999,,270.0601379526779,27.42838571872562,16.447258816100657,0.00883184839040041,215.35821318626404,1,2,10,0.039096835343120445,1,3,4,10,0.03938764713178323,1,"{""eta"":[{""iter"":1,""solved"":10,""failed"":0,""gap_p90"":0,""cache_hr"":0,""fixed"":2,""unan"":true,""key"":null}],""gamma_LT"":[{""iter"":1,""solved"":10,""failed"":0,""gap_p90"":0,""cache_hr"":100,""fixed"":1,""unan"":false,""key"":""('gamma_LT', ('CTV',""},{""iter"":2,""solved"":10,""failed"":0,""gap_p90"":0,""cache_hr"":80,""fixed"":1,""unan"":false,""key"":""('gamma_LT', ('SOV',""},{""iter"":3,""solved"":10,""failed"":0,""gap_p90"":0,""cache_hr"":60,""fixed"":2,""unan"":true,""key"":null}]}",0.0,True,2,OPTIMAL,solution_within_gap,False,,5:1,CTV|5:2;SOV|5:1,,SOV1|5|Apr:1;SOV1|5|Aug:1;SOV1|5|Dec:1;SOV1|5|Feb:1;SOV1|5|Jan:1;SOV1|5|Jul:1;SOV1|5|Jun:1;SOV1|5|Mar:1;SOV1|5|May:1;SOV1|5|Nov:1;SOV1|5|Oct:1;SOV1|5|Sep:1,60;126;130;135;185;224;320;351;352;422,8e1f6eec5f28b6aa,200,1-500,501-1500
4,15,27956225.60121223,9302925.0,18653300.60120565,6813750.0,1811250.0,677925.0,17902105.657338906,421101.93545327644,330093.00842003303,,424.2378455372527,29.445394437760115,21.315028311684728,0.004198908805847168,358.36126804351807,1,2,15,0.03958464301713629,1,3,4,15,0.039998681745862755,1,"{""eta"":[{""iter"":1,""solved"":15,""failed"":0,""gap_p90"":0,""cache_hr"":0,""fixed"":2,""unan"":true,""key"":null}],""gamma_LT"":[{""iter"":1,""solved"":15,""failed"":0,""gap_p90"":0,""cache_hr"":100,""fixed"":1,""unan"":false,""key"":""('gamma_LT', ('CTV',""},{""iter"":2,""solved"":15,""failed"":0,""gap_p90"":0,""cache_hr"":93,""fixed"":1,""unan"":false,""key"":""('gamma_LT', ('SOV',""},{""iter"":3,""solved"":15,""failed"":0,""gap_p90"":0,""cache_hr"":33,""fixed"":2,""unan"":true,""key"":null}]}",0.011792056392500291,True,2,OPTIMAL,solution_within_gap,False,,5:1,CTV|5:2,CTV|5|Dec:2;CTV|5|Jan:2;CTV|5|Jul:1;CTV|5|Jun:1;CTV|5|May:1;SOV|5|Apr:1;SOV|5|Aug:1;SOV|5|Dec:1;SOV|5|Feb:1;SOV|5|Jan:1;SOV|5|Mar:1;SOV|5|Nov:1;SOV|5|Oct:1;SOV|5|Sep:1,SOV1|5|Apr:1;SOV1|5|Aug:1;SOV1|5|Dec:1;SOV1|5|Feb:1;SOV1|5|Jan:1;SOV1|5|Mar:1;SOV1|5|Nov:1;SOV1|5|Oct:1;SOV1|5|Sep:1,4;123;144;161;279;316;342;352;360;361;394;409;428;455;500,8e1f6eec5f28b6aa,200,1-500,501-1500
4,20,29459405.759929217,10101025.0,19358380.7599228,517500.0,9056250.0,527275.0,18712492.40649339,253007.35847939725,392880.99495643174,,446.666328500025,28.874582753516734,20.29013400990516,0.015768786892294884,377.9529139995575,1,2,20,0.03938933904967296,1,3,4,20,0.03991782046328892,1,"{""eta"":[{""iter"":1,""solved"":20,""failed"":0,""gap_p90"":0,""cache_hr"":0,""fixed"":2,""unan"":true,""key"":null}],""gamma_LT"":[{""iter"":1,""solved"":20,""failed"":0,""gap_p90"":0,""cache_hr"":100,""fixed"":1,""unan"":false,""key"":""('gamma_LT', ('CTV',""},{""iter"":2,""solved"":20,""failed"":0,""gap_p90"":0,""cache_hr"":85,""fixed"":1,""unan"":false,""key"":""('gamma_LT', ('SOV',""},{""iter"":3,""solved"":20,""failed"":0,""gap_p90"":0,""cache_hr"":70,""fixed"":2,""unan"":true,""key"":null}]}",0.013896746070888229,True,2,OPTIMAL,solution_within_gap,False,,5:1,CTV|5:2;SOV|5:1,CTV|5|Apr:1;CTV|5|Dec:1;CTV|5|Feb:1;CTV|5|Jan:1;CTV|5|Mar:1;CTV|5|May:1,SOV1|5|Apr:1;SOV1|5|Aug:1;SOV1|5|Dec:1;SOV1|5|Feb:1;SOV1|5|Jan:1;SOV1|5|Jul:1;SOV1|5|Jun:1;SOV1|5|Mar:1;SOV1|5|May:1;SOV1|5|Nov:1;SOV1|5|Oct:1;SOV1|5|Sep:1,11;14;23;29;77;81;97;106;120;166;198;261;283;290;335;363;365;379;464;487,8e1f6eec5f28b6aa,200,1-500,501-1500
5,1,23264165.590683594,9842275.0,13421890.590683619,258750.0,9056250.0,527275.0,12777661.172623063,265452.3366599777,378777.0814005411,,22.516990640200675,16.427022845484316,0.0003274157643318176,0.0009912261739373207,2.0427451133728027,1,2,1,0.02494803633047083,1,1,4,1,0.02494803633047083,1,"{""eta"":[{""iter"":1,""solved"":1,""failed"":0,""gap_p90"":0,""cache_hr"":0,""fixed"":2,""unan"":true,""key"":null}],""gamma_LT"":[{""iter"":1,""solved"":1,""failed"":0,""gap_p90"":0,""cache_hr"":100,""fixed"":4,""unan"":true,""key"":null}]}",0.011152539482276182,True,2,OPTIMAL,solution_within_gap,False,,5:1,CTV|5:2;SOV|5:1,CTV|5|Dec:1;CTV|5|Feb:1;CTV|5|Jan:1,SOV1|5|Apr:1;SOV1|5|Aug:1;SOV1|5|Dec:1;SOV1|5|Feb:1;SOV1|5|Jan:1;SOV1|5|Jul:1;SOV1|5|Jun:1;SOV1|5|Mar:1;SOV1|5|May:1;SOV1|5|Nov:1;SOV1|5|Oct:1;SOV1|5|Sep:1,190,8e1f6eec5f28b6aa,200,1-500,501-1500
5,3,31239373.95070916,11178575.0,20060798.95070903,8538750.0,1811250.0,828575.0,19360300.975160856,366334.52411934483,334163.4514289733,,61.68106306344271,28.817130621522665,16.706107573583722,0.0027253329753875732,10.34135890007019,1,2,3,0.038854300685700296,1,3,4,3,0.03999271517457846,1,"{""eta"":[{""iter"":1,""solved"":3,""failed"":0,""gap_p90"":0,""cache_hr"":0,""fixed"":2,""unan"":true,""key"":null}],""gamma_LT"":[{""iter"":1,""solved"":3,""failed"":0,""gap_p90"":0,""cache_hr"":100,""fixed"":1,""unan"":false,""key"":""('gamma_LT', ('CTV',""},{""iter"":2,""solved"":3,""failed"":0,""gap_p90"":0,""cache_hr"":67,""fixed"":1,""unan"":false,""key"":""('gamma_LT', ('SOV',""},{""iter"":3,""solved"":3,""failed"":0,""gap_p90"":0,""cache_hr"":67,""fixed"":2,""unan"":true,""key"":null}]}",0.019995022859287784,True,2,OPTIMAL,solution_within_gap,False,,5:1,CTV|5:2,CTV|5|Jul:1;CTV|5|Jun:1;CTV|5|May:1;SOV|5|Apr:1;SOV|5|Aug:1;SOV|5|Dec:2;SOV|5|Feb:2;SOV|5|Jan:2;SOV|5|Mar:1;SOV|5|Nov:1;SOV|5|Oct:1;SOV|5|Sep:1,SOV1|5|Apr:1;SOV1|5|Aug:1;SOV1|5|Dec:1;SOV1|5|Feb:1;SOV1|5|Jan:1;SOV1|5|Mar:1;SOV1|5|Nov:1;SOV1|5|Oct:1;SOV1|5|Sep:1;SOV2|5|Dec:1;SOV2|5|Feb:1;SOV2|5|Jan:1,17;414;488,8e1f6eec5f28b6aa,200,1-500,501-1500
5,5,30036133.277387835,7761350.0,22274783.27738638,5347500.0,1811250.0,602600.0,21490118.792339195,519537.8128499889,265126.67219863884,,83.32904070429504,25.468732255510986,15.75862383004278,0.004471166059374809,34.95853281021118,1,2,5,0.03928264672158681,1,3,4,5,0.0399984530218557,1,"{""eta"":[{""iter"":1,""solved"":5,""failed"":0,""gap_p90"":0,""cache_hr"":0,""fixed"":2,""unan"":true,""key"":null}],""gamma_LT"":[{""iter"":1,""solved"":5,""failed"":0,""gap_p90"":0,""cache_hr"":100,""fixed"":1,""unan"":false,""key"":""('gamma_LT', ('CTV',""},{""iter"":2,""solved"":5,""failed"":0,""gap_p90"":0,""cache_hr"":80,""fixed"":1,""unan"":false,""key"":""('gamma_LT', ('SOV',""},{""iter"":3,""solved"":5,""failed"":0,""gap_p90"":0,""cache_hr"":40,""fixed"":2,""unan"":true,""key"":null}]}",0.004912534133198869,True,2,OPTIMAL,solution_within_gap,False,,5:1,CTV|5:2,CTV|5|Apr:1;CTV|5|Aug:1;CTV|5|Jan:1;CTV|5|Jul:1;CTV|5|Jun:1;CTV|5|May:1;SOV|5|Dec:1;SOV|5|Feb:1;SOV|5|Jan:1;SOV|5|Mar:1;SOV|5|Nov:1;SOV|5|Oct:1;SOV|5|Sep:1,SOV1|5|Dec:1;SOV1|5|Feb:1;SOV1|5|Jan:1;SOV1|5|Mar:1;SOV1|5|Nov:1;SOV1|5|Oct:1;SOV1|5|Sep:1,198;204;253;361;497,8e1f6eec5f28b6aa,200,1-500,501-1500
5,7,27084942.067179922,10079175.0,17005767.06717875,345000.0,9056250.0,677925.0,16359909.472289056,243273.65040715536,402583.9444837139,,71.404834151268,25.254879203625023,12.421406304463744,0.006128352135419846,25.502036809921265,1,2,7,0.03916235643617339,1,3,4,7,0.039984917640602774,1,"{""eta"":[{""iter"":1,""solved"":7,""failed"":0,""gap_p90"":0,""cache_hr"":0,""fixed"":2,""unan"":true,""key"":null}],""gamma_LT"":[{""iter"":1,""solved"":7,""failed"":0,""gap_p90"":0,""cache_hr"":100,""fixed"":1,""unan"":false,""key"":""('gamma_LT', ('CTV',""},{""iter"":2,""solved"":7,""failed"":0,""gap_p90"":0,""cache_hr"":86,""fixed"":1,""unan"":false,""key"":""('gamma_LT', ('SOV',""},{""iter"":3,""solved"":7,""failed"":0,""gap_p90"":0,""cache_hr"":86,""fixed"":2,""unan"":true,""key"":null}]}",0.01884606883924259,True,2,OPTIMAL,solution_within_gap,False,,5:1,CTV|5:2;SOV|5:1,CTV|5|Dec:3;CTV|5|Jan:1,SOV1|5|Apr:1;SOV1|5|Aug:1;SOV1|5|Dec:1;SOV1|5|Feb:1;SOV1|5|Jan:1;SOV1|5|Jul:1;SOV1|5|Jun:1;SOV1|5|Mar:1;SOV1|5|May:1;SOV1|5|Nov:1;SOV1|5|Oct:1;SOV1|5|Sep:1,185;219;251;417;420;432;485,8e1f6eec5f28b6aa,200,1-500,501-1500
5,10,32132145.05700286,10650150.0,21481995.057006974,7935000.0,1811250.0,903900.0,20781741.266687553,377839.0740378041,322414.7162773171,,237.95668459683657,26.905368944630027,20.409547165967524,0.008810401894152164,180.09885907173157,1,2,10,0.039831026539044856,1,3,4,10,0.03999373560588885,1,"{""eta"":[{""iter"":1,""solved"":10,""failed"":0,""gap_p90"":0,""cache_hr"":0,""fixed"":2,""unan"":true,""key"":null}],""gamma_LT"":[{""iter"":1,""solved"":10,""failed"":0,""gap_p90"":0,""cache_hr"":100,""fixed"":1,""unan"":false,""key"":""('gamma_LT', ('CTV',""},{""iter"":2,""solved"":10,""failed"":0,""gap_p90"":0,""cache_hr"":60,""fixed"":1,""unan"":false,""key"":""('gamma_LT', ('SOV',""},{""iter"":3,""solved"":10,""failed"":0,""gap_p90"":0,""cache_hr"":30,""fixed"":2,""unan"":true,""key"":null}]}",0.014062221468352318,True,2,OPTIMAL,solution_within_gap,False,,5:1,CTV|5:2,CTV|5|Dec:1;CTV|5|Jul:1;CTV|5|Jun:1;CTV|5|May:1;SOV|5|Apr:1;SOV|5|Aug:1;SOV|5|Dec:2;SOV|5|Feb:1;SOV|5|Jan:1;SOV|5|Mar:1;SOV|5|Nov:2;SOV|5|Oct:1;SOV|5|Sep:1,SOV1|5|Apr:1;SOV1|5|Aug:1;SOV1|5|Dec:1;SOV1|5|Feb:1;SOV1|5|Jan:1;SOV1|5|Mar:1;SOV1|5|Nov:1;SOV1|5|Oct:1;SOV1|5|Sep:1;SOV2|5|Dec:1;SOV2|5|Nov:1,34;45;62;99;168;180;309;391;415;484,8e1f6eec5f28b6aa,200,1-500,501-1500
5,15,28629921.31822829,9831350.0,18798571.31822237,172500.0,9056250.0,602600.0,18136722.330878258,257373.51512006123,404475.4722297749,,307.23512922320515,29.942355003207922,21.767243242822587,0.012450763024389744,241.50493788719177,1,2,15,0.03992481338678234,1,3,4,15,0.03998230890579334,1,"{""eta"":[{""iter"":1,""solved"":15,""failed"":0,""gap_p90"":0,""cache_hr"":0,""fixed"":2,""unan"":true,""key"":null}],""gamma_LT"":[{""iter"":1,""solved"":15,""failed"":0,""gap_p90"":0,""cache_hr"":100,""fixed"":1,""unan"":false,""key"":""('gamma_LT', ('CTV',""},{""iter"":2,""solved"":15,""failed"":0,""gap_p90"":0,""cache_hr"":80,""fixed"":1,""unan"":false,""key"":""('gamma_LT', ('SOV',""},{""iter"":3,""solved"":15,""failed"":0,""gap_p90"":0,""cache_hr"":60,""fixed"":2,""unan"":true,""key"":null}]}",0.004858154274400296,True,2,OPTIMAL,solution_within_gap,False,,5:1,CTV|5:2;SOV|5:1,CTV|5|Jan:2,SOV1|5|Apr:1;SOV1|5|Aug:1;SOV1|5|Dec:1;SOV1|5|Feb:1;SOV1|5|Jan:1;SOV1|5|Jul:1;SOV1|5|Jun:1;SOV1|5|Mar:1;SOV1|5|May:1;SOV1|5|Nov:1;SOV1|5|Oct:1;SOV1|5|Sep:1,22;63;93;109;120;140;269;312;336;342;359;361;424;430;468,8e1f6eec5f28b6aa,200,1-500,501-1500
5,20,29742834.432257,8860750.0,20882084.432250176,6296250.0,1811250.0,753250.0,20115949.204665814,472411.6880622442,293723.53952895076,,1296.063412938267,30.942219391465187,21.37435907870531,0.015224338509142399,1226.0914988517761,1,2,20,0.039831026539044856,1,3,4,20,0.03998023624179031,1,"{""eta"":[{""iter"":1,""solved"":20,""failed"":0,""gap_p90"":0,""cache_hr"":0,""fixed"":2,""unan"":true,""key"":null}],""gamma_LT"":[{""iter"":1,""solved"":20,""failed"":0,""gap_p90"":0,""cache_hr"":100,""fixed"":1,""unan"":false,""key"":""('gamma_LT', ('CTV',""},{""iter"":2,""solved"":20,""failed"":0,""gap_p90"":0,""cache_hr"":75,""fixed"":1,""unan"":false,""key"":""('gamma_LT', ('SOV',""},{""iter"":3,""solved"":20,""failed"":0,""gap_p90"":0,""cache_hr"":40,""fixed"":2,""unan"":true,""key"":null}]}",0.005040250344612106,True,2,OPTIMAL,solution_within_gap,False,,5:1,CTV|5:2,CTV|5|Apr:2;CTV|5|Dec:2;CTV|5|Jan:2;CTV|5|Jul:1;CTV|5|Jun:1;CTV|5|May:1;SOV|5|Aug:1;SOV|5|Dec:1;SOV|5|Feb:1;SOV|5|Jan:1;SOV|5|Mar:1;SOV|5|Nov:1;SOV|5|Oct:1;SOV|5|Sep:1,SOV1|5|Aug:1;SOV1|5|Dec:1;SOV1|5|Feb:1;SOV1|5|Jan:1;SOV1|5|Mar:1;SOV1|5|Nov:1;SOV1|5|Oct:1;SOV1|5|Sep:1,19;34;43;62;68;111;141;162;168;173;184;217;250;274;278;357;403;446;458;500,8e1f6eec5f28b6aa,200,1-500,501-1500
6,1,32914052.73466956,11922050.0,20992002.734669667,1811250.0,9056250.0,1054550.0,20371432.99931233,243841.68607206852,376728.0492851442,,19.825131261721253,13.720914112403989,0.0003366386517882347,0.0009926678612828255,1.9789249897003174,1,2,1,0.038380525374936976,1,1,4,1,0.038380525374936976,1,"{""eta"":[{""iter"":1,""solved"":1,""failed"":0,""gap_p90"":0,""cache_hr"":0,""fixed"":2,""unan"":true,""key"":null}],""gamma_LT"":[{""iter"":1,""solved"":1,""failed"":0,""gap_p90"":0,""cache_hr"":100,""fixed"":4,""unan"":true,""key"":null}]}",0.011953096150615478,True,2,OPTIMAL,solution_within_gap,False,,5:1,CTV|5:2;SOV|5:1,CTV|5|Dec:1;CTV|5|Jan:1;CTV|5|Jun:1;CTV|5|Oct:2;SOV|5|Dec:1;SOV|5|Nov:1,SOV1|5|Apr:1;SOV1|5|Aug:1;SOV1|5|Dec:1;SOV1|5|Feb:1;SOV1|5|Jan:1;SOV1|5|Jul:1;SOV1|5|Jun:1;SOV1|5|Mar:1;SOV1|5|May:1;SOV1|5|Nov:1;SOV1|5|Oct:1;SOV1|5|Sep:1;SOV2|5|Dec:1;SOV2|5|Nov:1,240,8e1f6eec5f28b6aa,200,1-500,501-1500
6,3,25550461.74929953,8203525.0,17346936.74929936,5865000.0,1811250.0,527275.0,16571009.344255567,494785.14419748617,281142.2608464823,,56.675737026147544,22.895506069995463,16.772971029393375,0.002820017747581005,11.401660919189453,1,2,3,0.0399990127567793,1,3,4,3,0.0399990127567793,1,"{""eta"":[{""iter"":1,""solved"":3,""failed"":0,""gap_p90"":0,""cache_hr"":0,""fixed"":2,""unan"":true,""key"":null}],""gamma_LT"":[{""iter"":1,""solved"":3,""failed"":0,""gap_p90"":0,""cache_hr"":100,""fixed"":1,""unan"":false,""key"":""('gamma_LT', ('CTV',""},{""iter"":2,""solved"":3,""failed"":0,""gap_p90"":0,""cache_hr"":67,""fixed"":1,""unan"":false,""key"":""('gamma_LT', ('SOV',""},{""iter"":3,""solved"":3,""failed"":0,""gap_p90"":0,""cache_hr"":33,""fixed"":2,""unan"":true,""key"":null}]}",0.009807396946080712,True,2,OPTIMAL,solution_within_gap,False,,5:1,CTV|5:2,CTV|5|Aug:1;CTV|5|Jul:1;CTV|5|Jun:1;CTV|5|May:1;SOV|5|Apr:1;SOV|5|Dec:1;SOV|5|Feb:1;SOV|5|Jan:1;SOV|5|Mar:1;SOV|5|Nov:1;SOV|5|Oct:1;SOV|5|Sep:1,SOV1|5|Apr:1;SOV1|5|Dec:1;SOV1|5|Feb:1;SOV1|5|Jan:1;SOV1|5|Mar:1;SOV1|5|Nov:1;SOV1|5|Oct:1;SOV1|5|Sep:1,107;144;476,8e1f6eec5f28b6aa,200,1-500,501-1500
6,5,28881789.98430641,10499500.0,18382289.98430499,690000.0,9056250.0,753250.0,17749777.261382494,225134.28650815686,407378.43641572556,,65.16519697289914,25.789711170829833,9.948737105354667,0.0044806525111198425,22.2328200340271,1,2,5,0.03941068502717162,1,3,4,5,0.03984367829349698,1,"{""eta"":[{""iter"":1,""solved"":5,""failed"":0,""gap_p90"":0,""cache_hr"":0,""fixed"":2,""unan"":true,""key"":null}],""gamma_LT"":[{""iter"":1,""solved"":5,""failed"":0,""gap_p90"":0,""cache_hr"":100,""fixed"":1,""unan"":false,""key"":""('gamma_LT', ('CTV',""},{""iter"":2,""solved"":5,""failed"":0,""gap_p90"":0,""cache_hr"":80,""fixed"":1,""unan"":false,""key"":""('gamma_LT', ('SOV',""},{""iter"":3,""solved"":5,""failed"":0,""gap_p90"":0,""cache_hr"":60,""fixed"":2,""unan"":true,""key"":null}]}",0.00816078367775724,True,2,OPTIMAL,solution_within_gap,False,,5:1,CTV|5:2;SOV|5:1,SOV|5|Dec:1,SOV1|5|Apr:1;SOV1|5|Aug:1;SOV1|5|Dec:1;SOV1|5|Feb:1;SOV1|5|Jan:1;SOV1|5|Jul:1;SOV1|5|Jun:1;SOV1|5|Mar:1;SOV1|5|May:1;SOV1|5|Nov:1;SOV1|5|Oct:1;SOV1|5|Sep:1;SOV2|5|Dec:1,121;213;329;433;460,8e1f6eec5f28b6aa,200,1-500,501-1500
6,7,30400859.36834548,10403475.0,19997384.368347213,8366250.0,1811250.0,225975.0,19363637.969151184,239521.4337066167,394224.9654876932,,107.7739280834794,27.08750405162573,16.486631165258586,0.006259668618440628,55.91281008720398,1,2,7,0.03999891116264795,1,3,4,7,0.03999891116264795,1,"{""eta"":[{""iter"":1,""solved"":7,""failed"":0,""gap_p90"":0,""cache_hr"":0,""fixed"":2,""unan"":true,""key"":null}],""gamma_LT"":[{""iter"":1,""solved"":7,""failed"":0,""gap_p90"":0,""cache_hr"":100,""fixed"":1,""unan"":false,""key"":""('gamma_LT', ('CTV',""},{""iter"":2,""solved"":7,""failed"":0,""gap_p90"":0,""cache_hr"":86,""fixed"":1,""unan"":false,""key"":""('gamma_LT', ('SOV',""},{""iter"":3,""solved"":7,""failed"":0,""gap_p90"":0,""cache_hr"":29,""fixed"":2,""unan"":true,""key"":null}]}",0.01567479336417368,True,2,OPTIMAL,solution_within_gap,False,,5:1,CTV|5:2,CTV|5|Dec:1;SOV|5|Apr:1;SOV|5|Aug:1;SOV|5|Dec:1;SOV|5|Feb:1;SOV|5|Jan:1;SOV|5|Jul:1;SOV|5|Jun:1;SOV|5|Mar:1;SOV|5|May:1;SOV|5|Nov:1;SOV|5|Oct:1;SOV|5|Sep:1,SOV1|5|Apr:1;SOV1|5|Aug:1;SOV1|5|Dec:1;SOV1|5|Feb:1;SOV1|5|Jan:1;SOV1|5|Jul:1;SOV1|5|Jun:1;SOV1|5|Mar:1;SOV1|5|May:1;SOV1|5|Nov:1;SOV1|5|Oct:1;SOV1|5|Sep:1,41;103;117;118;288;365;464,8e1f6eec5f28b6aa,200,1-500,501-1500
6,10,29250344.545421835,9669775.0,19580569.545426358,86250.0,9056250.0,527275.0,18916064.26800859,257521.96418767126,406983.3132257001,,259.3099795393646,102.96564728207886,15.921476194635034,0.008738803677260876,129.58279705047607,1,2,10,0.039546818621966684,1,3,4,10,0.03998253467512231,1,"{""eta"":[{""iter"":1,""solved"":10,""failed"":0,""gap_p90"":0,""cache_hr"":0,""fixed"":2,""unan"":true,""key"":null}],""gamma_LT"":[{""iter"":1,""solved"":10,""failed"":0,""gap_p90"":0,""cache_hr"":100,""fixed"":1,""unan"":false,""key"":""('gamma_LT', ('CTV',""},{""iter"":2,""solved"":10,""failed"":0,""gap_p90"":0,""cache_hr"":90,""fixed"":1,""unan"":false,""key"":""('gamma_LT', ('SOV',""},{""iter"":3,""solved"":10,""failed"":0,""gap_p90"":0,""cache_hr"":40,""fixed"":2,""unan"":true,""key"":null}]}",0.0105168331075251,True,2,OPTIMAL,solution_within_gap,False,,5:1,CTV|5:2;SOV|5:1,CTV|5|Jan:1,SOV1|5|Apr:1;SOV1|5|Aug:1;SOV1|5|Dec:1;SOV1|5|Feb:1;SOV1|5|Jan:1;SOV1|5|Jul:1;SOV1|5|Jun:1;SOV1|5|Mar:1;SOV1|5|May:1;SOV1|5|Nov:1;SOV1|5|Oct:1;SOV1|5|Sep:1,22;38;66;159;165;211;246;302;359;405,8e1f6eec5f28b6aa,200,1-500,501-1500
6,15,28536951.05100612,10499500.0,18037451.051000312,690000.0,9056250.0,753250.0,17409043.064318717,228113.19236679422,400294.79432040727,,265.1354408673942,27.48390896152705,16.399279847741127,0.004432822577655315,207.72771692276,1,2,15,0.03999823864261059,1,3,4,15,0.03999823864261059,1,"{""eta"":[{""iter"":1,""solved"":15,""failed"":0,""gap_p90"":0,""cache_hr"":0,""fixed"":2,""unan"":true,""key"":null}],""gamma_LT"":[{""iter"":1,""solved"":15,""failed"":0,""gap_p90"":0,""cache_hr"":100,""fixed"":1,""unan"":false,""key"":""('gamma_LT', ('CTV',""},{""iter"":2,""solved"":15,""failed"":0,""gap_p90"":0,""cache_hr"":80,""fixed"":1,""unan"":false,""key"":""('gamma_LT', ('SOV',""},{""iter"":3,""solved"":15,""failed"":0,""gap_p90"":0,""cache_hr"":73,""fixed"":2,""unan"":true,""key"":null}]}",0.01885151477302921,True,2,OPTIMAL,solution_within_gap,False,,5:1,CTV|5:2;SOV|5:1,SOV|5|Dec:1,SOV1|5|Apr:1;SOV1|5|Aug:1;SOV1|5|Dec:1;SOV1|5|Feb:1;SOV1|5|Jan:1;SOV1|5|Jul:1;SOV1|5|Jun:1;SOV1|5|Mar:1;SOV1|5|May:1;SOV1|5|Nov:1;SOV1|5|Oct:1;SOV1|5|Sep:1;SOV2|5|Dec:1,1;20;80;84;92;139;155;158;214;219;222;417;445;469;487,8e1f6eec5f28b6aa,200,1-500,501-1500
6,20,29511637.0015729,8785425.0,20726212.001566198,6296250.0,1811250.0,677925.0,19957123.693003636,464331.3652296303,304756.94333971,,578.9795039920136,31.725313030183315,22.0199524294585,0.01587605383247137,507.8085470199585,1,2,20,0.038986549145139195,1,3,4,20,0.039994791616775806,1,"{""eta"":[{""iter"":1,""solved"":20,""failed"":0,""gap_p90"":0,""cache_hr"":0,""fixed"":2,""unan"":true,""key"":null}],""gamma_LT"":[{""iter"":1,""solved"":20,""failed"":0,""gap_p90"":0,""cache_hr"":100,""fixed"":1,""unan"":false,""key"":""('gamma_LT', ('CTV',""},{""iter"":2,""solved"":20,""failed"":0,""gap_p90"":0,""cache_hr"":65,""fixed"":1,""unan"":false,""key"":""('gamma_LT', ('SOV',""},{""iter"":3,""solved"":20,""failed"":0,""gap_p90"":0,""cache_hr"":35,""fixed"":2,""unan"":true,""key"":null}]}",0.019815512493780954,True,2,OPTIMAL,solution_within_gap,False,,5:1,CTV|5:2,CTV|5|Aug:1;CTV|5|Dec:1;CTV|5|Jan:1;CTV|5|Jul:2;CTV|5|Jun:2;CTV|5|May:2;SOV|5|Apr:1;SOV|5|Dec:1;SOV|5|Feb:1;SOV|5|Jan:1;SOV|5|Mar:1;SOV|5|Nov:1;SOV|5|Oct:1;SOV|5|Sep:1,SOV1|5|Apr:1;SOV1|5|Dec:1;SOV1|5|Feb:1;SOV1|5|Jan:1;SOV1|5|Mar:1;SOV1|5|Nov:1;SOV1|5|Oct:1;SOV1|5|Sep:1,6;13;73;82;89;102;109;153;169;217;220;224;226;227;236;244;329;335;376;452,8e1f6eec5f28b6aa,200,1-500,501-1500
7,1,33533924.426658884,12008300.0,21525624.426659018,1897500.0,9056250.0,1054550.0,20886165.259115078,279461.64041633916,359997.5271274639,,23.12052019033581,17.623152434825897,0.0003389660269021988,0.0009928718209266663,1.2347102165222168,1,2,1,0.03773780246094136,1,1,4,1,0.03773780246094136,1,"{""eta"":[{""iter"":1,""solved"":1,""failed"":0,""gap_p90"":0,""cache_hr"":0,""fixed"":2,""unan"":true,""key"":null}],""gamma_LT"":[{""iter"":1,""solved"":1,""failed"":0,""gap_p90"":0,""cache_hr"":100,""fixed"":4,""unan"":true,""key"":null}]}",0.009776494215723238,True,2,OPTIMAL,solution_within_gap,False,,5:1,CTV|5:2;SOV|5:1,CTV|5|Feb:2;CTV|5|Jan:4;SOV|5|Dec:1;SOV|5|Nov:1,SOV1|5|Apr:1;SOV1|5|Aug:1;SOV1|5|Dec:1;SOV1|5|Feb:1;SOV1|5|Jan:1;SOV1|5|Jul:1;SOV1|5|Jun:1;SOV1|5|Mar:1;SOV1|5|May:1;SOV1|5|Nov:1;SOV1|5|Oct:1;SOV1|5|Sep:1;SOV2|5|Dec:1;SOV2|5|Nov:1,111,8e1f6eec5f28b6aa,200,1-500,501-1500
7,3,30815062.151810605,9669775.0,21145287.151810568,86250.0,9056250.0,527275.0,20468023.369046316,279163.23727761884,398100.54548668413,,36.22945470735431,20.841280406340957,0.00042919907718896866,0.0026963334530591965,9.747008800506592,1,2,3,0.03556203346413625,1,1,4,3,0.03556203346413625,1,"{""eta"":[{""iter"":1,""solved"":3,""failed"":0,""gap_p90"":0,""cache_hr"":0,""fixed"":2,""unan"":true,""key"":null}],""gamma_LT"":[{""iter"":1,""solved"":3,""failed"":0,""gap_p90"":0,""cache_hr"":100,""fixed"":4,""unan"":true,""key"":null}]}",0.01795270132967199,True,2,OPTIMAL,solution_within_gap,False,,5:1,CTV|5:2;SOV|5:1,CTV|5|Feb:1,SOV1|5|Apr:1;SOV1|5|Aug:1;SOV1|5|Dec:1;SOV1|5|Feb:1;SOV1|5|Jan:1;SOV1|5|Jul:1;SOV1|5|Jun:1;SOV1|5|Mar:1;SOV1|5|May:1;SOV1|5|Nov:1;SOV1|5|Oct:1;SOV1|5|Sep:1,88;211;457,8e1f6eec5f28b6aa,200,1-500,501-1500
7,5,27556951.082634665,10273525.0,17283426.08263339,690000.0,9056250.0,527275.0,16622763.946076667,266528.0187468204,394134.1178110855,,68.85504449903965,25.328988964669406,17.92816990893334,0.004475477151572704,18.563345909118652,1,2,5,0.03999823864261059,1,3,4,5,0.03999823864261059,1,"{""eta"":[{""iter"":1,""solved"":5,""failed"":0,""gap_p90"":0,""cache_hr"":0,""fixed"":2,""unan"":true,""key"":null}],""gamma_LT"":[{""iter"":1,""solved"":5,""failed"":0,""gap_p90"":0,""cache_hr"":100,""fixed"":1,""unan"":false,""key"":""('gamma_LT', ('SOV',""},{""iter"":2,""solved"":5,""failed"":0,""gap_p90"":0,""cache_hr"":80,""fixed"":1,""unan"":false,""key"":""('gamma_LT', ('CTV',""},{""iter"":3,""solved"":5,""failed"":0,""gap_p90"":0,""cache_hr"":60,""fixed"":2,""unan"":true,""key"":null}]}",0.01988097758571311,True,2,OPTIMAL,solution_within_gap,False,,5:1,CTV|5:2;SOV|5:1,CTV|5|Aug:1;CTV|5|Dec:1;CTV|5|Feb:1;CTV|5|Jan:1;CTV|5|Jul:1;CTV|5|Nov:1;CTV|5|Oct:1;CTV|5|Sep:1,SOV1|5|Apr:1;SOV1|5|Aug:1;SOV1|5|Dec:1;SOV1|5|Feb:1;SOV1|5|Jan:1;SOV1|5|Jul:1;SOV1|5|Jun:1;SOV1|5|Mar:1;SOV1|5|May:1;SOV1|5|Nov:1;SOV1|5|Oct:1;SOV1|5|Sep:1,11;146;214;269;408,8e1f6eec5f28b6aa,200,1-500,501-1500
7,7,29050512.8827032,12569500.0,16481012.882702611,2760000.0,9056250.0,753250.0,15928803.739894819,198136.27816291637,354072.86464555823,,149.71943373326212,20.986736554652452,25.740035601891577,0.00575205497443676,94.41896796226501,1,2,7,0.037916492624043494,1,3,4,7,0.0399621621480043,1,"{""eta"":[{""iter"":1,""solved"":7,""failed"":0,""gap_p90"":0,""cache_hr"":0,""fixed"":2,""unan"":true,""key"":null}],""gamma_LT"":[{""iter"":1,""solved"":7,""failed"":0,""gap_p90"":0,""cache_hr"":100,""fixed"":1,""unan"":false,""key"":""('gamma_LT', ('CTV',""},{""iter"":2,""solved"":7,""failed"":0,""gap_p90"":0,""cache_hr"":57,""fixed"":1,""unan"":false,""key"":""('gamma_LT', ('SOV',""},{""iter"":3,""solved"":7,""failed"":0,""gap_p90"":0,""cache_hr"":71,""fixed"":2,""unan"":true,""key"":null}]}",0.017985293854355933,True,2,OPTIMAL,solution_within_gap,False,,5:1,CTV|5:2;SOV|5:1,SOV|5|Dec:1;SOV|5|Feb:1;SOV|5|Jan:1;SOV|5|Nov:1,SOV1|5|Apr:1;SOV1|5|Aug:1;SOV1|5|Dec:1;SOV1|5|Feb:1;SOV1|5|Jan:1;SOV1|5|Jul:1;SOV1|5|Jun:1;SOV1|5|Mar:1;SOV1|5|May:1;SOV1|5|Nov:1;SOV1|5|Oct:1;SOV1|5|Sep:1;SOV2|5|Dec:1;SOV2|5|Feb:1;SOV2|5|Jan:1;SOV2|5|Nov:1,16;53;170;285;289;300;347,8e1f6eec5f28b6aa,200,1-500,501-1500
7,10,26316290.604180343,8203525.0,18112765.6041848,5865000.0,1811250.0,527275.0,17363449.39516476,463523.8660059765,285792.34300946526,,294.06909564882517,25.486571395769715,21.950673094950616,0.008343393914401531,236.55204701423645,1,2,10,0.03992481338678234,1,3,4,10,0.03996619521656242,1,"{""eta"":[{""iter"":1,""solved"":10,""failed"":0,""gap_p90"":0,""cache_hr"":0,""fixed"":2,""unan"":true,""key"":null}],""gamma_LT"":[{""iter"":1,""solved"":10,""failed"":0,""gap_p90"":0,""cache_hr"":100,""fixed"":1,""unan"":false,""key"":""('gamma_LT', ('SOV',""},{""iter"":2,""solved"":10,""failed"":0,""gap_p90"":0,""cache_hr"":70,""fixed"":1,""unan"":false,""key"":""('gamma_LT', ('CTV',""},{""iter"":3,""solved"":10,""failed"":0,""gap_p90"":0,""cache_hr"":50,""fixed"":2,""unan"":true,""key"":null}]}",0.007686594891114494,True,2,OPTIMAL,solution_within_gap,False,,5:1,CTV|5:2,CTV|5|Aug:1;CTV|5|Jul:1;CTV|5|Jun:1;CTV|5|May:1;SOV|5|Apr:1;SOV|5|Dec:1;SOV|5|Feb:1;SOV|5|Jan:1;SOV|5|Mar:1;SOV|5|Nov:1;SOV|5|Oct:1;SOV|5|Sep:1,SOV1|5|Apr:1;SOV1|5|Dec:1;SOV1|5|Feb:1;SOV1|5|Jan:1;SOV1|5|Mar:1;SOV1|5|Nov:1;SOV1|5|Oct:1;SOV1|5|Sep:1,138;172;190;199;201;348;371;424;491;496,8e1f6eec5f28b6aa,200,1-500,501-1500
7,15,28624306.38331353,9464500.0,19159806.383307084,6900000.0,1811250.0,753250.0,18420629.247766033,414140.5650180187,325036.5705295751,,374.0808916706592,27.638451548293233,17.97161469142884,0.011410955339670181,314.17484998703003,1,2,15,0.039851014971542476,1,3,4,15,0.03999852762295508,1,"{""eta"":[{""iter"":1,""solved"":15,""failed"":0,""gap_p90"":0,""cache_hr"":0,""fixed"":2,""unan"":true,""key"":null}],""gamma_LT"":[{""iter"":1,""solved"":15,""failed"":0,""gap_p90"":0,""cache_hr"":100,""fixed"":1,""unan"":false,""key"":""('gamma_LT', ('CTV',""},{""iter"":2,""solved"":15,""failed"":0,""gap_p90"":0,""cache_hr"":73,""fixed"":1,""unan"":false,""key"":""('gamma_LT', ('SOV',""},{""iter"":3,""solved"":15,""failed"":0,""gap_p90"":0,""cache_hr"":47,""fixed"":2,""unan"":true,""key"":null}]}",0.017645109191337955,True,2,OPTIMAL,solution_within_gap,False,,5:1,CTV|5:2,CTV|5|Dec:1;CTV|5|Jan:2;CTV|5|Jul:2;CTV|5|Jun:2;CTV|5|May:1;SOV|5|Apr:1;SOV|5|Aug:1;SOV|5|Dec:1;SOV|5|Feb:1;SOV|5|Jan:1;SOV|5|Mar:1;SOV|5|Nov:1;SOV|5|Oct:1;SOV|5|Sep:1,SOV1|5|Apr:1;SOV1|5|Aug:1;SOV1|5|Dec:1;SOV1|5|Feb:1;SOV1|5|Jan:1;SOV1|5|Mar:1;SOV1|5|Nov:1;SOV1|5|Oct:1;SOV1|5|Sep:1,56;65;93;126;221;316;320;322;342;345;346;383;424;461;482,8e1f6eec5f28b6aa,200,1-500,501-1500
7,20,28411441.327473905,7847600.0,20563841.327467043,5433750.0,1811250.0,602600.0,19786910.78206981,516881.42084571323,260049.12455835196,,1626.6896140510216,108.8358101202175,23.70081842225045,0.015225856564939022,1475.0057320594788,1,2,20,0.039927651646662156,1,3,4,20,0.039995814894105024,1,"{""eta"":[{""iter"":1,""solved"":20,""failed"":0,""gap_p90"":0,""cache_hr"":0,""fixed"":2,""unan"":true,""key"":null}],""gamma_LT"":[{""iter"":1,""solved"":20,""failed"":0,""gap_p90"":0,""cache_hr"":100,""fixed"":1,""unan"":false,""key"":""('gamma_LT', ('SOV',""},{""iter"":2,""solved"":20,""failed"":0,""gap_p90"":0,""cache_hr"":60,""fixed"":1,""unan"":false,""key"":""('gamma_LT', ('CTV',""},{""iter"":3,""solved"":20,""failed"":0,""gap_p90"":0,""cache_hr"":50,""fixed"":2,""unan"":true,""key"":null}]}",0.0006794835941708993,True,2,OPTIMAL,solution_within_gap,False,,5:1,CTV|5:2,CTV|5|Apr:1;CTV|5|Aug:1;CTV|5|Dec:1;CTV|5|Jan:1;CTV|5|Jul:1;CTV|5|Jun:1;CTV|5|May:1;SOV|5|Dec:1;SOV|5|Feb:1;SOV|5|Jan:1;SOV|5|Mar:1;SOV|5|Nov:1;SOV|5|Oct:1;SOV|5|Sep:1,SOV1|5|Dec:1;SOV1|5|Feb:1;SOV1|5|Jan:1;SOV1|5|Mar:1;SOV1|5|Nov:1;SOV1|5|Oct:1;SOV1|5|Sep:1,2;15;32;70;76;80;81;83;186;218;222;246;272;298;368;392;394;466;473;493,8e1f6eec5f28b6aa,200,1-500,501-1500
8,1,25013063.088345256,9701975.0,15311088.088345295,948750.0,8150625.0,602600.0,14643625.928102892,255777.14367637457,411685.01656599145,,27.232569333165884,21.39871390722692,0.0003543803468346596,0.0009861057624220848,1.8508310317993164,1,2,1,0.03896250874795055,1,1,4,1,0.03896250874795055,1,"{""eta"":[{""iter"":1,""solved"":1,""failed"":0,""gap_p90"":0,""cache_hr"":0,""fixed"":2,""unan"":true,""key"":null}],""gamma_LT"":[{""iter"":1,""solved"":1,""failed"":0,""gap_p90"":0,""cache_hr"":100,""fixed"":4,""unan"":true,""key"":null}]}",0.015150700991965966,True,2,OPTIMAL,solution_within_gap,False,,5:1,CTV|5:1;SOV|5:1,CTV|5|Apr:1;CTV|5|Aug:1;CTV|5|Dec:1;CTV|5|Feb:1;CTV|5|Jan:3;CTV|5|Mar:1;CTV|5|Nov:1;CTV|5|Oct:1;CTV|5|Sep:1,SOV1|5|Apr:1;SOV1|5|Aug:1;SOV1|5|Dec:1;SOV1|5|Feb:1;SOV1|5|Jan:1;SOV1|5|Jul:1;SOV1|5|Jun:1;SOV1|5|Mar:1;SOV1|5|May:1;SOV1|5|Nov:1;SOV1|5|Oct:1;SOV1|5|Sep:1,434,8e1f6eec5f28b6aa,200,1-500,501-1500
8,3,30241783.677494466,11189500.0,19052283.677494448,1380000.0,9056250.0,753250.0,18413230.773537666,211665.6250240568,427387.2789327416,,38.90817869268358,15.675792820751667,4.7090834360569715,0.0027172528207302094,12.85371994972229,1,2,3,0.035390024193195195,1,2,4,3,0.03991643338555523,1,"{""eta"":[{""iter"":1,""solved"":3,""failed"":0,""gap_p90"":0,""cache_hr"":0,""fixed"":2,""unan"":true,""key"":null}],""gamma_LT"":[{""iter"":1,""solved"":3,""failed"":0,""gap_p90"":0,""cache_hr"":100,""fixed"":1,""unan"":false,""key"":""('gamma_LT', ('CTV',""},{""iter"":2,""solved"":3,""failed"":0,""gap_p90"":0,""cache_hr"":67,""fixed"":3,""unan"":true,""key"":null}]}",0.018859827331897935,True,2,OPTIMAL,solution_within_gap,False,,5:1,CTV|5:2;SOV|5:1,SOV|5|Dec:1;SOV|5|Nov:1,SOV1|5|Apr:1;SOV1|5|Aug:1;SOV1|5|Dec:1;SOV1|5|Feb:1;SOV1|5|Jan:1;SOV1|5|Jul:1;SOV1|5|Jun:1;SOV1|5|Mar:1;SOV1|5|May:1;SOV1|5|Nov:1;SOV1|5|Oct:1;SOV1|5|Sep:1;SOV2|5|Dec:1;SOV2|5|Nov:1,290;296;393,8e1f6eec5f28b6aa,200,1-500,501-1500
8,5,27133510.98317085,8968850.0,18164660.983169336,6555000.0,1811250.0,602600.0,17414187.85350407,424077.8461481316,326395.28351861297,,70.59369848947972,23.663168526254594,8.366576646454632,0.0044632041826844215,31.765196800231934,1,2,5,0.039668885592706794,1,2,4,5,0.039940527123334374,1,"{""eta"":[{""iter"":1,""solved"":5,""failed"":0,""gap_p90"":0,""cache_hr"":0,""fixed"":2,""unan"":true,""key"":null}],""gamma_LT"":[{""iter"":1,""solved"":5,""failed"":0,""gap_p90"":0,""cache_hr"":100,""fixed"":1,""unan"":false,""key"":""('gamma_LT', ('SOV',""},{""iter"":2,""solved"":5,""failed"":0,""gap_p90"":0,""cache_hr"":60,""fixed"":3,""unan"":true,""key"":null}]}",0.010912779870133222,True,2,OPTIMAL,solution_within_gap,False,,5:1,CTV|5:2,CTV|5|Jul:1;CTV|5|Jun:1;CTV|5|May:2;SOV|5|Apr:1;SOV|5|Aug:1;SOV|5|Dec:1;SOV|5|Feb:1;SOV|5|Jan:1;SOV|5|Mar:1;SOV|5|Nov:1;SOV|5|Oct:1;SOV|5|Sep:1,SOV1|5|Apr:1;SOV1|5|Aug:1;SOV1|5|Dec:1;SOV1|5|Feb:1;SOV1|5|Jan:1;SOV1|5|Mar:1;SOV1|5|Nov:1;SOV1|5|Oct:1;SOV1|5|Sep:1,10;65;307;351;386,8e1f6eec5f28b6aa,200,1-500,501-1500
8,7,26625190.09762509,9194825.0,17430365.097625714,6555000.0,1811250.0,828575.0,16689369.081565116,452746.6631423701,288249.35291759064,,148.21656414214522,27.43380364123732,16.45544936414808,0.006224149838089943,96.0925281047821,1,2,7,0.03999823864261059,1,3,4,7,0.03999823864261059,1,"{""eta"":[{""iter"":1,""solved"":7,""failed"":0,""gap_p90"":0,""cache_hr"":0,""fixed"":2,""unan"":true,""key"":null}],""gamma_LT"":[{""iter"":1,""solved"":7,""failed"":0,""gap_p90"":0,""cache_hr"":100,""fixed"":1,""unan"":false,""key"":""('gamma_LT', ('CTV',""},{""iter"":2,""solved"":7,""failed"":0,""gap_p90"":0,""cache_hr"":57,""fixed"":1,""unan"":false,""key"":""('gamma_LT', ('SOV',""},{""iter"":3,""solved"":7,""failed"":0,""gap_p90"":0,""cache_hr"":43,""fixed"":2,""unan"":true,""key"":null}]}",0.018442462908371017,True,2,OPTIMAL,solution_within_gap,False,,5:1,CTV|5:2,CTV|5|Aug:1;CTV|5|Jul:1;CTV|5|Jun:1;CTV|5|May:1;SOV|5|Apr:1;SOV|5|Dec:2;SOV|5|Feb:1;SOV|5|Jan:1;SOV|5|Mar:1;SOV|5|Nov:1;SOV|5|Oct:1;SOV|5|Sep:1,SOV1|5|Apr:1;SOV1|5|Dec:1;SOV1|5|Feb:1;SOV1|5|Jan:1;SOV1|5|Mar:1;SOV1|5|Nov:1;SOV1|5|Oct:1;SOV1|5|Sep:1;SOV2|5|Dec:1,214;227;251;253;285;303;310,8e1f6eec5f28b6aa,200,1-500,501-1500
8,10,29281424.00880591,10704200.0,18577224.008810338,1725000.0,8150625.0,828575.0,17939304.265252467,231866.6650039671,406053.07854955917,,164.6041240086779,34.11304204724729,25.651004750281572,0.008873803541064262,94.51051592826843,1,2,10,0.03912946005466482,1,3,4,10,0.03997991950924701,1,"{""eta"":[{""iter"":1,""solved"":10,""failed"":0,""gap_p90"":0,""cache_hr"":0,""fixed"":2,""unan"":true,""key"":null}],""gamma_LT"":[{""iter"":1,""solved"":10,""failed"":0,""gap_p90"":0,""cache_hr"":100,""fixed"":1,""unan"":false,""key"":""('gamma_LT', ('CTV',""},{""iter"":2,""solved"":10,""failed"":0,""gap_p90"":0,""cache_hr"":10,""fixed"":1,""unan"":false,""key"":""('gamma_LT', ('SOV',""},{""iter"":3,""solved"":10,""failed"":0,""gap_p90"":0,""cache_hr"":60,""fixed"":2,""unan"":true,""key"":null}]}",0.019987001610932156,True,2,OPTIMAL,solution_within_gap,False,,5:1,CTV|5:1;SOV|5:1,CTV|5|Aug:1;CTV|5|Dec:2;CTV|5|Feb:2;CTV|5|Jan:2;CTV|5|Mar:2;CTV|5|Nov:1;CTV|5|Oct:1;CTV|5|Sep:1;SOV|5|Jan:1,SOV1|5|Apr:1;SOV1|5|Aug:1;SOV1|5|Dec:1;SOV1|5|Feb:1;SOV1|5|Jan:1;SOV1|5|Jul:1;SOV1|5|Jun:1;SOV1|5|Mar:1;SOV1|5|May:1;SOV1|5|Nov:1;SOV1|5|Oct:1;SOV1|5|Sep:1;SOV2|5|Jan:1,46;68;81;132;162;202;221;311;321;457,8e1f6eec5f28b6aa,200,1-500,501-1500
8,15,27600161.01786422,9917600.0,17682561.01785829,258750.0,9056250.0,602600.0,17035134.948966328,250158.01395533435,397268.05494239787,,225.10711467452347,30.464497509412467,19.117039058357477,0.012636402621865273,161.4878330230713,1,2,15,0.03995214408929136,1,3,4,15,0.03999366637736367,1,"{""eta"":[{""iter"":1,""solved"":15,""failed"":0,""gap_p90"":0,""cache_hr"":0,""fixed"":2,""unan"":true,""key"":null}],""gamma_LT"":[{""iter"":1,""solved"":15,""failed"":0,""gap_p90"":0,""cache_hr"":100,""fixed"":1,""unan"":false,""key"":""('gamma_LT', ('CTV',""},{""iter"":2,""solved"":15,""failed"":0,""gap_p90"":0,""cache_hr"":80,""fixed"":1,""unan"":false,""key"":""('gamma_LT', ('SOV',""},{""iter"":3,""solved"":15,""failed"":0,""gap_p90"":0,""cache_hr"":60,""fixed"":2,""unan"":true,""key"":null}]}",0.0194214455111164,True,2,OPTIMAL,solution_within_gap,False,,5:1,CTV|5:2;SOV|5:1,CTV|5|Dec:1;CTV|5|May:1;CTV|5|Nov:1,SOV1|5|Apr:1;SOV1|5|Aug:1;SOV1|5|Dec:1;SOV1|5|Feb:1;SOV1|5|Jan:1;SOV1|5|Jul:1;SOV1|5|Jun:1;SOV1|5|Mar:1;SOV1|5|May:1;SOV1|5|Nov:1;SOV1|5|Oct:1;SOV1|5|Sep:1,12;24;37;54;63;232;234;308;312;315;331;348;368;465;474,8e1f6eec5f28b6aa,200,1-500,501-1500
8,20,27856238.34240018,7599775.0,20256463.3423931,5261250.0,1811250.0,527275.0,19474567.040846016,511018.4908389754,270877.81071522395,,499.5975394882262,29.985561224631965,21.825965153053403,0.016250268556177616,429.43383383750916,1,2,20,0.039235669517007535,1,3,4,20,0.039961299452805354,1,"{""eta"":[{""iter"":1,""solved"":20,""failed"":0,""gap_p90"":0,""cache_hr"":0,""fixed"":2,""unan"":true,""key"":null}],""gamma_LT"":[{""iter"":1,""solved"":20,""failed"":0,""gap_p90"":0,""cache_hr"":100,""fixed"":1,""unan"":false,""key"":""('gamma_LT', ('CTV',""},{""iter"":2,""solved"":20,""failed"":0,""gap_p90"":0,""cache_hr"":70,""fixed"":1,""unan"":false,""key"":""('gamma_LT', ('SOV',""},{""iter"":3,""solved"":20,""failed"":0,""gap_p90"":0,""cache_hr"":55,""fixed"":2,""unan"":true,""key"":null}]}",0.018770382726281006,True,2,OPTIMAL,solution_within_gap,False,,5:1,CTV|5:2,CTV|5|Apr:1;CTV|5|Aug:1;CTV|5|Jul:1;CTV|5|Jun:1;CTV|5|May:1;SOV|5|Dec:1;SOV|5|Feb:1;SOV|5|Jan:1;SOV|5|Mar:1;SOV|5|Nov:1;SOV|5|Oct:1;SOV|5|Sep:1,SOV1|5|Dec:1;SOV1|5|Feb:1;SOV1|5|Jan:1;SOV1|5|Mar:1;SOV1|5|Nov:1;SOV1|5|Oct:1;SOV1|5|Sep:1,24;61;64;102;147;149;150;174;191;199;218;239;306;314;340;386;389;434;435;436,8e1f6eec5f28b6aa,200,1-500,501-1500
9,1,25846921.620501064,9831350.0,16015571.620501097,172500.0,9056250.0,602600.0,15386243.380810808,259954.56497028828,369373.67471996427,,17.799229233525693,12.125825203023851,0.00039097853004932404,0.0009370883926749229,1.8223240375518799,1,2,1,0.02507492574698248,1,1,4,1,0.02507492574698248,1,"{""eta"":[{""iter"":1,""solved"":1,""failed"":0,""gap_p90"":0,""cache_hr"":0,""fixed"":2,""unan"":true,""key"":null}],""gamma_LT"":[{""iter"":1,""solved"":1,""failed"":0,""gap_p90"":0,""cache_hr"":100,""fixed"":4,""unan"":true,""key"":null}]}",0.012157178807543877,True,2,OPTIMAL,solution_within_gap,False,,5:1,CTV|5:2;SOV|5:1,CTV|5|Dec:1;CTV|5|Oct:1,SOV1|5|Apr:1;SOV1|5|Aug:1;SOV1|5|Dec:1;SOV1|5|Feb:1;SOV1|5|Jan:1;SOV1|5|Jul:1;SOV1|5|Jun:1;SOV1|5|Mar:1;SOV1|5|May:1;SOV1|5|Nov:1;SOV1|5|Oct:1;SOV1|5|Sep:1,114,8e1f6eec5f28b6aa,200,1-500,501-1500
9,3,30728191.34942576,9281075.0,21447116.349425495,6641250.0,1811250.0,828575.0,20699683.810082145,486748.59829095786,260683.94105265292,,45.094228552654386,21.235901445150375,10.648438996635377,0.002738630399107933,7.700284004211426,1,2,3,0.03992015073740955,1,3,4,3,0.03999661551048734,1,"{""eta"":[{""iter"":1,""solved"":3,""failed"":0,""gap_p90"":0,""cache_hr"":0,""fixed"":2,""unan"":true,""key"":null}],""gamma_LT"":[{""iter"":1,""solved"":3,""failed"":0,""gap_p90"":0,""cache_hr"":100,""fixed"":1,""unan"":false,""key"":""('gamma_LT', ('CTV',""},{""iter"":2,""solved"":3,""failed"":0,""gap_p90"":0,""cache_hr"":33,""fixed"":1,""unan"":false,""key"":""('gamma_LT', ('SOV',""},{""iter"":3,""solved"":3,""failed"":0,""gap_p90"":0,""cache_hr"":67,""fixed"":2,""unan"":true,""key"":null}]}",0.012265898105768211,True,2,OPTIMAL,solution_within_gap,False,,5:1,CTV|5:2,CTV|5|Apr:1;CTV|5|Aug:1;CTV|5|Jul:1;CTV|5|Jun:1;CTV|5|May:1;SOV|5|Dec:1;SOV|5|Feb:2;SOV|5|Jan:2;SOV|5|Mar:1;SOV|5|Nov:1;SOV|5|Oct:1;SOV|5|Sep:1,SOV1|5|Dec:1;SOV1|5|Feb:1;SOV1|5|Jan:1;SOV1|5|Mar:1;SOV1|5|Nov:1;SOV1|5|Oct:1;SOV1|5|Sep:1;SOV2|5|Feb:1;SOV2|5|Jan:1,172;218;306,8e1f6eec5f28b6aa,200,1-500,501-1500
9,5,25463356.35914935,7599775.0,17863581.35914784,5261250.0,1811250.0,527275.0,17088032.41544367,510926.3658276773,264622.5778779662,,80.85111137479544,23.745070564560592,13.893648822791874,0.004537866450846195,36.15147805213928,1,2,5,0.039998377021061134,1,3,4,5,0.039998377021061134,1,"{""eta"":[{""iter"":1,""solved"":5,""failed"":0,""gap_p90"":0,""cache_hr"":0,""fixed"":2,""unan"":true,""key"":null}],""gamma_LT"":[{""iter"":1,""solved"":5,""failed"":0,""gap_p90"":0,""cache_hr"":100,""fixed"":1,""unan"":false,""key"":""('gamma_LT', ('SOV',""},{""iter"":2,""solved"":5,""failed"":0,""gap_p90"":0,""cache_hr"":80,""fixed"":1,""unan"":false,""key"":""('gamma_LT', ('CTV',""},{""iter"":3,""solved"":5,""failed"":0,""gap_p90"":0,""cache_hr"":60,""fixed"":2,""unan"":true,""key"":null}]}",0.0055456077771662915,True,2,OPTIMAL,solution_within_gap,False,,5:1,CTV|5:2,CTV|5|Apr:1;CTV|5|Aug:1;CTV|5|Jul:1;CTV|5|Jun:1;CTV|5|May:1;SOV|5|Dec:1;SOV|5|Feb:1;SOV|5|Jan:1;SOV|5|Mar:1;SOV|5|Nov:1;SOV|5|Oct:1;SOV|5|Sep:1,SOV1|5|Dec:1;SOV1|5|Feb:1;SOV1|5|Jan:1;SOV1|5|Mar:1;SOV1|5|Nov:1;SOV1|5|Oct:1;SOV1|5|Sep:1,172;186;297;341;489,8e1f6eec5f28b6aa,200,1-500,501-1500
9,7,29846906.36266683,10488575.0,19358331.362669095,7848750.0,1811250.0,828575.0,18655203.37933185,399183.0168710932,303944.9664639099,,106.99869501497597,31.639000602066517,15.830467730760574,0.006191178224980831,51.47494101524353,1,2,7,0.039924420815737126,1,3,4,7,0.039991908369368986,1,"{""eta"":[{""iter"":1,""solved"":7,""failed"":0,""gap_p90"":0,""cache_hr"":0,""fixed"":2,""unan"":true,""key"":null}],""gamma_LT"":[{""iter"":1,""solved"":7,""failed"":0,""gap_p90"":0,""cache_hr"":100,""fixed"":1,""unan"":false,""key"":""('gamma_LT', ('CTV',""},{""iter"":2,""solved"":7,""failed"":0,""gap_p90"":0,""cache_hr"":71,""fixed"":1,""unan"":false,""key"":""('gamma_LT', ('SOV',""},{""iter"":3,""solved"":7,""failed"":0,""gap_p90"":0,""cache_hr"":57,""fixed"":2,""unan"":true,""key"":null}]}",0.016004266775833786,True,2,OPTIMAL,solution_within_gap,False,,5:1,CTV|5:2,CTV|5|Jul:1;CTV|5|Jun:1;CTV|5|May:1;SOV|5|Apr:1;SOV|5|Aug:1;SOV|5|Dec:2;SOV|5|Feb:1;SOV|5|Jan:2;SOV|5|Mar:1;SOV|5|Nov:1;SOV|5|Oct:1;SOV|5|Sep:1,SOV1|5|Apr:1;SOV1|5|Aug:1;SOV1|5|Dec:1;SOV1|5|Feb:1;SOV1|5|Jan:1;SOV1|5|Mar:1;SOV1|5|Nov:1;SOV1|5|Oct:1;SOV1|5|Sep:1;SOV2|5|Dec:1;SOV2|5|Jan:1,68;142;244;270;301;437;439,8e1f6eec5f28b6aa,200,1-500,501-1500
9,10,29761391.84050388,7599775.0,22161616.84050852,5261250.0,1811250.0,527275.0,21396621.64053642,516793.39748601394,248201.80248136292,,305.7552150292322,26.951160575263202,28.5118061369285,0.008790827356278896,240.03654980659485,1,2,10,0.03938933904967296,1,3,4,10,0.039997882435673184,1,"{""eta"":[{""iter"":1,""solved"":10,""failed"":0,""gap_p90"":0,""cache_hr"":0,""fixed"":2,""unan"":true,""key"":null}],""gamma_LT"":[{""iter"":1,""solved"":10,""failed"":0,""gap_p90"":0,""cache_hr"":100,""fixed"":1,""unan"":false,""key"":""('gamma_LT', ('SOV',""},{""iter"":2,""solved"":10,""failed"":0,""gap_p90"":0,""cache_hr"":20,""fixed"":1,""unan"":false,""key"":""('gamma_LT', ('CTV',""},{""iter"":3,""solved"":10,""failed"":0,""gap_p90"":0,""cache_hr"":30,""fixed"":2,""unan"":true,""key"":null}]}",0.006684770919246359,True,2,OPTIMAL,solution_within_gap,False,,5:1,CTV|5:2,CTV|5|Apr:1;CTV|5|Aug:1;CTV|5|Jul:1;CTV|5|Jun:1;CTV|5|May:1;SOV|5|Dec:1;SOV|5|Feb:1;SOV|5|Jan:1;SOV|5|Mar:1;SOV|5|Nov:1;SOV|5|Oct:1;SOV|5|Sep:1,SOV1|5|Dec:1;SOV1|5|Feb:1;SOV1|5|Jan:1;SOV1|5|Mar:1;SOV1|5|Nov:1;SOV1|5|Oct:1;SOV1|5|Sep:1,19;55;83;106;257;273;354;383;394;408,8e1f6eec5f28b6aa,200,1-500,501-1500
9,15,28171688.97638625,9669775.0,18501913.97638047,86250.0,9056250.0,527275.0,17839874.095869366,250528.01900413484,411511.86151252844,,351.11279669962823,29.026156925596297,18.81722914800048,0.012434126809239388,289.245463848114,1,2,15,0.03958246135179903,1,3,4,15,0.03999789614120257,1,"{""eta"":[{""iter"":1,""solved"":15,""failed"":0,""gap_p90"":0,""cache_hr"":0,""fixed"":2,""unan"":true,""key"":null}],""gamma_LT"":[{""iter"":1,""solved"":15,""failed"":0,""gap_p90"":0,""cache_hr"":100,""fixed"":1,""unan"":false,""key"":""('gamma_LT', ('SOV',""},{""iter"":2,""solved"":15,""failed"":0,""gap_p90"":0,""cache_hr"":67,""fixed"":1,""unan"":false,""key"":""('gamma_LT', ('CTV',""},{""iter"":3,""solved"":15,""failed"":0,""gap_p90"":0,""cache_hr"":60,""fixed"":2,""unan"":true,""key"":null}]}",0.006467172558913159,True,2,OPTIMAL,solution_within_gap,False,,5:1,CTV|5:2;SOV|5:1,CTV|5|Jan:1,SOV1|5|Apr:1;SOV1|5|Aug:1;SOV1|5|Dec:1;SOV1|5|Feb:1;SOV1|5|Jan:1;SOV1|5|Jul:1;SOV1|5|Jun:1;SOV1|5|Mar:1;SOV1|5|May:1;SOV1|5|Nov:1;SOV1|5|Oct:1;SOV1|5|Sep:1,30;45;61;203;214;238;254;291;303;355;357;435;469;483;496,8e1f6eec5f28b6aa,200,1-500,501-1500
9,20,28478116.100382358,8203525.0,20274591.100375284,5865000.0,1811250.0,527275.0,19535520.280309126,442226.4830516683,296844.33702156646,,1350.2587746921927,31.71675482299179,23.78781535755843,0.014730161055922508,1275.8515770435333,1,2,20,0.03984592910115585,1,3,4,20,0.03998999771934674,1,"{""eta"":[{""iter"":1,""solved"":20,""failed"":0,""gap_p90"":0,""cache_hr"":0,""fixed"":2,""unan"":true,""key"":null}],""gamma_LT"":[{""iter"":1,""solved"":20,""failed"":0,""gap_p90"":0,""cache_hr"":100,""fixed"":1,""unan"":false,""key"":""('gamma_LT', ('CTV',""},{""iter"":2,""solved"":20,""failed"":0,""gap_p90"":0,""cache_hr"":70,""fixed"":1,""unan"":false,""key"":""('gamma_LT', ('SOV',""},{""iter"":3,""solved"":20,""failed"":0,""gap_p90"":0,""cache_hr"":40,""fixed"":2,""unan"":true,""key"":null}]}",0.0029377697193095813,True,2,OPTIMAL,solution_within_gap,False,,5:1,CTV|5:2,CTV|5|Aug:1;CTV|5|Jul:1;CTV|5|Jun:1;CTV|5|May:1;SOV|5|Apr:1;SOV|5|Dec:1;SOV|5|Feb:1;SOV|5|Jan:1;SOV|5|Mar:1;SOV|5|Nov:1;SOV|5|Oct:1;SOV|5|Sep:1,SOV1|5|Apr:1;SOV1|5|Dec:1;SOV1|5|Feb:1;SOV1|5|Jan:1;SOV1|5|Mar:1;SOV1|5|Nov:1;SOV1|5|Oct:1;SOV1|5|Sep:1,8;26;43;74;90;100;134;138;197;210;227;255;314;351;369;396;433;447;450;453,8e1f6eec5f28b6aa,200,1-500,501-1500
10,1,28644938.78029114,10489150.0,18155788.780291233,0.0,9961875.0,527275.0,17481831.58701218,260335.00114113654,413622.19213781133,,18.20415305532515,12.314525772817433,0.00033432431519031525,0.0009998278692364693,1.7886428833007812,1,2,1,0.03993999721585884,1,1,4,1,0.03993999721585884,1,"{""eta"":[{""iter"":1,""solved"":1,""failed"":0,""gap_p90"":0,""cache_hr"":0,""fixed"":2,""unan"":true,""key"":null}],""gamma_LT"":[{""iter"":1,""solved"":1,""failed"":0,""gap_p90"":0,""cache_hr"":100,""fixed"":4,""unan"":true,""key"":null}]}",0.0035332458102951742,True,2,OPTIMAL,solution_within_gap,False,,5:1,CTV|5:3;SOV|5:1,,SOV1|5|Apr:1;SOV1|5|Aug:1;SOV1|5|Dec:1;SOV1|5|Feb:1;SOV1|5|Jan:1;SOV1|5|Jul:1;SOV1|5|Jun:1;SOV1|5|Mar:1;SOV1|5|May:1;SOV1|5|Nov:1;SOV1|5|Oct:1;SOV1|5|Sep:1,79,8e1f6eec5f28b6aa,200,1-500,501-1500
10,3,33981660.136932254,12223350.0,21758310.136932287,1811250.0,9056250.0,1355850.0,21067785.96492602,244975.54378314846,445548.628223121,,35.88549148477614,17.983533965423703,3.9458893723785877,0.0027378546074032784,8.510939121246338,1,2,3,0.039088502420387514,1,2,4,3,0.039088502420387514,1,"{""eta"":[{""iter"":1,""solved"":3,""failed"":0,""gap_p90"":0,""cache_hr"":0,""fixed"":2,""unan"":true,""key"":null}],""gamma_LT"":[{""iter"":1,""solved"":3,""failed"":0,""gap_p90"":0,""cache_hr"":100,""fixed"":1,""unan"":false,""key"":""('gamma_LT', ('CTV',""},{""iter"":2,""solved"":3,""failed"":0,""gap_p90"":0,""cache_hr"":67,""fixed"":3,""unan"":true,""key"":null}]}",0.013381269832377876,True,2,OPTIMAL,solution_within_gap,False,,5:1,CTV|5:2;SOV|5:1,CTV|5|Dec:4;CTV|5|Jan:1;SOV|5|Dec:2,SOV1|5|Apr:1;SOV1|5|Aug:1;SOV1|5|Dec:1;SOV1|5|Feb:1;SOV1|5|Jan:1;SOV1|5|Jul:1;SOV1|5|Jun:1;SOV1|5|Mar:1;SOV1|5|May:1;SOV1|5|Nov:1;SOV1|5|Oct:1;SOV1|5|Sep:1;SOV2|5|Dec:1;SOV3|5|Dec:1,158;319;390,8e1f6eec5f28b6aa,200,1-500,501-1500
10,5,28391457.48074687,9831350.0,18560107.480745465,172500.0,9056250.0,602600.0,17941049.534545098,245922.90880954298,373135.0373921955,,70.81013973988593,27.38489669933915,15.178076562471688,0.004427648149430752,20.72927689552307,1,2,5,0.039377678029514154,1,3,4,5,0.03991880365192064,1,"{""eta"":[{""iter"":1,""solved"":5,""failed"":0,""gap_p90"":0,""cache_hr"":0,""fixed"":2,""unan"":true,""key"":null}],""gamma_LT"":[{""iter"":1,""solved"":5,""failed"":0,""gap_p90"":0,""cache_hr"":100,""fixed"":1,""unan"":false,""key"":""('gamma_LT', ('CTV',""},{""iter"":2,""solved"":5,""failed"":0,""gap_p90"":0,""cache_hr"":80,""fixed"":1,""unan"":false,""key"":""('gamma_LT', ('SOV',""},{""iter"":3,""solved"":5,""failed"":0,""gap_p90"":0,""cache_hr"":60,""fixed"":2,""unan"":true,""key"":null}]}",0.014025095530952627,True,2,OPTIMAL,solution_within_gap,False,,5:1,CTV|5:2;SOV|5:1,CTV|5|Dec:1;CTV|5|Mar:1,SOV1|5|Apr:1;SOV1|5|Aug:1;SOV1|5|Dec:1;SOV1|5|Feb:1;SOV1|5|Jan:1;SOV1|5|Jul:1;SOV1|5|Jun:1;SOV1|5|Mar:1;SOV1|5|May:1;SOV1|5|Nov:1;SOV1|5|Oct:1;SOV1|5|Sep:1,116;119;426;485;490,8e1f6eec5f28b6aa,200,1-500,501-1500
10,7,27952970.024041533,10090100.0,17862870.024043262,431250.0,9056250.0,602600.0,17216908.90525831,237187.63005086995,408773.48873234395,,86.33977699372917,26.00543482787907,16.7409216882661,0.006227494217455387,35.29088497161865,1,2,7,0.03958246135179903,1,3,4,7,0.03999513722879881,1,"{""eta"":[{""iter"":1,""solved"":7,""failed"":0,""gap_p90"":0,""cache_hr"":0,""fixed"":2,""unan"":true,""key"":null}],""gamma_LT"":[{""iter"":1,""solved"":7,""failed"":0,""gap_p90"":0,""cache_hr"":100,""fixed"":1,""unan"":false,""key"":""('gamma_LT', ('CTV',""},{""iter"":2,""solved"":7,""failed"":0,""gap_p90"":0,""cache_hr"":86,""fixed"":1,""unan"":false,""key"":""('gamma_LT', ('SOV',""},{""iter"":3,""solved"":7,""failed"":0,""gap_p90"":0,""cache_hr"":71,""fixed"":2,""unan"":true,""key"":null}]}",0.01636558119420647,True,2,OPTIMAL,solution_within_gap,False,,5:1,CTV|5:2;SOV|5:1,CTV|5|Dec:1;CTV|5|Jan:1;CTV|5|Nov:1;CTV|5|Oct:2,SOV1|5|Apr:1;SOV1|5|Aug:1;SOV1|5|Dec:1;SOV1|5|Feb:1;SOV1|5|Jan:1;SOV1|5|Jul:1;SOV1|5|Jun:1;SOV1|5|Mar:1;SOV1|5|May:1;SOV1|5|Nov:1;SOV1|5|Oct:1;SOV1|5|Sep:1,87;205;230;294;345;427;496,8e1f6eec5f28b6aa,200,1-500,501-1500
10,10,29907655.548054196,9302925.0,20604730.54805869,6813750.0,1811250.0,677925.0,19876883.41535113,405683.78101227345,322163.35169069545,,237.82047729566693,29.18710530921817,20.446592482738197,0.008806194178760052,176.92093586921692,1,2,10,0.039841511499042796,1,3,4,10,0.039989427514898264,1,"{""eta"":[{""iter"":1,""solved"":10,""failed"":0,""gap_p90"":0,""cache_hr"":0,""fixed"":2,""unan"":true,""key"":null}],""gamma_LT"":[{""iter"":1,""solved"":10,""failed"":0,""gap_p90"":0,""cache_hr"":100,""fixed"":1,""unan"":false,""key"":""('gamma_LT', ('CTV',""},{""iter"":2,""solved"":10,""failed"":0,""gap_p90"":0,""cache_hr"":60,""fixed"":1,""unan"":false,""key"":""('gamma_LT', ('SOV',""},{""iter"":3,""solved"":10,""failed"":0,""gap_p90"":0,""cache_hr"":30,""fixed"":2,""unan"":true,""key"":null}]}",0.01715686766858104,True,2,OPTIMAL,solution_within_gap,False,,5:1,CTV|5:2,CTV|5|Jan:1;CTV|5|Jul:2;CTV|5|Jun:2;CTV|5|May:2;SOV|5|Apr:1;SOV|5|Aug:1;SOV|5|Dec:1;SOV|5|Feb:1;SOV|5|Jan:1;SOV|5|Mar:1;SOV|5|Nov:1;SOV|5|Oct:1;SOV|5|Sep:1,SOV1|5|Apr:1;SOV1|5|Aug:1;SOV1|5|Dec:1;SOV1|5|Feb:1;SOV1|5|Jan:1;SOV1|5|Mar:1;SOV1|5|Nov:1;SOV1|5|Oct:1;SOV1|5|Sep:1,1;132;200;201;236;276;281;307;413;447,8e1f6eec5f28b6aa,200,1-500,501-1500
10,15,29849721.632354096,9756025.0,20093696.63234818,172500.0,9056250.0,527275.0,19433375.83505637,250308.20649101975,410012.59080649586,,326.7530738906935,29.681425377726555,19.33193207718432,0.012846565805375576,263.3963289260864,1,2,15,0.03993999721585884,1,3,4,15,0.039991365616591765,1,"{""eta"":[{""iter"":1,""solved"":15,""failed"":0,""gap_p90"":0,""cache_hr"":0,""fixed"":2,""unan"":true,""key"":null}],""gamma_LT"":[{""iter"":1,""solved"":15,""failed"":0,""gap_p90"":0,""cache_hr"":100,""fixed"":1,""unan"":false,""key"":""('gamma_LT', ('CTV',""},{""iter"":2,""solved"":15,""failed"":0,""gap_p90"":0,""cache_hr"":80,""fixed"":1,""unan"":false,""key"":""('gamma_LT', ('SOV',""},{""iter"":3,""solved"":15,""failed"":0,""gap_p90"":0,""cache_hr"":73,""fixed"":2,""unan"":true,""key"":null}]}",0.004921135565394413,True,2,OPTIMAL,solution_within_gap,False,,5:1,CTV|5:2;SOV|5:1,CTV|5|Dec:1;CTV|5|Jan:1,SOV1|5|Apr:1;SOV1|5|Aug:1;SOV1|5|Dec:1;SOV1|5|Feb:1;SOV1|5|Jan:1;SOV1|5|Jul:1;SOV1|5|Jun:1;SOV1|5|Mar:1;SOV1|5|May:1;SOV1|5|Nov:1;SOV1|5|Oct:1;SOV1|5|Sep:1,4;13;24;34;42;64;79;158;267;286;310;359;396;412;419,8e1f6eec5f28b6aa,200,1-500,501-1500
10,20,27582470.246284366,9756025.0,17826445.246277764,172500.0,9056250.0,527275.0,17190432.371659905,245089.65979118095,390923.21483322524,,449.52792292367667,30.971056327223778,20.55859220121056,0.01655750721693039,380.7161269187927,1,2,20,0.039377678029514154,1,3,4,20,0.039961299452805354,1,"{""eta"":[{""iter"":1,""solved"":20,""failed"":0,""gap_p90"":0,""cache_hr"":0,""fixed"":2,""unan"":true,""key"":null}],""gamma_LT"":[{""iter"":1,""solved"":20,""failed"":0,""gap_p90"":0,""cache_hr"":100,""fixed"":1,""unan"":false,""key"":""('gamma_LT', ('CTV',""},{""iter"":2,""solved"":20,""failed"":0,""gap_p90"":0,""cache_hr"":70,""fixed"":1,""unan"":false,""key"":""('gamma_LT', ('SOV',""},{""iter"":3,""solved"":20,""failed"":0,""gap_p90"":0,""cache_hr"":65,""fixed"":2,""unan"":true,""key"":null}]}",0.009612131999460599,True,2,OPTIMAL,solution_within_gap,False,,5:1,CTV|5:2;SOV|5:1,CTV|5|Dec:1;CTV|5|Jan:1,SOV1|5|Apr:1;SOV1|5|Aug:1;SOV1|5|Dec:1;SOV1|5|Feb:1;SOV1|5|Jan:1;SOV1|5|Jul:1;SOV1|5|Jun:1;SOV1|5|Mar:1;SOV1|5|May:1;SOV1|5|Nov:1;SOV1|5|Oct:1;SOV1|5|Sep:1,49;58;108;119;165;189;245;261;266;277;295;316;334;396;416;421;436;444;456;462,8e1f6eec5f28b6aa,200,1-500,501-1500
11,1,21894134.756442577,10348275.0,11545859.756442608,1293750.0,8150625.0,903900.0,10958314.730287718,216278.17117690775,371266.8549779375,,28.280106724239886,22.320465677417815,0.00032893382012844086,0.000987066887319088,1.8297460079193115,1,2,1,0.03745944168093481,1,1,4,1,0.03745944168093481,1,"{""eta"":[{""iter"":1,""solved"":1,""failed"":0,""gap_p90"":0,""cache_hr"":0,""fixed"":2,""unan"":true,""key"":null}],""gamma_LT"":[{""iter"":1,""solved"":1,""failed"":0,""gap_p90"":0,""cache_hr"":100,""fixed"":4,""unan"":true,""key"":null}]}",0.00707373589934332,True,2,OPTIMAL,solution_within_gap,False,,5:1,CTV|5:1;SOV|5:1,CTV|5|Dec:1;CTV|5|Jun:1;CTV|5|Mar:1;CTV|5|May:1;CTV|5|Nov:1;CTV|5|Oct:1;CTV|5|Sep:1;SOV|5|Jan:1,SOV1|5|Apr:1;SOV1|5|Aug:1;SOV1|5|Dec:1;SOV1|5|Feb:1;SOV1|5|Jan:1;SOV1|5|Jul:1;SOV1|5|Jun:1;SOV1|5|Mar:1;SOV1|5|May:1;SOV1|5|Nov:1;SOV1|5|Oct:1;SOV1|5|Sep:1;SOV2|5|Jan:1,451,8e1f6eec5f28b6aa,200,1-500,501-1500
11,3,27260489.367590975,9798575.0,17461914.36759076,7158750.0,1811250.0,828575.0,16723878.490325063,401278.098015855,336757.7792500347,,58.1429951377213,28.240473466925323,16.896502325311303,0.0027765119448304176,7.484494924545288,1,2,3,0.03999669923066909,1,3,4,3,0.03999669923066909,1,"{""eta"":[{""iter"":1,""solved"":3,""failed"":0,""gap_p90"":0,""cache_hr"":0,""fixed"":2,""unan"":true,""key"":null}],""gamma_LT"":[{""iter"":1,""solved"":3,""failed"":0,""gap_p90"":0,""cache_hr"":100,""fixed"":1,""unan"":false,""key"":""('gamma_LT', ('SOV',""},{""iter"":2,""solved"":3,""failed"":0,""gap_p90"":0,""cache_hr"":67,""fixed"":1,""unan"":false,""key"":""('gamma_LT', ('CTV',""},{""iter"":3,""solved"":3,""failed"":0,""gap_p90"":0,""cache_hr"":33,""fixed"":2,""unan"":true,""key"":null}]}",0.0029521909371280656,True,2,OPTIMAL,solution_within_gap,False,,5:1,CTV|5:2,CTV|5|Jul:1;CTV|5|Jun:1;CTV|5|May:1;SOV|5|Apr:1;SOV|5|Aug:1;SOV|5|Dec:2;SOV|5|Feb:1;SOV|5|Jan:1;SOV|5|Mar:1;SOV|5|Nov:1;SOV|5|Oct:1;SOV|5|Sep:1,SOV1|5|Apr:1;SOV1|5|Aug:1;SOV1|5|Dec:1;SOV1|5|Feb:1;SOV1|5|Jan:1;SOV1|5|Mar:1;SOV1|5|Nov:1;SOV1|5|Oct:1;SOV1|5|Sep:1;SOV2|5|Dec:1,127;242;271,8e1f6eec5f28b6aa,200,1-500,501-1500
11,5,28432769.296794314,9756025.0,18676744.296792913,172500.0,9056250.0,527275.0,17980294.16535965,249976.49836709202,446473.63306755864,,57.64490777999163,22.826099820435047,10.924601262435317,0.004483791068196297,16.17979598045349,1,2,5,0.03727090607861567,1,2,4,5,0.039971603107185824,1,"{""eta"":[{""iter"":1,""solved"":5,""failed"":0,""gap_p90"":0,""cache_hr"":0,""fixed"":2,""unan"":true,""key"":null}],""gamma_LT"":[{""iter"":1,""solved"":5,""failed"":0,""gap_p90"":0,""cache_hr"":100,""fixed"":1,""unan"":false,""key"":""('gamma_LT', ('SOV',""},{""iter"":2,""solved"":5,""failed"":0,""gap_p90"":0,""cache_hr"":60,""fixed"":3,""unan"":true,""key"":null}]}",0.014471492073797436,True,2,OPTIMAL,solution_within_gap,False,,5:1,CTV|5:2;SOV|5:1,CTV|5|Dec:1;CTV|5|Jan:1,SOV1|5|Apr:1;SOV1|5|Aug:1;SOV1|5|Dec:1;SOV1|5|Feb:1;SOV1|5|Jan:1;SOV1|5|Jul:1;SOV1|5|Jun:1;SOV1|5|Mar:1;SOV1|5|May:1;SOV1|5|Nov:1;SOV1|5|Oct:1;SOV1|5|Sep:1,75;368;439;484;487,8e1f6eec5f28b6aa,200,1-500,501-1500
11,7,29526398.398049977,9604225.0,19922173.39805266,6813750.0,1811250.0,979225.0,19167886.133819494,484040.01052680705,270247.2537037083,,111.38440683484077,25.70977650489658,15.831795286387205,0.006194611079990864,60.975807905197144,1,2,7,0.03826766466678907,1,3,4,7,0.03996899588597128,1,"{""eta"":[{""iter"":1,""solved"":7,""failed"":0,""gap_p90"":0,""cache_hr"":0,""fixed"":2,""unan"":true,""key"":null}],""gamma_LT"":[{""iter"":1,""solved"":7,""failed"":0,""gap_p90"":0,""cache_hr"":100,""fixed"":1,""unan"":false,""key"":""('gamma_LT', ('CTV',""},{""iter"":2,""solved"":7,""failed"":0,""gap_p90"":0,""cache_hr"":57,""fixed"":1,""unan"":false,""key"":""('gamma_LT', ('SOV',""},{""iter"":3,""solved"":7,""failed"":0,""gap_p90"":0,""cache_hr"":57,""fixed"":2,""unan"":true,""key"":null}]}",0.01985307617919833,True,2,OPTIMAL,solution_within_gap,False,,5:1,CTV|5:2,CTV|5|Apr:2;CTV|5|Aug:1;CTV|5|Jul:1;CTV|5|Jun:2;CTV|5|May:1;SOV|5|Dec:2;SOV|5|Feb:1;SOV|5|Jan:2;SOV|5|Mar:1;SOV|5|Nov:1;SOV|5|Oct:1;SOV|5|Sep:1,SOV1|5|Dec:1;SOV1|5|Feb:1;SOV1|5|Jan:1;SOV1|5|Mar:1;SOV1|5|Nov:1;SOV1|5|Oct:1;SOV1|5|Sep:1;SOV2|5|Dec:1;SOV2|5|Jan:1,111;115;200;318;360;373;452,8e1f6eec5f28b6aa,200,1-500,501-1500
11,10,28670322.713921648,9508200.0,19162122.713926174,0.0,9056250.0,451950.0,18513451.244789336,250306.2171367637,398365.2519956849,,189.08141256682575,27.58073083870113,16.388724356889725,0.008225140161812305,134.3717679977417,1,2,10,0.03937753238571916,1,3,4,10,0.03999706999067586,1,"{""eta"":[{""iter"":1,""solved"":10,""failed"":0,""gap_p90"":0,""cache_hr"":0,""fixed"":2,""unan"":true,""key"":null}],""gamma_LT"":[{""iter"":1,""solved"":10,""failed"":0,""gap_p90"":0,""cache_hr"":100,""fixed"":1,""unan"":false,""key"":""('gamma_LT', ('CTV',""},{""iter"":2,""solved"":10,""failed"":0,""gap_p90"":0,""cache_hr"":80,""fixed"":1,""unan"":false,""key"":""('gamma_LT', ('SOV',""},{""iter"":3,""solved"":10,""failed"":0,""gap_p90"":0,""cache_hr"":70,""fixed"":2,""unan"":true,""key"":null}]}",0.00846130147401052,True,2,OPTIMAL,solution_within_gap,False,,5:1,CTV|5:2;SOV|5:1,,SOV1|5|Apr:1;SOV1|5|Aug:1;SOV1|5|Dec:1;SOV1|5|Feb:1;SOV1|5|Jan:1;SOV1|5|Jul:1;SOV1|5|Jun:1;SOV1|5|Mar:1;SOV1|5|May:1;SOV1|5|Nov:1;SOV1|5|Oct:1;SOV1|5|Sep:1,31;121;182;226;250;339;419;452;481;486,8e1f6eec5f28b6aa,200,1-500,501-1500
11,15,29008107.7962429,10962950.0,18045157.796237163,1983750.0,8150625.0,828575.0,17422247.685401097,205005.13143253225,417904.97940908885,,345.46466507483274,27.814600492827594,21.962186667136848,0.011748737655580044,281.1924331188202,1,2,15,0.03994014438287992,1,3,4,15,0.039996164354430805,1,"{""eta"":[{""iter"":1,""solved"":15,""failed"":0,""gap_p90"":0,""cache_hr"":0,""fixed"":2,""unan"":true,""key"":null}],""gamma_LT"":[{""iter"":1,""solved"":15,""failed"":0,""gap_p90"":0,""cache_hr"":100,""fixed"":1,""unan"":false,""key"":""('gamma_LT', ('CTV',""},{""iter"":2,""solved"":15,""failed"":0,""gap_p90"":0,""cache_hr"":27,""fixed"":1,""unan"":false,""key"":""('gamma_LT', ('SOV',""},{""iter"":3,""solved"":15,""failed"":0,""gap_p90"":0,""cache_hr"":47,""fixed"":2,""unan"":true,""key"":null}]}",0.018883230901903324,True,2,OPTIMAL,solution_within_gap,False,,5:1,CTV|5:1;SOV|5:1,CTV|5|Apr:1;CTV|5|Dec:1;CTV|5|Feb:1;CTV|5|Jan:1;CTV|5|Mar:1;CTV|5|Nov:1;CTV|5|Sep:1;SOV|5|Dec:1;SOV|5|Jan:1,SOV1|5|Apr:1;SOV1|5|Aug:1;SOV1|5|Dec:1;SOV1|5|Feb:1;SOV1|5|Jan:1;SOV1|5|Jul:1;SOV1|5|Jun:1;SOV1|5|Mar:1;SOV1|5|May:1;SOV1|5|Nov:1;SOV1|5|Oct:1;SOV1|5|Sep:1;SOV2|5|Dec:1;SOV2|5|Jan:1,20;115;119;122;157;202;238;243;257;270;337;391;400;450;455,8e1f6eec5f28b6aa,200,1-500,501-1500
11,20,29720581.513376467,9055100.0,20665481.51336978,6641250.0,1811250.0,602600.0,19945708.342776235,400585.8361312273,319187.3344690241,,1380.4012283077464,111.3051994163543,20.86269933823496,0.01608913391828537,1228.7250089645386,1,2,20,0.039546818621966684,1,3,4,20,0.039970519387274195,1,"{""eta"":[{""iter"":1,""solved"":20,""failed"":0,""gap_p90"":0,""cache_hr"":0,""fixed"":2,""unan"":true,""key"":null}],""gamma_LT"":[{""iter"":1,""solved"":20,""failed"":0,""gap_p90"":0,""cache_hr"":100,""fixed"":1,""unan"":false,""key"":""('gamma_LT', ('CTV',""},{""iter"":2,""solved"":20,""failed"":0,""gap_p90"":0,""cache_hr"":95,""fixed"":1,""unan"":false,""key"":""('gamma_LT', ('SOV',""},{""iter"":3,""solved"":20,""failed"":0,""gap_p90"":0,""cache_hr"":35,""fixed"":2,""unan"":true,""key"":null}]}",0.0012377357098615626,True,2,OPTIMAL,solution_within_gap,False,,5:1,CTV|5:2,CTV|5|Dec:1;CTV|5|Jan:1;CTV|5|Jul:1;CTV|5|Jun:1;CTV|5|May:1;SOV|5|Apr:1;SOV|5|Aug:1;SOV|5|Dec:1;SOV|5|Feb:1;SOV|5|Jan:1;SOV|5|Mar:1;SOV|5|Nov:1;SOV|5|Oct:1;SOV|5|Sep:1,SOV1|5|Apr:1;SOV1|5|Aug:1;SOV1|5|Dec:1;SOV1|5|Feb:1;SOV1|5|Jan:1;SOV1|5|Mar:1;SOV1|5|Nov:1;SOV1|5|Oct:1;SOV1|5|Sep:1,17;76;84;104;118;135;155;171;184;215;232;234;246;269;274;278;355;381;435;480,8e1f6eec5f28b6aa,200,1-500,501-1500
12,1,35870754.542389646,12018650.0,23852104.542389832,9832500.0,905625.0,1280525.0,23135561.810671937,439956.5175458832,276586.21417184034,,24.529345742426813,19.269687611609697,0.00035417545586824417,0.0009941179305315018,1.2401378154754639,1,2,1,0.0387463578896156,1,1,4,1,0.0387463578896156,1,"{""eta"":[{""iter"":1,""solved"":1,""failed"":0,""gap_p90"":0,""cache_hr"":0,""fixed"":2,""unan"":true,""key"":null}],""gamma_LT"":[{""iter"":1,""solved"":1,""failed"":0,""gap_p90"":0,""cache_hr"":100,""fixed"":4,""unan"":true,""key"":null}]}",0.012109720021773013,True,2,OPTIMAL,solution_within_gap,False,,5:1,CTV|5:1,CTV|5|Apr:3;CTV|5|Aug:2;CTV|5|Dec:3;CTV|5|Feb:3;CTV|5|Jan:1;CTV|5|Jul:2;CTV|5|Jun:2;CTV|5|Mar:3;CTV|5|May:2;CTV|5|Nov:2;CTV|5|Oct:1;CTV|5|Sep:2;SOV|5|Aug:1;SOV|5|Dec:1;SOV|5|Feb:3;SOV|5|Jan:2;SOV|5|Mar:1;SOV|5|Nov:1;SOV|5|Oct:1;SOV|5|Sep:1,SOV1|5|Aug:1;SOV1|5|Dec:1;SOV1|5|Feb:1;SOV1|5|Jan:1;SOV1|5|Mar:1;SOV1|5|Nov:1;SOV1|5|Oct:1;SOV1|5|Sep:1;SOV2|5|Feb:1;SOV2|5|Jan:1;SOV3|5|Feb:1,306,8e1f6eec5f28b6aa,200,1-500,501-1500
12,3,29725972.741669767,10165425.0,19560547.741669737,431250.0,9056250.0,677925.0,18899455.422638185,260235.53342822788,400856.78560336295,,37.8640402154997,15.95752689242363,7.367262858897448,0.0027592740952968597,8.824357986450195,1,2,3,0.039973250335418986,1,2,4,3,0.03998924313958238,1,"{""eta"":[{""iter"":1,""solved"":3,""failed"":0,""gap_p90"":0,""cache_hr"":0,""fixed"":2,""unan"":true,""key"":null}],""gamma_LT"":[{""iter"":1,""solved"":3,""failed"":0,""gap_p90"":0,""cache_hr"":100,""fixed"":1,""unan"":false,""key"":""('gamma_LT', ('SOV',""},{""iter"":2,""solved"":3,""failed"":0,""gap_p90"":0,""cache_hr"":67,""fixed"":3,""unan"":true,""key"":null}]}",0.012291549767082518,True,2,OPTIMAL,solution_within_gap,False,,5:1,CTV|5:2;SOV|5:1,CTV|5|Apr:1;CTV|5|Dec:2;CTV|5|Jan:1;CTV|5|Nov:1,SOV1|5|Apr:1;SOV1|5|Aug:1;SOV1|5|Dec:1;SOV1|5|Feb:1;SOV1|5|Jan:1;SOV1|5|Jul:1;SOV1|5|Jun:1;SOV1|5|Mar:1;SOV1|5|May:1;SOV1|5|Nov:1;SOV1|5|Oct:1;SOV1|5|Sep:1,82;323;336,8e1f6eec5f28b6aa,200,1-500,501-1500
12,5,28663260.946197443,8009175.0,20654085.946195953,5520000.0,1811250.0,677925.0,19871017.369556397,527780.7598270013,255287.81681399074,,65.01879213843495,23.49224124569446,17.02212403807789,0.004518878646194935,17.92226004600525,1,2,5,0.03999884392661479,1,3,4,5,0.03999884392661479,1,"{""eta"":[{""iter"":1,""solved"":5,""failed"":0,""gap_p90"":0,""cache_hr"":0,""fixed"":2,""unan"":true,""key"":null}],""gamma_LT"":[{""iter"":1,""solved"":5,""failed"":0,""gap_p90"":0,""cache_hr"":100,""fixed"":1,""unan"":false,""key"":""('gamma_LT', ('CTV',""},{""iter"":2,""solved"":5,""failed"":0,""gap_p90"":0,""cache_hr"":40,""fixed"":1,""unan"":false,""key"":""('gamma_LT', ('SOV',""},{""iter"":3,""solved"":5,""failed"":0,""gap_p90"":0,""cache_hr"":20,""fixed"":2,""unan"":true,""key"":null}]}",0.008791474072674738,True,2,OPTIMAL,solution_within_gap,False,,5:1,CTV|5:2,CTV|5|Apr:1;CTV|5|Aug:1;CTV|5|Dec:1;CTV|5|Jan:2;CTV|5|Jul:1;CTV|5|Jun:1;CTV|5|May:1;SOV|5|Dec:1;SOV|5|Feb:1;SOV|5|Jan:1;SOV|5|Mar:1;SOV|5|Nov:1;SOV|5|Oct:1;SOV|5|Sep:1,SOV1|5|Dec:1;SOV1|5|Feb:1;SOV1|5|Jan:1;SOV1|5|Mar:1;SOV1|5|Nov:1;SOV1|5|Oct:1;SOV1|5|Sep:1,2;50;86;132;160,8e1f6eec5f28b6aa,200,1-500,501-1500
12,7,30571885.47049515,11318300.0,19253585.47049682,1207500.0,9056250.0,1054550.0,18607693.721089564,248521.0123881568,397370.7370173882,,91.9757810216397,27.556935472413898,15.67919441871345,0.006182192824780941,40.222885847091675,1,2,7,0.03965594155348301,1,3,4,7,0.03999506930213903,1,"{""eta"":[{""iter"":1,""solved"":7,""failed"":0,""gap_p90"":0,""cache_hr"":0,""fixed"":2,""unan"":true,""key"":null}],""gamma_LT"":[{""iter"":1,""solved"":7,""failed"":0,""gap_p90"":0,""cache_hr"":100,""fixed"":1,""unan"":false,""key"":""('gamma_LT', ('CTV',""},{""iter"":2,""solved"":7,""failed"":0,""gap_p90"":0,""cache_hr"":57,""fixed"":1,""unan"":false,""key"":""('gamma_LT', ('SOV',""},{""iter"":3,""solved"":7,""failed"":0,""gap_p90"":0,""cache_hr"":71,""fixed"":2,""unan"":true,""key"":null}]}",0.004888060375591764,True,2,OPTIMAL,solution_within_gap,False,,5:1,CTV|5:2;SOV|5:1,CTV|5|Dec:4;CTV|5|Jan:2;SOV|5|Dec:1,SOV1|5|Apr:1;SOV1|5|Aug:1;SOV1|5|Dec:1;SOV1|5|Feb:1;SOV1|5|Jan:1;SOV1|5|Jul:1;SOV1|5|Jun:1;SOV1|5|Mar:1;SOV1|5|May:1;SOV1|5|Nov:1;SOV1|5|Oct:1;SOV1|5|Sep:1;SOV2|5|Dec:1,167;259;319;364;378;463;491,8e1f6eec5f28b6aa,200,1-500,501-1500
12,10,28393204.058151748,10661075.0,17732129.058156192,776250.0,9056250.0,828575.0,17103353.883776903,236315.59975689457,392459.5746180574,,194.83768232073635,25.907330622896552,14.498667629435658,0.008686346001923084,144.33963298797607,1,2,10,0.03956824183469261,1,3,4,10,0.03999825654193357,1,"{""eta"":[{""iter"":1,""solved"":10,""failed"":0,""gap_p90"":0,""cache_hr"":0,""fixed"":2,""unan"":true,""key"":null}],""gamma_LT"":[{""iter"":1,""solved"":10,""failed"":0,""gap_p90"":0,""cache_hr"":100,""fixed"":1,""unan"":false,""key"":""('gamma_LT', ('CTV',""},{""iter"":2,""solved"":10,""failed"":0,""gap_p90"":0,""cache_hr"":80,""fixed"":1,""unan"":false,""key"":""('gamma_LT', ('SOV',""},{""iter"":3,""solved"":10,""failed"":0,""gap_p90"":0,""cache_hr"":70,""fixed"":2,""unan"":true,""key"":null}]}",0.012360633308043182,True,2,OPTIMAL,solution_within_gap,False,,5:1,CTV|5:2;SOV|5:1,CTV|5|Jan:1;SOV|5|Dec:1,SOV1|5|Apr:1;SOV1|5|Aug:1;SOV1|5|Dec:1;SOV1|5|Feb:1;SOV1|5|Jan:1;SOV1|5|Jul:1;SOV1|5|Jun:1;SOV1|5|Mar:1;SOV1|5|May:1;SOV1|5|Nov:1;SOV1|5|Oct:1;SOV1|5|Sep:1;SOV2|5|Dec:1,14;26;83;122;239;273;452;460;471;472,8e1f6eec5f28b6aa,200,1-500,501-1500
12,15,28476296.876607392,9055100.0,19421196.876600772,6641250.0,1811250.0,602600.0,18705966.106098063,413240.9296506145,301989.8408587643,,979.5774241471663,101.22698311787099,22.64702693000436,0.012121866457164288,841.71355509758,1,2,15,0.039377678029514154,1,3,4,15,0.03992608762982569,1,"{""eta"":[{""iter"":1,""solved"":15,""failed"":0,""gap_p90"":0,""cache_hr"":0,""fixed"":2,""unan"":true,""key"":null}],""gamma_LT"":[{""iter"":1,""solved"":15,""failed"":0,""gap_p90"":0,""cache_hr"":100,""fixed"":1,""unan"":false,""key"":""('gamma_LT', ('CTV',""},{""iter"":2,""solved"":15,""failed"":0,""gap_p90"":0,""cache_hr"":73,""fixed"":1,""unan"":false,""key"":""('gamma_LT', ('SOV',""},{""iter"":3,""solved"":15,""failed"":0,""gap_p90"":0,""cache_hr"":53,""fixed"":2,""unan"":true,""key"":null}]}",1.5070549525537218e-13,True,2,OPTIMAL,solution_within_gap,False,,5:1,CTV|5:2,CTV|5|Dec:1;CTV|5|Jan:1;CTV|5|Jul:1;CTV|5|Jun:1;CTV|5|May:1;SOV|5|Apr:1;SOV|5|Aug:1;SOV|5|Dec:1;SOV|5|Feb:1;SOV|5|Jan:1;SOV|5|Mar:1;SOV|5|Nov:1;SOV|5|Oct:1;SOV|5|Sep:1,SOV1|5|Apr:1;SOV1|5|Aug:1;SOV1|5|Dec:1;SOV1|5|Feb:1;SOV1|5|Jan:1;SOV1|5|Mar:1;SOV1|5|Nov:1;SOV1|5|Oct:1;SOV1|5|Sep:1,4;69;100;119;151;156;169;238;246;263;301;316;331;422;498,8e1f6eec5f28b6aa,200,1-500,501-1500
12,20,28789239.22392817,9756025.0,19033214.223921757,172500.0,9056250.0,527275.0,18376319.47419659,260176.48978073706,396718.25995078305,,433.27848996128887,31.45013381447643,22.390681081451476,0.01660461165010929,359.46119809150696,1,2,20,0.03988042676181899,1,3,4,20,0.03999161036947614,1,"{""eta"":[{""iter"":1,""solved"":20,""failed"":0,""gap_p90"":0,""cache_hr"":0,""fixed"":2,""unan"":true,""key"":null}],""gamma_LT"":[{""iter"":1,""solved"":20,""failed"":0,""gap_p90"":0,""cache_hr"":100,""fixed"":1,""unan"":false,""key"":""('gamma_LT', ('CTV',""},{""iter"":2,""solved"":20,""failed"":0,""gap_p90"":0,""cache_hr"":65,""fixed"":1,""unan"":false,""key"":""('gamma_LT', ('SOV',""},{""iter"":3,""solved"":20,""failed"":0,""gap_p90"":0,""cache_hr"":65,""fixed"":2,""unan"":true,""key"":null}]}",0.007171203426443043,True,2,OPTIMAL,solution_within_gap,False,,5:1,CTV|5:2;SOV|5:1,CTV|5|Dec:1;CTV|5|Jan:1,SOV1|5|Apr:1;SOV1|5|Aug:1;SOV1|5|Dec:1;SOV1|5|Feb:1;SOV1|5|Jan:1;SOV1|5|Jul:1;SOV1|5|Jun:1;SOV1|5|Mar:1;SOV1|5|May:1;SOV1|5|Nov:1;SOV1|5|Oct:1;SOV1|5|Sep:1,9;54;103;168;173;238;282;285;304;309;352;353;355;364;371;385;389;399;426;460,8e1f6eec5f28b6aa,200,1-500,501-1500
13,1,26086601.953082856,11750125.0,14336476.953082895,2846250.0,8150625.0,753250.0,13768019.066250682,187752.38965243316,380705.4971797273,,24.617438997142017,18.709550876170397,0.00038480572402477264,0.0010013328865170479,1.6819651126861572,1,2,1,0.037456669444387185,1,1,4,1,0.037456669444387185,1,"{""eta"":[{""iter"":1,""solved"":1,""failed"":0,""gap_p90"":0,""cache_hr"":0,""fixed"":2,""unan"":true,""key"":null}],""gamma_LT"":[{""iter"":1,""solved"":1,""failed"":0,""gap_p90"":0,""cache_hr"":100,""fixed"":4,""unan"":true,""key"":null}]}",0.006083660142600921,True,2,OPTIMAL,solution_within_gap,False,,5:1,CTV|5:1;SOV|5:1,CTV|5|Apr:1;CTV|5|Aug:1;CTV|5|Feb:1;CTV|5|Jan:1;CTV|5|Jul:1;CTV|5|Jun:1;CTV|5|Mar:1;CTV|5|May:1;CTV|5|Sep:1;SOV|5|Dec:1;SOV|5|Nov:1;SOV|5|Oct:1,SOV1|5|Apr:1;SOV1|5|Aug:1;SOV1|5|Dec:1;SOV1|5|Feb:1;SOV1|5|Jan:1;SOV1|5|Jul:1;SOV1|5|Jun:1;SOV1|5|Mar:1;SOV1|5|May:1;SOV1|5|Nov:1;SOV1|5|Oct:1;SOV1|5|Sep:1;SOV2|5|Dec:1;SOV2|5|Nov:1;SOV2|5|Oct:1,85,8e1f6eec5f28b6aa,200,1-500,501-1500
13,3,26784274.764956247,7858525.0,18925749.76495596,5520000.0,1811250.0,527275.0,18109126.629449654,533299.4234472067,283323.7120593747,,58.687375909648836,21.7652679188177,11.464582395739853,0.0027648266404867172,20.05895709991455,1,2,3,0.03999752035965575,1,3,4,3,0.0399985959124647,1,"{""eta"":[{""iter"":1,""solved"":3,""failed"":0,""gap_p90"":0,""cache_hr"":0,""fixed"":2,""unan"":true,""key"":null}],""gamma_LT"":[{""iter"":1,""solved"":3,""failed"":0,""gap_p90"":0,""cache_hr"":100,""fixed"":1,""unan"":false,""key"":""('gamma_LT', ('CTV',""},{""iter"":2,""solved"":3,""failed"":0,""gap_p90"":0,""cache_hr"":67,""fixed"":1,""unan"":false,""key"":""('gamma_LT', ('SOV',""},{""iter"":3,""solved"":3,""failed"":0,""gap_p90"":0,""cache_hr"":67,""fixed"":2,""unan"":true,""key"":null}]}",0.0030085095516389246,True,2,OPTIMAL,solution_within_gap,False,,5:1,CTV|5:2,CTV|5|Apr:1;CTV|5|Dec:1;CTV|5|Feb:1;CTV|5|Jan:1;CTV|5|Jul:1;CTV|5|Jun:1;CTV|5|Mar:1;CTV|5|May:1;SOV|5|Aug:1;SOV|5|Dec:1;SOV|5|Feb:1;SOV|5|Jan:1;SOV|5|Nov:1;SOV|5|Oct:1;SOV|5|Sep:1,SOV1|5|Aug:1;SOV1|5|Dec:1;SOV1|5|Feb:1;SOV1|5|Jan:1;SOV1|5|Nov:1;SOV1|5|Oct:1;SOV1|5|Sep:1,216;233;442,8e1f6eec5f28b6aa,200,1-500,501-1500
13,5,30522144.31510143,12633900.0,17888244.315100368,2673750.0,9056250.0,903900.0,17318730.541670196,209812.1425303177,359701.63090095733,,71.64869502279907,26.423365706577897,17.63917336985469,0.004453158937394619,20.695857048034668,1,2,5,0.039377678029514154,1,3,4,5,0.03975454662892671,1,"{""eta"":[{""iter"":1,""solved"":5,""failed"":0,""gap_p90"":0,""cache_hr"":0,""fixed"":2,""unan"":true,""key"":null}],""gamma_LT"":[{""iter"":1,""solved"":5,""failed"":0,""gap_p90"":0,""cache_hr"":100,""fixed"":1,""unan"":false,""key"":""('gamma_LT', ('SOV',""},{""iter"":2,""solved"":5,""failed"":0,""gap_p90"":0,""cache_hr"":80,""fixed"":1,""unan"":false,""key"":""('gamma_LT', ('CTV',""},{""iter"":3,""solved"":5,""failed"":0,""gap_p90"":0,""cache_hr"":60,""fixed"":2,""unan"":true,""key"":null}]}",0.016608367816895144,True,2,OPTIMAL,solution_within_gap,False,,5:1,CTV|5:2;SOV|5:1,CTV|5|Apr:1;CTV|5|Dec:1;CTV|5|Feb:1;CTV|5|Jan:1;CTV|5|Mar:1;CTV|5|Nov:1;CTV|5|Oct:1;SOV|5|Dec:1;SOV|5|Jan:1;SOV|5|Nov:1,SOV1|5|Apr:1;SOV1|5|Aug:1;SOV1|5|Dec:1;SOV1|5|Feb:1;SOV1|5|Jan:1;SOV1|5|Jul:1;SOV1|5|Jun:1;SOV1|5|Mar:1;SOV1|5|May:1;SOV1|5|Nov:1;SOV1|5|Oct:1;SOV1|5|Sep:1;SOV2|5|Dec:1;SOV2|5|Jan:1;SOV2|5|Nov:1,116;119;207;279;497,8e1f6eec5f28b6aa,200,1-500,501-1500
13,7,27851344.410120904,9798575.0,18052769.410123188,7158750.0,1811250.0,828575.0,17339791.26255608,386342.7702487541,326635.3773160887,,129.54512139502913,26.170842761173844,21.58025980833918,0.0062518008053302765,73.29085206985474,1,2,7,0.03916235643617339,1,3,4,7,0.039984917640602774,1,"{""eta"":[{""iter"":1,""solved"":7,""failed"":0,""gap_p90"":0,""cache_hr"":0,""fixed"":2,""unan"":true,""key"":null}],""gamma_LT"":[{""iter"":1,""solved"":7,""failed"":0,""gap_p90"":0,""cache_hr"":100,""fixed"":1,""unan"":false,""key"":""('gamma_LT', ('CTV',""},{""iter"":2,""solved"":7,""failed"":0,""gap_p90"":0,""cache_hr"":57,""fixed"":1,""unan"":false,""key"":""('gamma_LT', ('SOV',""},{""iter"":3,""solved"":7,""failed"":0,""gap_p90"":0,""cache_hr"":43,""fixed"":2,""unan"":true,""key"":null}]}",0.010194566197520287,True,2,OPTIMAL,solution_within_gap,False,,5:1,CTV|5:2,CTV|5|Jul:1;CTV|5|Jun:1;CTV|5|May:1;SOV|5|Apr:1;SOV|5|Aug:1;SOV|5|Dec:2;SOV|5|Feb:1;SOV|5|Jan:1;SOV|5|Mar:1;SOV|5|Nov:1;SOV|5|Oct:1;SOV|5|Sep:1,SOV1|5|Apr:1;SOV1|5|Aug:1;SOV1|5|Dec:1;SOV1|5|Feb:1;SOV1|5|Jan:1;SOV1|5|Mar:1;SOV1|5|Nov:1;SOV1|5|Oct:1;SOV1|5|Sep:1;SOV2|5|Dec:1,14;44;251;253;259;328;459,8e1f6eec5f28b6aa,200,1-500,501-1500
13,10,28639665.288088575,10251675.0,18387990.288093127,517500.0,9056250.0,677925.0,17738261.681011572,251361.75979484222,398366.8472823124,,136.5771068772301,25.317860671319067,18.340261389501393,0.008027879521250725,82.67169094085693,1,2,10,0.03934062798184271,1,3,4,10,0.03934062798184271,1,"{""eta"":[{""iter"":1,""solved"":10,""failed"":0,""gap_p90"":0,""cache_hr"":0,""fixed"":2,""unan"":true,""key"":null}],""gamma_LT"":[{""iter"":1,""solved"":10,""failed"":0,""gap_p90"":0,""cache_hr"":100,""fixed"":1,""unan"":false,""key"":""('gamma_LT', ('SOV',""},{""iter"":2,""solved"":10,""failed"":0,""gap_p90"":0,""cache_hr"":80,""fixed"":1,""unan"":false,""key"":""('gamma_LT', ('CTV',""},{""iter"":3,""solved"":10,""failed"":0,""gap_p90"":0,""cache_hr"":70,""fixed"":2,""unan"":true,""key"":null}]}",0.01984591847205769,True,2,OPTIMAL,solution_within_gap,False,,5:1,CTV|5:2;SOV|5:1,CTV|5|Apr:1;CTV|5|Feb:1;CTV|5|Jan:1;CTV|5|Jul:1;CTV|5|Mar:1;CTV|5|Sep:1,SOV1|5|Apr:1;SOV1|5|Aug:1;SOV1|5|Dec:1;SOV1|5|Feb:1;SOV1|5|Jan:1;SOV1|5|Jul:1;SOV1|5|Jun:1;SOV1|5|Mar:1;SOV1|5|May:1;SOV1|5|Nov:1;SOV1|5|Oct:1;SOV1|5|Sep:1,27;97;215;238;341;375;377;407;436;464,8e1f6eec5f28b6aa,200,1-500,501-1500
13,15,29199987.070243943,9216675.0,19983312.070237275,6727500.0,1811250.0,677925.0,19263277.392222,408890.4419578498,311144.2360641103,,865.8964776080102,30.681565975770354,25.541002629324794,0.012258888222277164,795.886724948883,1,2,15,0.039927651646662156,1,3,4,15,0.039995356795447544,1,"{""eta"":[{""iter"":1,""solved"":15,""failed"":0,""gap_p90"":0,""cache_hr"":0,""fixed"":2,""unan"":true,""key"":null}],""gamma_LT"":[{""iter"":1,""solved"":15,""failed"":0,""gap_p90"":0,""cache_hr"":100,""fixed"":1,""unan"":false,""key"":""('gamma_LT', ('CTV',""},{""iter"":2,""solved"":15,""failed"":0,""gap_p90"":0,""cache_hr"":80,""fixed"":1,""unan"":false,""key"":""('gamma_LT', ('SOV',""},{""iter"":3,""solved"":15,""failed"":0,""gap_p90"":0,""cache_hr"":47,""fixed"":2,""unan"":true,""key"":null}]}",0.004958664835092282,True,2,OPTIMAL,solution_within_gap,False,,5:1,CTV|5:2,CTV|5|Dec:1;CTV|5|Jan:1;CTV|5|Jul:1;CTV|5|Jun:1;CTV|5|May:2;SOV|5|Apr:1;SOV|5|Aug:1;SOV|5|Dec:1;SOV|5|Feb:1;SOV|5|Jan:1;SOV|5|Mar:1;SOV|5|Nov:1;SOV|5|Oct:1;SOV|5|Sep:1,SOV1|5|Apr:1;SOV1|5|Aug:1;SOV1|5|Dec:1;SOV1|5|Feb:1;SOV1|5|Jan:1;SOV1|5|Mar:1;SOV1|5|Nov:1;SOV1|5|Oct:1;SOV1|5|Sep:1,49;70;101;105;162;196;222;225;259;284;288;308;325;404;488,8e1f6eec5f28b6aa,200,1-500,501-1500
13,20,28884286.949981205,10251675.0,18632611.949974768,517500.0,9056250.0,677925.0,17971810.452989724,250321.87495222496,410479.6220394439,,383.0255602905527,32.95305837225169,21.078259140253067,0.015278942883014679,311.57918190956116,1,2,20,0.03974415830727509,1,3,4,20,0.03997518215448598,1,"{""eta"":[{""iter"":1,""solved"":20,""failed"":0,""gap_p90"":0,""cache_hr"":0,""fixed"":2,""unan"":true,""key"":null}],""gamma_LT"":[{""iter"":1,""solved"":20,""failed"":0,""gap_p90"":0,""cache_hr"":100,""fixed"":1,""unan"":false,""key"":""('gamma_LT', ('CTV',""},{""iter"":2,""solved"":20,""failed"":0,""gap_p90"":0,""cache_hr"":80,""fixed"":1,""unan"":false,""key"":""('gamma_LT', ('SOV',""},{""iter"":3,""solved"":20,""failed"":0,""gap_p90"":0,""cache_hr"":70,""fixed"":2,""unan"":true,""key"":null}]}",0.009966865654833304,True,2,OPTIMAL,solution_within_gap,False,,5:1,CTV|5:2;SOV|5:1,CTV|5|Dec:3;CTV|5|Jan:3,SOV1|5|Apr:1;SOV1|5|Aug:1;SOV1|5|Dec:1;SOV1|5|Feb:1;SOV1|5|Jan:1;SOV1|5|Jul:1;SOV1|5|Jun:1;SOV1|5|Mar:1;SOV1|5|May:1;SOV1|5|Nov:1;SOV1|5|Oct:1;SOV1|5|Sep:1,15;32;62;102;160;173;184;197;269;319;351;360;390;397;409;420;455;458;459;498,8e1f6eec5f28b6aa,200,1-500,501-1500
14,1,35870754.542389646,12018650.0,23852104.542389832,9832500.0,905625.0,1280525.0,23135561.810671937,439956.5175458832,276586.21417184034,,24.31464277021587,18.88544854335487,0.0003350125625729561,0.0010003000497817993,1.3592808246612549,1,2,1,0.0387463578896156,1,1,4,1,0.0387463578896156,1,"{""eta"":[{""iter"":1,""solved"":1,""failed"":0,""gap_p90"":0,""cache_hr"":0,""fixed"":2,""unan"":true,""key"":null}],""gamma_LT"":[{""iter"":1,""solved"":1,""failed"":0,""gap_p90"":0,""cache_hr"":100,""fixed"":4,""unan"":true,""key"":null}]}",0.012109720021773013,True,2,OPTIMAL,solution_within_gap,False,,5:1,CTV|5:1,CTV|5|Apr:3;CTV|5|Aug:2;CTV|5|Dec:3;CTV|5|Feb:3;CTV|5|Jan:1;CTV|5|Jul:2;CTV|5|Jun:2;CTV|5|Mar:3;CTV|5|May:2;CTV|5|Nov:2;CTV|5|Oct:1;CTV|5|Sep:2;SOV|5|Aug:1;SOV|5|Dec:1;SOV|5|Feb:3;SOV|5|Jan:2;SOV|5|Mar:1;SOV|5|Nov:1;SOV|5|Oct:1;SOV|5|Sep:1,SOV1|5|Aug:1;SOV1|5|Dec:1;SOV1|5|Feb:1;SOV1|5|Jan:1;SOV1|5|Mar:1;SOV1|5|Nov:1;SOV1|5|Oct:1;SOV1|5|Sep:1;SOV2|5|Feb:1;SOV2|5|Jan:1;SOV3|5|Feb:1,306,8e1f6eec5f28b6aa,200,1-500,501-1500
14,3,26881286.090707377,7599775.0,19281511.090707116,5261250.0,1811250.0,527275.0,18490228.093927376,523838.0674923392,267444.9292876624,,55.90895769465715,22.785166349262,15.37045263685286,0.002746165730059147,12.474399089813232,1,2,3,0.039034639739450615,1,3,4,3,0.03999796462355709,1,"{""eta"":[{""iter"":1,""solved"":3,""failed"":0,""gap_p90"":0,""cache_hr"":0,""fixed"":2,""unan"":true,""key"":null}],""gamma_LT"":[{""iter"":1,""solved"":3,""failed"":0,""gap_p90"":0,""cache_hr"":100,""fixed"":1,""unan"":false,""key"":""('gamma_LT', ('CTV',""},{""iter"":2,""solved"":3,""failed"":0,""gap_p90"":0,""cache_hr"":67,""fixed"":1,""unan"":false,""key"":""('gamma_LT', ('SOV',""},{""iter"":3,""solved"":3,""failed"":0,""gap_p90"":0,""cache_hr"":67,""fixed"":2,""unan"":true,""key"":null}]}",0.019571659533937805,True,2,OPTIMAL,solution_within_gap,False,,5:1,CTV|5:2,CTV|5|Apr:1;CTV|5|Aug:1;CTV|5|Jul:1;CTV|5|Jun:1;CTV|5|May:1;SOV|5|Dec:1;SOV|5|Feb:1;SOV|5|Jan:1;SOV|5|Mar:1;SOV|5|Nov:1;SOV|5|Oct:1;SOV|5|Sep:1,SOV1|5|Dec:1;SOV1|5|Feb:1;SOV1|5|Jan:1;SOV1|5|Mar:1;SOV1|5|Nov:1;SOV1|5|Oct:1;SOV1|5|Sep:1,148;165;185,8e1f6eec5f28b6aa,200,1-500,501-1500
14,5,29120341.82149736,10715125.0,18405216.821496084,1811250.0,8150625.0,753250.0,17777421.36318945,204171.13733404456,423624.32097388513,,78.04833185765892,25.92119791265577,11.9514569779858,0.004493189975619316,33.14275002479553,1,2,5,0.03904708749032787,1,3,4,5,0.03977235845835692,1,"{""eta"":[{""iter"":1,""solved"":5,""failed"":0,""gap_p90"":0,""cache_hr"":0,""fixed"":2,""unan"":true,""key"":null}],""gamma_LT"":[{""iter"":1,""solved"":5,""failed"":0,""gap_p90"":0,""cache_hr"":100,""fixed"":1,""unan"":false,""key"":""('gamma_LT', ('SOV',""},{""iter"":2,""solved"":5,""failed"":0,""gap_p90"":0,""cache_hr"":80,""fixed"":1,""unan"":false,""key"":""('gamma_LT', ('CTV',""},{""iter"":3,""solved"":5,""failed"":0,""gap_p90"":0,""cache_hr"":60,""fixed"":2,""unan"":true,""key"":null}]}",0.014522393060621525,True,2,OPTIMAL,solution_within_gap,False,,5:1,CTV|5:1;SOV|5:1,CTV|5|Dec:1;CTV|5|Feb:1;CTV|5|Jan:1;CTV|5|Nov:1;CTV|5|Oct:1;SOV|5|Dec:1;SOV|5|Nov:1,SOV1|5|Apr:1;SOV1|5|Aug:1;SOV1|5|Dec:1;SOV1|5|Feb:1;SOV1|5|Jan:1;SOV1|5|Jul:1;SOV1|5|Jun:1;SOV1|5|Mar:1;SOV1|5|May:1;SOV1|5|Nov:1;SOV1|5|Oct:1;SOV1|5|Sep:1;SOV2|5|Dec:1;SOV2|5|Nov:1,5;53;143;254;291,8e1f6eec5f28b6aa,200,1-500,501-1500
14,7,29898820.855764903,10380475.0,19518345.85576732,7590000.0,1811250.0,979225.0,18798884.84433355,436480.31977280887,282980.6916585511,,123.2501718280837,26.4422797979787,14.626515698619187,0.006192394532263279,73.4676160812378,1,2,7,0.03968426123702558,1,3,4,7,0.039995356795447544,1,"{""eta"":[{""iter"":1,""solved"":7,""failed"":0,""gap_p90"":0,""cache_hr"":0,""fixed"":2,""unan"":true,""key"":null}],""gamma_LT"":[{""iter"":1,""solved"":7,""failed"":0,""gap_p90"":0,""cache_hr"":100,""fixed"":1,""unan"":false,""key"":""('gamma_LT', ('CTV',""},{""iter"":2,""solved"":7,""failed"":0,""gap_p90"":0,""cache_hr"":86,""fixed"":1,""unan"":false,""key"":""('gamma_LT', ('SOV',""},{""iter"":3,""solved"":7,""failed"":0,""gap_p90"":0,""cache_hr"":43,""fixed"":2,""unan"":true,""key"":null}]}",0.005319269584843785,True,2,OPTIMAL,solution_within_gap,False,,5:1,CTV|5:2,CTV|5|Aug:1;CTV|5|Dec:2;CTV|5|Jan:2;CTV|5|Jul:1;CTV|5|Jun:1;CTV|5|May:1;SOV|5|Apr:1;SOV|5|Dec:2;SOV|5|Feb:1;SOV|5|Jan:1;SOV|5|Mar:1;SOV|5|Nov:2;SOV|5|Oct:1;SOV|5|Sep:1,SOV1|5|Apr:1;SOV1|5|Dec:1;SOV1|5|Feb:1;SOV1|5|Jan:1;SOV1|5|Mar:1;SOV1|5|Nov:1;SOV1|5|Oct:1;SOV1|5|Sep:1;SOV2|5|Dec:1;SOV2|5|Nov:1,76;196;225;245;276;348;439,8e1f6eec5f28b6aa,200,1-500,501-1500
14,10,27078095.079526864,9756025.0,17322070.079528175,172500.0,9056250.0,527275.0,16677709.406620428,245993.02798093672,398367.64492562594,,226.8162980871275,25.859791330061853,22.620585448108613,0.008804009296000004,167.82615303993225,1,2,10,0.03986817493789354,1,3,4,10,0.039950540859344914,1,"{""eta"":[{""iter"":1,""solved"":10,""failed"":0,""gap_p90"":0,""cache_hr"":0,""fixed"":2,""unan"":true,""key"":null}],""gamma_LT"":[{""iter"":1,""solved"":10,""failed"":0,""gap_p90"":0,""cache_hr"":100,""fixed"":1,""unan"":false,""key"":""('gamma_LT', ('CTV',""},{""iter"":2,""solved"":10,""failed"":0,""gap_p90"":0,""cache_hr"":70,""fixed"":1,""unan"":false,""key"":""('gamma_LT', ('SOV',""},{""iter"":3,""solved"":10,""failed"":0,""gap_p90"":0,""cache_hr"":70,""fixed"":2,""unan"":true,""key"":null}]}",0.004055636690209313,True,2,OPTIMAL,solution_within_gap,False,,5:1,CTV|5:2;SOV|5:1,CTV|5|Dec:1;CTV|5|Nov:1,SOV1|5|Apr:1;SOV1|5|Aug:1;SOV1|5|Dec:1;SOV1|5|Feb:1;SOV1|5|Jan:1;SOV1|5|Jul:1;SOV1|5|Jun:1;SOV1|5|Mar:1;SOV1|5|May:1;SOV1|5|Nov:1;SOV1|5|Oct:1;SOV1|5|Sep:1,7;21;70;160;213;264;300;344;376;382,8e1f6eec5f28b6aa,200,1-500,501-1500
14,15,28850707.096001748,11189500.0,17661207.09599612,1380000.0,9056250.0,753250.0,17045593.78174939,224063.59636096962,391549.7178912197,,555.2615106580779,27.468357312493026,16.824532633647323,0.01627070363610983,497.1086549758911,1,2,15,0.039950540859344914,1,3,4,15,0.039950540859344914,1,"{""eta"":[{""iter"":1,""solved"":15,""failed"":0,""gap_p90"":0,""cache_hr"":0,""fixed"":2,""unan"":true,""key"":null}],""gamma_LT"":[{""iter"":1,""solved"":15,""failed"":0,""gap_p90"":0,""cache_hr"":100,""fixed"":1,""unan"":false,""key"":""('gamma_LT', ('CTV',""},{""iter"":2,""solved"":15,""failed"":0,""gap_p90"":0,""cache_hr"":80,""fixed"":1,""unan"":false,""key"":""('gamma_LT', ('SOV',""},{""iter"":3,""solved"":15,""failed"":0,""gap_p90"":0,""cache_hr"":73,""fixed"":2,""unan"":true,""key"":null}]}",1.6858496896033245e-05,True,2,OPTIMAL,solution_within_gap,False,,5:1,CTV|5:2;SOV|5:1,SOV|5|Dec:1;SOV|5|Jan:1,SOV1|5|Apr:1;SOV1|5|Aug:1;SOV1|5|Dec:1;SOV1|5|Feb:1;SOV1|5|Jan:1;SOV1|5|Jul:1;SOV1|5|Jun:1;SOV1|5|Mar:1;SOV1|5|May:1;SOV1|5|Nov:1;SOV1|5|Oct:1;SOV1|5|Sep:1;SOV2|5|Dec:1;SOV2|5|Jan:1,31;59;70;79;81;108;131;143;158;188;284;295;411;452;470,8e1f6eec5f28b6aa,200,1-500,501-1500
14,20,27928064.48904095,8968850.0,18959214.4890341,6555000.0,1811250.0,602600.0,18219422.354341276,400077.0866107306,339715.0480889132,,1350.3369150795043,31.38536622095853,24.776795206591487,0.016127625480294228,1276.147458076477,1,2,20,0.039918091656105485,1,3,4,20,0.039989427514898264,1,"{""eta"":[{""iter"":1,""solved"":20,""failed"":0,""gap_p90"":0,""cache_hr"":0,""fixed"":2,""unan"":true,""key"":null}],""gamma_LT"":[{""iter"":1,""solved"":20,""failed"":0,""gap_p90"":0,""cache_hr"":100,""fixed"":1,""unan"":false,""key"":""('gamma_LT', ('CTV',""},{""iter"":2,""solved"":20,""failed"":0,""gap_p90"":0,""cache_hr"":55,""fixed"":1,""unan"":false,""key"":""('gamma_LT', ('SOV',""},{""iter"":3,""solved"":20,""failed"":0,""gap_p90"":0,""cache_hr"":50,""fixed"":2,""unan"":true,""key"":null}]}",0.005760959228630885,True,2,OPTIMAL,solution_within_gap,False,,5:1,CTV|5:2,CTV|5|Jul:1;CTV|5|Jun:1;CTV|5|May:2;SOV|5|Apr:1;SOV|5|Aug:1;SOV|5|Dec:1;SOV|5|Feb:1;SOV|5|Jan:1;SOV|5|Mar:1;SOV|5|Nov:1;SOV|5|Oct:1;SOV|5|Sep:1,SOV1|5|Apr:1;SOV1|5|Aug:1;SOV1|5|Dec:1;SOV1|5|Feb:1;SOV1|5|Jan:1;SOV1|5|Mar:1;SOV1|5|Nov:1;SOV1|5|Oct:1;SOV1|5|Sep:1,69;112;114;115;140;172;206;234;244;247;257;264;265;282;298;333;348;447;466;475,8e1f6eec5f28b6aa,200,1-500,501-1500
15,1,25087382.580095533,9669775.0,15417607.580095578,86250.0,9056250.0,527275.0,14764273.31472359,265773.0922030824,387561.17316886433,,19.231200679205358,12.983469505794346,0.00032676663249731064,0.0009992215782403946,2.1522011756896973,1,2,1,0.03904708749032787,1,1,4,1,0.03904708749032787,1,"{""eta"":[{""iter"":1,""solved"":1,""failed"":0,""gap_p90"":0,""cache_hr"":0,""fixed"":2,""unan"":true,""key"":null}],""gamma_LT"":[{""iter"":1,""solved"":1,""failed"":0,""gap_p90"":0,""cache_hr"":100,""fixed"":4,""unan"":true,""key"":null}]}",0.0018089804383447845,True,2,OPTIMAL,solution_within_gap,False,,5:1,CTV|5:2;SOV|5:1,CTV|5|Oct:1,SOV1|5|Apr:1;SOV1|5|Aug:1;SOV1|5|Dec:1;SOV1|5|Feb:1;SOV1|5|Jan:1;SOV1|5|Jul:1;SOV1|5|Jun:1;SOV1|5|Mar:1;SOV1|5|May:1;SOV1|5|Nov:1;SOV1|5|Oct:1;SOV1|5|Sep:1,291,8e1f6eec5f28b6aa,200,1-500,501-1500
15,3,29989902.6887127,9508200.0,20481702.68871267,0.0,9056250.0,451950.0,19848086.667388927,248600.93782444534,385015.08349932375,,53.70609737280756,27.699534407816827,11.73922030813992,0.0027049146592617035,8.74052906036377,1,2,3,0.03890035332486391,1,2,4,3,0.03892527405036901,1,"{""eta"":[{""iter"":1,""solved"":3,""failed"":0,""gap_p90"":0,""cache_hr"":0,""fixed"":2,""unan"":true,""key"":null}],""gamma_LT"":[{""iter"":1,""solved"":3,""failed"":0,""gap_p90"":0,""cache_hr"":100,""fixed"":1,""unan"":false,""key"":""('gamma_LT', ('SOV',""},{""iter"":2,""solved"":3,""failed"":0,""gap_p90"":0,""cache_hr"":67,""fixed"":3,""unan"":true,""key"":null}]}",0.006667860264694041,True,2,OPTIMAL,solution_within_gap,False,,5:1,CTV|5:2;SOV|5:1,,SOV1|5|Apr:1;SOV1|5|Aug:1;SOV1|5|Dec:1;SOV1|5|Feb:1;SOV1|5|Jan:1;SOV1|5|Jul:1;SOV1|5|Jun:1;SOV1|5|Mar:1;SOV1|5|May:1;SOV1|5|Nov:1;SOV1|5|Oct:1;SOV1|5|Sep:1,236;354;426,8e1f6eec5f28b6aa,200,1-500,501-1500
15,5,25654032.43103212,11189500.0,14464532.431031698,1380000.0,9056250.0,753250.0,13843387.830094885,227798.9040804319,393345.69685686904,,65.70989680383354,24.596796185709536,15.756435438990593,0.009966802783310413,18.086413860321045,1,2,5,0.03984592910115585,1,3,4,5,0.03999731527273928,1,"{""eta"":[{""iter"":1,""solved"":5,""failed"":0,""gap_p90"":0,""cache_hr"":0,""fixed"":2,""unan"":true,""key"":null}],""gamma_LT"":[{""iter"":1,""solved"":5,""failed"":0,""gap_p90"":0,""cache_hr"":100,""fixed"":1,""unan"":false,""key"":""('gamma_LT', ('CTV',""},{""iter"":2,""solved"":5,""failed"":0,""gap_p90"":0,""cache_hr"":60,""fixed"":1,""unan"":false,""key"":""('gamma_LT', ('SOV',""},{""iter"":3,""solved"":5,""failed"":0,""gap_p90"":0,""cache_hr"":60,""fixed"":2,""unan"":true,""key"":null}]}",0.016000481804751967,True,2,OPTIMAL,solution_within_gap,False,,5:1,CTV|5:2;SOV|5:1,SOV|5|Dec:1;SOV|5|Nov:1,SOV1|5|Apr:1;SOV1|5|Aug:1;SOV1|5|Dec:1;SOV1|5|Feb:1;SOV1|5|Jan:1;SOV1|5|Jul:1;SOV1|5|Jun:1;SOV1|5|Mar:1;SOV1|5|May:1;SOV1|5|Nov:1;SOV1|5|Oct:1;SOV1|5|Sep:1;SOV2|5|Dec:1;SOV2|5|Nov:1,128;160;227;251;427,8e1f6eec5f28b6aa,200,1-500,501-1500
15,7,27404422.942848697,10207975.0,17196447.942847908,7417500.0,1811250.0,979225.0,16481152.760288555,397482.1984975934,317812.9840626066,,112.9751331442967,26.912364617921412,20.120171071961522,0.006228895857930183,57.60489296913147,1,2,7,0.038731417615132026,1,3,4,7,0.039998821700294,1,"{""eta"":[{""iter"":1,""solved"":7,""failed"":0,""gap_p90"":0,""cache_hr"":0,""fixed"":2,""unan"":true,""key"":null}],""gamma_LT"":[{""iter"":1,""solved"":7,""failed"":0,""gap_p90"":0,""cache_hr"":100,""fixed"":1,""unan"":false,""key"":""('gamma_LT', ('CTV',""},{""iter"":2,""solved"":7,""failed"":0,""gap_p90"":0,""cache_hr"":71,""fixed"":1,""unan"":false,""key"":""('gamma_LT', ('SOV',""},{""iter"":3,""solved"":7,""failed"":0,""gap_p90"":0,""cache_hr"":29,""fixed"":2,""unan"":true,""key"":null}]}",0.014963192074603011,True,2,OPTIMAL,solution_within_gap,False,,5:1,CTV|5:2,CTV|5|Dec:1;CTV|5|Jul:1;CTV|5|Jun:1;CTV|5|May:1;CTV|5|Nov:2;SOV|5|Apr:1;SOV|5|Aug:1;SOV|5|Dec:1;SOV|5|Feb:1;SOV|5|Jan:2;SOV|5|Mar:1;SOV|5|Nov:1;SOV|5|Oct:1;SOV|5|Sep:1,SOV1|5|Apr:1;SOV1|5|Aug:1;SOV1|5|Dec:1;SOV1|5|Feb:1;SOV1|5|Jan:1;SOV1|5|Mar:1;SOV1|5|Nov:1;SOV1|5|Oct:1;SOV1|5|Sep:1;SOV2|5|Jan:1,103;149;356;377;381;410;451,8e1f6eec5f28b6aa,200,1-500,501-1500
15,10,27292784.281293657,9508200.0,17784584.281298164,0.0,9056250.0,451950.0,17142777.925163183,245634.96647928876,396171.3896513216,,180.30144524294883,24.212349589914083,17.281038482673466,0.008807922713458538,128.82837414741516,1,2,10,0.03972134225784641,1,3,4,10,0.03999191141906325,1,"{""eta"":[{""iter"":1,""solved"":10,""failed"":0,""gap_p90"":0,""cache_hr"":0,""fixed"":2,""unan"":true,""key"":null}],""gamma_LT"":[{""iter"":1,""solved"":10,""failed"":0,""gap_p90"":0,""cache_hr"":100,""fixed"":1,""unan"":false,""key"":""('gamma_LT', ('CTV',""},{""iter"":2,""solved"":10,""failed"":0,""gap_p90"":0,""cache_hr"":70,""fixed"":1,""unan"":false,""key"":""('gamma_LT', ('SOV',""},{""iter"":3,""solved"":10,""failed"":0,""gap_p90"":0,""cache_hr"":70,""fixed"":2,""unan"":true,""key"":null}]}",0.00821366257378808,True,2,OPTIMAL,solution_within_gap,False,,5:1,CTV|5:2;SOV|5:1,,SOV1|5|Apr:1;SOV1|5|Aug:1;SOV1|5|Dec:1;SOV1|5|Feb:1;SOV1|5|Jan:1;SOV1|5|Jul:1;SOV1|5|Jun:1;SOV1|5|Mar:1;SOV1|5|May:1;SOV1|5|Nov:1;SOV1|5|Oct:1;SOV1|5|Sep:1,6;36;86;127;175;277;334;356;445;498,8e1f6eec5f28b6aa,200,1-500,501-1500
15,15,28226901.850487843,10273525.0,17953376.850481715,690000.0,9056250.0,527275.0,17293934.86396185,254441.35537568567,405000.6311501094,,235.86628557182848,27.37945183645934,16.727103393524885,0.0045335665345191956,178.368408203125,1,2,15,0.039927651646662156,1,3,4,15,0.039961299452805354,1,"{""eta"":[{""iter"":1,""solved"":15,""failed"":0,""gap_p90"":0,""cache_hr"":0,""fixed"":2,""unan"":true,""key"":null}],""gamma_LT"":[{""iter"":1,""solved"":15,""failed"":0,""gap_p90"":0,""cache_hr"":100,""fixed"":1,""unan"":false,""key"":""('gamma_LT', ('CTV',""},{""iter"":2,""solved"":15,""failed"":0,""gap_p90"":0,""cache_hr"":60,""fixed"":1,""unan"":false,""key"":""('gamma_LT', ('SOV',""},{""iter"":3,""solved"":15,""failed"":0,""gap_p90"":0,""cache_hr"":60,""fixed"":2,""unan"":true,""key"":null}]}",0.01856079624310492,True,2,OPTIMAL,solution_within_gap,False,,5:1,CTV|5:2;SOV|5:1,CTV|5|Apr:1;CTV|5|Dec:1;CTV|5|Feb:1;CTV|5|Jan:1;CTV|5|Mar:1;CTV|5|Nov:1;CTV|5|Oct:1;CTV|5|Sep:1,SOV1|5|Apr:1;SOV1|5|Aug:1;SOV1|5|Dec:1;SOV1|5|Feb:1;SOV1|5|Jan:1;SOV1|5|Jul:1;SOV1|5|Jun:1;SOV1|5|Mar:1;SOV1|5|May:1;SOV1|5|Nov:1;SOV1|5|Oct:1;SOV1|5|Sep:1,21;61;138;179;222;286;312;390;435;436;439;461;484;487;499,8e1f6eec5f28b6aa,200,1-500,501-1500
15,20,28214749.827956494,8451350.0,19763399.827949632,6037500.0,1811250.0,602600.0,19010706.852781337,461460.51405958855,291232.46111551946,,1279.1263106688857,31.49112832453102,21.963865474797785,0.015940855257213116,1206.3492150306702,1,2,20,0.03964018106842669,1,3,4,20,0.039975713231176886,1,"{""eta"":[{""iter"":1,""solved"":20,""failed"":0,""gap_p90"":0,""cache_hr"":0,""fixed"":2,""unan"":true,""key"":null}],""gamma_LT"":[{""iter"":1,""solved"":20,""failed"":0,""gap_p90"":0,""cache_hr"":100,""fixed"":1,""unan"":false,""key"":""('gamma_LT', ('CTV',""},{""iter"":2,""solved"":20,""failed"":0,""gap_p90"":0,""cache_hr"":60,""fixed"":1,""unan"":false,""key"":""('gamma_LT', ('SOV',""},{""iter"":3,""solved"":20,""failed"":0,""gap_p90"":0,""cache_hr"":50,""fixed"":2,""unan"":true,""key"":null}]}",0.006666298263650766,True,2,OPTIMAL,solution_within_gap,False,,5:1,CTV|5:2,CTV|5|Apr:1;CTV|5|Dec:1;CTV|5|Jan:1;CTV|5|Jul:1;CTV|5|Jun:1;CTV|5|May:1;SOV|5|Aug:1;SOV|5|Dec:1;SOV|5|Feb:1;SOV|5|Jan:1;SOV|5|Mar:1;SOV|5|Nov:1;SOV|5|Oct:1;SOV|5|Sep:1,SOV1|5|Aug:1;SOV1|5|Dec:1;SOV1|5|Feb:1;SOV1|5|Jan:1;SOV1|5|Mar:1;SOV1|5|Nov:1;SOV1|5|Oct:1;SOV1|5|Sep:1,9;68;96;110;137;141;144;180;187;193;267;280;298;306;323;346;370;416;456;458,8e1f6eec5f28b6aa,200,1-500,501-1500
16,1,28391441.818275236,10336775.0,18054666.818275414,7245000.0,1811250.0,1280525.0,17312082.94453482,481372.64671856124,261211.22702182367,,25.71236621774733,20.376096237450838,0.00037578586488962173,0.0011396361514925957,1.2650978565216064,1,2,1,0.03990073261712836,1,1,4,1,0.03990073261712836,1,"{""eta"":[{""iter"":1,""solved"":1,""failed"":0,""gap_p90"":0,""cache_hr"":0,""fixed"":2,""unan"":true,""key"":null}],""gamma_LT"":[{""iter"":1,""solved"":1,""failed"":0,""gap_p90"":0,""cache_hr"":100,""fixed"":4,""unan"":true,""key"":null}]}",0.010318395678028279,True,2,OPTIMAL,solution_within_gap,False,,5:1,CTV|5:2,CTV|5|Apr:1;CTV|5|Aug:2;CTV|5|Jan:3;CTV|5|Jul:1;CTV|5|Jun:2;CTV|5|May:1;CTV|5|Nov:1;CTV|5|Sep:1;SOV|5|Dec:1;SOV|5|Feb:1;SOV|5|Jan:1;SOV|5|Mar:1;SOV|5|Nov:2;SOV|5|Oct:2;SOV|5|Sep:1,SOV1|5|Dec:1;SOV1|5|Feb:1;SOV1|5|Jan:1;SOV1|5|Mar:1;SOV1|5|Nov:1;SOV1|5|Oct:1;SOV1|5|Sep:1;SOV2|5|Nov:1;SOV2|5|Oct:1,133,8e1f6eec5f28b6aa,200,1-500,501-1500
16,3,27604426.0082618,9508200.0,18096226.008261796,0.0,9056250.0,451950.0,17414055.736597218,234962.16057566475,447208.1110889335,,60.416566701605916,25.421178857795894,14.549531161785126,0.002688135951757431,14.845566987991333,1,2,3,0.03895561637029319,1,3,4,3,0.03986079786488212,1,"{""eta"":[{""iter"":1,""solved"":3,""failed"":0,""gap_p90"":0,""cache_hr"":0,""fixed"":2,""unan"":true,""key"":null}],""gamma_LT"":[{""iter"":1,""solved"":3,""failed"":0,""gap_p90"":0,""cache_hr"":100,""fixed"":1,""unan"":false,""key"":""('gamma_LT', ('CTV',""},{""iter"":2,""solved"":3,""failed"":0,""gap_p90"":0,""cache_hr"":67,""fixed"":1,""unan"":false,""key"":""('gamma_LT', ('SOV',""},{""iter"":3,""solved"":3,""failed"":0,""gap_p90"":0,""cache_hr"":67,""fixed"":2,""unan"":true,""key"":null}]}",0.0016586417539765142,True,2,OPTIMAL,solution_within_gap,False,,5:1,CTV|5:2;SOV|5:1,,SOV1|5|Apr:1;SOV1|5|Aug:1;SOV1|5|Dec:1;SOV1|5|Feb:1;SOV1|5|Jan:1;SOV1|5|Jul:1;SOV1|5|Jun:1;SOV1|5|Mar:1;SOV1|5|May:1;SOV1|5|Nov:1;SOV1|5|Oct:1;SOV1|5|Sep:1,64;160;177,8e1f6eec5f28b6aa,200,1-500,501-1500
16,5,28046328.893617325,9756025.0,18290303.893615972,172500.0,9056250.0,527275.0,17636206.863452826,255153.51451367696,398943.5156508042,,69.4755662214011,25.304470899514854,8.17016232572496,0.004494761116802692,29.013856887817383,1,2,5,0.03967820095227006,1,2,4,5,0.03999842211282067,1,"{""eta"":[{""iter"":1,""solved"":5,""failed"":0,""gap_p90"":0,""cache_hr"":0,""fixed"":2,""unan"":true,""key"":null}],""gamma_LT"":[{""iter"":1,""solved"":5,""failed"":0,""gap_p90"":0,""cache_hr"":100,""fixed"":1,""unan"":false,""key"":""('gamma_LT', ('SOV',""},{""iter"":2,""solved"":5,""failed"":0,""gap_p90"":0,""cache_hr"":60,""fixed"":3,""unan"":true,""key"":null}]}",0.006575099932900825,True,2,OPTIMAL,solution_within_gap,False,,5:1,CTV|5:2;SOV|5:1,CTV|5|Dec:1;CTV|5|Jan:1,SOV1|5|Apr:1;SOV1|5|Aug:1;SOV1|5|Dec:1;SOV1|5|Feb:1;SOV1|5|Jan:1;SOV1|5|Jul:1;SOV1|5|Jun:1;SOV1|5|Mar:1;SOV1|5|May:1;SOV1|5|Nov:1;SOV1|5|Oct:1;SOV1|5|Sep:1,59;76;174;322;498,8e1f6eec5f28b6aa,200,1-500,501-1500
16,7,32272795.07890356,11923200.0,20349595.078905243,9660000.0,1811250.0,451950.0,19722879.202159934,220060.24409476147,406655.6326488876,,102.50514530949295,27.298462288454175,21.704388139769435,0.006241179071366787,45.30490303039551,1,2,7,0.03971400812772323,1,3,4,7,0.03999796462355709,1,"{""eta"":[{""iter"":1,""solved"":7,""failed"":0,""gap_p90"":0,""cache_hr"":0,""fixed"":2,""unan"":true,""key"":null}],""gamma_LT"":[{""iter"":1,""solved"":7,""failed"":0,""gap_p90"":0,""cache_hr"":100,""fixed"":1,""unan"":false,""key"":""('gamma_LT', ('CTV',""},{""iter"":2,""solved"":7,""failed"":0,""gap_p90"":0,""cache_hr"":86,""fixed"":1,""unan"":false,""key"":""('gamma_LT', ('SOV',""},{""iter"":3,""solved"":7,""failed"":0,""gap_p90"":0,""cache_hr"":29,""fixed"":2,""unan"":true,""key"":null}]}",0.015721593756640583,True,2,OPTIMAL,solution_within_gap,False,,5:1,CTV|5:2,SOV|5|Apr:1;SOV|5|Aug:1;SOV|5|Dec:2;SOV|5|Feb:1;SOV|5|Jan:1;SOV|5|Jul:1;SOV|5|Jun:1;SOV|5|Mar:1;SOV|5|May:1;SOV|5|Nov:2;SOV|5|Oct:1;SOV|5|Sep:1,SOV1|5|Apr:1;SOV1|5|Aug:1;SOV1|5|Dec:1;SOV1|5|Feb:1;SOV1|5|Jan:1;SOV1|5|Jul:1;SOV1|5|Jun:1;SOV1|5|Mar:1;SOV1|5|May:1;SOV1|5|Nov:1;SOV1|5|Oct:1;SOV1|5|Sep:1;SOV2|5|Dec:1;SOV2|5|Nov:1,16;98;99;148;217;370;384,8e1f6eec5f28b6aa,200,1-500,501-1500
16,10,27438210.449541826,10003850.0,17434360.449545972,345000.0,9056250.0,602600.0,16763042.344628593,253364.68232251992,417953.42259083065,,186.24182858597487,23.374519519507885,17.855205363593996,0.008314632810652256,134.31756496429443,1,2,10,0.039907519853944154,1,3,4,10,0.039907519853944154,1,"{""eta"":[{""iter"":1,""solved"":10,""failed"":0,""gap_p90"":0,""cache_hr"":0,""fixed"":2,""unan"":true,""key"":null}],""gamma_LT"":[{""iter"":1,""solved"":10,""failed"":0,""gap_p90"":0,""cache_hr"":100,""fixed"":1,""unan"":false,""key"":""('gamma_LT', ('SOV',""},{""iter"":2,""solved"":10,""failed"":0,""gap_p90"":0,""cache_hr"":60,""fixed"":1,""unan"":false,""key"":""('gamma_LT', ('CTV',""},{""iter"":3,""solved"":10,""failed"":0,""gap_p90"":0,""cache_hr"":60,""fixed"":2,""unan"":true,""key"":null}]}",0.015145329716632489,True,2,OPTIMAL,solution_within_gap,False,,5:1,CTV|5:2;SOV|5:1,CTV|5|Apr:1;CTV|5|Feb:1;CTV|5|Mar:1;CTV|5|Oct:1,SOV1|5|Apr:1;SOV1|5|Aug:1;SOV1|5|Dec:1;SOV1|5|Feb:1;SOV1|5|Jan:1;SOV1|5|Jul:1;SOV1|5|Jun:1;SOV1|5|Mar:1;SOV1|5|May:1;SOV1|5|Nov:1;SOV1|5|Oct:1;SOV1|5|Sep:1,26;32;125;154;183;210;285;390;424;461,8e1f6eec5f28b6aa,200,1-500,501-1500
16,15,29958976.323270097,11437325.0,18521651.323264543,1552500.0,9056250.0,828575.0,17893165.565605804,228537.40917452957,399948.3484896171,,333.9030275400728,31.1428010892123,18.899643337354064,0.01175888255238533,268.54062390327454,1,2,15,0.039747562546307354,1,3,4,15,0.039916706141155237,1,"{""eta"":[{""iter"":1,""solved"":15,""failed"":0,""gap_p90"":0,""cache_hr"":0,""fixed"":2,""unan"":true,""key"":null}],""gamma_LT"":[{""iter"":1,""solved"":15,""failed"":0,""gap_p90"":0,""cache_hr"":100,""fixed"":1,""unan"":false,""key"":""('gamma_LT', ('CTV',""},{""iter"":2,""solved"":15,""failed"":0,""gap_p90"":0,""cache_hr"":73,""fixed"":1,""unan"":false,""key"":""('gamma_LT', ('SOV',""},{""iter"":3,""solved"":15,""failed"":0,""gap_p90"":0,""cache_hr"":73,""fixed"":2,""unan"":true,""key"":null}]}",0.009362329157133179,True,2,OPTIMAL,solution_within_gap,False,,5:1,CTV|5:2;SOV|5:1,CTV|5|Dec:1;CTV|5|Jan:1;SOV|5|Dec:1;SOV|5|Jan:1,SOV1|5|Apr:1;SOV1|5|Aug:1;SOV1|5|Dec:1;SOV1|5|Feb:1;SOV1|5|Jan:1;SOV1|5|Jul:1;SOV1|5|Jun:1;SOV1|5|Mar:1;SOV1|5|May:1;SOV1|5|Nov:1;SOV1|5|Oct:1;SOV1|5|Sep:1;SOV2|5|Dec:1;SOV2|5|Jan:1,27;30;105;147;207;231;240;250;258;266;271;319;350;440;480,8e1f6eec5f28b6aa,200,1-500,501-1500
16,20,28779680.34293703,11178575.0,17601105.342930887,8538750.0,1811250.0,828575.0,16927937.581057876,369563.32498033316,303604.4368988412,,829.9411546811461,37.17884398717433,29.450660038739443,0.016642972826957703,745.8288788795471,2,2,20,0.039397030566208344,1,3,4,20,0.039993954500614735,1,"{""eta"":[{""iter"":1,""solved"":20,""failed"":0,""gap_p90"":0,""cache_hr"":0,""fixed"":1,""unan"":false,""key"":""('eta', '5')""},{""iter"":2,""solved"":20,""failed"":0,""gap_p90"":0,""cache_hr"":95,""fixed"":1,""unan"":true,""key"":null}],""gamma_LT"":[{""iter"":1,""solved"":20,""failed"":0,""gap_p90"":0,""cache_hr"":100,""fixed"":1,""unan"":false,""key"":""('gamma_LT', ('CTV',""},{""iter"":2,""solved"":20,""failed"":0,""gap_p90"":0,""cache_hr"":70,""fixed"":1,""unan"":false,""key"":""('gamma_LT', ('SOV',""},{""iter"":3,""solved"":20,""failed"":0,""gap_p90"":0,""cache_hr"":50,""fixed"":2,""unan"":true,""key"":null}]}",0.01607806172826679,True,2,OPTIMAL,solution_within_gap,False,,5:1,CTV|5:2,CTV|5|Jul:1;CTV|5|Jun:1;CTV|5|May:1;SOV|5|Apr:1;SOV|5|Aug:1;SOV|5|Dec:2;SOV|5|Feb:2;SOV|5|Jan:2;SOV|5|Mar:1;SOV|5|Nov:1;SOV|5|Oct:1;SOV|5|Sep:1,SOV1|5|Apr:1;SOV1|5|Aug:1;SOV1|5|Dec:1;SOV1|5|Feb:1;SOV1|5|Jan:1;SOV1|5|Mar:1;SOV1|5|Nov:1;SOV1|5|Oct:1;SOV1|5|Sep:1;SOV2|5|Dec:1;SOV2|5|Feb:1;SOV2|5|Jan:1,31;42;50;121;148;213;239;264;276;288;297;325;332;377;410;413;418;477;481;495,8e1f6eec5f28b6aa,200,1-500,501-1500
17,1,37478553.919887446,11437325.0,26041228.919887543,1552500.0,9056250.0,828575.0,25460081.996181525,218956.2001918155,362190.72351409384,,16.10937900748104,10.86316948570311,0.0003530895337462425,0.0009895870462059975,1.2676708698272705,1,2,1,0.03754684519228476,1,1,4,1,0.03754684519228476,1,"{""eta"":[{""iter"":1,""solved"":1,""failed"":0,""gap_p90"":0,""cache_hr"":0,""fixed"":2,""unan"":true,""key"":null}],""gamma_LT"":[{""iter"":1,""solved"":1,""failed"":0,""gap_p90"":0,""cache_hr"":100,""fixed"":4,""unan"":true,""key"":null}]}",0.012907639269501892,True,2,OPTIMAL,solution_within_gap,False,,5:1,CTV|5:2;SOV|5:1,CTV|5|Apr:1;CTV|5|Mar:1;SOV|5|Dec:1;SOV|5|Nov:1,SOV1|5|Apr:1;SOV1|5|Aug:1;SOV1|5|Dec:1;SOV1|5|Feb:1;SOV1|5|Jan:1;SOV1|5|Jul:1;SOV1|5|Jun:1;SOV1|5|Mar:1;SOV1|5|May:1;SOV1|5|Nov:1;SOV1|5|Oct:1;SOV1|5|Sep:1;SOV2|5|Dec:1;SOV2|5|Nov:1,293,8e1f6eec5f28b6aa,200,1-500,501-1500
17,3,27774430.807342496,9508200.0,18266230.807342462,0.0,9056250.0,451950.0,17623351.360314243,250520.55335946218,392358.8936688041,,41.72223465144634,26.027255007997155,0.00040968041867017746,0.002669575624167919,10.166478157043457,1,2,3,0.03939003720261699,1,1,4,3,0.03939003720261699,1,"{""eta"":[{""iter"":1,""solved"":3,""failed"":0,""gap_p90"":0,""cache_hr"":0,""fixed"":2,""unan"":true,""key"":null}],""gamma_LT"":[{""iter"":1,""solved"":3,""failed"":0,""gap_p90"":0,""cache_hr"":100,""fixed"":4,""unan"":true,""key"":null}]}",0.00691989043520915,True,2,OPTIMAL,solution_within_gap,False,,5:1,CTV|5:2;SOV|5:1,,SOV1|5|Apr:1;SOV1|5|Aug:1;SOV1|5|Dec:1;SOV1|5|Feb:1;SOV1|5|Jan:1;SOV1|5|Jul:1;SOV1|5|Jun:1;SOV1|5|Mar:1;SOV1|5|May:1;SOV1|5|Nov:1;SOV1|5|Oct:1;SOV1|5|Sep:1,57;288;384,8e1f6eec5f28b6aa,200,1-500,501-1500
17,5,25873280.930344764,9831350.0,16041930.930344125,172500.0,9056250.0,602600.0,15393812.150391484,248345.80870705034,399772.9712461767,,65.68038855493069,31.9819781081751,9.108003900386393,0.004408552311360836,17.79381799697876,1,2,5,0.03987183478821024,1,2,4,5,0.03993099921907735,1,"{""eta"":[{""iter"":1,""solved"":5,""failed"":0,""gap_p90"":0,""cache_hr"":0,""fixed"":2,""unan"":true,""key"":null}],""gamma_LT"":[{""iter"":1,""solved"":5,""failed"":0,""gap_p90"":0,""cache_hr"":100,""fixed"":1,""unan"":false,""key"":""('gamma_LT', ('SOV',""},{""iter"":2,""solved"":5,""failed"":0,""gap_p90"":0,""cache_hr"":40,""fixed"":3,""unan"":true,""key"":null}]}",0.018361376785457798,True,2,OPTIMAL,solution_within_gap,False,,5:1,CTV|5:2;SOV|5:1,CTV|5|Jan:1;CTV|5|Nov:1,SOV1|5|Apr:1;SOV1|5|Aug:1;SOV1|5|Dec:1;SOV1|5|Feb:1;SOV1|5|Jan:1;SOV1|5|Jul:1;SOV1|5|Jun:1;SOV1|5|Mar:1;SOV1|5|May:1;SOV1|5|Nov:1;SOV1|5|Oct:1;SOV1|5|Sep:1,80;311;350;467;487,8e1f6eec5f28b6aa,200,1-500,501-1500
17,7,29334363.97032007,9528900.0,19805463.970322724,6813750.0,1811250.0,903900.0,19068482.55868674,438343.09661473765,298638.3150186655,,108.91418727580458,28.780583288520575,14.88095538597554,0.0063163358718156815,56.769869804382324,1,2,7,0.03968426123702558,1,3,4,7,0.03999655895102229,1,"{""eta"":[{""iter"":1,""solved"":7,""failed"":0,""gap_p90"":0,""cache_hr"":0,""fixed"":2,""unan"":true,""key"":null}],""gamma_LT"":[{""iter"":1,""solved"":7,""failed"":0,""gap_p90"":0,""cache_hr"":100,""fixed"":1,""unan"":false,""key"":""('gamma_LT', ('CTV',""},{""iter"":2,""solved"":7,""failed"":0,""gap_p90"":0,""cache_hr"":43,""fixed"":1,""unan"":false,""key"":""('gamma_LT', ('SOV',""},{""iter"":3,""solved"":7,""failed"":0,""gap_p90"":0,""cache_hr"":43,""fixed"":2,""unan"":true,""key"":null}]}",0.013552372027545858,True,2,OPTIMAL,solution_within_gap,False,,5:1,CTV|5:2,CTV|5|Apr:1;CTV|5|Aug:1;CTV|5|Jan:1;CTV|5|Jul:1;CTV|5|Jun:1;CTV|5|Mar:1;CTV|5|May:1;SOV|5|Apr:1;SOV|5|Dec:2;SOV|5|Feb:1;SOV|5|Jan:1;SOV|5|Mar:1;SOV|5|Nov:1;SOV|5|Oct:1;SOV|5|Sep:1,SOV1|5|Apr:1;SOV1|5|Dec:1;SOV1|5|Feb:1;SOV1|5|Jan:1;SOV1|5|Mar:1;SOV1|5|Nov:1;SOV1|5|Oct:1;SOV1|5|Sep:1;SOV2|5|Dec:1,43;52;92;95;276;281;345,8e1f6eec5f28b6aa,200,1-500,501-1500
17,10,28368266.241650276,9281650.0,19086616.2416551,603750.0,8150625.0,527275.0,18411801.085706685,225366.30329781232,449448.8526459089,,575.8272199789062,25.2409687070176,17.53742161206901,0.008748386986553669,522.8549280166626,1,2,10,0.03934062798184271,1,3,4,10,0.039995661278867195,1,"{""eta"":[{""iter"":1,""solved"":10,""failed"":0,""gap_p90"":0,""cache_hr"":0,""fixed"":2,""unan"":true,""key"":null}],""gamma_LT"":[{""iter"":1,""solved"":10,""failed"":0,""gap_p90"":0,""cache_hr"":100,""fixed"":1,""unan"":false,""key"":""('gamma_LT', ('SOV',""},{""iter"":2,""solved"":10,""failed"":0,""gap_p90"":0,""cache_hr"":70,""fixed"":1,""unan"":false,""key"":""('gamma_LT', ('CTV',""},{""iter"":3,""solved"":10,""failed"":0,""gap_p90"":0,""cache_hr"":40,""fixed"":2,""unan"":true,""key"":null}]}",2.2586855533479888e-14,True,2,OPTIMAL,solution_within_gap,False,,5:1,CTV|5:1;SOV|5:1,CTV|5|Dec:2;CTV|5|Feb:1;CTV|5|Jan:2;CTV|5|Nov:1;CTV|5|Oct:1,SOV1|5|Apr:1;SOV1|5|Aug:1;SOV1|5|Dec:1;SOV1|5|Feb:1;SOV1|5|Jan:1;SOV1|5|Jul:1;SOV1|5|Jun:1;SOV1|5|Mar:1;SOV1|5|May:1;SOV1|5|Nov:1;SOV1|5|Oct:1;SOV1|5|Sep:1,4;52;100;152;165;183;190;215;292;391,8e1f6eec5f28b6aa,200,1-500,501-1500
17,15,29239735.555884816,8699175.0,20540560.5558781,6210000.0,1811250.0,677925.0,19779540.62799516,462740.84261644376,298279.08527327515,,537.4103758772835,105.06840695720166,24.67513383831829,0.01156572438776493,394.2443449497223,1,2,15,0.039841511499042796,1,3,4,15,0.0399985959124647,1,"{""eta"":[{""iter"":1,""solved"":15,""failed"":0,""gap_p90"":0,""cache_hr"":0,""fixed"":2,""unan"":true,""key"":null}],""gamma_LT"":[{""iter"":1,""solved"":15,""failed"":0,""gap_p90"":0,""cache_hr"":100,""fixed"":1,""unan"":false,""key"":""('gamma_LT', ('CTV',""},{""iter"":2,""solved"":15,""failed"":0,""gap_p90"":0,""cache_hr"":60,""fixed"":1,""unan"":false,""key"":""('gamma_LT', ('SOV',""},{""iter"":3,""solved"":15,""failed"":0,""gap_p90"":0,""cache_hr"":40,""fixed"":2,""unan"":true,""key"":null}]}",0.015511705422038221,True,2,OPTIMAL,solution_within_gap,False,,5:1,CTV|5:2,CTV|5|Aug:1;CTV|5|Dec:1;CTV|5|Jan:1;CTV|5|Jul:1;CTV|5|Jun:2;CTV|5|May:2;SOV|5|Apr:1;SOV|5|Dec:1;SOV|5|Feb:1;SOV|5|Jan:1;SOV|5|Mar:1;SOV|5|Nov:1;SOV|5|Oct:1;SOV|5|Sep:1,SOV1|5|Apr:1;SOV1|5|Dec:1;SOV1|5|Feb:1;SOV1|5|Jan:1;SOV1|5|Mar:1;SOV1|5|Nov:1;SOV1|5|Oct:1;SOV1|5|Sep:1,1;57;107;140;184;200;233;246;343;349;356;380;415;479;495,8e1f6eec5f28b6aa,200,1-500,501-1500
17,20,28339107.74500952,9756025.0,18583082.74500298,172500.0,9056250.0,527275.0,17932328.06711896,237871.67749983427,412883.00039073575,,396.4781117718667,29.000239581800997,19.034270121715963,0.015878907404839993,331.6926429271698,1,2,20,0.03971400812772323,1,3,4,20,0.03992836725089053,1,"{""eta"":[{""iter"":1,""solved"":20,""failed"":0,""gap_p90"":0,""cache_hr"":0,""fixed"":2,""unan"":true,""key"":null}],""gamma_LT"":[{""iter"":1,""solved"":20,""failed"":0,""gap_p90"":0,""cache_hr"":100,""fixed"":1,""unan"":false,""key"":""('gamma_LT', ('CTV',""},{""iter"":2,""solved"":20,""failed"":0,""gap_p90"":0,""cache_hr"":75,""fixed"":1,""unan"":false,""key"":""('gamma_LT', ('SOV',""},{""iter"":3,""solved"":20,""failed"":0,""gap_p90"":0,""cache_hr"":65,""fixed"":2,""unan"":true,""key"":null}]}",0.004931110471415421,True,2,OPTIMAL,solution_within_gap,False,,5:1,CTV|5:2;SOV|5:1,CTV|5|Dec:1;CTV|5|Jan:1,SOV1|5|Apr:1;SOV1|5|Aug:1;SOV1|5|Dec:1;SOV1|5|Feb:1;SOV1|5|Jan:1;SOV1|5|Jul:1;SOV1|5|Jun:1;SOV1|5|Mar:1;SOV1|5|May:1;SOV1|5|Nov:1;SOV1|5|Oct:1;SOV1|5|Sep:1,35;47;99;169;181;211;213;218;225;257;299;333;355;361;450;462;469;474;483;487,8e1f6eec5f28b6aa,200,1-500,501-1500
18,1,32620145.754372098,11437325.0,21182820.754372194,1552500.0,9056250.0,828575.0,20571842.06043908,208661.84852638957,402316.84540662775,,17.48978928849101,11.81397664360702,0.0003308327868580818,0.0010030344128608704,1.609428882598877,1,2,1,0.03972126166619745,1,1,4,1,0.03972126166619745,1,"{""eta"":[{""iter"":1,""solved"":1,""failed"":0,""gap_p90"":0,""cache_hr"":0,""fixed"":2,""unan"":true,""key"":null}],""gamma_LT"":[{""iter"":1,""solved"":1,""failed"":0,""gap_p90"":0,""cache_hr"":100,""fixed"":4,""unan"":true,""key"":null}]}",0.0068031949155792975,True,2,OPTIMAL,solution_within_gap,False,,5:1,CTV|5:2;SOV|5:1,CTV|5|Oct:1;CTV|5|Sep:1;SOV|5|Dec:1;SOV|5|Nov:1,SOV1|5|Apr:1;SOV1|5|Aug:1;SOV1|5|Dec:1;SOV1|5|Feb:1;SOV1|5|Jan:1;SOV1|5|Jul:1;SOV1|5|Jun:1;SOV1|5|Mar:1;SOV1|5|May:1;SOV1|5|Nov:1;SOV1|5|Oct:1;SOV1|5|Sep:1;SOV2|5|Dec:1;SOV2|5|Nov:1,232,8e1f6eec5f28b6aa,200,1-500,501-1500
18,3,29870603.995097935,10574825.0,19295778.995097645,7935000.0,1811250.0,828575.0,18611148.709230945,452752.38942083716,231877.89644614435,,49.25268092751503,24.760441611520946,9.720214661210775,0.0027714744210243225,9.433831930160522,1,2,3,0.0387463578896156,1,3,4,3,0.03990018760625942,1,"{""eta"":[{""iter"":1,""solved"":3,""failed"":0,""gap_p90"":0,""cache_hr"":0,""fixed"":2,""unan"":true,""key"":null}],""gamma_LT"":[{""iter"":1,""solved"":3,""failed"":0,""gap_p90"":0,""cache_hr"":100,""fixed"":1,""unan"":false,""key"":""('gamma_LT', ('CTV',""},{""iter"":2,""solved"":3,""failed"":0,""gap_p90"":0,""cache_hr"":33,""fixed"":1,""unan"":false,""key"":""('gamma_LT', ('SOV',""},{""iter"":3,""solved"":3,""failed"":0,""gap_p90"":0,""cache_hr"":67,""fixed"":2,""unan"":true,""key"":null}]}",0.013345324567914705,True,2,OPTIMAL,solution_within_gap,False,,5:1,CTV|5:2,CTV|5|Aug:1;CTV|5|Jul:1;CTV|5|Jun:1;CTV|5|May:1;SOV|5|Dec:2;SOV|5|Feb:2;SOV|5|Jan:2;SOV|5|Mar:1;SOV|5|Nov:2;SOV|5|Oct:1;SOV|5|Sep:1,SOV1|5|Dec:1;SOV1|5|Feb:1;SOV1|5|Jan:1;SOV1|5|Mar:1;SOV1|5|Nov:1;SOV1|5|Oct:1;SOV1|5|Sep:1;SOV2|5|Dec:1;SOV2|5|Feb:1;SOV2|5|Jan:1;SOV2|5|Nov:1,128;245;306,8e1f6eec5f28b6aa,200,1-500,501-1500
18,5,28028813.01007269,11189500.0,16839313.010072228,1380000.0,9056250.0,753250.0,16204287.251613704,221118.02517396322,413907.73328506044,,55.30262864287943,24.287812305614352,6.459526934660971,0.0044448236003518105,17.471858024597168,1,2,5,0.0390058828885514,1,2,4,5,0.03999491340197772,1,"{""eta"":[{""iter"":1,""solved"":5,""failed"":0,""gap_p90"":0,""cache_hr"":0,""fixed"":2,""unan"":true,""key"":null}],""gamma_LT"":[{""iter"":1,""solved"":5,""failed"":0,""gap_p90"":0,""cache_hr"":100,""fixed"":1,""unan"":false,""key"":""('gamma_LT', ('SOV',""},{""iter"":2,""solved"":5,""failed"":0,""gap_p90"":0,""cache_hr"":60,""fixed"":3,""unan"":true,""key"":null}]}",0.014336704479689865,True,2,OPTIMAL,solution_within_gap,False,,5:1,CTV|5:2;SOV|5:1,SOV|5|Dec:1;SOV|5|Nov:1,SOV1|5|Apr:1;SOV1|5|Aug:1;SOV1|5|Dec:1;SOV1|5|Feb:1;SOV1|5|Jan:1;SOV1|5|Jul:1;SOV1|5|Jun:1;SOV1|5|Mar:1;SOV1|5|May:1;SOV1|5|Nov:1;SOV1|5|Oct:1;SOV1|5|Sep:1;SOV2|5|Dec:1;SOV2|5|Nov:1,44;60;413;428;433,8e1f6eec5f28b6aa,200,1-500,501-1500
18,7,28763265.9757822,7653825.0,21109440.975785043,6296250.0,905625.0,451950.0,20316249.077196214,510815.95825671277,282375.9403293329,,164.30550234671682,25.10222228895873,22.485716369003057,0.006014811806380749,107.8865270614624,1,2,7,0.039554960512052324,1,3,4,7,0.03999705320358061,1,"{""eta"":[{""iter"":1,""solved"":7,""failed"":0,""gap_p90"":0,""cache_hr"":0,""fixed"":2,""unan"":true,""key"":null}],""gamma_LT"":[{""iter"":1,""solved"":7,""failed"":0,""gap_p90"":0,""cache_hr"":100,""fixed"":1,""unan"":false,""key"":""('gamma_LT', ('CTV',""},{""iter"":2,""solved"":7,""failed"":0,""gap_p90"":0,""cache_hr"":14,""fixed"":1,""unan"":false,""key"":""('gamma_LT', ('SOV',""},{""iter"":3,""solved"":7,""failed"":0,""gap_p90"":0,""cache_hr"":43,""fixed"":2,""unan"":true,""key"":null}]}",0.009163625166774205,True,2,OPTIMAL,solution_within_gap,False,,5:1,CTV|5:1,CTV|5|Apr:2;CTV|5|Aug:2;CTV|5|Dec:1;CTV|5|Feb:1;CTV|5|Jan:1;CTV|5|Jul:2;CTV|5|Jun:2;CTV|5|Mar:1;CTV|5|May:2;CTV|5|Nov:1;CTV|5|Oct:1;CTV|5|Sep:1;SOV|5|Dec:1;SOV|5|Feb:1;SOV|5|Jan:1;SOV|5|Mar:1;SOV|5|Nov:1;SOV|5|Oct:1;SOV|5|Sep:1,SOV1|5|Dec:1;SOV1|5|Feb:1;SOV1|5|Jan:1;SOV1|5|Mar:1;SOV1|5|Nov:1;SOV1|5|Oct:1;SOV1|5|Sep:1,43;58;169;267;285;317;452,8e1f6eec5f28b6aa,200,1-500,501-1500
18,10,30358444.198168933,9055100.0,21303344.198173523,6641250.0,1811250.0,602600.0,20576586.706436895,394030.275410632,332727.2163213062,,406.4445945760235,26.11680951435119,15.312242133542895,0.008678337559103966,354.64054703712463,1,2,10,0.038151474692021736,1,3,4,10,0.039973250335418986,1,"{""eta"":[{""iter"":1,""solved"":10,""failed"":0,""gap_p90"":0,""cache_hr"":0,""fixed"":2,""unan"":true,""key"":null}],""gamma_LT"":[{""iter"":1,""solved"":10,""failed"":0,""gap_p90"":0,""cache_hr"":100,""fixed"":1,""unan"":false,""key"":""('gamma_LT', ('CTV',""},{""iter"":2,""solved"":10,""failed"":0,""gap_p90"":0,""cache_hr"":80,""fixed"":1,""unan"":false,""key"":""('gamma_LT', ('SOV',""},{""iter"":3,""solved"":10,""failed"":0,""gap_p90"":0,""cache_hr"":50,""fixed"":2,""unan"":true,""key"":null}]}",6.47191739475795e-05,True,2,OPTIMAL,solution_within_gap,False,,5:1,CTV|5:2,CTV|5|Dec:1;CTV|5|Jan:1;CTV|5|Jul:1;CTV|5|Jun:1;CTV|5|May:1;SOV|5|Apr:1;SOV|5|Aug:1;SOV|5|Dec:1;SOV|5|Feb:1;SOV|5|Jan:1;SOV|5|Mar:1;SOV|5|Nov:1;SOV|5|Oct:1;SOV|5|Sep:1,SOV1|5|Apr:1;SOV1|5|Aug:1;SOV1|5|Dec:1;SOV1|5|Feb:1;SOV1|5|Jan:1;SOV1|5|Mar:1;SOV1|5|Nov:1;SOV1|5|Oct:1;SOV1|5|Sep:1,52;94;220;229;323;335;359;360;363;418,8e1f6eec5f28b6aa,200,1-500,501-1500
18,15,27416372.997127987,8365100.0,19051272.997121353,5951250.0,1811250.0,602600.0,18308909.569225684,451606.536211358,290756.8916910227,,450.38873183354735,29.37266899459064,20.837789526209235,0.011559093371033669,386.55308985710144,1,2,15,0.03996619521656242,1,3,4,15,0.03999655895102229,1,"{""eta"":[{""iter"":1,""solved"":15,""failed"":0,""gap_p90"":0,""cache_hr"":0,""fixed"":2,""unan"":true,""key"":null}],""gamma_LT"":[{""iter"":1,""solved"":15,""failed"":0,""gap_p90"":0,""cache_hr"":100,""fixed"":1,""unan"":false,""key"":""('gamma_LT', ('CTV',""},{""iter"":2,""solved"":15,""failed"":0,""gap_p90"":0,""cache_hr"":53,""fixed"":1,""unan"":false,""key"":""('gamma_LT', ('SOV',""},{""iter"":3,""solved"":15,""failed"":0,""gap_p90"":0,""cache_hr"":47,""fixed"":2,""unan"":true,""key"":null}]}",0.018322983879556495,True,2,OPTIMAL,solution_within_gap,False,,5:1,CTV|5:2,CTV|5|Aug:1;CTV|5|Jul:2;CTV|5|Jun:1;CTV|5|May:1;SOV|5|Apr:1;SOV|5|Dec:1;SOV|5|Feb:1;SOV|5|Jan:1;SOV|5|Mar:1;SOV|5|Nov:1;SOV|5|Oct:1;SOV|5|Sep:1,SOV1|5|Apr:1;SOV1|5|Dec:1;SOV1|5|Feb:1;SOV1|5|Jan:1;SOV1|5|Mar:1;SOV1|5|Nov:1;SOV1|5|Oct:1;SOV1|5|Sep:1,9;24;65;79;95;105;108;183;282;296;309;324;371;411;479,8e1f6eec5f28b6aa,200,1-500,501-1500
18,20,29207021.763472196,9756025.0,19450996.76346575,172500.0,9056250.0,527275.0,18799044.14613963,244185.55394290044,407767.0633896318,,451.24735427834094,28.194816497154534,20.22591787111014,0.016732577234506607,385.2689621448517,1,2,20,0.03972126166619745,1,3,4,20,0.039831026539044856,1,"{""eta"":[{""iter"":1,""solved"":20,""failed"":0,""gap_p90"":0,""cache_hr"":0,""fixed"":2,""unan"":true,""key"":null}],""gamma_LT"":[{""iter"":1,""solved"":20,""failed"":0,""gap_p90"":0,""cache_hr"":100,""fixed"":1,""unan"":false,""key"":""('gamma_LT', ('CTV',""},{""iter"":2,""solved"":20,""failed"":0,""gap_p90"":0,""cache_hr"":70,""fixed"":1,""unan"":false,""key"":""('gamma_LT', ('SOV',""},{""iter"":3,""solved"":20,""failed"":0,""gap_p90"":0,""cache_hr"":70,""fixed"":2,""unan"":true,""key"":null}]}",0.009574790278481682,True,2,OPTIMAL,solution_within_gap,False,,5:1,CTV|5:2;SOV|5:1,CTV|5|Dec:1;CTV|5|Jan:1,SOV1|5|Apr:1;SOV1|5|Aug:1;SOV1|5|Dec:1;SOV1|5|Feb:1;SOV1|5|Jan:1;SOV1|5|Jul:1;SOV1|5|Jun:1;SOV1|5|Mar:1;SOV1|5|May:1;SOV1|5|Nov:1;SOV1|5|Oct:1;SOV1|5|Sep:1,34;59;86;88;107;142;173;181;215;232;245;247;283;314;337;349;381;430;437;442,8e1f6eec5f28b6aa,200,1-500,501-1500
19,1,25560706.68954549,9992925.0,15567781.689545514,258750.0,9056250.0,677925.0,14903223.546189075,268548.1300690906,396010.013287318,,18.648338784463704,12.679257169365883,0.00011571962386369705,0.00032751355320215225,1.8041210174560547,1,2,1,0.0343404475050687,1,1,4,1,0.0343404475050687,1,"{""eta"":[{""iter"":1,""solved"":1,""failed"":0,""gap_p90"":0,""cache_hr"":0,""fixed"":2,""unan"":true,""key"":null}],""gamma_LT"":[{""iter"":1,""solved"":1,""failed"":0,""gap_p90"":0,""cache_hr"":100,""fixed"":4,""unan"":true,""key"":null}]}",0.007739984965733333,True,2,OPTIMAL,solution_within_gap,False,,5:1,CTV|5:2;SOV|5:1,CTV|5|Jan:2;CTV|5|Sep:1,SOV1|5|Apr:1;SOV1|5|Aug:1;SOV1|5|Dec:1;SOV1|5|Feb:1;SOV1|5|Jan:1;SOV1|5|Jul:1;SOV1|5|Jun:1;SOV1|5|Mar:1;SOV1|5|May:1;SOV1|5|Nov:1;SOV1|5|Oct:1;SOV1|5|Sep:1,35,8e1f6eec5f28b6aa,200,1-500,501-1500
19,3,25697995.837354057,10079175.0,15618820.837354014,345000.0,9056250.0,677925.0,14967712.503893826,261361.94033784795,389746.3931223585,,56.49153393693268,24.378402456641197,16.260466520674527,0.0026169391348958015,10.300458908081055,1,2,3,0.03998358877738397,1,3,4,3,0.039987211512081094,1,"{""eta"":[{""iter"":1,""solved"":3,""failed"":0,""gap_p90"":0,""cache_hr"":0,""fixed"":2,""unan"":true,""key"":null}],""gamma_LT"":[{""iter"":1,""solved"":3,""failed"":0,""gap_p90"":0,""cache_hr"":100,""fixed"":1,""unan"":false,""key"":""('gamma_LT', ('SOV',""},{""iter"":2,""solved"":3,""failed"":0,""gap_p90"":0,""cache_hr"":67,""fixed"":1,""unan"":false,""key"":""('gamma_LT', ('CTV',""},{""iter"":3,""solved"":3,""failed"":0,""gap_p90"":0,""cache_hr"":67,""fixed"":2,""unan"":true,""key"":null}]}",0.015835530123793375,True,2,OPTIMAL,solution_within_gap,False,,5:1,CTV|5:2;SOV|5:1,CTV|5|Feb:1;CTV|5|Jan:2;CTV|5|Oct:1,SOV1|5|Apr:1;SOV1|5|Aug:1;SOV1|5|Dec:1;SOV1|5|Feb:1;SOV1|5|Jan:1;SOV1|5|Jul:1;SOV1|5|Jun:1;SOV1|5|Mar:1;SOV1|5|May:1;SOV1|5|Nov:1;SOV1|5|Oct:1;SOV1|5|Sep:1,256;367;408,8e1f6eec5f28b6aa,200,1-500,501-1500
19,5,28028916.07729269,9884825.0,18144091.07729129,7245000.0,1811250.0,828575.0,17402040.145089168,401352.7099329413,340698.2222705656,,79.83970985841006,32.6851144246757,15.656792217865586,0.004440040327608585,24.809539079666138,1,2,5,0.03985274868526895,1,3,4,5,0.03985274868526895,1,"{""eta"":[{""iter"":1,""solved"":5,""failed"":0,""gap_p90"":0,""cache_hr"":0,""fixed"":2,""unan"":true,""key"":null}],""gamma_LT"":[{""iter"":1,""solved"":5,""failed"":0,""gap_p90"":0,""cache_hr"":100,""fixed"":1,""unan"":false,""key"":""('gamma_LT', ('CTV',""},{""iter"":2,""solved"":5,""failed"":0,""gap_p90"":0,""cache_hr"":80,""fixed"":1,""unan"":false,""key"":""('gamma_LT', ('SOV',""},{""iter"":3,""solved"":5,""failed"":0,""gap_p90"":0,""cache_hr"":80,""fixed"":2,""unan"":true,""key"":null}]}",0.01893083210125167,True,2,OPTIMAL,solution_within_gap,False,,5:1,CTV|5:2,CTV|5|Apr:1;CTV|5|Jul:1;CTV|5|Jun:1;CTV|5|May:1;SOV|5|Apr:1;SOV|5|Aug:1;SOV|5|Dec:1;SOV|5|Feb:1;SOV|5|Jan:2;SOV|5|Mar:1;SOV|5|Nov:1;SOV|5|Oct:1;SOV|5|Sep:1,SOV1|5|Apr:1;SOV1|5|Aug:1;SOV1|5|Dec:1;SOV1|5|Feb:1;SOV1|5|Jan:1;SOV1|5|Mar:1;SOV1|5|Nov:1;SOV1|5|Oct:1;SOV1|5|Sep:1;SOV2|5|Jan:1,29;69;201;305;311,8e1f6eec5f28b6aa,200,1-500,501-1500
19,7,28434384.652743205,9917600.0,18516784.652744856,258750.0,9056250.0,602600.0,17867379.29322596,243316.27942697235,406089.08009021817,,88.93091586232185,25.533500586636364,15.973696532659233,0.006136579439043999,39.0239040851593,1,2,7,0.0399990127567793,1,3,4,7,0.0399990127567793,1,"{""eta"":[{""iter"":1,""solved"":7,""failed"":0,""gap_p90"":0,""cache_hr"":0,""fixed"":2,""unan"":true,""key"":null}],""gamma_LT"":[{""iter"":1,""solved"":7,""failed"":0,""gap_p90"":0,""cache_hr"":100,""fixed"":1,""unan"":false,""key"":""('gamma_LT', ('SOV',""},{""iter"":2,""solved"":7,""failed"":0,""gap_p90"":0,""cache_hr"":71,""fixed"":1,""unan"":false,""key"":""('gamma_LT', ('CTV',""},{""iter"":3,""solved"":7,""failed"":0,""gap_p90"":0,""cache_hr"":86,""fixed"":2,""unan"":true,""key"":null}]}",0.014218736572396234,True,2,OPTIMAL,solution_within_gap,False,,5:1,CTV|5:2;SOV|5:1,CTV|5|Dec:2;CTV|5|Jan:1,SOV1|5|Apr:1;SOV1|5|Aug:1;SOV1|5|Dec:1;SOV1|5|Feb:1;SOV1|5|Jan:1;SOV1|5|Jul:1;SOV1|5|Jun:1;SOV1|5|Mar:1;SOV1|5|May:1;SOV1|5|Nov:1;SOV1|5|Oct:1;SOV1|5|Sep:1,243;288;299;360;386;444;476,8e1f6eec5f28b6aa,200,1-500,501-1500
19,10,30391508.779246036,10822650.0,19568858.77925035,862500.0,9056250.0,903900.0,18944822.034003906,234966.1467057892,389070.5985364923,,194.5789864556864,25.798191256821156,17.744146475568414,0.008586453273892403,140.90746593475342,1,2,10,0.03998358877738397,1,3,4,10,0.0399901702509277,1,"{""eta"":[{""iter"":1,""solved"":10,""failed"":0,""gap_p90"":0,""cache_hr"":0,""fixed"":2,""unan"":true,""key"":null}],""gamma_LT"":[{""iter"":1,""solved"":10,""failed"":0,""gap_p90"":0,""cache_hr"":100,""fixed"":1,""unan"":false,""key"":""('gamma_LT', ('CTV',""},{""iter"":2,""solved"":10,""failed"":0,""gap_p90"":0,""cache_hr"":80,""fixed"":1,""unan"":false,""key"":""('gamma_LT', ('SOV',""},{""iter"":3,""solved"":10,""failed"":0,""gap_p90"":0,""cache_hr"":70,""fixed"":2,""unan"":true,""key"":null}]}",0.01783941064390237,True,2,OPTIMAL,solution_within_gap,False,,5:1,CTV|5:2;SOV|5:1,CTV|5|Dec:2;SOV|5|Jan:1,SOV1|5|Apr:1;SOV1|5|Aug:1;SOV1|5|Dec:1;SOV1|5|Feb:1;SOV1|5|Jan:1;SOV1|5|Jul:1;SOV1|5|Jun:1;SOV1|5|Mar:1;SOV1|5|May:1;SOV1|5|Nov:1;SOV1|5|Oct:1;SOV1|5|Sep:1;SOV2|5|Jan:1,17;54;109;168;256;293;320;335;358;368,8e1f6eec5f28b6aa,200,1-500,501-1500
19,15,27661169.153652616,8807275.0,18853894.153646015,6468750.0,1811250.0,527275.0,18122885.73990862,401686.3851463095,329322.0285977223,,885.0070070391521,30.298948655836284,19.930961470119655,0.012694609351456165,819.051696062088,1,2,15,0.03974213375786183,1,3,4,15,0.03999315981099568,1,"{""eta"":[{""iter"":1,""solved"":15,""failed"":0,""gap_p90"":0,""cache_hr"":0,""fixed"":2,""unan"":true,""key"":null}],""gamma_LT"":[{""iter"":1,""solved"":15,""failed"":0,""gap_p90"":0,""cache_hr"":100,""fixed"":1,""unan"":false,""key"":""('gamma_LT', ('CTV',""},{""iter"":2,""solved"":15,""failed"":0,""gap_p90"":0,""cache_hr"":67,""fixed"":1,""unan"":false,""key"":""('gamma_LT', ('SOV',""},{""iter"":3,""solved"":15,""failed"":0,""gap_p90"":0,""cache_hr"":53,""fixed"":2,""unan"":true,""key"":null}]}",0.0005785015729910288,True,2,OPTIMAL,solution_within_gap,False,,5:1,CTV|5:2,CTV|5|Jul:1;CTV|5|Jun:1;CTV|5|May:1;SOV|5|Apr:1;SOV|5|Aug:1;SOV|5|Dec:1;SOV|5|Feb:1;SOV|5|Jan:1;SOV|5|Mar:1;SOV|5|Nov:1;SOV|5|Oct:1;SOV|5|Sep:1,SOV1|5|Apr:1;SOV1|5|Aug:1;SOV1|5|Dec:1;SOV1|5|Feb:1;SOV1|5|Jan:1;SOV1|5|Mar:1;SOV1|5|Nov:1;SOV1|5|Oct:1;SOV1|5|Sep:1,63;94;110;115;169;170;187;253;290;353;356;426;471;472;481,8e1f6eec5f28b6aa,200,1-500,501-1500
19,20,27445787.270757355,9141350.0,18304437.270750634,6727500.0,1811250.0,602600.0,17568544.502882607,409419.5879256804,326473.17994901503,,1383.8278350122273,31.658358701504767,21.836968536488712,0.01669491548091173,1312.698884010315,1,2,20,0.039916469289388606,1,3,4,20,0.03998245817997983,1,"{""eta"":[{""iter"":1,""solved"":20,""failed"":0,""gap_p90"":0,""cache_hr"":0,""fixed"":2,""unan"":true,""key"":null}],""gamma_LT"":[{""iter"":1,""solved"":20,""failed"":0,""gap_p90"":0,""cache_hr"":100,""fixed"":1,""unan"":false,""key"":""('gamma_LT', ('CTV',""},{""iter"":2,""solved"":20,""failed"":0,""gap_p90"":0,""cache_hr"":60,""fixed"":1,""unan"":false,""key"":""('gamma_LT', ('SOV',""},{""iter"":3,""solved"":20,""failed"":0,""gap_p90"":0,""cache_hr"":50,""fixed"":2,""unan"":true,""key"":null}]}",0.007377019674569422,True,2,OPTIMAL,solution_within_gap,False,,5:1,CTV|5:2,CTV|5|Apr:1;CTV|5|Dec:1;CTV|5|Jan:1;CTV|5|Jul:1;CTV|5|Jun:1;CTV|5|May:1;SOV|5|Apr:1;SOV|5|Aug:1;SOV|5|Dec:1;SOV|5|Feb:1;SOV|5|Jan:1;SOV|5|Mar:1;SOV|5|Nov:1;SOV|5|Oct:1;SOV|5|Sep:1,SOV1|5|Apr:1;SOV1|5|Aug:1;SOV1|5|Dec:1;SOV1|5|Feb:1;SOV1|5|Jan:1;SOV1|5|Mar:1;SOV1|5|Nov:1;SOV1|5|Oct:1;SOV1|5|Sep:1,44;131;141;161;197;209;259;270;291;324;337;357;364;371;378;382;390;437;467;491,8e1f6eec5f28b6aa,200,1-500,501-1500
20,1,31957352.76166597,11015850.0,20941502.76166613,7848750.0,1811250.0,1355850.0,20150179.84882942,483729.92019036424,307592.9926461811,,22.252758202143013,17.27436771057546,0.0003222953528165817,0.000986877828836441,0.9164419174194336,1,2,1,0.038654792419388496,1,1,4,1,0.038654792419388496,1,"{""eta"":[{""iter"":1,""solved"":1,""failed"":0,""gap_p90"":0,""cache_hr"":0,""fixed"":2,""unan"":true,""key"":null}],""gamma_LT"":[{""iter"":1,""solved"":1,""failed"":0,""gap_p90"":0,""cache_hr"":100,""fixed"":4,""unan"":true,""key"":null}]}",0.018908929823525697,True,2,OPTIMAL,solution_within_gap,False,,5:1,CTV|5:2,CTV|5|Apr:2;CTV|5|Aug:1;CTV|5|Dec:2;CTV|5|Jul:2;CTV|5|Jun:2;CTV|5|May:2;SOV|5|Aug:1;SOV|5|Dec:1;SOV|5|Feb:2;SOV|5|Jan:1;SOV|5|Mar:1;SOV|5|Nov:2;SOV|5|Oct:1;SOV|5|Sep:1,SOV1|5|Aug:1;SOV1|5|Dec:1;SOV1|5|Feb:1;SOV1|5|Jan:1;SOV1|5|Mar:1;SOV1|5|Nov:1;SOV1|5|Oct:1;SOV1|5|Sep:1;SOV2|5|Feb:1;SOV2|5|Nov:1,65,8e1f6eec5f28b6aa,200,1-500,501-1500
20,3,27660632.252815224,11264825.0,16395807.252815101,8625000.0,1811250.0,828575.0,15722652.983659238,348185.12729242624,324969.14186352654,,46.537799251265824,28.00775862298906,0.0004263259470462799,0.002685840241611004,12.85327696800232,1,2,3,0.03999882566710661,1,1,4,3,0.03999882566710661,1,"{""eta"":[{""iter"":1,""solved"":3,""failed"":0,""gap_p90"":0,""cache_hr"":0,""fixed"":2,""unan"":true,""key"":null}],""gamma_LT"":[{""iter"":1,""solved"":3,""failed"":0,""gap_p90"":0,""cache_hr"":100,""fixed"":4,""unan"":true,""key"":null}]}",0.015609768524494853,True,2,OPTIMAL,solution_within_gap,False,,5:1,CTV|5:2,CTV|5|Aug:1;CTV|5|Jul:1;CTV|5|Oct:1;CTV|5|Sep:1;SOV|5|Apr:1;SOV|5|Dec:1;SOV|5|Feb:2;SOV|5|Jan:2;SOV|5|Jun:1;SOV|5|Mar:1;SOV|5|May:1;SOV|5|Nov:1;SOV|5|Oct:1;SOV|5|Sep:1,SOV1|5|Apr:1;SOV1|5|Dec:1;SOV1|5|Feb:1;SOV1|5|Jan:1;SOV1|5|Jun:1;SOV1|5|Mar:1;SOV1|5|May:1;SOV1|5|Nov:1;SOV1|5|Oct:1;SOV1|5|Sep:1;SOV2|5|Feb:1;SOV2|5|Jan:1,139;397;414,8e1f6eec5f28b6aa,200,1-500,501-1500
20,5,27860892.99722354,9917600.0,17943292.99722215,258750.0,9056250.0,602600.0,17285868.98951397,252946.9401931298,404477.06751640636,,66.09098522085696,24.660939252004027,15.050194611772895,0.004130199551582336,19.63125991821289,1,2,5,0.03835260669226667,1,3,4,5,0.03987626245060555,1,"{""eta"":[{""iter"":1,""solved"":5,""failed"":0,""gap_p90"":0,""cache_hr"":0,""fixed"":2,""unan"":true,""key"":null}],""gamma_LT"":[{""iter"":1,""solved"":5,""failed"":0,""gap_p90"":0,""cache_hr"":100,""fixed"":1,""unan"":false,""key"":""('gamma_LT', ('CTV',""},{""iter"":2,""solved"":5,""failed"":0,""gap_p90"":0,""cache_hr"":60,""fixed"":1,""unan"":false,""key"":""('gamma_LT', ('SOV',""},{""iter"":3,""solved"":5,""failed"":0,""gap_p90"":0,""cache_hr"":60,""fixed"":2,""unan"":true,""key"":null}]}",0.01293868370470322,True,2,OPTIMAL,solution_within_gap,False,,5:1,CTV|5:2;SOV|5:1,CTV|5|Dec:1;CTV|5|Nov:1;CTV|5|Sep:1,SOV1|5|Apr:1;SOV1|5|Aug:1;SOV1|5|Dec:1;SOV1|5|Feb:1;SOV1|5|Jan:1;SOV1|5|Jul:1;SOV1|5|Jun:1;SOV1|5|Mar:1;SOV1|5|May:1;SOV1|5|Nov:1;SOV1|5|Oct:1;SOV1|5|Sep:1,58;244;325;336;469,8e1f6eec5f28b6aa,200,1-500,501-1500
20,7,28872552.49911382,9356400.0,19516152.49911636,6641250.0,1811250.0,903900.0,18796548.844321366,443083.1893161409,276520.4654763493,,115.41657375637442,23.921551040373743,22.05472502950579,0.006047050468623638,60.57257294654846,1,2,7,0.039368015671356664,1,3,4,7,0.03999890675424955,1,"{""eta"":[{""iter"":1,""solved"":7,""failed"":0,""gap_p90"":0,""cache_hr"":0,""fixed"":2,""unan"":true,""key"":null}],""gamma_LT"":[{""iter"":1,""solved"":7,""failed"":0,""gap_p90"":0,""cache_hr"":100,""fixed"":1,""unan"":false,""key"":""('gamma_LT', ('CTV',""},{""iter"":2,""solved"":7,""failed"":0,""gap_p90"":0,""cache_hr"":71,""fixed"":1,""unan"":false,""key"":""('gamma_LT', ('SOV',""},{""iter"":3,""solved"":7,""failed"":0,""gap_p90"":0,""cache_hr"":43,""fixed"":2,""unan"":true,""key"":null}]}",0.014010697121801263,True,2,OPTIMAL,solution_within_gap,False,,5:1,CTV|5:2,CTV|5|Aug:1;CTV|5|Jul:1;CTV|5|Jun:2;CTV|5|May:1;SOV|5|Apr:1;SOV|5|Dec:2;SOV|5|Feb:1;SOV|5|Jan:1;SOV|5|Mar:1;SOV|5|Nov:1;SOV|5|Oct:1;SOV|5|Sep:1,SOV1|5|Apr:1;SOV1|5|Dec:1;SOV1|5|Feb:1;SOV1|5|Jan:1;SOV1|5|Mar:1;SOV1|5|Nov:1;SOV1|5|Oct:1;SOV1|5|Sep:1;SOV2|5|Dec:1,66;78;162;238;320;445;459,8e1f6eec5f28b6aa,200,1-500,501-1500
20,10,28916262.824485354,9454150.0,19462112.824490074,776250.0,8150625.0,527275.0,18796413.12308274,225181.29335180818,440518.4080509591,,238.68916437588632,29.521031773649156,20.709512284956872,0.008820784278213978,177.57110786437988,1,2,10,0.03981126103187016,1,3,4,10,0.03997168982422358,1,"{""eta"":[{""iter"":1,""solved"":10,""failed"":0,""gap_p90"":0,""cache_hr"":0,""fixed"":2,""unan"":true,""key"":null}],""gamma_LT"":[{""iter"":1,""solved"":10,""failed"":0,""gap_p90"":0,""cache_hr"":100,""fixed"":1,""unan"":false,""key"":""('gamma_LT', ('SOV',""},{""iter"":2,""solved"":10,""failed"":0,""gap_p90"":0,""cache_hr"":80,""fixed"":1,""unan"":false,""key"":""('gamma_LT', ('CTV',""},{""iter"":3,""solved"":10,""failed"":0,""gap_p90"":0,""cache_hr"":20,""fixed"":2,""unan"":true,""key"":null}]}",0.01104708138143306,True,2,OPTIMAL,solution_within_gap,False,,5:1,CTV|5:1;SOV|5:1,CTV|5|Aug:1;CTV|5|Dec:2;CTV|5|Feb:1;CTV|5|Jan:1;CTV|5|Nov:2;CTV|5|Oct:1;CTV|5|Sep:1,SOV1|5|Apr:1;SOV1|5|Aug:1;SOV1|5|Dec:1;SOV1|5|Feb:1;SOV1|5|Jan:1;SOV1|5|Jul:1;SOV1|5|Jun:1;SOV1|5|Mar:1;SOV1|5|May:1;SOV1|5|Nov:1;SOV1|5|Oct:1;SOV1|5|Sep:1,8;79;103;106;281;302;322;363;384;388,8e1f6eec5f28b6aa,200,1-500,501-1500
20,15,28537433.226733357,10101025.0,18436408.226727363,517500.0,9056250.0,527275.0,17788973.9718246,260822.8624419221,386611.3924666201,,300.40547445602715,26.43070956133306,20.90035304054618,0.012463835068047047,237.4274070262909,1,2,15,0.03997518215448598,1,3,4,15,0.039998485464488795,1,"{""eta"":[{""iter"":1,""solved"":15,""failed"":0,""gap_p90"":0,""cache_hr"":0,""fixed"":2,""unan"":true,""key"":null}],""gamma_LT"":[{""iter"":1,""solved"":15,""failed"":0,""gap_p90"":0,""cache_hr"":100,""fixed"":1,""unan"":false,""key"":""('gamma_LT', ('CTV',""},{""iter"":2,""solved"":15,""failed"":0,""gap_p90"":0,""cache_hr"":67,""fixed"":1,""unan"":false,""key"":""('gamma_LT', ('SOV',""},{""iter"":3,""solved"":15,""failed"":0,""gap_p90"":0,""cache_hr"":73,""fixed"":2,""unan"":true,""key"":null}]}",0.01530126753453455,True,2,OPTIMAL,solution_within_gap,False,,5:1,CTV|5:2;SOV|5:1,CTV|5|Dec:1;CTV|5|Feb:1;CTV|5|Jan:1;CTV|5|Nov:1;CTV|5|Oct:1;CTV|5|Sep:1,SOV1|5|Apr:1;SOV1|5|Aug:1;SOV1|5|Dec:1;SOV1|5|Feb:1;SOV1|5|Jan:1;SOV1|5|Jul:1;SOV1|5|Jun:1;SOV1|5|Mar:1;SOV1|5|May:1;SOV1|5|Nov:1;SOV1|5|Oct:1;SOV1|5|Sep:1,41;112;113;138;164;184;263;277;289;291;320;349;352;355;401,8e1f6eec5f28b6aa,200,1-500,501-1500
20,20,29727098.362902105,12041075.0,17686023.362896398,2156250.0,9056250.0,828575.0,17090675.07387562,214039.17473758315,381309.11428887566,,464.51494044810534,109.50386620964855,20.638026690110564,0.01644846424460411,316.6822419166565,1,2,20,0.039831026539044856,1,3,4,20,0.039831026539044856,1,"{""eta"":[{""iter"":1,""solved"":20,""failed"":0,""gap_p90"":0,""cache_hr"":0,""fixed"":2,""unan"":true,""key"":null}],""gamma_LT"":[{""iter"":1,""solved"":20,""failed"":0,""gap_p90"":0,""cache_hr"":100,""fixed"":1,""unan"":false,""key"":""('gamma_LT', ('CTV',""},{""iter"":2,""solved"":20,""failed"":0,""gap_p90"":0,""cache_hr"":90,""fixed"":1,""unan"":false,""key"":""('gamma_LT', ('SOV',""},{""iter"":3,""solved"":20,""failed"":0,""gap_p90"":0,""cache_hr"":75,""fixed"":2,""unan"":true,""key"":null}]}",0.0186988769043426,True,2,OPTIMAL,solution_within_gap,False,,5:1,CTV|5:2;SOV|5:1,CTV|5|Nov:1;SOV|5|Dec:1;SOV|5|Feb:1;SOV|5|Jan:1,SOV1|5|Apr:1;SOV1|5|Aug:1;SOV1|5|Dec:1;SOV1|5|Feb:1;SOV1|5|Jan:1;SOV1|5|Jul:1;SOV1|5|Jun:1;SOV1|5|Mar:1;SOV1|5|May:1;SOV1|5|Nov:1;SOV1|5|Oct:1;SOV1|5|Sep:1;SOV2|5|Dec:1;SOV2|5|Feb:1;SOV2|5|Jan:1,7;34;47;56;74;127;137;157;171;192;237;246;259;274;306;350;374;381;408;468,8e1f6eec5f28b6aa,200,1-500,501-1500
