instance_id,tree_size,objective,first_stage_cost,second_stage_cost,charter_cost_ST,charter_cost_LT,charter_cost_mob,downtime_cost,travel_cost_S,travel_cost_M,MIP_runtime,Con_total runtime,Con_eta runtime,Con_gamma_LT_runtime,Con_gamma_ST_runtime,Con_Master_runtime,Con_eta_n_iters,Con_eta_vars_fixed,Con_eta_judges_solved_min,Con_eta_gap_p90_max,Con_eta_unanimous_count,Con_gamma_LT_n_iters,Con_gamma_LT_vars_fixed,Con_gamma_LT_judges_solved_min,Con_gamma_LT_gap_p90_max,Con_gamma_LT_unanimous_count,Con_fix_history_json,MIPGap,has_solution,solve_status_code,solve_status,solve_outcome,gap_pruned,optimize_error,eta,gamma_LT,gamma_ST,alpha,scenarios,param_signature,seed,iss_pool,oos_pool
1,1,54482116.952873066,21657375.0,32824741.95287333,4226250.0,16301250.0,1129875.0,30470948.806742962,414310.159323934,1939482.9868061768,,358.7384497160092,344.4241154156625,0.0004932666197419167,0.002030597999691963,10.020375967025757,1,3,1,0.03879161668000906,1,1,6,1,0.03879161668000906,1,"{""eta"":[{""iter"":1,""solved"":1,""failed"":0,""gap_p90"":0,""cache_hr"":0,""fixed"":3,""unan"":true,""key"":null}],""gamma_LT"":[{""iter"":1,""solved"":1,""failed"":0,""gap_p90"":0,""cache_hr"":100,""fixed"":6,""unan"":true,""key"":null}]}",0.013958341592702777,True,2,OPTIMAL,solution_within_gap,False,,5:1,CTV|5:2;SOV|5:2,CTV|5|Mar:1;SOV|5|Dec:1;SOV|5|Feb:1;SOV|5|Jan:1;SOV|5|Nov:1;SOV|5|Oct:1;SOV|5|Sep:1,SOV1|5|Apr:1;SOV1|5|Aug:1;SOV1|5|Dec:1;SOV1|5|Feb:1;SOV1|5|Jan:1;SOV1|5|Jul:1;SOV1|5|Jun:1;SOV1|5|Mar:1;SOV1|5|May:1;SOV1|5|Nov:1;SOV1|5|Oct:1;SOV1|5|Sep:1;SOV2|5|Apr:1;SOV2|5|Aug:1;SOV2|5|Dec:1;SOV2|5|Feb:1;SOV2|5|Jan:1;SOV2|5|Jul:1;SOV2|5|Jun:1;SOV2|5|Mar:1;SOV2|5|May:1;SOV2|5|Nov:1;SOV2|5|Oct:1;SOV2|5|Sep:1;SOV3|5|Dec:1;SOV3|5|Feb:1;SOV3|5|Jan:1;SOV3|5|Nov:1;SOV3|5|Oct:1;SOV3|5|Sep:1,20,95dcc81980a9cce5,200,1-500,501-1500
1,3,48016835.50431202,19468350.0,28548485.504311644,1811250.0,16301250.0,1355850.0,26633951.025022373,496628.872785929,1417905.6065037686,,1009.0342450188473,938.9558079903945,0.0006085541099309921,0.0055635711178183556,62.33362913131714,1,3,3,0.03931280164416741,1,1,6,3,0.03931280164416741,1,"{""eta"":[{""iter"":1,""solved"":3,""failed"":0,""gap_p90"":0,""cache_hr"":0,""fixed"":3,""unan"":true,""key"":null}],""gamma_LT"":[{""iter"":1,""solved"":3,""failed"":0,""gap_p90"":0,""cache_hr"":100,""fixed"":6,""unan"":true,""key"":null}]}",0.006352816981113339,True,2,OPTIMAL,solution_within_gap,False,,6:1,CTV|6:2;SOV|6:2,CTV|6|Dec:1;CTV|6|Jan:4;SOV|6|Feb:1;SOV|6|Jan:1,SOV1|6|Apr:1;SOV1|6|Aug:1;SOV1|6|Dec:1;SOV1|6|Feb:1;SOV1|6|Jan:1;SOV1|6|Jul:1;SOV1|6|Jun:1;SOV1|6|Mar:1;SOV1|6|May:1;SOV1|6|Nov:1;SOV1|6|Oct:1;SOV1|6|Sep:1;SOV2|6|Apr:1;SOV2|6|Aug:1;SOV2|6|Dec:1;SOV2|6|Feb:1;SOV2|6|Jan:1;SOV2|6|Jul:1;SOV2|6|Jun:1;SOV2|6|Mar:1;SOV2|6|May:1;SOV2|6|Nov:1;SOV2|6|Oct:1;SOV2|6|Sep:1;SOV3|6|Feb:1;SOV3|6|Jan:1,118;323;332,95dcc81980a9cce5,200,1-500,501-1500
1,5,45454704.086144894,18045800.0,27408904.086142495,690000.0,16301250.0,1054550.0,25488718.863162167,505047.70160967583,1415137.5213731038,,2839.3260549288243,2625.2362539786845,59.86389310937375,0.008480042219161987,142.71066284179688,2,3,5,0.03997682957528662,1,2,6,5,0.03999868443247334,1,"{""eta"":[{""iter"":1,""solved"":5,""failed"":0,""gap_p90"":0,""cache_hr"":0,""fixed"":1,""unan"":false,""key"":""('eta', '5')""},{""iter"":2,""solved"":5,""failed"":0,""gap_p90"":0,""cache_hr"":80,""fixed"":2,""unan"":true,""key"":null}],""gamma_LT"":[{""iter"":1,""solved"":5,""failed"":0,""gap_p90"":0,""cache_hr"":100,""fixed"":1,""unan"":false,""key"":""('gamma_LT', ('CTV',""},{""iter"":2,""solved"":5,""failed"":0,""gap_p90"":0,""cache_hr"":60,""fixed"":5,""unan"":true,""key"":null}]}",0.01273911251556164,True,2,OPTIMAL,solution_within_gap,False,,6:1,CTV|6:2;SOV|6:2,SOV|6|Dec:1,SOV1|6|Apr:1;SOV1|6|Aug:1;SOV1|6|Dec:1;SOV1|6|Feb:1;SOV1|6|Jan:1;SOV1|6|Jul:1;SOV1|6|Jun:1;SOV1|6|Mar:1;SOV1|6|May:1;SOV1|6|Nov:1;SOV1|6|Oct:1;SOV1|6|Sep:1;SOV2|6|Apr:1;SOV2|6|Aug:1;SOV2|6|Dec:1;SOV2|6|Feb:1;SOV2|6|Jan:1;SOV2|6|Jul:1;SOV2|6|Jun:1;SOV2|6|Mar:1;SOV2|6|May:1;SOV2|6|Nov:1;SOV2|6|Oct:1;SOV2|6|Sep:1;SOV3|6|Dec:1,89;218;270;287;445,95dcc81980a9cce5,200,1-500,501-1500
1,7,54459330.91159784,17636400.0,36822930.9115942,431250.0,16301250.0,903900.0,34831697.22269882,499245.1197163534,1491988.5691825796,,1681.618932637386,1369.8294216925278,61.28339213691652,0.013036025688052177,236.30854201316833,3,3,7,0.03999111619696534,1,2,6,7,0.039870649562932514,1,"{""eta"":[{""iter"":1,""solved"":7,""failed"":0,""gap_p90"":0,""cache_hr"":0,""fixed"":1,""unan"":false,""key"":""('eta', '5')""},{""iter"":2,""solved"":7,""failed"":0,""gap_p90"":0,""cache_hr"":86,""fixed"":1,""unan"":false,""key"":""('eta', '6')""},{""iter"":3,""solved"":7,""failed"":0,""gap_p90"":0,""cache_hr"":86,""fixed"":1,""unan"":true,""key"":null}],""gamma_LT"":[{""iter"":1,""solved"":7,""failed"":0,""gap_p90"":0,""cache_hr"":100,""fixed"":1,""unan"":false,""key"":""('gamma_LT', ('CTV',""},{""iter"":2,""solved"":7,""failed"":0,""gap_p90"":0,""cache_hr"":57,""fixed"":5,""unan"":true,""key"":null}]}",0.019462798435426792,True,2,OPTIMAL,solution_within_gap,False,,6:1,CTV|6:2;SOV|6:2,CTV|6|Dec:2;CTV|6|Feb:1;CTV|6|Jan:1;CTV|6|Nov:1,SOV1|6|Apr:1;SOV1|6|Aug:1;SOV1|6|Dec:1;SOV1|6|Feb:1;SOV1|6|Jan:1;SOV1|6|Jul:1;SOV1|6|Jun:1;SOV1|6|Mar:1;SOV1|6|May:1;SOV1|6|Nov:1;SOV1|6|Oct:1;SOV1|6|Sep:1;SOV2|6|Apr:1;SOV2|6|Aug:1;SOV2|6|Dec:1;SOV2|6|Feb:1;SOV2|6|Jan:1;SOV2|6|Jul:1;SOV2|6|Jun:1;SOV2|6|Mar:1;SOV2|6|May:1;SOV2|6|Nov:1;SOV2|6|Oct:1;SOV2|6|Sep:1,31;179;185;224;336;349;498,95dcc81980a9cce5,200,1-500,501-1500
1,10,46489198.91857774,17054500.0,29434698.918584447,0.0,16301250.0,753250.0,27468392.263258435,499779.21607763495,1466527.4392416386,,3379.9915330726653,2675.730418703519,43.02729814033955,0.017720951698720455,639.7772059440613,3,3,10,0.03991490527081631,1,2,6,10,0.03991490527081631,1,"{""eta"":[{""iter"":1,""solved"":10,""failed"":0,""gap_p90"":0,""cache_hr"":0,""fixed"":1,""unan"":false,""key"":""('eta', '5')""},{""iter"":2,""solved"":10,""failed"":0,""gap_p90"":0,""cache_hr"":90,""fixed"":1,""unan"":false,""key"":""('eta', '6')""},{""iter"":3,""solved"":10,""failed"":0,""gap_p90"":0,""cache_hr"":90,""fixed"":1,""unan"":true,""key"":null}],""gamma_LT"":[{""iter"":1,""solved"":10,""failed"":0,""gap_p90"":0,""cache_hr"":100,""fixed"":1,""unan"":false,""key"":""('gamma_LT', ('CTV',""},{""iter"":2,""solved"":10,""failed"":0,""gap_p90"":0,""cache_hr"":80,""fixed"":5,""unan"":true,""key"":null}]}",0.01872285332681386,True,2,OPTIMAL,solution_within_gap,False,,6:1,CTV|6:2;SOV|6:2,,SOV1|6|Apr:1;SOV1|6|Aug:1;SOV1|6|Dec:1;SOV1|6|Feb:1;SOV1|6|Jan:1;SOV1|6|Jul:1;SOV1|6|Jun:1;SOV1|6|Mar:1;SOV1|6|May:1;SOV1|6|Nov:1;SOV1|6|Oct:1;SOV1|6|Sep:1;SOV2|6|Apr:1;SOV2|6|Aug:1;SOV2|6|Dec:1;SOV2|6|Feb:1;SOV2|6|Jan:1;SOV2|6|Jul:1;SOV2|6|Jun:1;SOV2|6|Mar:1;SOV2|6|May:1;SOV2|6|Nov:1;SOV2|6|Oct:1;SOV2|6|Sep:1,36;57;71;223;251;260;334;375;393;426,95dcc81980a9cce5,200,1-500,501-1500
1,15,49257861.31866923,17388575.0,31869286.318669617,258750.0,16301250.0,828575.0,29886321.013857134,506290.1841673265,1476675.1206444323,,3978.5359876761213,2875.3115543834865,67.29262466914952,0.025294707156717777,1007.240336894989,2,3,15,0.039687674693551826,1,2,6,15,0.039906267845568326,1,"{""eta"":[{""iter"":1,""solved"":15,""failed"":0,""gap_p90"":0,""cache_hr"":0,""fixed"":1,""unan"":false,""key"":""('eta', '5')""},{""iter"":2,""solved"":15,""failed"":0,""gap_p90"":0,""cache_hr"":93,""fixed"":2,""unan"":true,""key"":null}],""gamma_LT"":[{""iter"":1,""solved"":15,""failed"":0,""gap_p90"":0,""cache_hr"":100,""fixed"":1,""unan"":false,""key"":""('gamma_LT', ('CTV',""},{""iter"":2,""solved"":15,""failed"":0,""gap_p90"":0,""cache_hr"":47,""fixed"":5,""unan"":true,""key"":null}]}",0.012894645209805258,True,2,OPTIMAL,solution_within_gap,False,,6:1,CTV|6:2;SOV|6:2,CTV|6|Dec:1;CTV|6|Jan:1;CTV|6|Nov:1,SOV1|6|Apr:1;SOV1|6|Aug:1;SOV1|6|Dec:1;SOV1|6|Feb:1;SOV1|6|Jan:1;SOV1|6|Jul:1;SOV1|6|Jun:1;SOV1|6|Mar:1;SOV1|6|May:1;SOV1|6|Nov:1;SOV1|6|Oct:1;SOV1|6|Sep:1;SOV2|6|Apr:1;SOV2|6|Aug:1;SOV2|6|Dec:1;SOV2|6|Feb:1;SOV2|6|Jan:1;SOV2|6|Jul:1;SOV2|6|Jun:1;SOV2|6|Mar:1;SOV2|6|May:1;SOV2|6|Nov:1;SOV2|6|Oct:1;SOV2|6|Sep:1,18;90;131;229;275;305;323;325;349;356;363;377;406;412;447,95dcc81980a9cce5,200,1-500,501-1500
1,20,47350797.51079205,17216075.0,30134722.510787938,86250.0,16301250.0,828575.0,28153011.788964573,510778.2123545224,1470932.509472804,,5833.42136510741,3018.796609165147,109.26234857365489,0.03135507367551327,2663.8705821037292,3,3,20,0.03995212073265432,1,3,6,20,0.03999282853984443,1,"{""eta"":[{""iter"":1,""solved"":20,""failed"":0,""gap_p90"":0,""cache_hr"":0,""fixed"":1,""unan"":false,""key"":""('eta', '5')""},{""iter"":2,""solved"":20,""failed"":0,""gap_p90"":0,""cache_hr"":85,""fixed"":1,""unan"":false,""key"":""('eta', '6')""},{""iter"":3,""solved"":20,""failed"":0,""gap_p90"":0,""cache_hr"":85,""fixed"":1,""unan"":true,""key"":null}],""gamma_LT"":[{""iter"":1,""solved"":20,""failed"":0,""gap_p90"":0,""cache_hr"":100,""fixed"":1,""unan"":false,""key"":""('gamma_LT', ('SOV',""},{""iter"":2,""solved"":20,""failed"":0,""gap_p90"":0,""cache_hr"":85,""fixed"":1,""unan"":false,""key"":""('gamma_LT', ('CTV',""},{""iter"":3,""solved"":20,""failed"":0,""gap_p90"":0,""cache_hr"":65,""fixed"":4,""unan"":true,""key"":null}]}",0.01384627891427367,True,2,OPTIMAL,solution_within_gap,False,,6:1,CTV|6:2;SOV|6:2,CTV|6|Oct:1,SOV1|6|Apr:1;SOV1|6|Aug:1;SOV1|6|Dec:1;SOV1|6|Feb:1;SOV1|6|Jan:1;SOV1|6|Jul:1;SOV1|6|Jun:1;SOV1|6|Mar:1;SOV1|6|May:1;SOV1|6|Nov:1;SOV1|6|Oct:1;SOV1|6|Sep:1;SOV2|6|Apr:1;SOV2|6|Aug:1;SOV2|6|Dec:1;SOV2|6|Feb:1;SOV2|6|Jan:1;SOV2|6|Jul:1;SOV2|6|Jun:1;SOV2|6|Mar:1;SOV2|6|May:1;SOV2|6|Nov:1;SOV2|6|Oct:1;SOV2|6|Sep:1,24;43;64;88;110;116;118;145;219;224;240;291;292;312;405;409;467;480;491;495,95dcc81980a9cce5,200,1-500,501-1500
2,1,47107514.741656244,20600525.0,26506989.74165675,3018750.0,16301250.0,1280525.0,24735165.577191822,457612.6318745106,1314211.5325899455,,413.6743716355413,400.6385565670207,0.00044591818004846573,0.0019950978457927704,8.444824934005737,1,3,1,0.039336164944775945,1,1,6,1,0.039336164944775945,1,"{""eta"":[{""iter"":1,""solved"":1,""failed"":0,""gap_p90"":0,""cache_hr"":0,""fixed"":3,""unan"":true,""key"":null}],""gamma_LT"":[{""iter"":1,""solved"":1,""failed"":0,""gap_p90"":0,""cache_hr"":100,""fixed"":6,""unan"":true,""key"":null}]}",0.006561530449580444,True,2,OPTIMAL,solution_within_gap,False,,6:1,CTV|6:2;SOV|6:2,CTV|6|Jan:2;CTV|6|Oct:1;SOV|6|Dec:1;SOV|6|Feb:1;SOV|6|Jan:1;SOV|6|Nov:1,SOV1|6|Apr:1;SOV1|6|Aug:1;SOV1|6|Dec:1;SOV1|6|Feb:1;SOV1|6|Jan:1;SOV1|6|Jul:1;SOV1|6|Jun:1;SOV1|6|Mar:1;SOV1|6|May:1;SOV1|6|Nov:1;SOV1|6|Oct:1;SOV1|6|Sep:1;SOV2|6|Apr:1;SOV2|6|Aug:1;SOV2|6|Dec:1;SOV2|6|Feb:1;SOV2|6|Jan:1;SOV2|6|Jul:1;SOV2|6|Jun:1;SOV2|6|Mar:1;SOV2|6|May:1;SOV2|6|Nov:1;SOV2|6|Oct:1;SOV2|6|Sep:1;SOV3|6|Dec:1;SOV3|6|Feb:1;SOV3|6|Jan:1;SOV3|6|Nov:1,212,95dcc81980a9cce5,200,1-500,501-1500
2,3,44955659.35903137,19231450.0,25724209.35903106,1725000.0,16301250.0,1205200.0,23831751.016980626,499841.2222040731,1392617.1198467424,,1322.9556908458471,1273.2790186172351,0.000688919797539711,0.005608024075627327,42.08980393409729,2,3,3,0.03979985059097514,1,1,6,3,0.03979985059097514,1,"{""eta"":[{""iter"":1,""solved"":3,""failed"":0,""gap_p90"":0,""cache_hr"":0,""fixed"":1,""unan"":false,""key"":""('eta', '5')""},{""iter"":2,""solved"":3,""failed"":0,""gap_p90"":0,""cache_hr"":67,""fixed"":2,""unan"":true,""key"":null}],""gamma_LT"":[{""iter"":1,""solved"":3,""failed"":0,""gap_p90"":0,""cache_hr"":100,""fixed"":6,""unan"":true,""key"":null}]}",0.011769906611080891,True,2,OPTIMAL,solution_within_gap,False,,6:1,CTV|6:2;SOV|6:2,CTV|6|Dec:2;CTV|6|Feb:1;CTV|6|Jan:1;SOV|6|Dec:1;SOV|6|Nov:1,SOV1|6|Apr:1;SOV1|6|Aug:1;SOV1|6|Dec:1;SOV1|6|Feb:1;SOV1|6|Jan:1;SOV1|6|Jul:1;SOV1|6|Jun:1;SOV1|6|Mar:1;SOV1|6|May:1;SOV1|6|Nov:1;SOV1|6|Oct:1;SOV1|6|Sep:1;SOV2|6|Apr:1;SOV2|6|Aug:1;SOV2|6|Dec:1;SOV2|6|Feb:1;SOV2|6|Jan:1;SOV2|6|Jul:1;SOV2|6|Jun:1;SOV2|6|Mar:1;SOV2|6|May:1;SOV2|6|Nov:1;SOV2|6|Oct:1;SOV2|6|Sep:1;SOV3|6|Dec:1;SOV3|6|Nov:1,47;373;492,95dcc81980a9cce5,200,1-500,501-1500
2,5,44335908.184522584,19425800.0,24910108.184520356,2070000.0,16301250.0,1054550.0,23143104.120879527,451496.50996692927,1315507.5536761114,,2062.418878149241,1578.7638761131093,0.0009538512676954269,0.009273550473153591,472.4647448062897,2,3,5,0.039998959809679546,1,1,6,5,0.039998959809679546,1,"{""eta"":[{""iter"":1,""solved"":5,""failed"":0,""gap_p90"":0,""cache_hr"":0,""fixed"":1,""unan"":false,""key"":""('eta', '5')""},{""iter"":2,""solved"":5,""failed"":0,""gap_p90"":0,""cache_hr"":80,""fixed"":2,""unan"":true,""key"":null}],""gamma_LT"":[{""iter"":1,""solved"":5,""failed"":0,""gap_p90"":0,""cache_hr"":100,""fixed"":6,""unan"":true,""key"":null}]}",0.019972227887214415,True,2,OPTIMAL,solution_within_gap,False,,6:1,CTV|6:2;SOV|6:2,SOV|6|Dec:1;SOV|6|Nov:1;SOV|6|Oct:1,SOV1|6|Apr:1;SOV1|6|Aug:1;SOV1|6|Dec:1;SOV1|6|Feb:1;SOV1|6|Jan:1;SOV1|6|Jul:1;SOV1|6|Jun:1;SOV1|6|Mar:1;SOV1|6|May:1;SOV1|6|Nov:1;SOV1|6|Oct:1;SOV1|6|Sep:1;SOV2|6|Apr:1;SOV2|6|Aug:1;SOV2|6|Dec:1;SOV2|6|Feb:1;SOV2|6|Jan:1;SOV2|6|Jul:1;SOV2|6|Jun:1;SOV2|6|Mar:1;SOV2|6|May:1;SOV2|6|Nov:1;SOV2|6|Oct:1;SOV2|6|Sep:1;SOV3|6|Dec:1;SOV3|6|Nov:1;SOV3|6|Oct:1,63;128;150;253;269,95dcc81980a9cce5,200,1-500,501-1500
2,7,49991744.75467126,19846125.0,30145619.754673515,2415000.0,16301250.0,1129875.0,28273636.440604936,467175.19108007563,1404808.1229862636,,2961.263716983609,2530.195305478759,95.07119830790907,0.012302801012992859,319.37055706977844,2,3,7,0.03999900791618996,1,2,6,7,0.03999900791618996,1,"{""eta"":[{""iter"":1,""solved"":7,""failed"":0,""gap_p90"":0,""cache_hr"":0,""fixed"":1,""unan"":false,""key"":""('eta', '5')""},{""iter"":2,""solved"":7,""failed"":0,""gap_p90"":0,""cache_hr"":86,""fixed"":2,""unan"":true,""key"":null}],""gamma_LT"":[{""iter"":1,""solved"":7,""failed"":0,""gap_p90"":0,""cache_hr"":100,""fixed"":1,""unan"":false,""key"":""('gamma_LT', ('CTV',""},{""iter"":2,""solved"":7,""failed"":0,""gap_p90"":0,""cache_hr"":57,""fixed"":5,""unan"":true,""key"":null}]}",0.016525720426880677,True,2,OPTIMAL,solution_within_gap,False,,6:1,CTV|6:2;SOV|6:2,CTV|6|Dec:1;CTV|6|Feb:1;CTV|6|Jan:1;CTV|6|Nov:1;SOV|6|Dec:1;SOV|6|Jan:1;SOV|6|Nov:1,SOV1|6|Apr:1;SOV1|6|Aug:1;SOV1|6|Dec:1;SOV1|6|Feb:1;SOV1|6|Jan:1;SOV1|6|Jul:1;SOV1|6|Jun:1;SOV1|6|Mar:1;SOV1|6|May:1;SOV1|6|Nov:1;SOV1|6|Oct:1;SOV1|6|Sep:1;SOV2|6|Apr:1;SOV2|6|Aug:1;SOV2|6|Dec:1;SOV2|6|Feb:1;SOV2|6|Jan:1;SOV2|6|Jul:1;SOV2|6|Jun:1;SOV2|6|Mar:1;SOV2|6|May:1;SOV2|6|Nov:1;SOV2|6|Oct:1;SOV2|6|Sep:1;SOV3|6|Dec:1;SOV3|6|Jan:1;SOV3|6|Nov:1,52;62;145;308;315;342;443,95dcc81980a9cce5,200,1-500,501-1500
2,10,46643579.916101694,20115800.0,26527779.916107755,2760000.0,16301250.0,1054550.0,24775252.954595994,446329.79175836913,1306197.1697473263,,2919.8614301579073,2340.5193330664188,191.9976647477597,0.01866084709763527,367.58652091026306,2,3,10,0.039802476405420936,1,3,6,10,0.03996754796462124,1,"{""eta"":[{""iter"":1,""solved"":10,""failed"":0,""gap_p90"":0,""cache_hr"":0,""fixed"":1,""unan"":false,""key"":""('eta', '5')""},{""iter"":2,""solved"":10,""failed"":0,""gap_p90"":0,""cache_hr"":60,""fixed"":2,""unan"":true,""key"":null}],""gamma_LT"":[{""iter"":1,""solved"":10,""failed"":0,""gap_p90"":0,""cache_hr"":100,""fixed"":1,""unan"":false,""key"":""('gamma_LT', ('CTV',""},{""iter"":2,""solved"":10,""failed"":0,""gap_p90"":0,""cache_hr"":80,""fixed"":1,""unan"":false,""key"":""('gamma_LT', ('SOV',""},{""iter"":3,""solved"":10,""failed"":0,""gap_p90"":0,""cache_hr"":80,""fixed"":4,""unan"":true,""key"":null}]}",0.019963044640837722,True,2,OPTIMAL,solution_within_gap,False,,6:1,CTV|6:2;SOV|6:2,SOV|6|Dec:1;SOV|6|Feb:1;SOV|6|Jan:1;SOV|6|Nov:1,SOV1|6|Apr:1;SOV1|6|Aug:1;SOV1|6|Dec:1;SOV1|6|Feb:1;SOV1|6|Jan:1;SOV1|6|Jul:1;SOV1|6|Jun:1;SOV1|6|Mar:1;SOV1|6|May:1;SOV1|6|Nov:1;SOV1|6|Oct:1;SOV1|6|Sep:1;SOV2|6|Apr:1;SOV2|6|Aug:1;SOV2|6|Dec:1;SOV2|6|Feb:1;SOV2|6|Jan:1;SOV2|6|Jul:1;SOV2|6|Jun:1;SOV2|6|Mar:1;SOV2|6|May:1;SOV2|6|Nov:1;SOV2|6|Oct:1;SOV2|6|Sep:1;SOV3|6|Dec:1;SOV3|6|Feb:1;SOV3|6|Jan:1;SOV3|6|Nov:1,58;108;125;162;180;216;218;219;338;341,95dcc81980a9cce5,200,1-500,501-1500
2,15,47382600.47915311,18897375.0,28485225.479153432,1466250.0,16301250.0,1129875.0,26606063.87636291,473975.49968954275,1405186.1031005003,,3210.130046794191,1959.924456352368,116.71787904016674,0.02419304847717285,1104.9473288059235,2,3,15,0.03992068350284783,1,3,6,15,0.039766315189803884,1,"{""eta"":[{""iter"":1,""solved"":15,""failed"":0,""gap_p90"":0,""cache_hr"":0,""fixed"":1,""unan"":false,""key"":""('eta', '5')""},{""iter"":2,""solved"":15,""failed"":0,""gap_p90"":0,""cache_hr"":73,""fixed"":2,""unan"":true,""key"":null}],""gamma_LT"":[{""iter"":1,""solved"":15,""failed"":0,""gap_p90"":0,""cache_hr"":100,""fixed"":1,""unan"":false,""key"":""('gamma_LT', ('SOV',""},{""iter"":2,""solved"":15,""failed"":0,""gap_p90"":0,""cache_hr"":93,""fixed"":1,""unan"":false,""key"":""('gamma_LT', ('CTV',""},{""iter"":3,""solved"":15,""failed"":0,""gap_p90"":0,""cache_hr"":67,""fixed"":4,""unan"":true,""key"":null}]}",0.01564482716459459,True,2,OPTIMAL,solution_within_gap,False,,6:1,CTV|6:2;SOV|6:2,CTV|6|Dec:1;SOV|6|Feb:1;SOV|6|Jan:1,SOV1|6|Apr:1;SOV1|6|Aug:1;SOV1|6|Dec:1;SOV1|6|Feb:1;SOV1|6|Jan:1;SOV1|6|Jul:1;SOV1|6|Jun:1;SOV1|6|Mar:1;SOV1|6|May:1;SOV1|6|Nov:1;SOV1|6|Oct:1;SOV1|6|Sep:1;SOV2|6|Apr:1;SOV2|6|Aug:1;SOV2|6|Dec:1;SOV2|6|Feb:1;SOV2|6|Jan:1;SOV2|6|Jul:1;SOV2|6|Jun:1;SOV2|6|Mar:1;SOV2|6|May:1;SOV2|6|Nov:1;SOV2|6|Oct:1;SOV2|6|Sep:1;SOV3|6|Feb:1;SOV3|6|Jan:1,10;32;86;131;180;202;216;235;267;280;330;346;423;434;475,95dcc81980a9cce5,200,1-500,501-1500
2,20,50227589.10626231,19425800.0,30801789.106258564,2070000.0,16301250.0,1054550.0,28934003.81862991,456151.48363955866,1411633.8039927713,,5909.641908025369,2799.3358102645725,158.80282090231776,0.01730293221771717,2913.104647874832,2,3,20,0.03993384809877754,1,3,6,20,0.03993384809877754,1,"{""eta"":[{""iter"":1,""solved"":20,""failed"":0,""gap_p90"":0,""cache_hr"":0,""fixed"":1,""unan"":false,""key"":""('eta', '5')""},{""iter"":2,""solved"":20,""failed"":0,""gap_p90"":0,""cache_hr"":70,""fixed"":2,""unan"":true,""key"":null}],""gamma_LT"":[{""iter"":1,""solved"":20,""failed"":0,""gap_p90"":0,""cache_hr"":100,""fixed"":1,""unan"":false,""key"":""('gamma_LT', ('SOV',""},{""iter"":2,""solved"":20,""failed"":0,""gap_p90"":0,""cache_hr"":95,""fixed"":1,""unan"":false,""key"":""('gamma_LT', ('CTV',""},{""iter"":3,""solved"":20,""failed"":0,""gap_p90"":0,""cache_hr"":50,""fixed"":4,""unan"":true,""key"":null}]}",0.010110964768652017,True,2,OPTIMAL,solution_within_gap,False,,6:1,CTV|6:2;SOV|6:2,SOV|6|Dec:1;SOV|6|Feb:1;SOV|6|Jan:1,SOV1|6|Apr:1;SOV1|6|Aug:1;SOV1|6|Dec:1;SOV1|6|Feb:1;SOV1|6|Jan:1;SOV1|6|Jul:1;SOV1|6|Jun:1;SOV1|6|Mar:1;SOV1|6|May:1;SOV1|6|Nov:1;SOV1|6|Oct:1;SOV1|6|Sep:1;SOV2|6|Apr:1;SOV2|6|Aug:1;SOV2|6|Dec:1;SOV2|6|Feb:1;SOV2|6|Jan:1;SOV2|6|Jul:1;SOV2|6|Jun:1;SOV2|6|Mar:1;SOV2|6|May:1;SOV2|6|Nov:1;SOV2|6|Oct:1;SOV2|6|Sep:1;SOV3|6|Dec:1;SOV3|6|Feb:1;SOV3|6|Jan:1,15;32;46;50;93;120;199;214;277;305;310;359;370;378;413;430;445;446;450;458,95dcc81980a9cce5,200,1-500,501-1500
3,1,43101424.12240799,18713950.0,24387474.122408535,1207500.0,16301250.0,1205200.0,22571353.023221813,546751.2833156366,1269369.815870569,,411.8553568162024,399.82178159430623,0.0004449281841516495,0.0020065680146217346,7.847858905792236,1,3,1,0.03675910958559732,1,1,6,1,0.03675910958559732,1,"{""eta"":[{""iter"":1,""solved"":1,""failed"":0,""gap_p90"":0,""cache_hr"":0,""fixed"":3,""unan"":true,""key"":null}],""gamma_LT"":[{""iter"":1,""solved"":1,""failed"":0,""gap_p90"":0,""cache_hr"":100,""fixed"":6,""unan"":true,""key"":null}]}",0.008719782909627851,True,2,OPTIMAL,solution_within_gap,False,,6:1,CTV|6:2;SOV|6:2,CTV|6|Dec:2;CTV|6|Jan:1;CTV|6|Nov:2;CTV|6|Oct:1;SOV|6|Dec:1,SOV1|6|Apr:1;SOV1|6|Aug:1;SOV1|6|Dec:1;SOV1|6|Feb:1;SOV1|6|Jan:1;SOV1|6|Jul:1;SOV1|6|Jun:1;SOV1|6|Mar:1;SOV1|6|May:1;SOV1|6|Nov:1;SOV1|6|Oct:1;SOV1|6|Sep:1;SOV2|6|Apr:1;SOV2|6|Aug:1;SOV2|6|Dec:1;SOV2|6|Feb:1;SOV2|6|Jan:1;SOV2|6|Jul:1;SOV2|6|Jun:1;SOV2|6|Mar:1;SOV2|6|May:1;SOV2|6|Nov:1;SOV2|6|Oct:1;SOV2|6|Sep:1;SOV3|6|Dec:1,42,95dcc81980a9cce5,200,1-500,501-1500
3,3,44668910.14766481,17216075.0,27452835.14766446,86250.0,16301250.0,828575.0,25568413.77980242,499647.4925747904,1384773.875287695,,1139.7629922423512,951.3320348057896,99.65038792509586,0.005839060060679913,81.19891905784607,1,3,3,0.039387148496335095,1,3,6,3,0.03985057586977946,1,"{""eta"":[{""iter"":1,""solved"":3,""failed"":0,""gap_p90"":0,""cache_hr"":0,""fixed"":3,""unan"":true,""key"":null}],""gamma_LT"":[{""iter"":1,""solved"":3,""failed"":0,""gap_p90"":0,""cache_hr"":100,""fixed"":1,""unan"":false,""key"":""('gamma_LT', ('CTV',""},{""iter"":2,""solved"":3,""failed"":0,""gap_p90"":0,""cache_hr"":67,""fixed"":1,""unan"":false,""key"":""('gamma_LT', ('SOV',""},{""iter"":3,""solved"":3,""failed"":0,""gap_p90"":0,""cache_hr"":67,""fixed"":4,""unan"":true,""key"":null}]}",0.005455870050465365,True,2,OPTIMAL,solution_within_gap,False,,6:1,CTV|6:2;SOV|6:2,CTV|6|Sep:1,SOV1|6|Apr:1;SOV1|6|Aug:1;SOV1|6|Dec:1;SOV1|6|Feb:1;SOV1|6|Jan:1;SOV1|6|Jul:1;SOV1|6|Jun:1;SOV1|6|Mar:1;SOV1|6|May:1;SOV1|6|Nov:1;SOV1|6|Oct:1;SOV1|6|Sep:1;SOV2|6|Apr:1;SOV2|6|Aug:1;SOV2|6|Dec:1;SOV2|6|Feb:1;SOV2|6|Jan:1;SOV2|6|Jul:1;SOV2|6|Jun:1;SOV2|6|Mar:1;SOV2|6|May:1;SOV2|6|Nov:1;SOV2|6|Oct:1;SOV2|6|Sep:1,354;388;419,95dcc81980a9cce5,200,1-500,501-1500
3,5,52719105.97646044,19425800.0,33293305.976458173,2070000.0,16301250.0,1054550.0,31424187.76273325,437658.11688362464,1431460.0968435113,,1356.3798490334302,1094.8337050667033,117.72878913674504,0.008532320149242878,132.65070009231567,1,3,5,0.039574033967494794,1,3,6,5,0.03994959324182281,1,"{""eta"":[{""iter"":1,""solved"":5,""failed"":0,""gap_p90"":0,""cache_hr"":0,""fixed"":3,""unan"":true,""key"":null}],""gamma_LT"":[{""iter"":1,""solved"":5,""failed"":0,""gap_p90"":0,""cache_hr"":100,""fixed"":1,""unan"":false,""key"":""('gamma_LT', ('CTV',""},{""iter"":2,""solved"":5,""failed"":0,""gap_p90"":0,""cache_hr"":60,""fixed"":1,""unan"":false,""key"":""('gamma_LT', ('SOV',""},{""iter"":3,""solved"":5,""failed"":0,""gap_p90"":0,""cache_hr"":80,""fixed"":4,""unan"":true,""key"":null}]}",0.012420778479405798,True,2,OPTIMAL,solution_within_gap,False,,6:1,CTV|6:2;SOV|6:2,SOV|6|Dec:1;SOV|6|Feb:1;SOV|6|Jan:1,SOV1|6|Apr:1;SOV1|6|Aug:1;SOV1|6|Dec:1;SOV1|6|Feb:1;SOV1|6|Jan:1;SOV1|6|Jul:1;SOV1|6|Jun:1;SOV1|6|Mar:1;SOV1|6|May:1;SOV1|6|Nov:1;SOV1|6|Oct:1;SOV1|6|Sep:1;SOV2|6|Apr:1;SOV2|6|Aug:1;SOV2|6|Dec:1;SOV2|6|Feb:1;SOV2|6|Jan:1;SOV2|6|Jul:1;SOV2|6|Jun:1;SOV2|6|Mar:1;SOV2|6|May:1;SOV2|6|Nov:1;SOV2|6|Oct:1;SOV2|6|Sep:1;SOV3|6|Dec:1;SOV3|6|Feb:1;SOV3|6|Jan:1,45;52;231;235;276,95dcc81980a9cce5,200,1-500,501-1500
3,7,52273834.319523506,19587375.0,32686459.31952565,2156250.0,16301250.0,1129875.0,30698752.154386763,449999.03323172015,1537708.131904999,,2655.9509921111166,2382.3884375235066,52.413260537199676,0.012417241930961609,206.1267409324646,3,3,7,0.03999111619696534,1,2,6,7,0.039998163197692185,1,"{""eta"":[{""iter"":1,""solved"":7,""failed"":0,""gap_p90"":0,""cache_hr"":0,""fixed"":1,""unan"":false,""key"":""('eta', '5')""},{""iter"":2,""solved"":7,""failed"":0,""gap_p90"":0,""cache_hr"":86,""fixed"":1,""unan"":false,""key"":""('eta', '6')""},{""iter"":3,""solved"":7,""failed"":0,""gap_p90"":0,""cache_hr"":86,""fixed"":1,""unan"":true,""key"":null}],""gamma_LT"":[{""iter"":1,""solved"":7,""failed"":0,""gap_p90"":0,""cache_hr"":100,""fixed"":1,""unan"":false,""key"":""('gamma_LT', ('CTV',""},{""iter"":2,""solved"":7,""failed"":0,""gap_p90"":0,""cache_hr"":29,""fixed"":5,""unan"":true,""key"":null}]}",0.01755278904323965,True,2,OPTIMAL,solution_within_gap,False,,6:1,CTV|6:2;SOV|6:2,CTV|6|Jan:1;SOV|6|Dec:1;SOV|6|Feb:1;SOV|6|Jan:1,SOV1|6|Apr:1;SOV1|6|Aug:1;SOV1|6|Dec:1;SOV1|6|Feb:1;SOV1|6|Jan:1;SOV1|6|Jul:1;SOV1|6|Jun:1;SOV1|6|Mar:1;SOV1|6|May:1;SOV1|6|Nov:1;SOV1|6|Oct:1;SOV1|6|Sep:1;SOV2|6|Apr:1;SOV2|6|Aug:1;SOV2|6|Dec:1;SOV2|6|Feb:1;SOV2|6|Jan:1;SOV2|6|Jul:1;SOV2|6|Jun:1;SOV2|6|Mar:1;SOV2|6|May:1;SOV2|6|Nov:1;SOV2|6|Oct:1;SOV2|6|Sep:1;SOV3|6|Dec:1;SOV3|6|Feb:1;SOV3|6|Jan:1,31;97;222;224;251;393;455,95dcc81980a9cce5,200,1-500,501-1500
3,10,48131034.57376763,18897375.0,29233659.57377403,1466250.0,16301250.0,1129875.0,27314668.32750753,485146.5674939455,1433844.6787661195,,2072.704342763871,1331.4050738466904,41.00000386685133,0.01643909513950348,681.1769709587097,1,3,10,0.03941573848772618,1,2,6,10,0.03994680670145053,1,"{""eta"":[{""iter"":1,""solved"":10,""failed"":0,""gap_p90"":0,""cache_hr"":0,""fixed"":3,""unan"":true,""key"":null}],""gamma_LT"":[{""iter"":1,""solved"":10,""failed"":0,""gap_p90"":0,""cache_hr"":100,""fixed"":1,""unan"":false,""key"":""('gamma_LT', ('CTV',""},{""iter"":2,""solved"":10,""failed"":0,""gap_p90"":0,""cache_hr"":80,""fixed"":5,""unan"":true,""key"":null}]}",0.0142195100235412,True,2,OPTIMAL,solution_within_gap,False,,6:1,CTV|6:2;SOV|6:2,CTV|6|Jan:1;SOV|6|Dec:1;SOV|6|Jan:1,SOV1|6|Apr:1;SOV1|6|Aug:1;SOV1|6|Dec:1;SOV1|6|Feb:1;SOV1|6|Jan:1;SOV1|6|Jul:1;SOV1|6|Jun:1;SOV1|6|Mar:1;SOV1|6|May:1;SOV1|6|Nov:1;SOV1|6|Oct:1;SOV1|6|Sep:1;SOV2|6|Apr:1;SOV2|6|Aug:1;SOV2|6|Dec:1;SOV2|6|Feb:1;SOV2|6|Jan:1;SOV2|6|Jul:1;SOV2|6|Jun:1;SOV2|6|Mar:1;SOV2|6|May:1;SOV2|6|Nov:1;SOV2|6|Oct:1;SOV2|6|Sep:1;SOV3|6|Dec:1;SOV3|6|Jan:1,39;52;155;160;209;211;217;238;244;499,95dcc81980a9cce5,200,1-500,501-1500
3,15,47653234.00547036,17647325.0,30005909.00547061,517500.0,16301250.0,828575.0,28044249.39922905,526659.6325363296,1434999.973704573,,3097.0099669164047,2049.1711290674284,81.67898554634303,0.024052586406469345,938.2271130084991,3,3,15,0.039802476405420936,1,3,6,15,0.0399722294489041,1,"{""eta"":[{""iter"":1,""solved"":15,""failed"":0,""gap_p90"":0,""cache_hr"":0,""fixed"":1,""unan"":false,""key"":""('eta', '5')""},{""iter"":2,""solved"":15,""failed"":0,""gap_p90"":0,""cache_hr"":87,""fixed"":1,""unan"":false,""key"":""('eta', '6')""},{""iter"":3,""solved"":15,""failed"":0,""gap_p90"":0,""cache_hr"":87,""fixed"":1,""unan"":true,""key"":null}],""gamma_LT"":[{""iter"":1,""solved"":15,""failed"":0,""gap_p90"":0,""cache_hr"":100,""fixed"":1,""unan"":false,""key"":""('gamma_LT', ('SOV',""},{""iter"":2,""solved"":15,""failed"":0,""gap_p90"":0,""cache_hr"":93,""fixed"":1,""unan"":false,""key"":""('gamma_LT', ('CTV',""},{""iter"":3,""solved"":15,""failed"":0,""gap_p90"":0,""cache_hr"":60,""fixed"":4,""unan"":true,""key"":null}]}",0.014821110876319148,True,2,OPTIMAL,solution_within_gap,False,,6:1,CTV|6:2;SOV|6:2,CTV|6|Dec:1;CTV|6|Feb:1;CTV|6|Jan:1;CTV|6|Nov:1;CTV|6|Oct:1;CTV|6|Sep:1,SOV1|6|Apr:1;SOV1|6|Aug:1;SOV1|6|Dec:1;SOV1|6|Feb:1;SOV1|6|Jan:1;SOV1|6|Jul:1;SOV1|6|Jun:1;SOV1|6|Mar:1;SOV1|6|May:1;SOV1|6|Nov:1;SOV1|6|Oct:1;SOV1|6|Sep:1;SOV2|6|Apr:1;SOV2|6|Aug:1;SOV2|6|Dec:1;SOV2|6|Feb:1;SOV2|6|Jan:1;SOV2|6|Jul:1;SOV2|6|Jun:1;SOV2|6|Mar:1;SOV2|6|May:1;SOV2|6|Nov:1;SOV2|6|Oct:1;SOV2|6|Sep:1,64;121;144;158;159;208;287;337;341;377;404;443;466;479;489,95dcc81980a9cce5,200,1-500,501-1500
3,20,46585028.910630904,17550150.0,29034878.910627253,345000.0,16301250.0,903900.0,27090897.8955761,514792.98776597803,1429188.0272887822,,5376.195563970134,3511.7868823111057,125.51117338705808,0.030355900526046753,1698.1352620124817,2,3,20,0.03995414328780968,1,3,6,20,0.03995922721953018,1,"{""eta"":[{""iter"":1,""solved"":20,""failed"":0,""gap_p90"":0,""cache_hr"":0,""fixed"":1,""unan"":false,""key"":""('eta', '5')""},{""iter"":2,""solved"":20,""failed"":0,""gap_p90"":0,""cache_hr"":90,""fixed"":2,""unan"":true,""key"":null}],""gamma_LT"":[{""iter"":1,""solved"":20,""failed"":0,""gap_p90"":0,""cache_hr"":100,""fixed"":1,""unan"":false,""key"":""('gamma_LT', ('SOV',""},{""iter"":2,""solved"":20,""failed"":0,""gap_p90"":0,""cache_hr"":85,""fixed"":1,""unan"":false,""key"":""('gamma_LT', ('CTV',""},{""iter"":3,""solved"":20,""failed"":0,""gap_p90"":0,""cache_hr"":55,""fixed"":4,""unan"":true,""key"":null}]}",0.013593096345654167,True,2,OPTIMAL,solution_within_gap,False,,6:1,CTV|6:2;SOV|6:2,CTV|6|Dec:2;CTV|6|Jan:2,SOV1|6|Apr:1;SOV1|6|Aug:1;SOV1|6|Dec:1;SOV1|6|Feb:1;SOV1|6|Jan:1;SOV1|6|Jul:1;SOV1|6|Jun:1;SOV1|6|Mar:1;SOV1|6|May:1;SOV1|6|Nov:1;SOV1|6|Oct:1;SOV1|6|Sep:1;SOV2|6|Apr:1;SOV2|6|Aug:1;SOV2|6|Dec:1;SOV2|6|Feb:1;SOV2|6|Jan:1;SOV2|6|Jul:1;SOV2|6|Jun:1;SOV2|6|Mar:1;SOV2|6|May:1;SOV2|6|Nov:1;SOV2|6|Oct:1;SOV2|6|Sep:1,17;39;48;51;70;87;91;114;125;128;227;251;263;291;387;395;406;419;493;498,95dcc81980a9cce5,200,1-500,501-1500
4,1,55310660.087744415,18045800.0,37264860.0877442,690000.0,16301250.0,1054550.0,35405895.15386039,500271.3347302119,1358693.5991538262,,680.5407385295257,667.3974667014554,0.0004592500627040863,0.0022698426619172096,8.652963876724243,1,3,1,0.029289620715187474,1,1,6,1,0.029289620715187474,1,"{""eta"":[{""iter"":1,""solved"":1,""failed"":0,""gap_p90"":0,""cache_hr"":0,""fixed"":3,""unan"":true,""key"":null}],""gamma_LT"":[{""iter"":1,""solved"":1,""failed"":0,""gap_p90"":0,""cache_hr"":100,""fixed"":6,""unan"":true,""key"":null}]}",0.014202367556197911,True,2,OPTIMAL,solution_within_gap,False,,6:1,CTV|6:2;SOV|6:2,SOV|6|Jan:1,SOV1|6|Apr:1;SOV1|6|Aug:1;SOV1|6|Dec:1;SOV1|6|Feb:1;SOV1|6|Jan:1;SOV1|6|Jul:1;SOV1|6|Jun:1;SOV1|6|Mar:1;SOV1|6|May:1;SOV1|6|Nov:1;SOV1|6|Oct:1;SOV1|6|Sep:1;SOV2|6|Apr:1;SOV2|6|Aug:1;SOV2|6|Dec:1;SOV2|6|Feb:1;SOV2|6|Jan:1;SOV2|6|Jul:1;SOV2|6|Jun:1;SOV2|6|Mar:1;SOV2|6|May:1;SOV2|6|Nov:1;SOV2|6|Oct:1;SOV2|6|Sep:1;SOV3|6|Jan:1,29,95dcc81980a9cce5,200,1-500,501-1500
4,3,52465885.85211146,18368950.0,34096935.85211118,862500.0,16301250.0,1205200.0,32168688.744144004,497544.55024730065,1430702.5577201261,,1658.157992403023,1589.1944882329553,0.0007625920698046684,0.005644507706165314,61.00792694091797,2,3,3,0.03998189517253518,1,1,6,3,0.03998189517253518,1,"{""eta"":[{""iter"":1,""solved"":3,""failed"":0,""gap_p90"":0,""cache_hr"":0,""fixed"":1,""unan"":false,""key"":""('eta', '5')""},{""iter"":2,""solved"":3,""failed"":0,""gap_p90"":0,""cache_hr"":67,""fixed"":2,""unan"":true,""key"":null}],""gamma_LT"":[{""iter"":1,""solved"":3,""failed"":0,""gap_p90"":0,""cache_hr"":100,""fixed"":6,""unan"":true,""key"":null}]}",0.012493425385803862,True,2,OPTIMAL,solution_within_gap,False,,6:1,CTV|6:2;SOV|6:2,CTV|6|Jan:2;SOV|6|Dec:1,SOV1|6|Apr:1;SOV1|6|Aug:1;SOV1|6|Dec:1;SOV1|6|Feb:1;SOV1|6|Jan:1;SOV1|6|Jul:1;SOV1|6|Jun:1;SOV1|6|Mar:1;SOV1|6|May:1;SOV1|6|Nov:1;SOV1|6|Oct:1;SOV1|6|Sep:1;SOV2|6|Apr:1;SOV2|6|Aug:1;SOV2|6|Dec:1;SOV2|6|Feb:1;SOV2|6|Jan:1;SOV2|6|Jul:1;SOV2|6|Jun:1;SOV2|6|Mar:1;SOV2|6|May:1;SOV2|6|Nov:1;SOV2|6|Oct:1;SOV2|6|Sep:1;SOV3|6|Dec:1,88;458;468,95dcc81980a9cce5,200,1-500,501-1500
4,5,47564978.21730164,18735800.0,28829178.217299376,1380000.0,16301250.0,1054550.0,26946261.31427951,473972.8925454548,1408944.0104766937,,1287.0638457294554,991.1992802750319,49.10305213648826,0.009330160915851593,235.0735638141632,1,3,5,0.039435707872254616,1,2,6,5,0.03960445250084083,1,"{""eta"":[{""iter"":1,""solved"":5,""failed"":0,""gap_p90"":0,""cache_hr"":0,""fixed"":3,""unan"":true,""key"":null}],""gamma_LT"":[{""iter"":1,""solved"":5,""failed"":0,""gap_p90"":0,""cache_hr"":100,""fixed"":1,""unan"":false,""key"":""('gamma_LT', ('CTV',""},{""iter"":2,""solved"":5,""failed"":0,""gap_p90"":0,""cache_hr"":60,""fixed"":5,""unan"":true,""key"":null}]}",0.015573350627228675,True,2,OPTIMAL,solution_within_gap,False,,6:1,CTV|6:2;SOV|6:2,SOV|6|Dec:1;SOV|6|Jan:1,SOV1|6|Apr:1;SOV1|6|Aug:1;SOV1|6|Dec:1;SOV1|6|Feb:1;SOV1|6|Jan:1;SOV1|6|Jul:1;SOV1|6|Jun:1;SOV1|6|Mar:1;SOV1|6|May:1;SOV1|6|Nov:1;SOV1|6|Oct:1;SOV1|6|Sep:1;SOV2|6|Apr:1;SOV2|6|Aug:1;SOV2|6|Dec:1;SOV2|6|Feb:1;SOV2|6|Jan:1;SOV2|6|Jul:1;SOV2|6|Jun:1;SOV2|6|Mar:1;SOV2|6|May:1;SOV2|6|Nov:1;SOV2|6|Oct:1;SOV2|6|Sep:1;SOV3|6|Dec:1;SOV3|6|Jan:1,85;164;220;221;298,95dcc81980a9cce5,200,1-500,501-1500
4,7,43936742.328599654,17474825.0,26461917.32860192,345000.0,16301250.0,828575.0,24533653.92418728,531615.1940165565,1396648.210395833,,1693.2871687514707,1366.4442916763946,51.27241372410208,0.004429889842867851,260.88416504859924,2,3,7,0.03974258859598106,1,2,6,7,0.03966149764269783,1,"{""eta"":[{""iter"":1,""solved"":7,""failed"":0,""gap_p90"":0,""cache_hr"":0,""fixed"":1,""unan"":false,""key"":""('eta', '5')""},{""iter"":2,""solved"":7,""failed"":0,""gap_p90"":0,""cache_hr"":86,""fixed"":2,""unan"":true,""key"":null}],""gamma_LT"":[{""iter"":1,""solved"":7,""failed"":0,""gap_p90"":0,""cache_hr"":100,""fixed"":1,""unan"":false,""key"":""('gamma_LT', ('CTV',""},{""iter"":2,""solved"":7,""failed"":0,""gap_p90"":0,""cache_hr"":43,""fixed"":5,""unan"":true,""key"":null}]}",0.009968611234472213,True,2,OPTIMAL,solution_within_gap,False,,6:1,CTV|6:2;SOV|6:2,CTV|6|Dec:1;CTV|6|Feb:1;CTV|6|Jan:1;CTV|6|Mar:1,SOV1|6|Apr:1;SOV1|6|Aug:1;SOV1|6|Dec:1;SOV1|6|Feb:1;SOV1|6|Jan:1;SOV1|6|Jul:1;SOV1|6|Jun:1;SOV1|6|Mar:1;SOV1|6|May:1;SOV1|6|Nov:1;SOV1|6|Oct:1;SOV1|6|Sep:1;SOV2|6|Apr:1;SOV2|6|Aug:1;SOV2|6|Dec:1;SOV2|6|Feb:1;SOV2|6|Jan:1;SOV2|6|Jul:1;SOV2|6|Jun:1;SOV2|6|Mar:1;SOV2|6|May:1;SOV2|6|Nov:1;SOV2|6|Oct:1;SOV2|6|Sep:1,7;31;149;189;233;272;291,95dcc81980a9cce5,200,1-500,501-1500
4,10,45319251.27627936,17302325.0,28016926.276286136,172500.0,16301250.0,828575.0,26074394.141411994,517657.33090781886,1424874.8039595392,,3055.1087461048737,2493.713416864164,61.01398266479373,0.016344385221600533,480.9893231391907,2,3,10,0.039988377561487896,1,2,6,10,0.03999566004984295,1,"{""eta"":[{""iter"":1,""solved"":10,""failed"":0,""gap_p90"":0,""cache_hr"":0,""fixed"":1,""unan"":false,""key"":""('eta', '5')""},{""iter"":2,""solved"":10,""failed"":0,""gap_p90"":0,""cache_hr"":90,""fixed"":2,""unan"":true,""key"":null}],""gamma_LT"":[{""iter"":1,""solved"":10,""failed"":0,""gap_p90"":0,""cache_hr"":100,""fixed"":1,""unan"":false,""key"":""('gamma_LT', ('CTV',""},{""iter"":2,""solved"":10,""failed"":0,""gap_p90"":0,""cache_hr"":60,""fixed"":5,""unan"":true,""key"":null}]}",0.009747176689507215,True,2,OPTIMAL,solution_within_gap,False,,6:1,CTV|6:2;SOV|6:2,CTV|6|Feb:1;CTV|6|Jan:1,SOV1|6|Apr:1;SOV1|6|Aug:1;SOV1|6|Dec:1;SOV1|6|Feb:1;SOV1|6|Jan:1;SOV1|6|Jul:1;SOV1|6|Jun:1;SOV1|6|Mar:1;SOV1|6|May:1;SOV1|6|Nov:1;SOV1|6|Oct:1;SOV1|6|Sep:1;SOV2|6|Apr:1;SOV2|6|Aug:1;SOV2|6|Dec:1;SOV2|6|Feb:1;SOV2|6|Jan:1;SOV2|6|Jul:1;SOV2|6|Jun:1;SOV2|6|Mar:1;SOV2|6|May:1;SOV2|6|Nov:1;SOV2|6|Oct:1;SOV2|6|Sep:1,113;141;182;297;342;386;415;416;484;498,95dcc81980a9cce5,200,1-500,501-1500
4,15,53993919.57763179,20277375.0,33716544.57763183,2846250.0,16301250.0,1129875.0,31879233.709231164,429611.70688892825,1407699.1615113881,,4639.078505188227,2624.907727968879,58.444639725610614,0.02378528192639351,1928.3575291633606,3,3,15,0.039996151862339784,1,2,6,15,0.039996151862339784,1,"{""eta"":[{""iter"":1,""solved"":15,""failed"":0,""gap_p90"":0,""cache_hr"":0,""fixed"":1,""unan"":false,""key"":""('eta', '5')""},{""iter"":2,""solved"":15,""failed"":0,""gap_p90"":0,""cache_hr"":87,""fixed"":1,""unan"":false,""key"":""('eta', '6')""},{""iter"":3,""solved"":15,""failed"":0,""gap_p90"":0,""cache_hr"":87,""fixed"":1,""unan"":true,""key"":null}],""gamma_LT"":[{""iter"":1,""solved"":15,""failed"":0,""gap_p90"":0,""cache_hr"":100,""fixed"":1,""unan"":false,""key"":""('gamma_LT', ('CTV',""},{""iter"":2,""solved"":15,""failed"":0,""gap_p90"":0,""cache_hr"":53,""fixed"":5,""unan"":true,""key"":null}]}",0.013187047885154832,True,2,OPTIMAL,solution_within_gap,False,,6:1,CTV|6:2;SOV|6:2,CTV|6|Oct:1;SOV|6|Dec:1;SOV|6|Feb:1;SOV|6|Jan:1;SOV|6|Nov:1,SOV1|6|Apr:1;SOV1|6|Aug:1;SOV1|6|Dec:1;SOV1|6|Feb:1;SOV1|6|Jan:1;SOV1|6|Jul:1;SOV1|6|Jun:1;SOV1|6|Mar:1;SOV1|6|May:1;SOV1|6|Nov:1;SOV1|6|Oct:1;SOV1|6|Sep:1;SOV2|6|Apr:1;SOV2|6|Aug:1;SOV2|6|Dec:1;SOV2|6|Feb:1;SOV2|6|Jan:1;SOV2|6|Jul:1;SOV2|6|Jun:1;SOV2|6|Mar:1;SOV2|6|May:1;SOV2|6|Nov:1;SOV2|6|Oct:1;SOV2|6|Sep:1;SOV3|6|Dec:1;SOV3|6|Feb:1;SOV3|6|Jan:1;SOV3|6|Nov:1,8;43;46;79;153;171;192;202;236;269;305;358;388;432;445,95dcc81980a9cce5,200,1-500,501-1500
4,20,51026074.348994024,19425800.0,31600274.348990504,2070000.0,16301250.0,1054550.0,29792923.259143036,449198.20285226987,1358152.8869987216,,7863.796202444471,4236.070240511559,115.57035193685442,0.03173677995800972,3473.907791852951,3,3,20,0.03999728922324479,1,3,6,20,0.039990584591453694,1,"{""eta"":[{""iter"":1,""solved"":20,""failed"":0,""gap_p90"":0,""cache_hr"":0,""fixed"":1,""unan"":false,""key"":""('eta', '7')""},{""iter"":2,""solved"":20,""failed"":0,""gap_p90"":0,""cache_hr"":95,""fixed"":1,""unan"":false,""key"":""('eta', '5')""},{""iter"":3,""solved"":20,""failed"":0,""gap_p90"":0,""cache_hr"":70,""fixed"":1,""unan"":true,""key"":null}],""gamma_LT"":[{""iter"":1,""solved"":20,""failed"":0,""gap_p90"":0,""cache_hr"":100,""fixed"":1,""unan"":false,""key"":""('gamma_LT', ('SOV',""},{""iter"":2,""solved"":20,""failed"":0,""gap_p90"":0,""cache_hr"":95,""fixed"":1,""unan"":false,""key"":""('gamma_LT', ('CTV',""},{""iter"":3,""solved"":20,""failed"":0,""gap_p90"":0,""cache_hr"":70,""fixed"":4,""unan"":true,""key"":null}]}",0.010449784613867433,True,2,OPTIMAL,solution_within_gap,False,,6:1,CTV|6:2;SOV|6:2,SOV|6|Dec:1;SOV|6|Jan:1;SOV|6|Nov:1,SOV1|6|Apr:1;SOV1|6|Aug:1;SOV1|6|Dec:1;SOV1|6|Feb:1;SOV1|6|Jan:1;SOV1|6|Jul:1;SOV1|6|Jun:1;SOV1|6|Mar:1;SOV1|6|May:1;SOV1|6|Nov:1;SOV1|6|Oct:1;SOV1|6|Sep:1;SOV2|6|Apr:1;SOV2|6|Aug:1;SOV2|6|Dec:1;SOV2|6|Feb:1;SOV2|6|Jan:1;SOV2|6|Jul:1;SOV2|6|Jun:1;SOV2|6|Mar:1;SOV2|6|May:1;SOV2|6|Nov:1;SOV2|6|Oct:1;SOV2|6|Sep:1;SOV3|6|Dec:1;SOV3|6|Jan:1;SOV3|6|Nov:1,11;15;59;61;92;94;185;192;219;270;300;342;350;380;389;410;478;487;497;500,95dcc81980a9cce5,200,1-500,501-1500
5,1,49193870.42530028,19382100.0,29811770.42530077,8970000.0,9056250.0,1355850.0,27788062.086346935,533066.8665586014,1490641.4723947146,,673.4647350674495,659.6223694905639,0.0004381230100989342,0.0020033447071909904,9.294279098510742,1,3,1,0.037304781750142665,1,1,6,1,0.037304781750142665,1,"{""eta"":[{""iter"":1,""solved"":1,""failed"":0,""gap_p90"":0,""cache_hr"":0,""fixed"":3,""unan"":true,""key"":null}],""gamma_LT"":[{""iter"":1,""solved"":1,""failed"":0,""gap_p90"":0,""cache_hr"":100,""fixed"":6,""unan"":true,""key"":null}]}",0.015018454154665272,True,2,OPTIMAL,solution_within_gap,False,,6:1,CTV|6:2;SOV|6:1,SOV|6|Aug:1;SOV|6|Dec:2;SOV|6|Feb:1;SOV|6|Jan:3;SOV|6|Jul:1;SOV|6|Jun:1;SOV|6|Mar:1;SOV|6|Nov:1;SOV|6|Oct:1;SOV|6|Sep:1,SOV1|6|Apr:1;SOV1|6|Aug:1;SOV1|6|Dec:1;SOV1|6|Feb:1;SOV1|6|Jan:1;SOV1|6|Jul:1;SOV1|6|Jun:1;SOV1|6|Mar:1;SOV1|6|May:1;SOV1|6|Nov:1;SOV1|6|Oct:1;SOV1|6|Sep:1;SOV2|6|Aug:1;SOV2|6|Dec:1;SOV2|6|Feb:1;SOV2|6|Jan:1;SOV2|6|Jul:1;SOV2|6|Jun:1;SOV2|6|Mar:1;SOV2|6|Nov:1;SOV2|6|Oct:1;SOV2|6|Sep:1;SOV3|6|Dec:1;SOV3|6|Jan:1;SOV4|6|Jan:1,301,95dcc81980a9cce5,200,1-500,501-1500
5,3,53076879.60557735,19673625.0,33403254.605577037,2242500.0,16301250.0,1129875.0,31598444.22464985,451914.0486954019,1352896.3322320783,,1107.934663391672,1070.0901386998594,0.0006209695711731911,0.005453390069305897,29.941526889801025,2,3,3,0.03978866803730509,1,1,6,3,0.03978866803730509,1,"{""eta"":[{""iter"":1,""solved"":3,""failed"":0,""gap_p90"":0,""cache_hr"":0,""fixed"":1,""unan"":false,""key"":""('eta', '5')""},{""iter"":2,""solved"":3,""failed"":0,""gap_p90"":0,""cache_hr"":33,""fixed"":2,""unan"":true,""key"":null}],""gamma_LT"":[{""iter"":1,""solved"":3,""failed"":0,""gap_p90"":0,""cache_hr"":100,""fixed"":6,""unan"":true,""key"":null}]}",0.017382831134444242,True,2,OPTIMAL,solution_within_gap,False,,6:1,CTV|6:2;SOV|6:2,CTV|6|Oct:1;CTV|6|Sep:1;SOV|6|Dec:1;SOV|6|Jan:1;SOV|6|Nov:1,SOV1|6|Apr:1;SOV1|6|Aug:1;SOV1|6|Dec:1;SOV1|6|Feb:1;SOV1|6|Jan:1;SOV1|6|Jul:1;SOV1|6|Jun:1;SOV1|6|Mar:1;SOV1|6|May:1;SOV1|6|Nov:1;SOV1|6|Oct:1;SOV1|6|Sep:1;SOV2|6|Apr:1;SOV2|6|Aug:1;SOV2|6|Dec:1;SOV2|6|Feb:1;SOV2|6|Jan:1;SOV2|6|Jul:1;SOV2|6|Jun:1;SOV2|6|Mar:1;SOV2|6|May:1;SOV2|6|Nov:1;SOV2|6|Oct:1;SOV2|6|Sep:1;SOV3|6|Dec:1;SOV3|6|Jan:1;SOV3|6|Nov:1,14;22;80,95dcc81980a9cce5,200,1-500,501-1500
5,5,48382922.581244856,17216075.0,31166847.58124249,86250.0,16301250.0,828575.0,29202666.857933164,501963.1208913216,1462217.602420397,,1559.0401755431667,1393.4500265801325,37.757746557705104,0.009301301091909409,116.73708009719849,1,3,5,0.039243538797963225,1,2,6,5,0.039990178271371885,1,"{""eta"":[{""iter"":1,""solved"":5,""failed"":0,""gap_p90"":0,""cache_hr"":0,""fixed"":3,""unan"":true,""key"":null}],""gamma_LT"":[{""iter"":1,""solved"":5,""failed"":0,""gap_p90"":0,""cache_hr"":100,""fixed"":1,""unan"":false,""key"":""('gamma_LT', ('CTV',""},{""iter"":2,""solved"":5,""failed"":0,""gap_p90"":0,""cache_hr"":60,""fixed"":5,""unan"":true,""key"":null}]}",0.012655875561814882,True,2,OPTIMAL,solution_within_gap,False,,6:1,CTV|6:2;SOV|6:2,CTV|6|Feb:1,SOV1|6|Apr:1;SOV1|6|Aug:1;SOV1|6|Dec:1;SOV1|6|Feb:1;SOV1|6|Jan:1;SOV1|6|Jul:1;SOV1|6|Jun:1;SOV1|6|Mar:1;SOV1|6|May:1;SOV1|6|Nov:1;SOV1|6|Oct:1;SOV1|6|Sep:1;SOV2|6|Apr:1;SOV2|6|Aug:1;SOV2|6|Dec:1;SOV2|6|Feb:1;SOV2|6|Jan:1;SOV2|6|Jul:1;SOV2|6|Jun:1;SOV2|6|Mar:1;SOV2|6|May:1;SOV2|6|Nov:1;SOV2|6|Oct:1;SOV2|6|Sep:1,25;119;132;187;370,95dcc81980a9cce5,200,1-500,501-1500
5,7,47912549.013589844,18045800.0,29866749.013592146,690000.0,16301250.0,1054550.0,27937534.070825614,486811.0517533423,1442403.8910109585,,3653.5474165827036,3332.1055488549173,55.4374987417832,0.01280952524393797,251.20066905021667,2,3,7,0.03999700088437193,1,3,6,7,0.03999700088437193,1,"{""eta"":[{""iter"":1,""solved"":7,""failed"":0,""gap_p90"":0,""cache_hr"":0,""fixed"":1,""unan"":false,""key"":""('eta', '6')""},{""iter"":2,""solved"":7,""failed"":0,""gap_p90"":0,""cache_hr"":86,""fixed"":2,""unan"":true,""key"":null}],""gamma_LT"":[{""iter"":1,""solved"":7,""failed"":0,""gap_p90"":0,""cache_hr"":100,""fixed"":1,""unan"":false,""key"":""('gamma_LT', ('SOV',""},{""iter"":2,""solved"":7,""failed"":0,""gap_p90"":0,""cache_hr"":86,""fixed"":1,""unan"":false,""key"":""('gamma_LT', ('CTV',""},{""iter"":3,""solved"":7,""failed"":0,""gap_p90"":0,""cache_hr"":86,""fixed"":4,""unan"":true,""key"":null}]}",0.011339534548160909,True,2,OPTIMAL,solution_within_gap,False,,6:1,CTV|6:2;SOV|6:2,SOV|6|Dec:1,SOV1|6|Apr:1;SOV1|6|Aug:1;SOV1|6|Dec:1;SOV1|6|Feb:1;SOV1|6|Jan:1;SOV1|6|Jul:1;SOV1|6|Jun:1;SOV1|6|Mar:1;SOV1|6|May:1;SOV1|6|Nov:1;SOV1|6|Oct:1;SOV1|6|Sep:1;SOV2|6|Apr:1;SOV2|6|Aug:1;SOV2|6|Dec:1;SOV2|6|Feb:1;SOV2|6|Jan:1;SOV2|6|Jul:1;SOV2|6|Jun:1;SOV2|6|Mar:1;SOV2|6|May:1;SOV2|6|Nov:1;SOV2|6|Oct:1;SOV2|6|Sep:1;SOV3|6|Dec:1,165;192;216;232;237;482;488,95dcc81980a9cce5,200,1-500,501-1500
5,10,51437469.19391148,17474825.0,33962644.193916835,345000.0,16301250.0,828575.0,31973528.714034304,505060.9184873932,1484054.5613899142,,2167.2302859397605,1655.107180965133,149.26491632312536,0.016374895349144936,342.7985990047455,3,3,10,0.039593029643517935,1,3,6,10,0.039593029643517935,1,"{""eta"":[{""iter"":1,""solved"":10,""failed"":0,""gap_p90"":0,""cache_hr"":0,""fixed"":1,""unan"":false,""key"":""('eta', '7')""},{""iter"":2,""solved"":10,""failed"":0,""gap_p90"":0,""cache_hr"":90,""fixed"":1,""unan"":false,""key"":""('eta', '5')""},{""iter"":3,""solved"":10,""failed"":0,""gap_p90"":0,""cache_hr"":80,""fixed"":1,""unan"":true,""key"":null}],""gamma_LT"":[{""iter"":1,""solved"":10,""failed"":0,""gap_p90"":0,""cache_hr"":100,""fixed"":1,""unan"":false,""key"":""('gamma_LT', ('CTV',""},{""iter"":2,""solved"":10,""failed"":0,""gap_p90"":0,""cache_hr"":90,""fixed"":1,""unan"":false,""key"":""('gamma_LT', ('SOV',""},{""iter"":3,""solved"":10,""failed"":0,""gap_p90"":0,""cache_hr"":80,""fixed"":4,""unan"":true,""key"":null}]}",0.015910594761790867,True,2,OPTIMAL,solution_within_gap,False,,6:1,CTV|6:2;SOV|6:2,CTV|6|Dec:1;CTV|6|Jan:1;CTV|6|Nov:1;CTV|6|Oct:1,SOV1|6|Apr:1;SOV1|6|Aug:1;SOV1|6|Dec:1;SOV1|6|Feb:1;SOV1|6|Jan:1;SOV1|6|Jul:1;SOV1|6|Jun:1;SOV1|6|Mar:1;SOV1|6|May:1;SOV1|6|Nov:1;SOV1|6|Oct:1;SOV1|6|Sep:1;SOV2|6|Apr:1;SOV2|6|Aug:1;SOV2|6|Dec:1;SOV2|6|Feb:1;SOV2|6|Jan:1;SOV2|6|Jul:1;SOV2|6|Jun:1;SOV2|6|Mar:1;SOV2|6|May:1;SOV2|6|Nov:1;SOV2|6|Oct:1;SOV2|6|Sep:1,27;152;165;171;175;290;367;370;425;472,95dcc81980a9cce5,200,1-500,501-1500
5,15,46543474.315431796,17797975.0,28745499.315432187,517500.0,16301250.0,979225.0,26789805.4080748,516606.7187607731,1439087.1885960072,,3598.970141678117,2807.482115020044,110.32998592872173,0.02361593395471573,651.6817681789398,3,3,15,0.03999817882570528,1,3,6,15,0.03999817882570528,1,"{""eta"":[{""iter"":1,""solved"":15,""failed"":0,""gap_p90"":0,""cache_hr"":0,""fixed"":1,""unan"":false,""key"":""('eta', '7')""},{""iter"":2,""solved"":15,""failed"":0,""gap_p90"":0,""cache_hr"":93,""fixed"":1,""unan"":false,""key"":""('eta', '5')""},{""iter"":3,""solved"":15,""failed"":0,""gap_p90"":0,""cache_hr"":73,""fixed"":1,""unan"":true,""key"":null}],""gamma_LT"":[{""iter"":1,""solved"":15,""failed"":0,""gap_p90"":0,""cache_hr"":100,""fixed"":1,""unan"":false,""key"":""('gamma_LT', ('SOV',""},{""iter"":2,""solved"":15,""failed"":0,""gap_p90"":0,""cache_hr"":93,""fixed"":1,""unan"":false,""key"":""('gamma_LT', ('CTV',""},{""iter"":3,""solved"":15,""failed"":0,""gap_p90"":0,""cache_hr"":53,""fixed"":4,""unan"":true,""key"":null}]}",0.01847072900295384,True,2,OPTIMAL,solution_within_gap,False,,6:1,CTV|6:2;SOV|6:2,CTV|6|Dec:2;CTV|6|Feb:1;CTV|6|Jan:2;CTV|6|Oct:1,SOV1|6|Apr:1;SOV1|6|Aug:1;SOV1|6|Dec:1;SOV1|6|Feb:1;SOV1|6|Jan:1;SOV1|6|Jul:1;SOV1|6|Jun:1;SOV1|6|Mar:1;SOV1|6|May:1;SOV1|6|Nov:1;SOV1|6|Oct:1;SOV1|6|Sep:1;SOV2|6|Apr:1;SOV2|6|Aug:1;SOV2|6|Dec:1;SOV2|6|Feb:1;SOV2|6|Jan:1;SOV2|6|Jul:1;SOV2|6|Jun:1;SOV2|6|Mar:1;SOV2|6|May:1;SOV2|6|Nov:1;SOV2|6|Oct:1;SOV2|6|Sep:1,7;21;45;144;201;236;238;269;280;385;432;440;447;461;491,95dcc81980a9cce5,200,1-500,501-1500
5,20,47669246.06722884,17216075.0,30453171.06722468,86250.0,16301250.0,828575.0,28485175.090098474,515957.3612643492,1452038.6158658024,,5279.173343891278,2253.6350081441924,123.45130780432373,0.03218492306768894,2864.876933813095,3,3,20,0.03942771872644253,1,3,6,20,0.0399967693521176,1,"{""eta"":[{""iter"":1,""solved"":20,""failed"":0,""gap_p90"":0,""cache_hr"":0,""fixed"":1,""unan"":false,""key"":""('eta', '5')""},{""iter"":2,""solved"":20,""failed"":0,""gap_p90"":0,""cache_hr"":95,""fixed"":1,""unan"":false,""key"":""('eta', '6')""},{""iter"":3,""solved"":20,""failed"":0,""gap_p90"":0,""cache_hr"":95,""fixed"":1,""unan"":true,""key"":null}],""gamma_LT"":[{""iter"":1,""solved"":20,""failed"":0,""gap_p90"":0,""cache_hr"":100,""fixed"":1,""unan"":false,""key"":""('gamma_LT', ('SOV',""},{""iter"":2,""solved"":20,""failed"":0,""gap_p90"":0,""cache_hr"":90,""fixed"":1,""unan"":false,""key"":""('gamma_LT', ('CTV',""},{""iter"":3,""solved"":20,""failed"":0,""gap_p90"":0,""cache_hr"":50,""fixed"":4,""unan"":true,""key"":null}]}",0.016274599781096275,True,2,OPTIMAL,solution_within_gap,False,,6:1,CTV|6:2;SOV|6:2,CTV|6|Dec:1,SOV1|6|Apr:1;SOV1|6|Aug:1;SOV1|6|Dec:1;SOV1|6|Feb:1;SOV1|6|Jan:1;SOV1|6|Jul:1;SOV1|6|Jun:1;SOV1|6|Mar:1;SOV1|6|May:1;SOV1|6|Nov:1;SOV1|6|Oct:1;SOV1|6|Sep:1;SOV2|6|Apr:1;SOV2|6|Aug:1;SOV2|6|Dec:1;SOV2|6|Feb:1;SOV2|6|Jan:1;SOV2|6|Jul:1;SOV2|6|Jun:1;SOV2|6|Mar:1;SOV2|6|May:1;SOV2|6|Nov:1;SOV2|6|Oct:1;SOV2|6|Sep:1,81;82;88;109;138;141;149;202;227;232;264;272;304;312;318;320;329;474;481;490,95dcc81980a9cce5,200,1-500,501-1500
6,1,48122072.48957738,19878325.0,28243747.489577554,1466250.0,17206875.0,1205200.0,25520263.48719047,522191.9696138034,2201292.032773061,,652.0014579631388,634.6291098697111,0.0004373416304588318,0.0020154640078544617,13.056742906570435,1,3,1,0.03848904779091484,1,1,6,1,0.03848904779091484,1,"{""eta"":[{""iter"":1,""solved"":1,""failed"":0,""gap_p90"":0,""cache_hr"":0,""fixed"":3,""unan"":true,""key"":null}],""gamma_LT"":[{""iter"":1,""solved"":1,""failed"":0,""gap_p90"":0,""cache_hr"":100,""fixed"":6,""unan"":true,""key"":null}]}",0.01407665316273926,True,2,OPTIMAL,solution_within_gap,False,,5:1,CTV|5:3;SOV|5:2,CTV|5|Dec:1;SOV|5|Dec:1;SOV|5|Nov:1,SOV1|5|Apr:1;SOV1|5|Aug:1;SOV1|5|Dec:1;SOV1|5|Feb:1;SOV1|5|Jan:1;SOV1|5|Jul:1;SOV1|5|Jun:1;SOV1|5|Mar:1;SOV1|5|May:1;SOV1|5|Nov:1;SOV1|5|Oct:1;SOV1|5|Sep:1;SOV2|5|Apr:1;SOV2|5|Aug:1;SOV2|5|Dec:1;SOV2|5|Feb:1;SOV2|5|Jan:1;SOV2|5|Jul:1;SOV2|5|Jun:1;SOV2|5|Mar:1;SOV2|5|May:1;SOV2|5|Nov:1;SOV2|5|Oct:1;SOV2|5|Sep:1;SOV3|5|Dec:1;SOV3|5|Nov:1,47,95dcc81980a9cce5,200,1-500,501-1500
6,3,46280080.99609509,18983625.0,27296455.99609468,1552500.0,16301250.0,1129875.0,25467322.193259664,498773.3914422101,1330360.411393219,,983.7687082858756,888.3251683171839,41.403893078677356,0.005672631785273552,46.45610499382019,2,3,3,0.039998710788353264,1,2,6,3,0.039993662017505135,1,"{""eta"":[{""iter"":1,""solved"":3,""failed"":0,""gap_p90"":0,""cache_hr"":0,""fixed"":1,""unan"":false,""key"":""('eta', '5')""},{""iter"":2,""solved"":3,""failed"":0,""gap_p90"":0,""cache_hr"":67,""fixed"":2,""unan"":true,""key"":null}],""gamma_LT"":[{""iter"":1,""solved"":3,""failed"":0,""gap_p90"":0,""cache_hr"":100,""fixed"":1,""unan"":false,""key"":""('gamma_LT', ('CTV',""},{""iter"":2,""solved"":3,""failed"":0,""gap_p90"":0,""cache_hr"":67,""fixed"":5,""unan"":true,""key"":null}]}",0.007214380924049809,True,2,OPTIMAL,solution_within_gap,False,,6:1,CTV|6:2;SOV|6:2,CTV|6|Dec:1;CTV|6|Jan:1;SOV|6|Dec:1;SOV|6|Nov:1,SOV1|6|Apr:1;SOV1|6|Aug:1;SOV1|6|Dec:1;SOV1|6|Feb:1;SOV1|6|Jan:1;SOV1|6|Jul:1;SOV1|6|Jun:1;SOV1|6|Mar:1;SOV1|6|May:1;SOV1|6|Nov:1;SOV1|6|Oct:1;SOV1|6|Sep:1;SOV2|6|Apr:1;SOV2|6|Aug:1;SOV2|6|Dec:1;SOV2|6|Feb:1;SOV2|6|Jan:1;SOV2|6|Jul:1;SOV2|6|Jun:1;SOV2|6|Mar:1;SOV2|6|May:1;SOV2|6|Nov:1;SOV2|6|Oct:1;SOV2|6|Sep:1;SOV3|6|Dec:1;SOV3|6|Nov:1,77;380;436,95dcc81980a9cce5,200,1-500,501-1500
6,5,50235326.26338981,19069875.0,31165451.263387486,1638750.0,16301250.0,1129875.0,29265151.10733108,490403.8331655828,1409896.3228931257,,2262.0793573865667,2074.1886968193576,71.20501000247896,0.00849372148513794,104.77650618553162,2,3,5,0.03999803731966769,1,2,6,5,0.03999803731966769,1,"{""eta"":[{""iter"":1,""solved"":5,""failed"":0,""gap_p90"":0,""cache_hr"":0,""fixed"":1,""unan"":false,""key"":""('eta', '6')""},{""iter"":2,""solved"":5,""failed"":0,""gap_p90"":0,""cache_hr"":80,""fixed"":2,""unan"":true,""key"":null}],""gamma_LT"":[{""iter"":1,""solved"":5,""failed"":0,""gap_p90"":0,""cache_hr"":100,""fixed"":1,""unan"":false,""key"":""('gamma_LT', ('CTV',""},{""iter"":2,""solved"":5,""failed"":0,""gap_p90"":0,""cache_hr"":80,""fixed"":5,""unan"":true,""key"":null}]}",0.009647126372552868,True,2,OPTIMAL,solution_within_gap,False,,6:1,CTV|6:2;SOV|6:2,CTV|6|Feb:1;CTV|6|Jan:1;CTV|6|Mar:1;SOV|6|Dec:1;SOV|6|Nov:1,SOV1|6|Apr:1;SOV1|6|Aug:1;SOV1|6|Dec:1;SOV1|6|Feb:1;SOV1|6|Jan:1;SOV1|6|Jul:1;SOV1|6|Jun:1;SOV1|6|Mar:1;SOV1|6|May:1;SOV1|6|Nov:1;SOV1|6|Oct:1;SOV1|6|Sep:1;SOV2|6|Apr:1;SOV2|6|Aug:1;SOV2|6|Dec:1;SOV2|6|Feb:1;SOV2|6|Jan:1;SOV2|6|Jul:1;SOV2|6|Jun:1;SOV2|6|Mar:1;SOV2|6|May:1;SOV2|6|Nov:1;SOV2|6|Oct:1;SOV2|6|Sep:1;SOV3|6|Dec:1;SOV3|6|Nov:1,127;257;293;425;427,95dcc81980a9cce5,200,1-500,501-1500
6,7,50993579.35399115,20115800.0,30877779.353993412,2760000.0,16301250.0,1054550.0,29043695.436790522,439601.60574596125,1394482.3114547222,,2658.5861786371097,2332.8128283284605,102.16444189753383,0.012913243845105171,207.82274508476257,2,3,7,0.03994934994761018,1,3,6,7,0.039997672688431234,1,"{""eta"":[{""iter"":1,""solved"":7,""failed"":0,""gap_p90"":0,""cache_hr"":0,""fixed"":1,""unan"":false,""key"":""('eta', '6')""},{""iter"":2,""solved"":7,""failed"":0,""gap_p90"":0,""cache_hr"":86,""fixed"":2,""unan"":true,""key"":null}],""gamma_LT"":[{""iter"":1,""solved"":7,""failed"":0,""gap_p90"":0,""cache_hr"":100,""fixed"":1,""unan"":false,""key"":""('gamma_LT', ('SOV',""},{""iter"":2,""solved"":7,""failed"":0,""gap_p90"":0,""cache_hr"":86,""fixed"":1,""unan"":false,""key"":""('gamma_LT', ('CTV',""},{""iter"":3,""solved"":7,""failed"":0,""gap_p90"":0,""cache_hr"":57,""fixed"":4,""unan"":true,""key"":null}]}",0.011898776640122004,True,2,OPTIMAL,solution_within_gap,False,,6:1,CTV|6:2;SOV|6:2,SOV|6|Dec:1;SOV|6|Feb:1;SOV|6|Jan:1;SOV|6|Nov:1,SOV1|6|Apr:1;SOV1|6|Aug:1;SOV1|6|Dec:1;SOV1|6|Feb:1;SOV1|6|Jan:1;SOV1|6|Jul:1;SOV1|6|Jun:1;SOV1|6|Mar:1;SOV1|6|May:1;SOV1|6|Nov:1;SOV1|6|Oct:1;SOV1|6|Sep:1;SOV2|6|Apr:1;SOV2|6|Aug:1;SOV2|6|Dec:1;SOV2|6|Feb:1;SOV2|6|Jan:1;SOV2|6|Jul:1;SOV2|6|Jun:1;SOV2|6|Mar:1;SOV2|6|May:1;SOV2|6|Nov:1;SOV2|6|Oct:1;SOV2|6|Sep:1;SOV3|6|Dec:1;SOV3|6|Feb:1;SOV3|6|Jan:1;SOV3|6|Nov:1,30;67;171;235;347;428;461,95dcc81980a9cce5,200,1-500,501-1500
6,10,47670002.96810314,18197025.0,29472977.968109526,86250.0,17206875.0,903900.0,27587956.81838828,550758.2372948179,1334262.9124201206,,1660.4769691284746,1253.6745330104604,96.4575235368684,0.006107098422944546,289.8857581615448,1,3,10,0.03969846871757644,1,3,6,10,0.03998968231100015,1,"{""eta"":[{""iter"":1,""solved"":10,""failed"":0,""gap_p90"":0,""cache_hr"":0,""fixed"":3,""unan"":true,""key"":null}],""gamma_LT"":[{""iter"":1,""solved"":10,""failed"":0,""gap_p90"":0,""cache_hr"":100,""fixed"":1,""unan"":false,""key"":""('gamma_LT', ('SOV',""},{""iter"":2,""solved"":10,""failed"":0,""gap_p90"":0,""cache_hr"":80,""fixed"":1,""unan"":false,""key"":""('gamma_LT', ('CTV',""},{""iter"":3,""solved"":10,""failed"":0,""gap_p90"":0,""cache_hr"":30,""fixed"":4,""unan"":true,""key"":null}]}",0.014650678745843186,True,2,OPTIMAL,solution_within_gap,False,,6:1,CTV|6:3;SOV|6:2,CTV|6|Jan:1,SOV1|6|Apr:1;SOV1|6|Aug:1;SOV1|6|Dec:1;SOV1|6|Feb:1;SOV1|6|Jan:1;SOV1|6|Jul:1;SOV1|6|Jun:1;SOV1|6|Mar:1;SOV1|6|May:1;SOV1|6|Nov:1;SOV1|6|Oct:1;SOV1|6|Sep:1;SOV2|6|Apr:1;SOV2|6|Aug:1;SOV2|6|Dec:1;SOV2|6|Feb:1;SOV2|6|Jan:1;SOV2|6|Jul:1;SOV2|6|Jun:1;SOV2|6|Mar:1;SOV2|6|May:1;SOV2|6|Nov:1;SOV2|6|Oct:1;SOV2|6|Sep:1,39;42;147;150;189;278;302;369;421;484,95dcc81980a9cce5,200,1-500,501-1500
6,15,47055315.480589665,19425800.0,27629515.480589792,2070000.0,16301250.0,1054550.0,25815751.290926483,455601.63340907526,1358162.5562539767,,3539.297232267447,2772.9374462543055,77.00963940937072,0.025099482387304306,659.9942219257355,2,3,15,0.03967502910409765,1,2,6,15,0.03999625442637192,1,"{""eta"":[{""iter"":1,""solved"":15,""failed"":0,""gap_p90"":0,""cache_hr"":0,""fixed"":1,""unan"":false,""key"":""('eta', '5')""},{""iter"":2,""solved"":15,""failed"":0,""gap_p90"":0,""cache_hr"":93,""fixed"":2,""unan"":true,""key"":null}],""gamma_LT"":[{""iter"":1,""solved"":15,""failed"":0,""gap_p90"":0,""cache_hr"":100,""fixed"":1,""unan"":false,""key"":""('gamma_LT', ('CTV',""},{""iter"":2,""solved"":15,""failed"":0,""gap_p90"":0,""cache_hr"":47,""fixed"":5,""unan"":true,""key"":null}]}",0.010278597523485766,True,2,OPTIMAL,solution_within_gap,False,,6:1,CTV|6:2;SOV|6:2,SOV|6|Dec:1;SOV|6|Feb:1;SOV|6|Jan:1,SOV1|6|Apr:1;SOV1|6|Aug:1;SOV1|6|Dec:1;SOV1|6|Feb:1;SOV1|6|Jan:1;SOV1|6|Jul:1;SOV1|6|Jun:1;SOV1|6|Mar:1;SOV1|6|May:1;SOV1|6|Nov:1;SOV1|6|Oct:1;SOV1|6|Sep:1;SOV2|6|Apr:1;SOV2|6|Aug:1;SOV2|6|Dec:1;SOV2|6|Feb:1;SOV2|6|Jan:1;SOV2|6|Jul:1;SOV2|6|Jun:1;SOV2|6|Mar:1;SOV2|6|May:1;SOV2|6|Nov:1;SOV2|6|Oct:1;SOV2|6|Sep:1;SOV3|6|Dec:1;SOV3|6|Feb:1;SOV3|6|Jan:1,44;89;113;149;250;260;263;266;327;357;359;371;391;403;437,95dcc81980a9cce5,200,1-500,501-1500
6,20,,,,,,,,,,,8682.879955436103,3155.6456620749086,87.28188505768776,0.03256388381123543,5402.540078163147,3,3,20,0.03997682957528662,1,3,6,20,0.03999292788957967,1,"{""eta"":[{""iter"":1,""solved"":20,""failed"":0,""gap_p90"":0,""cache_hr"":0,""fixed"":1,""unan"":false,""key"":""('eta', '7')""},{""iter"":2,""solved"":20,""failed"":0,""gap_p90"":0,""cache_hr"":95,""fixed"":1,""unan"":false,""key"":""('eta', '5')""},{""iter"":3,""solved"":20,""failed"":0,""gap_p90"":0,""cache_hr"":80,""fixed"":1,""unan"":true,""key"":null}],""gamma_LT"":[{""iter"":1,""solved"":20,""failed"":0,""gap_p90"":0,""cache_hr"":100,""fixed"":1,""unan"":false,""key"":""('gamma_LT', ('SOV',""},{""iter"":2,""solved"":20,""failed"":0,""gap_p90"":0,""cache_hr"":95,""fixed"":1,""unan"":false,""key"":""('gamma_LT', ('CTV',""},{""iter"":3,""solved"":20,""failed"":0,""gap_p90"":0,""cache_hr"":75,""fixed"":4,""unan"":true,""key"":null}]}",inf,False,9,TIME_LIMIT,no_solution_time_limit,False,,,,,,8;10;18;35;38;55;121;135;183;242;255;270;273;326;368;373;404;425;459;478,95dcc81980a9cce5,200,1-500,501-1500
7,1,52563719.240828805,22098400.0,30465319.240829244,4140000.0,16301250.0,1657150.0,28750950.505438603,395624.98567551334,1318743.7497146742,,665.914744399488,653.4538488825783,0.000624578446149826,0.002209465019404888,8.404967069625854,1,3,1,0.03975806609102454,1,1,6,1,0.03975806609102454,1,"{""eta"":[{""iter"":1,""solved"":1,""failed"":0,""gap_p90"":0,""cache_hr"":0,""fixed"":3,""unan"":true,""key"":null}],""gamma_LT"":[{""iter"":1,""solved"":1,""failed"":0,""gap_p90"":0,""cache_hr"":100,""fixed"":6,""unan"":true,""key"":null}]}",0.010113306575042415,True,2,OPTIMAL,solution_within_gap,False,,6:1,CTV|6:2;SOV|6:2,SOV|6|Apr:1;SOV|6|Dec:2;SOV|6|Mar:1;SOV|6|Nov:1;SOV|6|Oct:1,SOV1|6|Apr:1;SOV1|6|Aug:1;SOV1|6|Dec:1;SOV1|6|Feb:1;SOV1|6|Jan:1;SOV1|6|Jul:1;SOV1|6|Jun:1;SOV1|6|Mar:1;SOV1|6|May:1;SOV1|6|Nov:1;SOV1|6|Oct:1;SOV1|6|Sep:1;SOV2|6|Apr:1;SOV2|6|Aug:1;SOV2|6|Dec:1;SOV2|6|Feb:1;SOV2|6|Jan:1;SOV2|6|Jul:1;SOV2|6|Jun:1;SOV2|6|Mar:1;SOV2|6|May:1;SOV2|6|Nov:1;SOV2|6|Oct:1;SOV2|6|Sep:1;SOV3|6|Apr:1;SOV3|6|Dec:1;SOV3|6|Mar:1;SOV3|6|Nov:1;SOV3|6|Oct:1;SOV4|6|Dec:1,331,95dcc81980a9cce5,200,1-500,501-1500
7,3,47034363.166694924,17216075.0,29818288.166694522,86250.0,16301250.0,828575.0,27869739.046829768,499011.184505732,1449537.935359461,,2067.9040205413476,1996.3939709840342,0.0007042577490210533,0.005095574073493481,64.33827996253967,2,3,3,0.03893161539860949,1,1,6,3,0.03725631731621905,1,"{""eta"":[{""iter"":1,""solved"":3,""failed"":0,""gap_p90"":0,""cache_hr"":0,""fixed"":1,""unan"":false,""key"":""('eta', '5')""},{""iter"":2,""solved"":3,""failed"":0,""gap_p90"":0,""cache_hr"":67,""fixed"":2,""unan"":true,""key"":null}],""gamma_LT"":[{""iter"":1,""solved"":3,""failed"":0,""gap_p90"":0,""cache_hr"":100,""fixed"":6,""unan"":true,""key"":null}]}",0.010818650095277224,True,2,OPTIMAL,solution_within_gap,False,,6:1,CTV|6:2;SOV|6:2,CTV|6|Jan:1,SOV1|6|Apr:1;SOV1|6|Aug:1;SOV1|6|Dec:1;SOV1|6|Feb:1;SOV1|6|Jan:1;SOV1|6|Jul:1;SOV1|6|Jun:1;SOV1|6|Mar:1;SOV1|6|May:1;SOV1|6|Nov:1;SOV1|6|Oct:1;SOV1|6|Sep:1;SOV2|6|Apr:1;SOV2|6|Aug:1;SOV2|6|Dec:1;SOV2|6|Feb:1;SOV2|6|Jan:1;SOV2|6|Jul:1;SOV2|6|Jun:1;SOV2|6|Mar:1;SOV2|6|May:1;SOV2|6|Nov:1;SOV2|6|Oct:1;SOV2|6|Sep:1,112;345;454,95dcc81980a9cce5,200,1-500,501-1500
7,5,42858135.15274355,17733575.0,25124560.1527411,603750.0,16301250.0,828575.0,23140294.307258055,541157.2826480543,1443108.5628374766,,1228.7406615577638,1095.8503070203587,47.833433305844665,0.009568676352500916,73.0052239894867,1,3,5,0.03999728922324479,1,2,6,5,0.03999728922324479,1,"{""eta"":[{""iter"":1,""solved"":5,""failed"":0,""gap_p90"":0,""cache_hr"":0,""fixed"":3,""unan"":true,""key"":null}],""gamma_LT"":[{""iter"":1,""solved"":5,""failed"":0,""gap_p90"":0,""cache_hr"":100,""fixed"":1,""unan"":false,""key"":""('gamma_LT', ('CTV',""},{""iter"":2,""solved"":5,""failed"":0,""gap_p90"":0,""cache_hr"":60,""fixed"":5,""unan"":true,""key"":null}]}",0.016044798648624257,True,2,OPTIMAL,solution_within_gap,False,,6:1,CTV|6:2;SOV|6:2,CTV|6|Apr:1;CTV|6|Feb:1;CTV|6|Jan:1;CTV|6|Jul:1;CTV|6|Jun:1;CTV|6|Mar:1;CTV|6|May:1,SOV1|6|Apr:1;SOV1|6|Aug:1;SOV1|6|Dec:1;SOV1|6|Feb:1;SOV1|6|Jan:1;SOV1|6|Jul:1;SOV1|6|Jun:1;SOV1|6|Mar:1;SOV1|6|May:1;SOV1|6|Nov:1;SOV1|6|Oct:1;SOV1|6|Sep:1;SOV2|6|Apr:1;SOV2|6|Aug:1;SOV2|6|Dec:1;SOV2|6|Feb:1;SOV2|6|Jan:1;SOV2|6|Jul:1;SOV2|6|Jun:1;SOV2|6|Mar:1;SOV2|6|May:1;SOV2|6|Nov:1;SOV2|6|Oct:1;SOV2|6|Sep:1,12;35;148;182;500,95dcc81980a9cce5,200,1-500,501-1500
7,7,49852351.30340014,17388575.0,32463776.303402342,258750.0,16301250.0,828575.0,30551549.900959373,512914.3221130478,1399312.0803276878,,2901.790527218953,2586.8529334403574,76.47618461307138,0.012850271537899971,223.3034749031067,2,3,7,0.03995418374665247,1,2,6,7,0.039967892946389895,1,"{""eta"":[{""iter"":1,""solved"":7,""failed"":0,""gap_p90"":0,""cache_hr"":0,""fixed"":1,""unan"":false,""key"":""('eta', '5')""},{""iter"":2,""solved"":7,""failed"":0,""gap_p90"":0,""cache_hr"":86,""fixed"":2,""unan"":true,""key"":null}],""gamma_LT"":[{""iter"":1,""solved"":7,""failed"":0,""gap_p90"":0,""cache_hr"":100,""fixed"":1,""unan"":false,""key"":""('gamma_LT', ('CTV',""},{""iter"":2,""solved"":7,""failed"":0,""gap_p90"":0,""cache_hr"":71,""fixed"":5,""unan"":true,""key"":null}]}",0.014024558383023506,True,2,OPTIMAL,solution_within_gap,False,,6:1,CTV|6:2;SOV|6:2,CTV|6|Dec:1;CTV|6|Jan:1;CTV|6|Nov:1,SOV1|6|Apr:1;SOV1|6|Aug:1;SOV1|6|Dec:1;SOV1|6|Feb:1;SOV1|6|Jan:1;SOV1|6|Jul:1;SOV1|6|Jun:1;SOV1|6|Mar:1;SOV1|6|May:1;SOV1|6|Nov:1;SOV1|6|Oct:1;SOV1|6|Sep:1;SOV2|6|Apr:1;SOV2|6|Aug:1;SOV2|6|Dec:1;SOV2|6|Feb:1;SOV2|6|Jan:1;SOV2|6|Jul:1;SOV2|6|Jun:1;SOV2|6|Mar:1;SOV2|6|May:1;SOV2|6|Nov:1;SOV2|6|Oct:1;SOV2|6|Sep:1,27;94;135;148;198;245;379,95dcc81980a9cce5,200,1-500,501-1500
7,10,46469312.757556885,18196450.0,28272862.75756365,690000.0,16301250.0,1205200.0,26309234.548824538,527749.5736807295,1435878.635051617,,4684.986810689792,3807.854443440214,144.60872003436089,0.016485094092786312,712.063768863678,2,3,10,0.039435707872254616,1,3,6,10,0.03976028006804107,1,"{""eta"":[{""iter"":1,""solved"":10,""failed"":0,""gap_p90"":0,""cache_hr"":0,""fixed"":1,""unan"":false,""key"":""('eta', '5')""},{""iter"":2,""solved"":10,""failed"":0,""gap_p90"":0,""cache_hr"":80,""fixed"":2,""unan"":true,""key"":null}],""gamma_LT"":[{""iter"":1,""solved"":10,""failed"":0,""gap_p90"":0,""cache_hr"":100,""fixed"":1,""unan"":false,""key"":""('gamma_LT', ('CTV',""},{""iter"":2,""solved"":10,""failed"":0,""gap_p90"":0,""cache_hr"":90,""fixed"":1,""unan"":false,""key"":""('gamma_LT', ('SOV',""},{""iter"":3,""solved"":10,""failed"":0,""gap_p90"":0,""cache_hr"":90,""fixed"":4,""unan"":true,""key"":null}]}",0.008333280320058145,True,2,OPTIMAL,solution_within_gap,False,,6:1,CTV|6:2;SOV|6:2,CTV|6|Dec:6;CTV|6|Feb:1;CTV|6|Jan:1,SOV1|6|Apr:1;SOV1|6|Aug:1;SOV1|6|Dec:1;SOV1|6|Feb:1;SOV1|6|Jan:1;SOV1|6|Jul:1;SOV1|6|Jun:1;SOV1|6|Mar:1;SOV1|6|May:1;SOV1|6|Nov:1;SOV1|6|Oct:1;SOV1|6|Sep:1;SOV2|6|Apr:1;SOV2|6|Aug:1;SOV2|6|Dec:1;SOV2|6|Feb:1;SOV2|6|Jan:1;SOV2|6|Jul:1;SOV2|6|Jun:1;SOV2|6|Mar:1;SOV2|6|May:1;SOV2|6|Nov:1;SOV2|6|Oct:1;SOV2|6|Sep:1,14;52;109;162;164;168;253;360;425;437,95dcc81980a9cce5,200,1-500,501-1500
7,15,49908377.817208126,17388575.0,32519802.81720841,258750.0,16301250.0,828575.0,30569380.51319456,509842.9116051225,1440579.392408084,,3501.4689638065174,2119.4635431179777,143.4506214587018,0.02540748380124569,1209.6355719566345,2,3,15,0.03931280164416741,1,3,6,15,0.03998543051739407,1,"{""eta"":[{""iter"":1,""solved"":15,""failed"":0,""gap_p90"":0,""cache_hr"":0,""fixed"":1,""unan"":false,""key"":""('eta', '5')""},{""iter"":2,""solved"":15,""failed"":0,""gap_p90"":0,""cache_hr"":93,""fixed"":2,""unan"":true,""key"":null}],""gamma_LT"":[{""iter"":1,""solved"":15,""failed"":0,""gap_p90"":0,""cache_hr"":100,""fixed"":1,""unan"":false,""key"":""('gamma_LT', ('SOV',""},{""iter"":2,""solved"":15,""failed"":0,""gap_p90"":0,""cache_hr"":93,""fixed"":1,""unan"":false,""key"":""('gamma_LT', ('CTV',""},{""iter"":3,""solved"":15,""failed"":0,""gap_p90"":0,""cache_hr"":53,""fixed"":4,""unan"":true,""key"":null}]}",0.019617072510808152,True,2,OPTIMAL,solution_within_gap,False,,6:1,CTV|6:2;SOV|6:2,CTV|6|Dec:1;CTV|6|Jan:1;CTV|6|Nov:1,SOV1|6|Apr:1;SOV1|6|Aug:1;SOV1|6|Dec:1;SOV1|6|Feb:1;SOV1|6|Jan:1;SOV1|6|Jul:1;SOV1|6|Jun:1;SOV1|6|Mar:1;SOV1|6|May:1;SOV1|6|Nov:1;SOV1|6|Oct:1;SOV1|6|Sep:1;SOV2|6|Apr:1;SOV2|6|Aug:1;SOV2|6|Dec:1;SOV2|6|Feb:1;SOV2|6|Jan:1;SOV2|6|Jul:1;SOV2|6|Jun:1;SOV2|6|Mar:1;SOV2|6|May:1;SOV2|6|Nov:1;SOV2|6|Oct:1;SOV2|6|Sep:1,24;56;107;173;189;222;294;302;305;310;321;323;343;368;427,95dcc81980a9cce5,200,1-500,501-1500
7,20,49324327.029709786,19069875.0,30254452.029706057,1638750.0,16301250.0,1129875.0,28414649.885109905,485859.43412754184,1353942.7104721838,,7994.957755409181,3138.264997483231,72.15723761171103,0.03297247178852558,4747.387784004211,3,3,20,0.03998189517253518,1,2,6,20,0.03998189517253518,1,"{""eta"":[{""iter"":1,""solved"":20,""failed"":0,""gap_p90"":0,""cache_hr"":0,""fixed"":1,""unan"":false,""key"":""('eta', '7')""},{""iter"":2,""solved"":20,""failed"":0,""gap_p90"":0,""cache_hr"":90,""fixed"":1,""unan"":false,""key"":""('eta', '5')""},{""iter"":3,""solved"":20,""failed"":0,""gap_p90"":0,""cache_hr"":80,""fixed"":1,""unan"":true,""key"":null}],""gamma_LT"":[{""iter"":1,""solved"":20,""failed"":0,""gap_p90"":0,""cache_hr"":100,""fixed"":1,""unan"":false,""key"":""('gamma_LT', ('CTV',""},{""iter"":2,""solved"":20,""failed"":0,""gap_p90"":0,""cache_hr"":80,""fixed"":5,""unan"":true,""key"":null}]}",0.011713925588517004,True,2,OPTIMAL,solution_within_gap,False,,6:1,CTV|6:2;SOV|6:2,CTV|6|Dec:1;CTV|6|Feb:1;CTV|6|Jan:1;SOV|6|Dec:1;SOV|6|Jan:1,SOV1|6|Apr:1;SOV1|6|Aug:1;SOV1|6|Dec:1;SOV1|6|Feb:1;SOV1|6|Jan:1;SOV1|6|Jul:1;SOV1|6|Jun:1;SOV1|6|Mar:1;SOV1|6|May:1;SOV1|6|Nov:1;SOV1|6|Oct:1;SOV1|6|Sep:1;SOV2|6|Apr:1;SOV2|6|Aug:1;SOV2|6|Dec:1;SOV2|6|Feb:1;SOV2|6|Jan:1;SOV2|6|Jul:1;SOV2|6|Jun:1;SOV2|6|Mar:1;SOV2|6|May:1;SOV2|6|Nov:1;SOV2|6|Oct:1;SOV2|6|Sep:1;SOV3|6|Dec:1;SOV3|6|Jan:1,2;19;20;117;119;185;210;232;296;300;321;326;347;355;371;375;432;461;468;471,95dcc81980a9cce5,200,1-500,501-1500
8,1,43507670.00125952,19242375.0,24265295.001260053,1811250.0,16301250.0,1129875.0,22484450.66200133,510687.42997143924,1270156.9092867936,,535.3588957376778,525.171754074283,0.00045129843056201935,0.0019281469285488129,5.81554388999939,1,3,1,0.038215663251781024,1,1,6,1,0.038215663251781024,1,"{""eta"":[{""iter"":1,""solved"":1,""failed"":0,""gap_p90"":0,""cache_hr"":0,""fixed"":3,""unan"":true,""key"":null}],""gamma_LT"":[{""iter"":1,""solved"":1,""failed"":0,""gap_p90"":0,""cache_hr"":100,""fixed"":6,""unan"":true,""key"":null}]}",0.0112992411804006,True,2,OPTIMAL,solution_within_gap,False,,6:1,CTV|6:2;SOV|6:2,CTV|6|Dec:1;CTV|6|Feb:1;CTV|6|Jan:1;CTV|6|Nov:1;CTV|6|Oct:1;SOV|6|Dec:1;SOV|6|Jan:1,SOV1|6|Apr:1;SOV1|6|Aug:1;SOV1|6|Dec:1;SOV1|6|Feb:1;SOV1|6|Jan:1;SOV1|6|Jul:1;SOV1|6|Jun:1;SOV1|6|Mar:1;SOV1|6|May:1;SOV1|6|Nov:1;SOV1|6|Oct:1;SOV1|6|Sep:1;SOV2|6|Apr:1;SOV2|6|Aug:1;SOV2|6|Dec:1;SOV2|6|Feb:1;SOV2|6|Jan:1;SOV2|6|Jul:1;SOV2|6|Jun:1;SOV2|6|Mar:1;SOV2|6|May:1;SOV2|6|Nov:1;SOV2|6|Oct:1;SOV2|6|Sep:1;SOV3|6|Dec:1;SOV3|6|Jan:1,373,95dcc81980a9cce5,200,1-500,501-1500
8,3,41020166.50019701,18045800.0,22974366.500196602,690000.0,16301250.0,1054550.0,21041444.78139804,520440.30534287053,1412481.41345612,,1170.75129407458,1100.783562333323,0.0006110398098826408,0.005698744207620621,62.13796305656433,1,3,3,0.0396087492544119,1,1,6,3,0.0396087492544119,1,"{""eta"":[{""iter"":1,""solved"":3,""failed"":0,""gap_p90"":0,""cache_hr"":0,""fixed"":3,""unan"":true,""key"":null}],""gamma_LT"":[{""iter"":1,""solved"":3,""failed"":0,""gap_p90"":0,""cache_hr"":100,""fixed"":6,""unan"":true,""key"":null}]}",0.012444314427039384,True,2,OPTIMAL,solution_within_gap,False,,6:1,CTV|6:2;SOV|6:2,SOV|6|Dec:1,SOV1|6|Apr:1;SOV1|6|Aug:1;SOV1|6|Dec:1;SOV1|6|Feb:1;SOV1|6|Jan:1;SOV1|6|Jul:1;SOV1|6|Jun:1;SOV1|6|Mar:1;SOV1|6|May:1;SOV1|6|Nov:1;SOV1|6|Oct:1;SOV1|6|Sep:1;SOV2|6|Apr:1;SOV2|6|Aug:1;SOV2|6|Dec:1;SOV2|6|Feb:1;SOV2|6|Jan:1;SOV2|6|Jul:1;SOV2|6|Jun:1;SOV2|6|Mar:1;SOV2|6|May:1;SOV2|6|Nov:1;SOV2|6|Oct:1;SOV2|6|Sep:1;SOV3|6|Dec:1,30;317;492,95dcc81980a9cce5,200,1-500,501-1500
8,5,44236943.08901924,17474825.0,26762118.089016777,345000.0,16301250.0,828575.0,24801603.459863033,528601.9496843045,1431912.6794719105,,1841.683977080509,1575.314069612883,83.37500892207026,0.002939285710453987,170.9637279510498,1,3,5,0.039169990532884884,1,2,6,5,0.039996868192256375,1,"{""eta"":[{""iter"":1,""solved"":5,""failed"":0,""gap_p90"":0,""cache_hr"":0,""fixed"":3,""unan"":true,""key"":null}],""gamma_LT"":[{""iter"":1,""solved"":5,""failed"":0,""gap_p90"":0,""cache_hr"":100,""fixed"":1,""unan"":false,""key"":""('gamma_LT', ('CTV',""},{""iter"":2,""solved"":5,""failed"":0,""gap_p90"":0,""cache_hr"":20,""fixed"":5,""unan"":true,""key"":null}]}",0.013713263002825637,True,2,OPTIMAL,solution_within_gap,False,,6:1,CTV|6:2;SOV|6:2,CTV|6|Dec:1;CTV|6|Jan:1;CTV|6|Nov:1;CTV|6|Oct:1,SOV1|6|Apr:1;SOV1|6|Aug:1;SOV1|6|Dec:1;SOV1|6|Feb:1;SOV1|6|Jan:1;SOV1|6|Jul:1;SOV1|6|Jun:1;SOV1|6|Mar:1;SOV1|6|May:1;SOV1|6|Nov:1;SOV1|6|Oct:1;SOV1|6|Sep:1;SOV2|6|Apr:1;SOV2|6|Aug:1;SOV2|6|Dec:1;SOV2|6|Feb:1;SOV2|6|Jan:1;SOV2|6|Jul:1;SOV2|6|Jun:1;SOV2|6|Mar:1;SOV2|6|May:1;SOV2|6|Nov:1;SOV2|6|Oct:1;SOV2|6|Sep:1,60;202;274;310;474,95dcc81980a9cce5,200,1-500,501-1500
8,7,46952307.16716449,17722650.0,29229657.167166702,517500.0,16301250.0,903900.0,27274527.485555157,534490.6169455694,1420639.064663826,,3498.830142814666,3172.9115761071444,40.76667710579932,0.012760781683027744,270.64171600341797,2,3,7,0.03997116012367391,1,2,6,7,0.03981579442018439,1,"{""eta"":[{""iter"":1,""solved"":7,""failed"":0,""gap_p90"":0,""cache_hr"":0,""fixed"":1,""unan"":false,""key"":""('eta', '5')""},{""iter"":2,""solved"":7,""failed"":0,""gap_p90"":0,""cache_hr"":71,""fixed"":2,""unan"":true,""key"":null}],""gamma_LT"":[{""iter"":1,""solved"":7,""failed"":0,""gap_p90"":0,""cache_hr"":100,""fixed"":1,""unan"":false,""key"":""('gamma_LT', ('CTV',""},{""iter"":2,""solved"":7,""failed"":0,""gap_p90"":0,""cache_hr"":86,""fixed"":5,""unan"":true,""key"":null}]}",0.019682015107155497,True,2,OPTIMAL,solution_within_gap,False,,6:1,CTV|6:2;SOV|6:2,CTV|6|Apr:1;CTV|6|Feb:1;CTV|6|Jan:1;CTV|6|Mar:1;CTV|6|May:1;CTV|6|Oct:1,SOV1|6|Apr:1;SOV1|6|Aug:1;SOV1|6|Dec:1;SOV1|6|Feb:1;SOV1|6|Jan:1;SOV1|6|Jul:1;SOV1|6|Jun:1;SOV1|6|Mar:1;SOV1|6|May:1;SOV1|6|Nov:1;SOV1|6|Oct:1;SOV1|6|Sep:1;SOV2|6|Apr:1;SOV2|6|Aug:1;SOV2|6|Dec:1;SOV2|6|Feb:1;SOV2|6|Jan:1;SOV2|6|Jul:1;SOV2|6|Jun:1;SOV2|6|Mar:1;SOV2|6|May:1;SOV2|6|Nov:1;SOV2|6|Oct:1;SOV2|6|Sep:1,13;138;212;292;401;432;493,95dcc81980a9cce5,200,1-500,501-1500
8,10,48293073.36440887,19156125.0,29136948.3644152,1725000.0,16301250.0,1129875.0,27272485.884679228,476867.750562868,1387594.7291668246,,2767.620821289718,2223.9979092739522,112.67700578738004,0.01675986498594284,411.0151710510254,2,3,10,0.03995418374665247,1,3,6,10,0.03996065283145288,1,"{""eta"":[{""iter"":1,""solved"":10,""failed"":0,""gap_p90"":0,""cache_hr"":0,""fixed"":1,""unan"":false,""key"":""('eta', '5')""},{""iter"":2,""solved"":10,""failed"":0,""gap_p90"":0,""cache_hr"":80,""fixed"":2,""unan"":true,""key"":null}],""gamma_LT"":[{""iter"":1,""solved"":10,""failed"":0,""gap_p90"":0,""cache_hr"":100,""fixed"":1,""unan"":false,""key"":""('gamma_LT', ('SOV',""},{""iter"":2,""solved"":10,""failed"":0,""gap_p90"":0,""cache_hr"":90,""fixed"":1,""unan"":false,""key"":""('gamma_LT', ('CTV',""},{""iter"":3,""solved"":10,""failed"":0,""gap_p90"":0,""cache_hr"":60,""fixed"":4,""unan"":true,""key"":null}]}",0.018723280879711306,True,2,OPTIMAL,solution_within_gap,False,,6:1,CTV|6:2;SOV|6:2,CTV|6|Dec:1;CTV|6|Jan:1;CTV|6|Nov:1;CTV|6|Oct:1;SOV|6|Feb:1;SOV|6|Jan:1,SOV1|6|Apr:1;SOV1|6|Aug:1;SOV1|6|Dec:1;SOV1|6|Feb:1;SOV1|6|Jan:1;SOV1|6|Jul:1;SOV1|6|Jun:1;SOV1|6|Mar:1;SOV1|6|May:1;SOV1|6|Nov:1;SOV1|6|Oct:1;SOV1|6|Sep:1;SOV2|6|Apr:1;SOV2|6|Aug:1;SOV2|6|Dec:1;SOV2|6|Feb:1;SOV2|6|Jan:1;SOV2|6|Jul:1;SOV2|6|Jun:1;SOV2|6|Mar:1;SOV2|6|May:1;SOV2|6|Nov:1;SOV2|6|Oct:1;SOV2|6|Sep:1;SOV3|6|Feb:1;SOV3|6|Jan:1,10;16;33;59;135;140;144;148;289;409,95dcc81980a9cce5,200,1-500,501-1500
8,15,48627612.43269375,19759875.0,28867737.432693668,2328750.0,16301250.0,1129875.0,27027190.754661474,455625.7463588563,1384920.9316729764,,6788.606524371542,4592.129726631567,113.65675758942962,0.0254063718020916,2053.669737100601,3,3,15,0.03997390388965189,1,3,6,15,0.03999501208871532,1,"{""eta"":[{""iter"":1,""solved"":15,""failed"":0,""gap_p90"":0,""cache_hr"":0,""fixed"":1,""unan"":false,""key"":""('eta', '7')""},{""iter"":2,""solved"":15,""failed"":0,""gap_p90"":0,""cache_hr"":93,""fixed"":1,""unan"":false,""key"":""('eta', '5')""},{""iter"":3,""solved"":15,""failed"":0,""gap_p90"":0,""cache_hr"":80,""fixed"":1,""unan"":true,""key"":null}],""gamma_LT"":[{""iter"":1,""solved"":15,""failed"":0,""gap_p90"":0,""cache_hr"":100,""fixed"":1,""unan"":false,""key"":""('gamma_LT', ('SOV',""},{""iter"":2,""solved"":15,""failed"":0,""gap_p90"":0,""cache_hr"":80,""fixed"":1,""unan"":false,""key"":""('gamma_LT', ('CTV',""},{""iter"":3,""solved"":15,""failed"":0,""gap_p90"":0,""cache_hr"":40,""fixed"":4,""unan"":true,""key"":null}]}",0.017757725843254593,True,2,OPTIMAL,solution_within_gap,False,,6:1,CTV|6:2;SOV|6:2,CTV|6|Dec:1;CTV|6|Feb:1;CTV|6|Jan:1;SOV|6|Dec:1;SOV|6|Jan:1;SOV|6|Nov:1,SOV1|6|Apr:1;SOV1|6|Aug:1;SOV1|6|Dec:1;SOV1|6|Feb:1;SOV1|6|Jan:1;SOV1|6|Jul:1;SOV1|6|Jun:1;SOV1|6|Mar:1;SOV1|6|May:1;SOV1|6|Nov:1;SOV1|6|Oct:1;SOV1|6|Sep:1;SOV2|6|Apr:1;SOV2|6|Aug:1;SOV2|6|Dec:1;SOV2|6|Feb:1;SOV2|6|Jan:1;SOV2|6|Jul:1;SOV2|6|Jun:1;SOV2|6|Mar:1;SOV2|6|May:1;SOV2|6|Nov:1;SOV2|6|Oct:1;SOV2|6|Sep:1;SOV3|6|Dec:1;SOV3|6|Jan:1;SOV3|6|Nov:1,38;90;131;144;162;174;186;242;273;275;290;301;360;427;434,95dcc81980a9cce5,200,1-500,501-1500
8,20,48228373.94089255,19425800.0,28802573.940888926,2070000.0,16301250.0,1054550.0,26984480.99970484,459697.7197336148,1358395.2214540124,,7655.173271203414,2957.414666224271,66.4390872521326,0.032523034140467644,4591.74109005928,2,3,20,0.03961453399566193,1,2,6,20,0.039880361876690106,1,"{""eta"":[{""iter"":1,""solved"":20,""failed"":0,""gap_p90"":0,""cache_hr"":0,""fixed"":1,""unan"":false,""key"":""('eta', '5')""},{""iter"":2,""solved"":20,""failed"":0,""gap_p90"":0,""cache_hr"":85,""fixed"":2,""unan"":true,""key"":null}],""gamma_LT"":[{""iter"":1,""solved"":20,""failed"":0,""gap_p90"":0,""cache_hr"":100,""fixed"":1,""unan"":false,""key"":""('gamma_LT', ('CTV',""},{""iter"":2,""solved"":20,""failed"":0,""gap_p90"":0,""cache_hr"":70,""fixed"":5,""unan"":true,""key"":null}]}",0.009025260059297114,True,2,OPTIMAL,solution_within_gap,False,,6:1,CTV|6:2;SOV|6:2,SOV|6|Dec:1;SOV|6|Jan:1;SOV|6|Nov:1,SOV1|6|Apr:1;SOV1|6|Aug:1;SOV1|6|Dec:1;SOV1|6|Feb:1;SOV1|6|Jan:1;SOV1|6|Jul:1;SOV1|6|Jun:1;SOV1|6|Mar:1;SOV1|6|May:1;SOV1|6|Nov:1;SOV1|6|Oct:1;SOV1|6|Sep:1;SOV2|6|Apr:1;SOV2|6|Aug:1;SOV2|6|Dec:1;SOV2|6|Feb:1;SOV2|6|Jan:1;SOV2|6|Jul:1;SOV2|6|Jun:1;SOV2|6|Mar:1;SOV2|6|May:1;SOV2|6|Nov:1;SOV2|6|Oct:1;SOV2|6|Sep:1;SOV3|6|Dec:1;SOV3|6|Jan:1;SOV3|6|Nov:1,23;35;45;96;119;169;226;230;237;241;244;247;268;295;309;400;426;432;440;472,95dcc81980a9cce5,200,1-500,501-1500
9,1,60171935.85697098,20826500.0,39345435.856970735,3018750.0,16301250.0,1506500.0,37132189.296927005,481954.477177027,1731292.0828670063,,634.0800125300884,619.4065953539684,0.0004333406686782837,0.00199869554489851,9.886007070541382,1,3,1,0.039831083715091496,1,1,6,1,0.039831083715091496,1,"{""eta"":[{""iter"":1,""solved"":1,""failed"":0,""gap_p90"":0,""cache_hr"":0,""fixed"":3,""unan"":true,""key"":null}],""gamma_LT"":[{""iter"":1,""solved"":1,""failed"":0,""gap_p90"":0,""cache_hr"":100,""fixed"":6,""unan"":true,""key"":null}]}",0.006264315258663606,True,2,OPTIMAL,solution_within_gap,False,,5:1,CTV|5:2;SOV|5:2,CTV|5|Feb:1;CTV|5|Jan:1;CTV|5|Sep:1;SOV|5|Dec:1;SOV|5|Nov:2;SOV|5|Oct:1,SOV1|5|Apr:1;SOV1|5|Aug:1;SOV1|5|Dec:1;SOV1|5|Feb:1;SOV1|5|Jan:1;SOV1|5|Jul:1;SOV1|5|Jun:1;SOV1|5|Mar:1;SOV1|5|May:1;SOV1|5|Nov:1;SOV1|5|Oct:1;SOV1|5|Sep:1;SOV2|5|Apr:1;SOV2|5|Aug:1;SOV2|5|Dec:1;SOV2|5|Feb:1;SOV2|5|Jan:1;SOV2|5|Jul:1;SOV2|5|Jun:1;SOV2|5|Mar:1;SOV2|5|May:1;SOV2|5|Nov:1;SOV2|5|Oct:1;SOV2|5|Sep:1;SOV3|5|Dec:1;SOV3|5|Nov:1;SOV3|5|Oct:1;SOV4|5|Nov:1,379,95dcc81980a9cce5,200,1-500,501-1500
9,3,49496395.1902497,20115800.0,29380595.19024934,2760000.0,16301250.0,1054550.0,27505095.41579488,431529.73871006485,1443970.0357447683,,1013.6546878488734,950.3345388323069,0.0006382036954164505,0.005731157958507538,55.000808000564575,1,3,3,0.03900946492328161,1,1,6,3,0.03900946492328161,1,"{""eta"":[{""iter"":1,""solved"":3,""failed"":0,""gap_p90"":0,""cache_hr"":0,""fixed"":3,""unan"":true,""key"":null}],""gamma_LT"":[{""iter"":1,""solved"":3,""failed"":0,""gap_p90"":0,""cache_hr"":100,""fixed"":6,""unan"":true,""key"":null}]}",0.006576133334413352,True,2,OPTIMAL,solution_within_gap,False,,6:1,CTV|6:2;SOV|6:2,SOV|6|Dec:1;SOV|6|Feb:1;SOV|6|Jan:1;SOV|6|Nov:1,SOV1|6|Apr:1;SOV1|6|Aug:1;SOV1|6|Dec:1;SOV1|6|Feb:1;SOV1|6|Jan:1;SOV1|6|Jul:1;SOV1|6|Jun:1;SOV1|6|Mar:1;SOV1|6|May:1;SOV1|6|Nov:1;SOV1|6|Oct:1;SOV1|6|Sep:1;SOV2|6|Apr:1;SOV2|6|Aug:1;SOV2|6|Dec:1;SOV2|6|Feb:1;SOV2|6|Jan:1;SOV2|6|Jul:1;SOV2|6|Jun:1;SOV2|6|Mar:1;SOV2|6|May:1;SOV2|6|Nov:1;SOV2|6|Oct:1;SOV2|6|Sep:1;SOV3|6|Dec:1;SOV3|6|Feb:1;SOV3|6|Jan:1;SOV3|6|Nov:1,74;361;424,95dcc81980a9cce5,200,1-500,501-1500
9,5,44413671.14266707,17474825.0,26938846.14266465,345000.0,16301250.0,828575.0,24983276.64016674,535056.6305104415,1420512.8719899207,,1394.5408700192347,1275.9207821842283,35.67002989072353,0.009294094517827034,71.85892391204834,1,3,5,0.03999849521249255,1,2,6,5,0.03999849521249255,1,"{""eta"":[{""iter"":1,""solved"":5,""failed"":0,""gap_p90"":0,""cache_hr"":0,""fixed"":3,""unan"":true,""key"":null}],""gamma_LT"":[{""iter"":1,""solved"":5,""failed"":0,""gap_p90"":0,""cache_hr"":100,""fixed"":1,""unan"":false,""key"":""('gamma_LT', ('CTV',""},{""iter"":2,""solved"":5,""failed"":0,""gap_p90"":0,""cache_hr"":80,""fixed"":5,""unan"":true,""key"":null}]}",0.01942733718510007,True,2,OPTIMAL,solution_within_gap,False,,6:1,CTV|6:2;SOV|6:2,CTV|6|Dec:1;CTV|6|Feb:1;CTV|6|Jan:1;CTV|6|Mar:1,SOV1|6|Apr:1;SOV1|6|Aug:1;SOV1|6|Dec:1;SOV1|6|Feb:1;SOV1|6|Jan:1;SOV1|6|Jul:1;SOV1|6|Jun:1;SOV1|6|Mar:1;SOV1|6|May:1;SOV1|6|Nov:1;SOV1|6|Oct:1;SOV1|6|Sep:1;SOV2|6|Apr:1;SOV2|6|Aug:1;SOV2|6|Dec:1;SOV2|6|Feb:1;SOV2|6|Jan:1;SOV2|6|Jul:1;SOV2|6|Jun:1;SOV2|6|Mar:1;SOV2|6|May:1;SOV2|6|Nov:1;SOV2|6|Oct:1;SOV2|6|Sep:1,7;153;296;431;498,95dcc81980a9cce5,200,1-500,501-1500
9,7,48969715.33406701,18735800.0,30233915.334069315,1380000.0,16301250.0,1054550.0,28305160.643198833,473808.535708102,1454946.155160103,,1954.740421231836,1573.4472496714443,109.41232005227357,0.01227929349988699,257.19967794418335,2,3,7,0.039992456026797636,1,3,6,7,0.039992456026797636,1,"{""eta"":[{""iter"":1,""solved"":7,""failed"":0,""gap_p90"":0,""cache_hr"":0,""fixed"":1,""unan"":false,""key"":""('eta', '6')""},{""iter"":2,""solved"":7,""failed"":0,""gap_p90"":0,""cache_hr"":86,""fixed"":2,""unan"":true,""key"":null}],""gamma_LT"":[{""iter"":1,""solved"":7,""failed"":0,""gap_p90"":0,""cache_hr"":100,""fixed"":1,""unan"":false,""key"":""('gamma_LT', ('CTV',""},{""iter"":2,""solved"":7,""failed"":0,""gap_p90"":0,""cache_hr"":86,""fixed"":1,""unan"":false,""key"":""('gamma_LT', ('SOV',""},{""iter"":3,""solved"":7,""failed"":0,""gap_p90"":0,""cache_hr"":86,""fixed"":4,""unan"":true,""key"":null}]}",0.015485804211833234,True,2,OPTIMAL,solution_within_gap,False,,6:1,CTV|6:2;SOV|6:2,SOV|6|Dec:1;SOV|6|Jan:1,SOV1|6|Apr:1;SOV1|6|Aug:1;SOV1|6|Dec:1;SOV1|6|Feb:1;SOV1|6|Jan:1;SOV1|6|Jul:1;SOV1|6|Jun:1;SOV1|6|Mar:1;SOV1|6|May:1;SOV1|6|Nov:1;SOV1|6|Oct:1;SOV1|6|Sep:1;SOV2|6|Apr:1;SOV2|6|Aug:1;SOV2|6|Dec:1;SOV2|6|Feb:1;SOV2|6|Jan:1;SOV2|6|Jul:1;SOV2|6|Jun:1;SOV2|6|Mar:1;SOV2|6|May:1;SOV2|6|Nov:1;SOV2|6|Oct:1;SOV2|6|Sep:1;SOV3|6|Dec:1;SOV3|6|Jan:1,64;117;159;174;271;447;469,95dcc81980a9cce5,200,1-500,501-1500
9,10,48251438.320563465,17216075.0,31035363.320570134,86250.0,16301250.0,828575.0,29060548.982485563,490357.9323767934,1484456.4057011562,,3056.974384837784,2512.248082944192,35.823021235875785,0.018216941505670547,488.61660504341125,3,3,10,0.03990477751062067,1,2,6,10,0.03990477751062067,1,"{""eta"":[{""iter"":1,""solved"":10,""failed"":0,""gap_p90"":0,""cache_hr"":0,""fixed"":1,""unan"":false,""key"":""('eta', '7')""},{""iter"":2,""solved"":10,""failed"":0,""gap_p90"":0,""cache_hr"":90,""fixed"":1,""unan"":false,""key"":""('eta', '5')""},{""iter"":3,""solved"":10,""failed"":0,""gap_p90"":0,""cache_hr"":50,""fixed"":1,""unan"":true,""key"":null}],""gamma_LT"":[{""iter"":1,""solved"":10,""failed"":0,""gap_p90"":0,""cache_hr"":100,""fixed"":1,""unan"":false,""key"":""('gamma_LT', ('CTV',""},{""iter"":2,""solved"":10,""failed"":0,""gap_p90"":0,""cache_hr"":80,""fixed"":5,""unan"":true,""key"":null}]}",0.01839639672226899,True,2,OPTIMAL,solution_within_gap,False,,6:1,CTV|6:2;SOV|6:2,CTV|6|Jan:1,SOV1|6|Apr:1;SOV1|6|Aug:1;SOV1|6|Dec:1;SOV1|6|Feb:1;SOV1|6|Jan:1;SOV1|6|Jul:1;SOV1|6|Jun:1;SOV1|6|Mar:1;SOV1|6|May:1;SOV1|6|Nov:1;SOV1|6|Oct:1;SOV1|6|Sep:1;SOV2|6|Apr:1;SOV2|6|Aug:1;SOV2|6|Dec:1;SOV2|6|Feb:1;SOV2|6|Jan:1;SOV2|6|Jul:1;SOV2|6|Jun:1;SOV2|6|Mar:1;SOV2|6|May:1;SOV2|6|Nov:1;SOV2|6|Oct:1;SOV2|6|Sep:1,66;102;112;223;362;390;391;404;448;470,95dcc81980a9cce5,200,1-500,501-1500
9,15,50595198.75062494,17302325.0,33292873.750625115,172500.0,16301250.0,828575.0,31328128.83350202,505702.8076314569,1459042.1094910698,,4329.205221631564,2711.47729089763,145.91607769485563,0.025585468858480453,1440.196604013443,3,3,15,0.03996745113254394,1,3,6,15,0.03999739649531337,1,"{""eta"":[{""iter"":1,""solved"":15,""failed"":0,""gap_p90"":0,""cache_hr"":0,""fixed"":1,""unan"":false,""key"":""('eta', '5')""},{""iter"":2,""solved"":15,""failed"":0,""gap_p90"":0,""cache_hr"":93,""fixed"":1,""unan"":false,""key"":""('eta', '6')""},{""iter"":3,""solved"":15,""failed"":0,""gap_p90"":0,""cache_hr"":93,""fixed"":1,""unan"":true,""key"":null}],""gamma_LT"":[{""iter"":1,""solved"":15,""failed"":0,""gap_p90"":0,""cache_hr"":100,""fixed"":1,""unan"":false,""key"":""('gamma_LT', ('SOV',""},{""iter"":2,""solved"":15,""failed"":0,""gap_p90"":0,""cache_hr"":87,""fixed"":1,""unan"":false,""key"":""('gamma_LT', ('CTV',""},{""iter"":3,""solved"":15,""failed"":0,""gap_p90"":0,""cache_hr"":60,""fixed"":4,""unan"":true,""key"":null}]}",0.01715304782849536,True,2,OPTIMAL,solution_within_gap,False,,6:1,CTV|6:2;SOV|6:2,CTV|6|Dec:1;CTV|6|Jan:1,SOV1|6|Apr:1;SOV1|6|Aug:1;SOV1|6|Dec:1;SOV1|6|Feb:1;SOV1|6|Jan:1;SOV1|6|Jul:1;SOV1|6|Jun:1;SOV1|6|Mar:1;SOV1|6|May:1;SOV1|6|Nov:1;SOV1|6|Oct:1;SOV1|6|Sep:1;SOV2|6|Apr:1;SOV2|6|Aug:1;SOV2|6|Dec:1;SOV2|6|Feb:1;SOV2|6|Jan:1;SOV2|6|Jul:1;SOV2|6|Jun:1;SOV2|6|Mar:1;SOV2|6|May:1;SOV2|6|Nov:1;SOV2|6|Oct:1;SOV2|6|Sep:1,35;52;80;132;171;178;188;208;220;223;309;331;397;424;482,95dcc81980a9cce5,200,1-500,501-1500
9,20,47500503.16394675,18735800.0,28764703.163943004,1380000.0,16301250.0,1054550.0,26892772.87752789,480252.47218815074,1391677.8142305447,,5580.957550798543,3310.103461332619,125.37722628004849,0.03276442177593708,2108.859614133835,3,3,20,0.03996745113254394,1,3,6,20,0.039984762725491174,1,"{""eta"":[{""iter"":1,""solved"":20,""failed"":0,""gap_p90"":0,""cache_hr"":0,""fixed"":1,""unan"":false,""key"":""('eta', '7')""},{""iter"":2,""solved"":20,""failed"":0,""gap_p90"":0,""cache_hr"":95,""fixed"":1,""unan"":false,""key"":""('eta', '5')""},{""iter"":3,""solved"":20,""failed"":0,""gap_p90"":0,""cache_hr"":85,""fixed"":1,""unan"":true,""key"":null}],""gamma_LT"":[{""iter"":1,""solved"":20,""failed"":0,""gap_p90"":0,""cache_hr"":100,""fixed"":1,""unan"":false,""key"":""('gamma_LT', ('SOV',""},{""iter"":2,""solved"":20,""failed"":0,""gap_p90"":0,""cache_hr"":95,""fixed"":1,""unan"":false,""key"":""('gamma_LT', ('CTV',""},{""iter"":3,""solved"":20,""failed"":0,""gap_p90"":0,""cache_hr"":60,""fixed"":4,""unan"":true,""key"":null}]}",0.013013399542044349,True,2,OPTIMAL,solution_within_gap,False,,6:1,CTV|6:2;SOV|6:2,SOV|6|Dec:1;SOV|6|Jan:1,SOV1|6|Apr:1;SOV1|6|Aug:1;SOV1|6|Dec:1;SOV1|6|Feb:1;SOV1|6|Jan:1;SOV1|6|Jul:1;SOV1|6|Jun:1;SOV1|6|Mar:1;SOV1|6|May:1;SOV1|6|Nov:1;SOV1|6|Oct:1;SOV1|6|Sep:1;SOV2|6|Apr:1;SOV2|6|Aug:1;SOV2|6|Dec:1;SOV2|6|Feb:1;SOV2|6|Jan:1;SOV2|6|Jul:1;SOV2|6|Jun:1;SOV2|6|Mar:1;SOV2|6|May:1;SOV2|6|Nov:1;SOV2|6|Oct:1;SOV2|6|Sep:1;SOV3|6|Dec:1;SOV3|6|Jan:1,12;38;91;113;116;122;132;180;186;188;250;292;297;315;397;405;452;453;457;464,95dcc81980a9cce5,200,1-500,501-1500
10,1,38312625.29451646,17722650.0,20589975.294517014,517500.0,16301250.0,903900.0,18688427.116658375,562592.3997391607,1338955.7781189475,,700.5321955587715,689.0197368552908,0.00045725610107183456,0.002054905518889427,6.692924976348877,1,3,1,0.03286538758826145,1,1,6,1,0.03286538758826145,1,"{""eta"":[{""iter"":1,""solved"":1,""failed"":0,""gap_p90"":0,""cache_hr"":0,""fixed"":3,""unan"":true,""key"":null}],""gamma_LT"":[{""iter"":1,""solved"":1,""failed"":0,""gap_p90"":0,""cache_hr"":100,""fixed"":6,""unan"":true,""key"":null}]}",0.0052111751046099814,True,2,OPTIMAL,solution_within_gap,False,,6:1,CTV|6:2;SOV|6:2,CTV|6|Dec:1;CTV|6|Feb:1;CTV|6|Jan:1;CTV|6|Nov:2;CTV|6|Oct:1,SOV1|6|Apr:1;SOV1|6|Aug:1;SOV1|6|Dec:1;SOV1|6|Feb:1;SOV1|6|Jan:1;SOV1|6|Jul:1;SOV1|6|Jun:1;SOV1|6|Mar:1;SOV1|6|May:1;SOV1|6|Nov:1;SOV1|6|Oct:1;SOV1|6|Sep:1;SOV2|6|Apr:1;SOV2|6|Aug:1;SOV2|6|Dec:1;SOV2|6|Feb:1;SOV2|6|Jan:1;SOV2|6|Jul:1;SOV2|6|Jun:1;SOV2|6|Mar:1;SOV2|6|May:1;SOV2|6|Nov:1;SOV2|6|Oct:1;SOV2|6|Sep:1,187,95dcc81980a9cce5,200,1-500,501-1500
10,3,52755748.4355561,19996775.0,32758973.43555585,2415000.0,16301250.0,1280525.0,30926997.94026496,456399.01963307936,1375576.475658197,,915.0153744108975,845.4828425925225,25.887132148258388,0.0066024670377373695,35.55984807014465,1,3,3,0.03978866803730509,1,2,6,3,0.03978866803730509,1,"{""eta"":[{""iter"":1,""solved"":3,""failed"":0,""gap_p90"":0,""cache_hr"":0,""fixed"":3,""unan"":true,""key"":null}],""gamma_LT"":[{""iter"":1,""solved"":3,""failed"":0,""gap_p90"":0,""cache_hr"":100,""fixed"":1,""unan"":false,""key"":""('gamma_LT', ('CTV',""},{""iter"":2,""solved"":3,""failed"":0,""gap_p90"":0,""cache_hr"":67,""fixed"":5,""unan"":true,""key"":null}]}",0.014565875180394127,True,2,OPTIMAL,solution_within_gap,False,,6:1,CTV|6:2;SOV|6:2,CTV|6|Jan:1;CTV|6|Jun:1;CTV|6|May:1;CTV|6|Sep:1;SOV|6|Dec:1;SOV|6|Jan:1;SOV|6|Nov:1,SOV1|6|Apr:1;SOV1|6|Aug:1;SOV1|6|Dec:1;SOV1|6|Feb:1;SOV1|6|Jan:1;SOV1|6|Jul:1;SOV1|6|Jun:1;SOV1|6|Mar:1;SOV1|6|May:1;SOV1|6|Nov:1;SOV1|6|Oct:1;SOV1|6|Sep:1;SOV2|6|Apr:1;SOV2|6|Aug:1;SOV2|6|Dec:1;SOV2|6|Feb:1;SOV2|6|Jan:1;SOV2|6|Jul:1;SOV2|6|Jun:1;SOV2|6|Mar:1;SOV2|6|May:1;SOV2|6|Nov:1;SOV2|6|Oct:1;SOV2|6|Sep:1;SOV3|6|Dec:1;SOV3|6|Jan:1;SOV3|6|Nov:1,80;412;490,95dcc81980a9cce5,200,1-500,501-1500
10,5,44851119.65951021,19425800.0,25425319.65950797,2070000.0,16301250.0,1054550.0,23611153.41848419,454422.9450772306,1359743.2959487727,,3062.1058927187696,2832.3343087332323,0.0008220672607421875,0.00923897884786129,219.04344415664673,3,3,5,0.0399984298593841,1,1,6,5,0.0399984298593841,1,"{""eta"":[{""iter"":1,""solved"":5,""failed"":0,""gap_p90"":0,""cache_hr"":0,""fixed"":1,""unan"":false,""key"":""('eta', '7')""},{""iter"":2,""solved"":5,""failed"":0,""gap_p90"":0,""cache_hr"":80,""fixed"":1,""unan"":false,""key"":""('eta', '5')""},{""iter"":3,""solved"":5,""failed"":0,""gap_p90"":0,""cache_hr"":60,""fixed"":1,""unan"":true,""key"":null}],""gamma_LT"":[{""iter"":1,""solved"":5,""failed"":0,""gap_p90"":0,""cache_hr"":100,""fixed"":6,""unan"":true,""key"":null}]}",0.016867491705083736,True,2,OPTIMAL,solution_within_gap,False,,6:1,CTV|6:2;SOV|6:2,SOV|6|Dec:1;SOV|6|Jan:1;SOV|6|Nov:1,SOV1|6|Apr:1;SOV1|6|Aug:1;SOV1|6|Dec:1;SOV1|6|Feb:1;SOV1|6|Jan:1;SOV1|6|Jul:1;SOV1|6|Jun:1;SOV1|6|Mar:1;SOV1|6|May:1;SOV1|6|Nov:1;SOV1|6|Oct:1;SOV1|6|Sep:1;SOV2|6|Apr:1;SOV2|6|Aug:1;SOV2|6|Dec:1;SOV2|6|Feb:1;SOV2|6|Jan:1;SOV2|6|Jul:1;SOV2|6|Jun:1;SOV2|6|Mar:1;SOV2|6|May:1;SOV2|6|Nov:1;SOV2|6|Oct:1;SOV2|6|Sep:1;SOV3|6|Dec:1;SOV3|6|Jan:1;SOV3|6|Nov:1,38;216;446;475;476,95dcc81980a9cce5,200,1-500,501-1500
10,7,45018330.72104253,17463900.0,27554430.72104492,258750.0,16301250.0,903900.0,25586382.631979868,507578.01143042033,1460470.0776323606,,3330.330468858592,2986.9822311401367,93.02347024064511,0.013153462670743465,236.3222348690033,2,3,7,0.03947930936469238,1,3,6,7,0.03996026189614918,1,"{""eta"":[{""iter"":1,""solved"":7,""failed"":0,""gap_p90"":0,""cache_hr"":0,""fixed"":1,""unan"":false,""key"":""('eta', '5')""},{""iter"":2,""solved"":7,""failed"":0,""gap_p90"":0,""cache_hr"":86,""fixed"":2,""unan"":true,""key"":null}],""gamma_LT"":[{""iter"":1,""solved"":7,""failed"":0,""gap_p90"":0,""cache_hr"":100,""fixed"":1,""unan"":false,""key"":""('gamma_LT', ('SOV',""},{""iter"":2,""solved"":7,""failed"":0,""gap_p90"":0,""cache_hr"":86,""fixed"":1,""unan"":false,""key"":""('gamma_LT', ('CTV',""},{""iter"":3,""solved"":7,""failed"":0,""gap_p90"":0,""cache_hr"":43,""fixed"":4,""unan"":true,""key"":null}]}",0.01618626315256438,True,2,OPTIMAL,solution_within_gap,False,,6:1,CTV|6:2;SOV|6:2,CTV|6|Dec:2;CTV|6|Jan:1,SOV1|6|Apr:1;SOV1|6|Aug:1;SOV1|6|Dec:1;SOV1|6|Feb:1;SOV1|6|Jan:1;SOV1|6|Jul:1;SOV1|6|Jun:1;SOV1|6|Mar:1;SOV1|6|May:1;SOV1|6|Nov:1;SOV1|6|Oct:1;SOV1|6|Sep:1;SOV2|6|Apr:1;SOV2|6|Aug:1;SOV2|6|Dec:1;SOV2|6|Feb:1;SOV2|6|Jan:1;SOV2|6|Jul:1;SOV2|6|Jun:1;SOV2|6|Mar:1;SOV2|6|May:1;SOV2|6|Nov:1;SOV2|6|Oct:1;SOV2|6|Sep:1,105;196;209;221;374;410;485,95dcc81980a9cce5,200,1-500,501-1500
10,10,46131737.45083033,17054500.0,29077237.450837042,0.0,16301250.0,753250.0,27090333.61701184,503056.8560997762,1483846.9777187188,,4256.818496698514,3804.9864965947345,60.543554777279496,0.017568101175129414,369.6518828868866,3,3,10,0.03987742112724319,1,2,6,10,0.039960694253507435,1,"{""eta"":[{""iter"":1,""solved"":10,""failed"":0,""gap_p90"":0,""cache_hr"":0,""fixed"":1,""unan"":false,""key"":""('eta', '7')""},{""iter"":2,""solved"":10,""failed"":0,""gap_p90"":0,""cache_hr"":90,""fixed"":1,""unan"":false,""key"":""('eta', '5')""},{""iter"":3,""solved"":10,""failed"":0,""gap_p90"":0,""cache_hr"":70,""fixed"":1,""unan"":true,""key"":null}],""gamma_LT"":[{""iter"":1,""solved"":10,""failed"":0,""gap_p90"":0,""cache_hr"":100,""fixed"":1,""unan"":false,""key"":""('gamma_LT', ('CTV',""},{""iter"":2,""solved"":10,""failed"":0,""gap_p90"":0,""cache_hr"":50,""fixed"":5,""unan"":true,""key"":null}]}",0.01928520889638273,True,2,OPTIMAL,solution_within_gap,False,,6:1,CTV|6:2;SOV|6:2,,SOV1|6|Apr:1;SOV1|6|Aug:1;SOV1|6|Dec:1;SOV1|6|Feb:1;SOV1|6|Jan:1;SOV1|6|Jul:1;SOV1|6|Jun:1;SOV1|6|Mar:1;SOV1|6|May:1;SOV1|6|Nov:1;SOV1|6|Oct:1;SOV1|6|Sep:1;SOV2|6|Apr:1;SOV2|6|Aug:1;SOV2|6|Dec:1;SOV2|6|Feb:1;SOV2|6|Jan:1;SOV2|6|Jul:1;SOV2|6|Jun:1;SOV2|6|Mar:1;SOV2|6|May:1;SOV2|6|Nov:1;SOV2|6|Oct:1;SOV2|6|Sep:1,10;11;79;170;182;195;234;291;360;426,95dcc81980a9cce5,200,1-500,501-1500
10,15,51625168.80054051,19673625.0,31951543.80054034,2242500.0,16301250.0,1129875.0,30075569.120431054,456168.664542072,1419806.0155668547,,5203.717035642825,3845.1930159702897,48.0370418895036,0.024207469075918198,1282.2894620895386,3,3,15,0.039990374931035876,1,2,6,15,0.039990374931035876,1,"{""eta"":[{""iter"":1,""solved"":15,""failed"":0,""gap_p90"":0,""cache_hr"":0,""fixed"":1,""unan"":false,""key"":""('eta', '7')""},{""iter"":2,""solved"":15,""failed"":0,""gap_p90"":0,""cache_hr"":93,""fixed"":1,""unan"":false,""key"":""('eta', '5')""},{""iter"":3,""solved"":15,""failed"":0,""gap_p90"":0,""cache_hr"":80,""fixed"":1,""unan"":true,""key"":null}],""gamma_LT"":[{""iter"":1,""solved"":15,""failed"":0,""gap_p90"":0,""cache_hr"":100,""fixed"":1,""unan"":false,""key"":""('gamma_LT', ('CTV',""},{""iter"":2,""solved"":15,""failed"":0,""gap_p90"":0,""cache_hr"":73,""fixed"":5,""unan"":true,""key"":null}]}",0.016934786057104093,True,2,OPTIMAL,solution_within_gap,False,,6:1,CTV|6:2;SOV|6:2,CTV|6|Dec:1;CTV|6|Jan:1;SOV|6|Dec:1;SOV|6|Jan:1;SOV|6|Nov:1,SOV1|6|Apr:1;SOV1|6|Aug:1;SOV1|6|Dec:1;SOV1|6|Feb:1;SOV1|6|Jan:1;SOV1|6|Jul:1;SOV1|6|Jun:1;SOV1|6|Mar:1;SOV1|6|May:1;SOV1|6|Nov:1;SOV1|6|Oct:1;SOV1|6|Sep:1;SOV2|6|Apr:1;SOV2|6|Aug:1;SOV2|6|Dec:1;SOV2|6|Feb:1;SOV2|6|Jan:1;SOV2|6|Jul:1;SOV2|6|Jun:1;SOV2|6|Mar:1;SOV2|6|May:1;SOV2|6|Nov:1;SOV2|6|Oct:1;SOV2|6|Sep:1;SOV3|6|Dec:1;SOV3|6|Jan:1;SOV3|6|Nov:1,29;78;145;177;212;234;249;251;287;349;354;361;444;470;490,95dcc81980a9cce5,200,1-500,501-1500
10,20,47167108.20472235,17808900.0,29358208.204718724,603750.0,16301250.0,903900.0,27413574.665835366,513009.2513855713,1431624.2875012315,,5292.315887092613,3656.8872064230964,96.65696349460632,0.030394280329346657,1499.0867619514465,3,3,20,0.03983078286100828,1,2,6,20,0.03984482290078479,1,"{""eta"":[{""iter"":1,""solved"":20,""failed"":0,""gap_p90"":0,""cache_hr"":0,""fixed"":1,""unan"":false,""key"":""('eta', '7')""},{""iter"":2,""solved"":20,""failed"":0,""gap_p90"":0,""cache_hr"":95,""fixed"":1,""unan"":false,""key"":""('eta', '5')""},{""iter"":3,""solved"":20,""failed"":0,""gap_p90"":0,""cache_hr"":80,""fixed"":1,""unan"":true,""key"":null}],""gamma_LT"":[{""iter"":1,""solved"":20,""failed"":0,""gap_p90"":0,""cache_hr"":100,""fixed"":1,""unan"":false,""key"":""('gamma_LT', ('CTV',""},{""iter"":2,""solved"":20,""failed"":0,""gap_p90"":0,""cache_hr"":75,""fixed"":5,""unan"":true,""key"":null}]}",0.01841344049561668,True,2,OPTIMAL,solution_within_gap,False,,6:1,CTV|6:2;SOV|6:2,CTV|6|Dec:2;CTV|6|Feb:2;CTV|6|Jan:2;CTV|6|Nov:1,SOV1|6|Apr:1;SOV1|6|Aug:1;SOV1|6|Dec:1;SOV1|6|Feb:1;SOV1|6|Jan:1;SOV1|6|Jul:1;SOV1|6|Jun:1;SOV1|6|Mar:1;SOV1|6|May:1;SOV1|6|Nov:1;SOV1|6|Oct:1;SOV1|6|Sep:1;SOV2|6|Apr:1;SOV2|6|Aug:1;SOV2|6|Dec:1;SOV2|6|Feb:1;SOV2|6|Jan:1;SOV2|6|Jul:1;SOV2|6|Jun:1;SOV2|6|Mar:1;SOV2|6|May:1;SOV2|6|Nov:1;SOV2|6|Oct:1;SOV2|6|Sep:1,9;15;16;28;43;47;69;89;128;154;189;196;203;220;324;361;452;457;472;499,95dcc81980a9cce5,200,1-500,501-1500
11,1,48122072.48957738,19878325.0,28243747.489577554,1466250.0,17206875.0,1205200.0,25520263.48719047,522191.9696138034,2201292.032773061,,669.9743887623772,652.2326968405396,0.00045026931911706924,0.0020076539367437363,13.579056024551392,1,3,1,0.03848904779091484,1,1,6,1,0.03848904779091484,1,"{""eta"":[{""iter"":1,""solved"":1,""failed"":0,""gap_p90"":0,""cache_hr"":0,""fixed"":3,""unan"":true,""key"":null}],""gamma_LT"":[{""iter"":1,""solved"":1,""failed"":0,""gap_p90"":0,""cache_hr"":100,""fixed"":6,""unan"":true,""key"":null}]}",0.01407665316273926,True,2,OPTIMAL,solution_within_gap,False,,5:1,CTV|5:3;SOV|5:2,CTV|5|Dec:1;SOV|5|Dec:1;SOV|5|Nov:1,SOV1|5|Apr:1;SOV1|5|Aug:1;SOV1|5|Dec:1;SOV1|5|Feb:1;SOV1|5|Jan:1;SOV1|5|Jul:1;SOV1|5|Jun:1;SOV1|5|Mar:1;SOV1|5|May:1;SOV1|5|Nov:1;SOV1|5|Oct:1;SOV1|5|Sep:1;SOV2|5|Apr:1;SOV2|5|Aug:1;SOV2|5|Dec:1;SOV2|5|Feb:1;SOV2|5|Jan:1;SOV2|5|Jul:1;SOV2|5|Jun:1;SOV2|5|Mar:1;SOV2|5|May:1;SOV2|5|Nov:1;SOV2|5|Oct:1;SOV2|5|Sep:1;SOV3|5|Dec:1;SOV3|5|Nov:1,47,95dcc81980a9cce5,200,1-500,501-1500
11,3,51478046.38898592,19587375.0,31890671.38898557,2156250.0,16301250.0,1129875.0,30074350.66609272,449240.46609508264,1367080.256798126,,1746.1450440771878,1647.4681876534596,53.96533995401114,0.0057681892067193985,37.0731098651886,2,3,3,0.03980283901268709,1,3,6,3,0.03999150066132475,1,"{""eta"":[{""iter"":1,""solved"":3,""failed"":0,""gap_p90"":0,""cache_hr"":0,""fixed"":1,""unan"":false,""key"":""('eta', '5')""},{""iter"":2,""solved"":3,""failed"":0,""gap_p90"":0,""cache_hr"":67,""fixed"":2,""unan"":true,""key"":null}],""gamma_LT"":[{""iter"":1,""solved"":3,""failed"":0,""gap_p90"":0,""cache_hr"":100,""fixed"":1,""unan"":false,""key"":""('gamma_LT', ('SOV',""},{""iter"":2,""solved"":3,""failed"":0,""gap_p90"":0,""cache_hr"":67,""fixed"":1,""unan"":false,""key"":""('gamma_LT', ('CTV',""},{""iter"":3,""solved"":3,""failed"":0,""gap_p90"":0,""cache_hr"":67,""fixed"":4,""unan"":true,""key"":null}]}",0.012688806897232592,True,2,OPTIMAL,solution_within_gap,False,,6:1,CTV|6:2;SOV|6:2,CTV|6|Jan:1;SOV|6|Dec:1;SOV|6|Jan:1;SOV|6|Nov:1,SOV1|6|Apr:1;SOV1|6|Aug:1;SOV1|6|Dec:1;SOV1|6|Feb:1;SOV1|6|Jan:1;SOV1|6|Jul:1;SOV1|6|Jun:1;SOV1|6|Mar:1;SOV1|6|May:1;SOV1|6|Nov:1;SOV1|6|Oct:1;SOV1|6|Sep:1;SOV2|6|Apr:1;SOV2|6|Aug:1;SOV2|6|Dec:1;SOV2|6|Feb:1;SOV2|6|Jan:1;SOV2|6|Jul:1;SOV2|6|Jun:1;SOV2|6|Mar:1;SOV2|6|May:1;SOV2|6|Nov:1;SOV2|6|Oct:1;SOV2|6|Sep:1;SOV3|6|Dec:1;SOV3|6|Jan:1;SOV3|6|Nov:1,14;106;430,95dcc81980a9cce5,200,1-500,501-1500
11,5,43484451.64601873,18207375.0,25277076.646016397,776250.0,16301250.0,1129875.0,23372286.001588646,512313.6816734396,1392476.962756672,,3356.089998804033,3107.6241104947403,44.18374395929277,0.00938761979341507,192.03497004508972,2,3,5,0.039653705712831,1,2,6,5,0.039930403558498036,1,"{""eta"":[{""iter"":1,""solved"":5,""failed"":0,""gap_p90"":0,""cache_hr"":0,""fixed"":1,""unan"":false,""key"":""('eta', '5')""},{""iter"":2,""solved"":5,""failed"":0,""gap_p90"":0,""cache_hr"":80,""fixed"":2,""unan"":true,""key"":null}],""gamma_LT"":[{""iter"":1,""solved"":5,""failed"":0,""gap_p90"":0,""cache_hr"":100,""fixed"":1,""unan"":false,""key"":""('gamma_LT', ('CTV',""},{""iter"":2,""solved"":5,""failed"":0,""gap_p90"":0,""cache_hr"":60,""fixed"":5,""unan"":true,""key"":null}]}",0.018184671636253816,True,2,OPTIMAL,solution_within_gap,False,,6:1,CTV|6:2;SOV|6:2,CTV|6|Jan:1;SOV|6|Feb:1,SOV1|6|Apr:1;SOV1|6|Aug:1;SOV1|6|Dec:1;SOV1|6|Feb:1;SOV1|6|Jan:1;SOV1|6|Jul:1;SOV1|6|Jun:1;SOV1|6|Mar:1;SOV1|6|May:1;SOV1|6|Nov:1;SOV1|6|Oct:1;SOV1|6|Sep:1;SOV2|6|Apr:1;SOV2|6|Aug:1;SOV2|6|Dec:1;SOV2|6|Feb:1;SOV2|6|Jan:1;SOV2|6|Jul:1;SOV2|6|Jun:1;SOV2|6|Mar:1;SOV2|6|May:1;SOV2|6|Nov:1;SOV2|6|Oct:1;SOV2|6|Sep:1;SOV3|6|Feb:1,28;122;417;418;474,95dcc81980a9cce5,200,1-500,501-1500
11,7,48517522.75045658,18735800.0,29781722.750458952,1380000.0,16301250.0,1054550.0,27894919.27950207,473458.0264676751,1413345.444486912,,2927.4152921112254,2642.8835116233677,55.36025090981275,0.015817525796592236,214.0919110774994,2,3,7,0.03736012198111609,1,2,6,7,0.039843254175492726,1,"{""eta"":[{""iter"":1,""solved"":7,""failed"":0,""gap_p90"":0,""cache_hr"":0,""fixed"":1,""unan"":false,""key"":""('eta', '5')""},{""iter"":2,""solved"":7,""failed"":0,""gap_p90"":0,""cache_hr"":86,""fixed"":2,""unan"":true,""key"":null}],""gamma_LT"":[{""iter"":1,""solved"":7,""failed"":0,""gap_p90"":0,""cache_hr"":100,""fixed"":1,""unan"":false,""key"":""('gamma_LT', ('CTV',""},{""iter"":2,""solved"":7,""failed"":0,""gap_p90"":0,""cache_hr"":57,""fixed"":5,""unan"":true,""key"":null}]}",0.016498417810338173,True,2,OPTIMAL,solution_within_gap,False,,6:1,CTV|6:2;SOV|6:2,SOV|6|Feb:1;SOV|6|Jan:1,SOV1|6|Apr:1;SOV1|6|Aug:1;SOV1|6|Dec:1;SOV1|6|Feb:1;SOV1|6|Jan:1;SOV1|6|Jul:1;SOV1|6|Jun:1;SOV1|6|Mar:1;SOV1|6|May:1;SOV1|6|Nov:1;SOV1|6|Oct:1;SOV1|6|Sep:1;SOV2|6|Apr:1;SOV2|6|Aug:1;SOV2|6|Dec:1;SOV2|6|Feb:1;SOV2|6|Jan:1;SOV2|6|Jul:1;SOV2|6|Jun:1;SOV2|6|Mar:1;SOV2|6|May:1;SOV2|6|Nov:1;SOV2|6|Oct:1;SOV2|6|Sep:1;SOV3|6|Feb:1;SOV3|6|Jan:1,16;81;228;302;314;387;409,95dcc81980a9cce5,200,1-500,501-1500
11,10,47297599.184447765,20115800.0,27181799.184453774,2760000.0,16301250.0,1054550.0,25396463.180533342,438679.7723465091,1346656.2315679686,,2546.145194097422,1891.976182593964,92.4308295128867,0.013243189081549644,540.2900359630585,2,3,10,0.03999479300032646,1,2,6,10,0.03999479300032646,1,"{""eta"":[{""iter"":1,""solved"":10,""failed"":0,""gap_p90"":0,""cache_hr"":0,""fixed"":1,""unan"":false,""key"":""('eta', '5')""},{""iter"":2,""solved"":10,""failed"":0,""gap_p90"":0,""cache_hr"":90,""fixed"":2,""unan"":true,""key"":null}],""gamma_LT"":[{""iter"":1,""solved"":10,""failed"":0,""gap_p90"":0,""cache_hr"":100,""fixed"":1,""unan"":false,""key"":""('gamma_LT', ('CTV',""},{""iter"":2,""solved"":10,""failed"":0,""gap_p90"":0,""cache_hr"":60,""fixed"":5,""unan"":true,""key"":null}]}",0.017321719319947013,True,2,OPTIMAL,solution_within_gap,False,,6:1,CTV|6:2;SOV|6:2,SOV|6|Dec:1;SOV|6|Feb:1;SOV|6|Jan:1;SOV|6|Nov:1,SOV1|6|Apr:1;SOV1|6|Aug:1;SOV1|6|Dec:1;SOV1|6|Feb:1;SOV1|6|Jan:1;SOV1|6|Jul:1;SOV1|6|Jun:1;SOV1|6|Mar:1;SOV1|6|May:1;SOV1|6|Nov:1;SOV1|6|Oct:1;SOV1|6|Sep:1;SOV2|6|Apr:1;SOV2|6|Aug:1;SOV2|6|Dec:1;SOV2|6|Feb:1;SOV2|6|Jan:1;SOV2|6|Jul:1;SOV2|6|Jun:1;SOV2|6|Mar:1;SOV2|6|May:1;SOV2|6|Nov:1;SOV2|6|Oct:1;SOV2|6|Sep:1;SOV3|6|Dec:1;SOV3|6|Feb:1;SOV3|6|Jan:1;SOV3|6|Nov:1,25;118;255;266;277;315;354;384;414;415,95dcc81980a9cce5,200,1-500,501-1500
11,15,48282141.441286944,18983625.0,29298516.44128698,1552500.0,16301250.0,1129875.0,27430488.14239829,477073.5526223973,1390954.746265864,,2680.0716267917305,1846.8357857214287,71.07150036934763,0.023682686500251293,731.1247930526733,3,3,15,0.03997385404425199,1,2,6,15,0.03997385404425199,1,"{""eta"":[{""iter"":1,""solved"":15,""failed"":0,""gap_p90"":0,""cache_hr"":0,""fixed"":1,""unan"":false,""key"":""('eta', '5')""},{""iter"":2,""solved"":15,""failed"":0,""gap_p90"":0,""cache_hr"":93,""fixed"":1,""unan"":false,""key"":""('eta', '6')""},{""iter"":3,""solved"":15,""failed"":0,""gap_p90"":0,""cache_hr"":93,""fixed"":1,""unan"":true,""key"":null}],""gamma_LT"":[{""iter"":1,""solved"":15,""failed"":0,""gap_p90"":0,""cache_hr"":100,""fixed"":1,""unan"":false,""key"":""('gamma_LT', ('CTV',""},{""iter"":2,""solved"":15,""failed"":0,""gap_p90"":0,""cache_hr"":73,""fixed"":5,""unan"":true,""key"":null}]}",0.019519215562932582,True,2,OPTIMAL,solution_within_gap,False,,6:1,CTV|6:2;SOV|6:2,CTV|6|Feb:1;CTV|6|Jan:1;SOV|6|Dec:1;SOV|6|Nov:1,SOV1|6|Apr:1;SOV1|6|Aug:1;SOV1|6|Dec:1;SOV1|6|Feb:1;SOV1|6|Jan:1;SOV1|6|Jul:1;SOV1|6|Jun:1;SOV1|6|Mar:1;SOV1|6|May:1;SOV1|6|Nov:1;SOV1|6|Oct:1;SOV1|6|Sep:1;SOV2|6|Apr:1;SOV2|6|Aug:1;SOV2|6|Dec:1;SOV2|6|Feb:1;SOV2|6|Jan:1;SOV2|6|Jul:1;SOV2|6|Jun:1;SOV2|6|Mar:1;SOV2|6|May:1;SOV2|6|Nov:1;SOV2|6|Oct:1;SOV2|6|Sep:1;SOV3|6|Dec:1;SOV3|6|Nov:1,3;54;68;74;91;129;133;250;287;366;375;414;445;450;477,95dcc81980a9cce5,200,1-500,501-1500
11,20,48900356.67281817,17636400.0,31263956.672814224,431250.0,16301250.0,903900.0,29276512.567064106,518671.75006749097,1468772.355686484,,5865.654649106786,3065.0521177090704,166.25861118081957,0.0322572560980916,2597.4381330013275,2,3,20,0.039931438571969714,1,2,6,20,0.03998461598431936,1,"{""eta"":[{""iter"":1,""solved"":20,""failed"":0,""gap_p90"":0,""cache_hr"":0,""fixed"":1,""unan"":false,""key"":""('eta', '5')""},{""iter"":2,""solved"":20,""failed"":0,""gap_p90"":0,""cache_hr"":80,""fixed"":2,""unan"":true,""key"":null}],""gamma_LT"":[{""iter"":1,""solved"":20,""failed"":0,""gap_p90"":0,""cache_hr"":100,""fixed"":1,""unan"":false,""key"":""('gamma_LT', ('CTV',""},{""iter"":2,""solved"":20,""failed"":0,""gap_p90"":0,""cache_hr"":60,""fixed"":5,""unan"":true,""key"":null}]}",0.013942519176143028,True,2,OPTIMAL,solution_within_gap,False,,6:1,CTV|6:2;SOV|6:2,CTV|6|Dec:2;CTV|6|Jan:1;CTV|6|Nov:1;CTV|6|Oct:1,SOV1|6|Apr:1;SOV1|6|Aug:1;SOV1|6|Dec:1;SOV1|6|Feb:1;SOV1|6|Jan:1;SOV1|6|Jul:1;SOV1|6|Jun:1;SOV1|6|Mar:1;SOV1|6|May:1;SOV1|6|Nov:1;SOV1|6|Oct:1;SOV1|6|Sep:1;SOV2|6|Apr:1;SOV2|6|Aug:1;SOV2|6|Dec:1;SOV2|6|Feb:1;SOV2|6|Jan:1;SOV2|6|Jul:1;SOV2|6|Jun:1;SOV2|6|Mar:1;SOV2|6|May:1;SOV2|6|Nov:1;SOV2|6|Oct:1;SOV2|6|Sep:1,13;40;47;89;118;130;136;168;210;240;302;306;352;366;391;392;393;405;471;497,95dcc81980a9cce5,200,1-500,501-1500
12,1,57640492.20284906,21786750.0,35853742.20284892,3450000.0,17206875.0,1129875.0,34060518.00037946,442997.0237992166,1350227.1786704103,,541.2898582508788,530.4216419914737,0.0004416210576891899,0.002002427354454994,6.81314492225647,1,3,1,0.037532771507896655,1,1,6,1,0.037532771507896655,1,"{""eta"":[{""iter"":1,""solved"":1,""failed"":0,""gap_p90"":0,""cache_hr"":0,""fixed"":3,""unan"":true,""key"":null}],""gamma_LT"":[{""iter"":1,""solved"":1,""failed"":0,""gap_p90"":0,""cache_hr"":100,""fixed"":6,""unan"":true,""key"":null}]}",0.009603647963830134,True,2,OPTIMAL,solution_within_gap,False,,6:1,CTV|6:3;SOV|6:2,SOV|6|Dec:1;SOV|6|Feb:1;SOV|6|Jan:1;SOV|6|Mar:1;SOV|6|Nov:1,SOV1|6|Apr:1;SOV1|6|Aug:1;SOV1|6|Dec:1;SOV1|6|Feb:1;SOV1|6|Jan:1;SOV1|6|Jul:1;SOV1|6|Jun:1;SOV1|6|Mar:1;SOV1|6|May:1;SOV1|6|Nov:1;SOV1|6|Oct:1;SOV1|6|Sep:1;SOV2|6|Apr:1;SOV2|6|Aug:1;SOV2|6|Dec:1;SOV2|6|Feb:1;SOV2|6|Jan:1;SOV2|6|Jul:1;SOV2|6|Jun:1;SOV2|6|Mar:1;SOV2|6|May:1;SOV2|6|Nov:1;SOV2|6|Oct:1;SOV2|6|Sep:1;SOV3|6|Dec:1;SOV3|6|Feb:1;SOV3|6|Jan:1;SOV3|6|Mar:1;SOV3|6|Nov:1,236,95dcc81980a9cce5,200,1-500,501-1500
12,3,44055692.419874996,20406750.0,23648942.41987467,2070000.0,17206875.0,1129875.0,21860259.687279485,512695.87899096526,1275986.8536045912,,2781.4699965240434,2662.971044990234,75.80493211280555,0.005697712302207947,34.795801877975464,2,3,3,0.03999532650368468,1,2,6,3,0.03999532650368468,1,"{""eta"":[{""iter"":1,""solved"":3,""failed"":0,""gap_p90"":0,""cache_hr"":0,""fixed"":1,""unan"":false,""key"":""('eta', '6')""},{""iter"":2,""solved"":3,""failed"":0,""gap_p90"":0,""cache_hr"":67,""fixed"":2,""unan"":true,""key"":null}],""gamma_LT"":[{""iter"":1,""solved"":3,""failed"":0,""gap_p90"":0,""cache_hr"":100,""fixed"":1,""unan"":false,""key"":""('gamma_LT', ('CTV',""},{""iter"":2,""solved"":3,""failed"":0,""gap_p90"":0,""cache_hr"":67,""fixed"":5,""unan"":true,""key"":null}]}",0.01574795887479691,True,2,OPTIMAL,solution_within_gap,False,,6:1,CTV|6:3;SOV|6:2,SOV|6|Dec:1;SOV|6|Jan:1;SOV|6|Nov:1,SOV1|6|Apr:1;SOV1|6|Aug:1;SOV1|6|Dec:1;SOV1|6|Feb:1;SOV1|6|Jan:1;SOV1|6|Jul:1;SOV1|6|Jun:1;SOV1|6|Mar:1;SOV1|6|May:1;SOV1|6|Nov:1;SOV1|6|Oct:1;SOV1|6|Sep:1;SOV2|6|Apr:1;SOV2|6|Aug:1;SOV2|6|Dec:1;SOV2|6|Feb:1;SOV2|6|Jan:1;SOV2|6|Jul:1;SOV2|6|Jun:1;SOV2|6|Mar:1;SOV2|6|May:1;SOV2|6|Nov:1;SOV2|6|Oct:1;SOV2|6|Sep:1;SOV3|6|Dec:1;SOV3|6|Jan:1;SOV3|6|Nov:1,60;184;311,95dcc81980a9cce5,200,1-500,501-1500
12,5,44103289.352825984,17884225.0,26219064.352823548,603750.0,16301250.0,979225.0,24252157.193572216,524422.5457417706,1442484.6135119682,,2343.549442494288,2206.304494566284,57.794860530644655,0.008671282790601254,68.06570506095886,1,3,5,0.03993384809877754,1,2,6,5,0.03999868443247334,1,"{""eta"":[{""iter"":1,""solved"":5,""failed"":0,""gap_p90"":0,""cache_hr"":0,""fixed"":3,""unan"":true,""key"":null}],""gamma_LT"":[{""iter"":1,""solved"":5,""failed"":0,""gap_p90"":0,""cache_hr"":100,""fixed"":1,""unan"":false,""key"":""('gamma_LT', ('CTV',""},{""iter"":2,""solved"":5,""failed"":0,""gap_p90"":0,""cache_hr"":80,""fixed"":5,""unan"":true,""key"":null}]}",0.016483697713045874,True,2,OPTIMAL,solution_within_gap,False,,6:1,CTV|6:2;SOV|6:2,CTV|6|Dec:2;CTV|6|Feb:2;CTV|6|Jan:2;CTV|6|Oct:1,SOV1|6|Apr:1;SOV1|6|Aug:1;SOV1|6|Dec:1;SOV1|6|Feb:1;SOV1|6|Jan:1;SOV1|6|Jul:1;SOV1|6|Jun:1;SOV1|6|Mar:1;SOV1|6|May:1;SOV1|6|Nov:1;SOV1|6|Oct:1;SOV1|6|Sep:1;SOV2|6|Apr:1;SOV2|6|Aug:1;SOV2|6|Dec:1;SOV2|6|Feb:1;SOV2|6|Jan:1;SOV2|6|Jul:1;SOV2|6|Jun:1;SOV2|6|Mar:1;SOV2|6|May:1;SOV2|6|Nov:1;SOV2|6|Oct:1;SOV2|6|Sep:1,89;120;174;216;280,95dcc81980a9cce5,200,1-500,501-1500
12,7,49592054.25178841,19759875.0,29832179.251790624,2328750.0,16301250.0,1129875.0,27997077.96233825,463872.4222523659,1371228.8671978249,,3077.50758385472,2650.3636777987704,116.35849824547768,0.004160968586802483,296.7679560184479,2,3,7,0.03999282853984443,1,3,6,7,0.039998102188976536,1,"{""eta"":[{""iter"":1,""solved"":7,""failed"":0,""gap_p90"":0,""cache_hr"":0,""fixed"":1,""unan"":false,""key"":""('eta', '5')""},{""iter"":2,""solved"":7,""failed"":0,""gap_p90"":0,""cache_hr"":71,""fixed"":2,""unan"":true,""key"":null}],""gamma_LT"":[{""iter"":1,""solved"":7,""failed"":0,""gap_p90"":0,""cache_hr"":100,""fixed"":1,""unan"":false,""key"":""('gamma_LT', ('CTV',""},{""iter"":2,""solved"":7,""failed"":0,""gap_p90"":0,""cache_hr"":86,""fixed"":1,""unan"":false,""key"":""('gamma_LT', ('SOV',""},{""iter"":3,""solved"":7,""failed"":0,""gap_p90"":0,""cache_hr"":71,""fixed"":4,""unan"":true,""key"":null}]}",0.015337855593955235,True,2,OPTIMAL,solution_within_gap,False,,6:1,CTV|6:2;SOV|6:2,CTV|6|Dec:1;CTV|6|Feb:1;CTV|6|Jan:1;SOV|6|Dec:1;SOV|6|Jan:1;SOV|6|Nov:1,SOV1|6|Apr:1;SOV1|6|Aug:1;SOV1|6|Dec:1;SOV1|6|Feb:1;SOV1|6|Jan:1;SOV1|6|Jul:1;SOV1|6|Jun:1;SOV1|6|Mar:1;SOV1|6|May:1;SOV1|6|Nov:1;SOV1|6|Oct:1;SOV1|6|Sep:1;SOV2|6|Apr:1;SOV2|6|Aug:1;SOV2|6|Dec:1;SOV2|6|Feb:1;SOV2|6|Jan:1;SOV2|6|Jul:1;SOV2|6|Jun:1;SOV2|6|Mar:1;SOV2|6|May:1;SOV2|6|Nov:1;SOV2|6|Oct:1;SOV2|6|Sep:1;SOV3|6|Dec:1;SOV3|6|Jan:1;SOV3|6|Nov:1,5;115;116;145;251;343;391,95dcc81980a9cce5,200,1-500,501-1500
12,10,48268011.00671702,20395250.0,27872761.00672313,2587500.0,16301250.0,1506500.0,26044384.242130212,463612.9369018998,1364763.8276848854,,2649.730114357546,1998.1799726225436,124.21031239349395,0.017733443528413773,508.43012499809265,2,3,10,0.039435707872254616,1,3,6,10,0.039435707872254616,1,"{""eta"":[{""iter"":1,""solved"":10,""failed"":0,""gap_p90"":0,""cache_hr"":0,""fixed"":1,""unan"":false,""key"":""('eta', '5')""},{""iter"":2,""solved"":10,""failed"":0,""gap_p90"":0,""cache_hr"":70,""fixed"":2,""unan"":true,""key"":null}],""gamma_LT"":[{""iter"":1,""solved"":10,""failed"":0,""gap_p90"":0,""cache_hr"":100,""fixed"":1,""unan"":false,""key"":""('gamma_LT', ('CTV',""},{""iter"":2,""solved"":10,""failed"":0,""gap_p90"":0,""cache_hr"":90,""fixed"":1,""unan"":false,""key"":""('gamma_LT', ('SOV',""},{""iter"":3,""solved"":10,""failed"":0,""gap_p90"":0,""cache_hr"":90,""fixed"":4,""unan"":true,""key"":null}]}",0.0163994998850844,True,2,OPTIMAL,solution_within_gap,False,,6:1,CTV|6:2;SOV|6:2,CTV|6|Dec:6;SOV|6|Dec:1;SOV|6|Jan:1;SOV|6|Nov:1,SOV1|6|Apr:1;SOV1|6|Aug:1;SOV1|6|Dec:1;SOV1|6|Feb:1;SOV1|6|Jan:1;SOV1|6|Jul:1;SOV1|6|Jun:1;SOV1|6|Mar:1;SOV1|6|May:1;SOV1|6|Nov:1;SOV1|6|Oct:1;SOV1|6|Sep:1;SOV2|6|Apr:1;SOV2|6|Aug:1;SOV2|6|Dec:1;SOV2|6|Feb:1;SOV2|6|Jan:1;SOV2|6|Jul:1;SOV2|6|Jun:1;SOV2|6|Mar:1;SOV2|6|May:1;SOV2|6|Nov:1;SOV2|6|Oct:1;SOV2|6|Sep:1;SOV3|6|Dec:1;SOV3|6|Jan:1;SOV3|6|Nov:1,105;162;164;168;219;233;253;337;432;447,95dcc81980a9cce5,200,1-500,501-1500
12,15,47504751.67667982,18379875.0,29124876.676680055,948750.0,16301250.0,1129875.0,27138157.402712964,502846.80950127234,1483872.4644652868,,4566.3394596502185,3684.6084119137377,114.7193537261337,0.025177382864058018,739.2322130203247,2,3,15,0.03987742112724319,1,3,6,15,0.03998189517253518,1,"{""eta"":[{""iter"":1,""solved"":15,""failed"":0,""gap_p90"":0,""cache_hr"":0,""fixed"":1,""unan"":false,""key"":""('eta', '5')""},{""iter"":2,""solved"":15,""failed"":0,""gap_p90"":0,""cache_hr"":87,""fixed"":2,""unan"":true,""key"":null}],""gamma_LT"":[{""iter"":1,""solved"":15,""failed"":0,""gap_p90"":0,""cache_hr"":100,""fixed"":1,""unan"":false,""key"":""('gamma_LT', ('SOV',""},{""iter"":2,""solved"":15,""failed"":0,""gap_p90"":0,""cache_hr"":93,""fixed"":1,""unan"":false,""key"":""('gamma_LT', ('CTV',""},{""iter"":3,""solved"":15,""failed"":0,""gap_p90"":0,""cache_hr"":53,""fixed"":4,""unan"":true,""key"":null}]}",0.01818444085073046,True,2,OPTIMAL,solution_within_gap,False,,6:1,CTV|6:2;SOV|6:2,CTV|6|Dec:1;CTV|6|Jan:1;CTV|6|Nov:1;SOV|6|Dec:1,SOV1|6|Apr:1;SOV1|6|Aug:1;SOV1|6|Dec:1;SOV1|6|Feb:1;SOV1|6|Jan:1;SOV1|6|Jul:1;SOV1|6|Jun:1;SOV1|6|Mar:1;SOV1|6|May:1;SOV1|6|Nov:1;SOV1|6|Oct:1;SOV1|6|Sep:1;SOV2|6|Apr:1;SOV2|6|Aug:1;SOV2|6|Dec:1;SOV2|6|Feb:1;SOV2|6|Jan:1;SOV2|6|Jul:1;SOV2|6|Jun:1;SOV2|6|Mar:1;SOV2|6|May:1;SOV2|6|Nov:1;SOV2|6|Oct:1;SOV2|6|Sep:1;SOV3|6|Dec:1,47;139;173;182;185;198;209;275;306;336;393;408;431;463;468,95dcc81980a9cce5,200,1-500,501-1500
12,20,48614999.66047738,18897375.0,29717624.660473373,1466250.0,16301250.0,1129875.0,27813581.28072098,473996.46945909894,1430046.9102971924,,6425.308448825963,3360.3555742399767,166.8208921821788,0.030734140425920486,2861.4594280719757,3,3,20,0.03999849521249255,1,3,6,20,0.03999817882570528,1,"{""eta"":[{""iter"":1,""solved"":20,""failed"":0,""gap_p90"":0,""cache_hr"":0,""fixed"":1,""unan"":false,""key"":""('eta', '7')""},{""iter"":2,""solved"":20,""failed"":0,""gap_p90"":0,""cache_hr"":95,""fixed"":1,""unan"":false,""key"":""('eta', '5')""},{""iter"":3,""solved"":20,""failed"":0,""gap_p90"":0,""cache_hr"":85,""fixed"":1,""unan"":true,""key"":null}],""gamma_LT"":[{""iter"":1,""solved"":20,""failed"":0,""gap_p90"":0,""cache_hr"":100,""fixed"":1,""unan"":false,""key"":""('gamma_LT', ('SOV',""},{""iter"":2,""solved"":20,""failed"":0,""gap_p90"":0,""cache_hr"":90,""fixed"":1,""unan"":false,""key"":""('gamma_LT', ('CTV',""},{""iter"":3,""solved"":20,""failed"":0,""gap_p90"":0,""cache_hr"":55,""fixed"":4,""unan"":true,""key"":null}]}",0.016041695062858796,True,2,OPTIMAL,solution_within_gap,False,,6:1,CTV|6:2;SOV|6:2,CTV|6|Dec:1;SOV|6|Feb:1;SOV|6|Jan:1,SOV1|6|Apr:1;SOV1|6|Aug:1;SOV1|6|Dec:1;SOV1|6|Feb:1;SOV1|6|Jan:1;SOV1|6|Jul:1;SOV1|6|Jun:1;SOV1|6|Mar:1;SOV1|6|May:1;SOV1|6|Nov:1;SOV1|6|Oct:1;SOV1|6|Sep:1;SOV2|6|Apr:1;SOV2|6|Aug:1;SOV2|6|Dec:1;SOV2|6|Feb:1;SOV2|6|Jan:1;SOV2|6|Jul:1;SOV2|6|Jun:1;SOV2|6|Mar:1;SOV2|6|May:1;SOV2|6|Nov:1;SOV2|6|Oct:1;SOV2|6|Sep:1;SOV3|6|Feb:1;SOV3|6|Jan:1,35;63;99;138;153;166;202;206;253;275;318;322;369;382;385;417;422;423;433;467,95dcc81980a9cce5,200,1-500,501-1500
13,1,39632516.41689715,17991750.0,21640766.416897483,6900000.0,9961875.0,1129875.0,19070890.475411434,647723.3793042562,1922152.5621814346,,1085.4543599262834,1072.4218435930088,0.001009237952530384,0.003453187644481659,8.650325775146484,1,3,1,0.039461666402411194,1,1,6,1,0.039461666402411194,1,"{""eta"":[{""iter"":1,""solved"":1,""failed"":0,""gap_p90"":0,""cache_hr"":0,""fixed"":3,""unan"":true,""key"":null}],""gamma_LT"":[{""iter"":1,""solved"":1,""failed"":0,""gap_p90"":0,""cache_hr"":100,""fixed"":6,""unan"":true,""key"":null}]}",0.011428817318864682,True,2,OPTIMAL,solution_within_gap,False,,5:1,CTV|5:3;SOV|5:1,SOV|5|Dec:2;SOV|5|Feb:1;SOV|5|Jan:2;SOV|5|Nov:2;SOV|5|Oct:2;SOV|5|Sep:1,SOV1|5|Apr:1;SOV1|5|Aug:1;SOV1|5|Dec:1;SOV1|5|Feb:1;SOV1|5|Jan:1;SOV1|5|Jul:1;SOV1|5|Jun:1;SOV1|5|Mar:1;SOV1|5|May:1;SOV1|5|Nov:1;SOV1|5|Oct:1;SOV1|5|Sep:1;SOV2|5|Dec:1;SOV2|5|Feb:1;SOV2|5|Jan:1;SOV2|5|Nov:1;SOV2|5|Oct:1;SOV2|5|Sep:1;SOV3|5|Dec:1;SOV3|5|Jan:1;SOV3|5|Nov:1;SOV3|5|Oct:1,140,95dcc81980a9cce5,200,1-500,501-1500
13,3,49556886.62608169,18045800.0,31511086.626081374,690000.0,16301250.0,1054550.0,29574229.633587725,496299.6289762764,1440557.363517736,,1828.53159429878,1707.0065678041428,64.73962812218815,0.005881045944988728,49.31455612182617,2,3,3,0.03999700088437193,1,3,6,3,0.039998102188976536,1,"{""eta"":[{""iter"":1,""solved"":3,""failed"":0,""gap_p90"":0,""cache_hr"":0,""fixed"":1,""unan"":false,""key"":""('eta', '6')""},{""iter"":2,""solved"":3,""failed"":0,""gap_p90"":0,""cache_hr"":67,""fixed"":2,""unan"":true,""key"":null}],""gamma_LT"":[{""iter"":1,""solved"":3,""failed"":0,""gap_p90"":0,""cache_hr"":100,""fixed"":1,""unan"":false,""key"":""('gamma_LT', ('SOV',""},{""iter"":2,""solved"":3,""failed"":0,""gap_p90"":0,""cache_hr"":67,""fixed"":1,""unan"":false,""key"":""('gamma_LT', ('CTV',""},{""iter"":3,""solved"":3,""failed"":0,""gap_p90"":0,""cache_hr"":67,""fixed"":4,""unan"":true,""key"":null}]}",0.0068120380691575125,True,2,OPTIMAL,solution_within_gap,False,,6:1,CTV|6:2;SOV|6:2,SOV|6|Dec:1,SOV1|6|Apr:1;SOV1|6|Aug:1;SOV1|6|Dec:1;SOV1|6|Feb:1;SOV1|6|Jan:1;SOV1|6|Jul:1;SOV1|6|Jun:1;SOV1|6|Mar:1;SOV1|6|May:1;SOV1|6|Nov:1;SOV1|6|Oct:1;SOV1|6|Sep:1;SOV2|6|Apr:1;SOV2|6|Aug:1;SOV2|6|Dec:1;SOV2|6|Feb:1;SOV2|6|Jan:1;SOV2|6|Jul:1;SOV2|6|Jun:1;SOV2|6|Mar:1;SOV2|6|May:1;SOV2|6|Nov:1;SOV2|6|Oct:1;SOV2|6|Sep:1;SOV3|6|Dec:1,115;232;287,95dcc81980a9cce5,200,1-500,501-1500
13,5,47422902.93316011,20449875.0,26973027.93315794,3018750.0,16301250.0,1129875.0,25251799.5116293,451235.76543272514,1269992.6560981164,,3766.4811704689637,3584.6809963202104,71.1437210291624,0.008842109702527523,99.76864004135132,2,3,5,0.03995418374665247,1,3,6,5,0.03995418374665247,1,"{""eta"":[{""iter"":1,""solved"":5,""failed"":0,""gap_p90"":0,""cache_hr"":0,""fixed"":1,""unan"":false,""key"":""('eta', '5')""},{""iter"":2,""solved"":5,""failed"":0,""gap_p90"":0,""cache_hr"":60,""fixed"":2,""unan"":true,""key"":null}],""gamma_LT"":[{""iter"":1,""solved"":5,""failed"":0,""gap_p90"":0,""cache_hr"":100,""fixed"":1,""unan"":false,""key"":""('gamma_LT', ('SOV',""},{""iter"":2,""solved"":5,""failed"":0,""gap_p90"":0,""cache_hr"":80,""fixed"":1,""unan"":false,""key"":""('gamma_LT', ('CTV',""},{""iter"":3,""solved"":5,""failed"":0,""gap_p90"":0,""cache_hr"":80,""fixed"":4,""unan"":true,""key"":null}]}",0.017827264867004665,True,2,OPTIMAL,solution_within_gap,False,,6:1,CTV|6:2;SOV|6:2,CTV|6|Dec:1;CTV|6|Feb:1;CTV|6|Jan:1;SOV|6|Dec:1;SOV|6|Jan:1;SOV|6|Nov:1;SOV|6|Oct:1,SOV1|6|Apr:1;SOV1|6|Aug:1;SOV1|6|Dec:1;SOV1|6|Feb:1;SOV1|6|Jan:1;SOV1|6|Jul:1;SOV1|6|Jun:1;SOV1|6|Mar:1;SOV1|6|May:1;SOV1|6|Nov:1;SOV1|6|Oct:1;SOV1|6|Sep:1;SOV2|6|Apr:1;SOV2|6|Aug:1;SOV2|6|Dec:1;SOV2|6|Feb:1;SOV2|6|Jan:1;SOV2|6|Jul:1;SOV2|6|Jun:1;SOV2|6|Mar:1;SOV2|6|May:1;SOV2|6|Nov:1;SOV2|6|Oct:1;SOV2|6|Sep:1;SOV3|6|Dec:1;SOV3|6|Jan:1;SOV3|6|Nov:1;SOV3|6|Oct:1,78;135;258;303;395,95dcc81980a9cce5,200,1-500,501-1500
13,7,44828389.897554845,17054500.0,27773889.89755721,0.0,16301250.0,753250.0,25809095.021394875,503127.87179273245,1461667.004367328,,2426.360769988969,2007.022819998674,65.96837562602013,0.011830110102891922,337.4879379272461,1,3,7,0.03694436252272033,1,3,6,7,0.03998103063727248,1,"{""eta"":[{""iter"":1,""solved"":7,""failed"":0,""gap_p90"":0,""cache_hr"":0,""fixed"":3,""unan"":true,""key"":null}],""gamma_LT"":[{""iter"":1,""solved"":7,""failed"":0,""gap_p90"":0,""cache_hr"":100,""fixed"":1,""unan"":false,""key"":""('gamma_LT', ('SOV',""},{""iter"":2,""solved"":7,""failed"":0,""gap_p90"":0,""cache_hr"":86,""fixed"":1,""unan"":false,""key"":""('gamma_LT', ('CTV',""},{""iter"":3,""solved"":7,""failed"":0,""gap_p90"":0,""cache_hr"":57,""fixed"":4,""unan"":true,""key"":null}]}",0.008281390741545967,True,2,OPTIMAL,solution_within_gap,False,,6:1,CTV|6:2;SOV|6:2,,SOV1|6|Apr:1;SOV1|6|Aug:1;SOV1|6|Dec:1;SOV1|6|Feb:1;SOV1|6|Jan:1;SOV1|6|Jul:1;SOV1|6|Jun:1;SOV1|6|Mar:1;SOV1|6|May:1;SOV1|6|Nov:1;SOV1|6|Oct:1;SOV1|6|Sep:1;SOV2|6|Apr:1;SOV2|6|Aug:1;SOV2|6|Dec:1;SOV2|6|Feb:1;SOV2|6|Jan:1;SOV2|6|Jul:1;SOV2|6|Jun:1;SOV2|6|Mar:1;SOV2|6|May:1;SOV2|6|Nov:1;SOV2|6|Oct:1;SOV2|6|Sep:1,9;125;251;263;296;302;425,95dcc81980a9cce5,200,1-500,501-1500
13,10,48264343.31264566,18735800.0,29528543.312652014,1380000.0,16301250.0,1054550.0,27638933.087644167,478648.2366186767,1410961.9883827728,,2557.795209951699,1955.0429393947124,62.554097664542496,0.01764066144824028,520.42453789711,2,3,10,0.0399121852855238,1,2,6,10,0.0399121852855238,1,"{""eta"":[{""iter"":1,""solved"":10,""failed"":0,""gap_p90"":0,""cache_hr"":0,""fixed"":1,""unan"":false,""key"":""('eta', '5')""},{""iter"":2,""solved"":10,""failed"":0,""gap_p90"":0,""cache_hr"":90,""fixed"":2,""unan"":true,""key"":null}],""gamma_LT"":[{""iter"":1,""solved"":10,""failed"":0,""gap_p90"":0,""cache_hr"":100,""fixed"":1,""unan"":false,""key"":""('gamma_LT', ('CTV',""},{""iter"":2,""solved"":10,""failed"":0,""gap_p90"":0,""cache_hr"":70,""fixed"":5,""unan"":true,""key"":null}]}",0.005547854171369113,True,2,OPTIMAL,solution_within_gap,False,,6:1,CTV|6:2;SOV|6:2,SOV|6|Dec:1;SOV|6|Jan:1,SOV1|6|Apr:1;SOV1|6|Aug:1;SOV1|6|Dec:1;SOV1|6|Feb:1;SOV1|6|Jan:1;SOV1|6|Jul:1;SOV1|6|Jun:1;SOV1|6|Mar:1;SOV1|6|May:1;SOV1|6|Nov:1;SOV1|6|Oct:1;SOV1|6|Sep:1;SOV2|6|Apr:1;SOV2|6|Aug:1;SOV2|6|Dec:1;SOV2|6|Feb:1;SOV2|6|Jan:1;SOV2|6|Jul:1;SOV2|6|Jun:1;SOV2|6|Mar:1;SOV2|6|May:1;SOV2|6|Nov:1;SOV2|6|Oct:1;SOV2|6|Sep:1;SOV3|6|Dec:1;SOV3|6|Jan:1,48;84;101;112;182;210;266;334;426;431,95dcc81980a9cce5,200,1-500,501-1500
13,15,46712175.27847537,18207375.0,28504800.278475486,776250.0,16301250.0,1129875.0,26585289.183027856,493018.328024778,1426492.7674222782,,3280.921799197793,2116.6335085853934,90.50909923110157,0.02522198110818863,1043.430160999298,2,3,15,0.039923177864610956,1,2,6,15,0.039930403558498036,1,"{""eta"":[{""iter"":1,""solved"":15,""failed"":0,""gap_p90"":0,""cache_hr"":0,""fixed"":1,""unan"":false,""key"":""('eta', '5')""},{""iter"":2,""solved"":15,""failed"":0,""gap_p90"":0,""cache_hr"":87,""fixed"":2,""unan"":true,""key"":null}],""gamma_LT"":[{""iter"":1,""solved"":15,""failed"":0,""gap_p90"":0,""cache_hr"":100,""fixed"":1,""unan"":false,""key"":""('gamma_LT', ('CTV',""},{""iter"":2,""solved"":15,""failed"":0,""gap_p90"":0,""cache_hr"":53,""fixed"":5,""unan"":true,""key"":null}]}",0.015447027804313233,True,2,OPTIMAL,solution_within_gap,False,,6:1,CTV|6:2;SOV|6:2,CTV|6|Dec:1;SOV|6|Jan:1,SOV1|6|Apr:1;SOV1|6|Aug:1;SOV1|6|Dec:1;SOV1|6|Feb:1;SOV1|6|Jan:1;SOV1|6|Jul:1;SOV1|6|Jun:1;SOV1|6|Mar:1;SOV1|6|May:1;SOV1|6|Nov:1;SOV1|6|Oct:1;SOV1|6|Sep:1;SOV2|6|Apr:1;SOV2|6|Aug:1;SOV2|6|Dec:1;SOV2|6|Feb:1;SOV2|6|Jan:1;SOV2|6|Jul:1;SOV2|6|Jun:1;SOV2|6|Mar:1;SOV2|6|May:1;SOV2|6|Nov:1;SOV2|6|Oct:1;SOV2|6|Sep:1;SOV3|6|Jan:1,84;134;141;159;203;206;233;284;286;345;354;377;416;417;458,95dcc81980a9cce5,200,1-500,501-1500
13,20,51994416.66322783,19587375.0,32407041.663224515,2156250.0,16301250.0,1129875.0,30572014.49553531,449665.4995905837,1385361.6681020216,,6758.9350574864075,3100.7043022559956,99.86954033281654,0.0312929954379797,3521.9710609912872,3,3,20,0.039971474719765095,1,3,6,20,0.03998958099043815,1,"{""eta"":[{""iter"":1,""solved"":20,""failed"":0,""gap_p90"":0,""cache_hr"":0,""fixed"":1,""unan"":false,""key"":""('eta', '7')""},{""iter"":2,""solved"":20,""failed"":0,""gap_p90"":0,""cache_hr"":90,""fixed"":1,""unan"":false,""key"":""('eta', '5')""},{""iter"":3,""solved"":20,""failed"":0,""gap_p90"":0,""cache_hr"":60,""fixed"":1,""unan"":true,""key"":null}],""gamma_LT"":[{""iter"":1,""solved"":20,""failed"":0,""gap_p90"":0,""cache_hr"":100,""fixed"":1,""unan"":false,""key"":""('gamma_LT', ('SOV',""},{""iter"":2,""solved"":20,""failed"":0,""gap_p90"":0,""cache_hr"":90,""fixed"":1,""unan"":false,""key"":""('gamma_LT', ('CTV',""},{""iter"":3,""solved"":20,""failed"":0,""gap_p90"":0,""cache_hr"":55,""fixed"":4,""unan"":true,""key"":null}]}",0.010575909337419061,True,2,OPTIMAL,solution_within_gap,False,,6:1,CTV|6:2;SOV|6:2,CTV|6|Feb:1;SOV|6|Dec:1;SOV|6|Jan:1;SOV|6|Nov:1,SOV1|6|Apr:1;SOV1|6|Aug:1;SOV1|6|Dec:1;SOV1|6|Feb:1;SOV1|6|Jan:1;SOV1|6|Jul:1;SOV1|6|Jun:1;SOV1|6|Mar:1;SOV1|6|May:1;SOV1|6|Nov:1;SOV1|6|Oct:1;SOV1|6|Sep:1;SOV2|6|Apr:1;SOV2|6|Aug:1;SOV2|6|Dec:1;SOV2|6|Feb:1;SOV2|6|Jan:1;SOV2|6|Jul:1;SOV2|6|Jun:1;SOV2|6|Mar:1;SOV2|6|May:1;SOV2|6|Nov:1;SOV2|6|Oct:1;SOV2|6|Sep:1;SOV3|6|Dec:1;SOV3|6|Jan:1;SOV3|6|Nov:1,15;29;62;91;94;158;181;184;192;218;228;242;286;290;318;351;379;389;412;476,95dcc81980a9cce5,200,1-500,501-1500
14,1,43886524.72729088,20363625.0,23522899.727291346,2932500.0,16301250.0,1129875.0,21584793.363684747,481731.41000666877,1456374.953599492,,622.0856882864609,609.4662769921124,0.00045827776193618774,0.002196800895035267,8.759971141815186,1,3,1,0.0399121852855238,1,1,6,1,0.0399121852855238,1,"{""eta"":[{""iter"":1,""solved"":1,""failed"":0,""gap_p90"":0,""cache_hr"":0,""fixed"":3,""unan"":true,""key"":null}],""gamma_LT"":[{""iter"":1,""solved"":1,""failed"":0,""gap_p90"":0,""cache_hr"":100,""fixed"":6,""unan"":true,""key"":null}]}",0.006715089940947656,True,2,OPTIMAL,solution_within_gap,False,,6:1,CTV|6:2;SOV|6:2,CTV|6|Dec:1;CTV|6|Jan:1;SOV|6|Dec:1;SOV|6|Jan:1;SOV|6|Nov:1;SOV|6|Oct:1,SOV1|6|Apr:1;SOV1|6|Aug:1;SOV1|6|Dec:1;SOV1|6|Feb:1;SOV1|6|Jan:1;SOV1|6|Jul:1;SOV1|6|Jun:1;SOV1|6|Mar:1;SOV1|6|May:1;SOV1|6|Nov:1;SOV1|6|Oct:1;SOV1|6|Sep:1;SOV2|6|Apr:1;SOV2|6|Aug:1;SOV2|6|Dec:1;SOV2|6|Feb:1;SOV2|6|Jan:1;SOV2|6|Jul:1;SOV2|6|Jun:1;SOV2|6|Mar:1;SOV2|6|May:1;SOV2|6|Nov:1;SOV2|6|Oct:1;SOV2|6|Sep:1;SOV3|6|Dec:1;SOV3|6|Jan:1;SOV3|6|Nov:1;SOV3|6|Oct:1,48,95dcc81980a9cce5,200,1-500,501-1500
14,3,40780107.22884209,17054500.0,23725607.228841674,0.0,16301250.0,753250.0,21770920.448188957,513743.45467641304,1440943.3259767874,,782.9025234431028,701.7826027162373,33.90870117209852,0.0019205352291464806,39.79395318031311,1,3,3,0.03955322174209782,1,2,6,3,0.03996267241387226,1,"{""eta"":[{""iter"":1,""solved"":3,""failed"":0,""gap_p90"":0,""cache_hr"":0,""fixed"":3,""unan"":true,""key"":null}],""gamma_LT"":[{""iter"":1,""solved"":3,""failed"":0,""gap_p90"":0,""cache_hr"":100,""fixed"":1,""unan"":false,""key"":""('gamma_LT', ('CTV',""},{""iter"":2,""solved"":3,""failed"":0,""gap_p90"":0,""cache_hr"":67,""fixed"":5,""unan"":true,""key"":null}]}",0.005852673231267925,True,2,OPTIMAL,solution_within_gap,False,,6:1,CTV|6:2;SOV|6:2,,SOV1|6|Apr:1;SOV1|6|Aug:1;SOV1|6|Dec:1;SOV1|6|Feb:1;SOV1|6|Jan:1;SOV1|6|Jul:1;SOV1|6|Jun:1;SOV1|6|Mar:1;SOV1|6|May:1;SOV1|6|Nov:1;SOV1|6|Oct:1;SOV1|6|Sep:1;SOV2|6|Apr:1;SOV2|6|Aug:1;SOV2|6|Dec:1;SOV2|6|Feb:1;SOV2|6|Jan:1;SOV2|6|Jul:1;SOV2|6|Jun:1;SOV2|6|Mar:1;SOV2|6|May:1;SOV2|6|Nov:1;SOV2|6|Oct:1;SOV2|6|Sep:1,252;384;422,95dcc81980a9cce5,200,1-500,501-1500
14,5,46529059.34585706,18735800.0,27793259.3458547,1380000.0,16301250.0,1054550.0,25966587.15056175,503877.0572514253,1322795.1380438935,,3763.452910996042,3501.289208892733,42.61981683596969,0.008858175948262215,207.6624071598053,2,3,5,0.039536510862095656,1,2,6,5,0.03999746417130333,1,"{""eta"":[{""iter"":1,""solved"":5,""failed"":0,""gap_p90"":0,""cache_hr"":0,""fixed"":1,""unan"":false,""key"":""('eta', '5')""},{""iter"":2,""solved"":5,""failed"":0,""gap_p90"":0,""cache_hr"":60,""fixed"":2,""unan"":true,""key"":null}],""gamma_LT"":[{""iter"":1,""solved"":5,""failed"":0,""gap_p90"":0,""cache_hr"":100,""fixed"":1,""unan"":false,""key"":""('gamma_LT', ('CTV',""},{""iter"":2,""solved"":5,""failed"":0,""gap_p90"":0,""cache_hr"":80,""fixed"":5,""unan"":true,""key"":null}]}",0.011108939906686606,True,2,OPTIMAL,solution_within_gap,False,,6:1,CTV|6:2;SOV|6:2,SOV|6|Dec:1;SOV|6|Jan:1,SOV1|6|Apr:1;SOV1|6|Aug:1;SOV1|6|Dec:1;SOV1|6|Feb:1;SOV1|6|Jan:1;SOV1|6|Jul:1;SOV1|6|Jun:1;SOV1|6|Mar:1;SOV1|6|May:1;SOV1|6|Nov:1;SOV1|6|Oct:1;SOV1|6|Sep:1;SOV2|6|Apr:1;SOV2|6|Aug:1;SOV2|6|Dec:1;SOV2|6|Feb:1;SOV2|6|Jan:1;SOV2|6|Jul:1;SOV2|6|Jun:1;SOV2|6|Mar:1;SOV2|6|May:1;SOV2|6|Nov:1;SOV2|6|Oct:1;SOV2|6|Sep:1;SOV3|6|Dec:1;SOV3|6|Jan:1,78;142;317;373;394,95dcc81980a9cce5,200,1-500,501-1500
14,7,47339853.493354484,19425800.0,27914053.493356872,2070000.0,16301250.0,1054550.0,26062873.57620094,465526.0083393139,1385653.9088142787,,2965.7655158527195,2276.4140230771154,60.98028516769409,0.012734885327517986,613.8282878398895,2,3,7,0.03982238509442112,1,2,6,7,0.03999380498962265,1,"{""eta"":[{""iter"":1,""solved"":7,""failed"":0,""gap_p90"":0,""cache_hr"":0,""fixed"":1,""unan"":false,""key"":""('eta', '5')""},{""iter"":2,""solved"":7,""failed"":0,""gap_p90"":0,""cache_hr"":71,""fixed"":2,""unan"":true,""key"":null}],""gamma_LT"":[{""iter"":1,""solved"":7,""failed"":0,""gap_p90"":0,""cache_hr"":100,""fixed"":1,""unan"":false,""key"":""('gamma_LT', ('CTV',""},{""iter"":2,""solved"":7,""failed"":0,""gap_p90"":0,""cache_hr"":57,""fixed"":5,""unan"":true,""key"":null}]}",0.015996108309163048,True,2,OPTIMAL,solution_within_gap,False,,6:1,CTV|6:2;SOV|6:2,SOV|6|Dec:1;SOV|6|Jan:1;SOV|6|Nov:1,SOV1|6|Apr:1;SOV1|6|Aug:1;SOV1|6|Dec:1;SOV1|6|Feb:1;SOV1|6|Jan:1;SOV1|6|Jul:1;SOV1|6|Jun:1;SOV1|6|Mar:1;SOV1|6|May:1;SOV1|6|Nov:1;SOV1|6|Oct:1;SOV1|6|Sep:1;SOV2|6|Apr:1;SOV2|6|Aug:1;SOV2|6|Dec:1;SOV2|6|Feb:1;SOV2|6|Jan:1;SOV2|6|Jul:1;SOV2|6|Jun:1;SOV2|6|Mar:1;SOV2|6|May:1;SOV2|6|Nov:1;SOV2|6|Oct:1;SOV2|6|Sep:1;SOV3|6|Dec:1;SOV3|6|Jan:1;SOV3|6|Nov:1,54;261;286;385;442;472;481,95dcc81980a9cce5,200,1-500,501-1500
14,10,46508959.38515049,17561075.0,28947884.385157194,431250.0,16301250.0,828575.0,27013690.481322855,524065.2841857688,1410128.6196418887,,2168.9143767515197,1673.7502210503444,95.50513483211398,0.01763015054166317,380.77184414863586,2,3,10,0.03979360289317193,1,3,6,10,0.03999258289627608,1,"{""eta"":[{""iter"":1,""solved"":10,""failed"":0,""gap_p90"":0,""cache_hr"":0,""fixed"":1,""unan"":false,""key"":""('eta', '5')""},{""iter"":2,""solved"":10,""failed"":0,""gap_p90"":0,""cache_hr"":70,""fixed"":2,""unan"":true,""key"":null}],""gamma_LT"":[{""iter"":1,""solved"":10,""failed"":0,""gap_p90"":0,""cache_hr"":100,""fixed"":1,""unan"":false,""key"":""('gamma_LT', ('SOV',""},{""iter"":2,""solved"":10,""failed"":0,""gap_p90"":0,""cache_hr"":90,""fixed"":1,""unan"":false,""key"":""('gamma_LT', ('CTV',""},{""iter"":3,""solved"":10,""failed"":0,""gap_p90"":0,""cache_hr"":60,""fixed"":4,""unan"":true,""key"":null}]}",0.01402748199010309,True,2,OPTIMAL,solution_within_gap,False,,6:1,CTV|6:2;SOV|6:2,CTV|6|Dec:1;CTV|6|Jan:1;CTV|6|Nov:1;CTV|6|Oct:1;CTV|6|Sep:1,SOV1|6|Apr:1;SOV1|6|Aug:1;SOV1|6|Dec:1;SOV1|6|Feb:1;SOV1|6|Jan:1;SOV1|6|Jul:1;SOV1|6|Jun:1;SOV1|6|Mar:1;SOV1|6|May:1;SOV1|6|Nov:1;SOV1|6|Oct:1;SOV1|6|Sep:1;SOV2|6|Apr:1;SOV2|6|Aug:1;SOV2|6|Dec:1;SOV2|6|Feb:1;SOV2|6|Jan:1;SOV2|6|Jul:1;SOV2|6|Jun:1;SOV2|6|Mar:1;SOV2|6|May:1;SOV2|6|Nov:1;SOV2|6|Oct:1;SOV2|6|Sep:1,6;115;180;187;322;366;380;428;446;450,95dcc81980a9cce5,200,1-500,501-1500
14,15,50155961.83964356,18735800.0,31420161.839643415,1380000.0,16301250.0,1054550.0,29516249.71115773,478892.9272351488,1425019.2012501354,,3375.7444760613143,2616.9396866168827,82.53416958637536,0.023732450790703297,647.9094390869141,2,3,15,0.03995089572340254,1,2,6,15,0.03995089572340254,1,"{""eta"":[{""iter"":1,""solved"":15,""failed"":0,""gap_p90"":0,""cache_hr"":0,""fixed"":1,""unan"":false,""key"":""('eta', '5')""},{""iter"":2,""solved"":15,""failed"":0,""gap_p90"":0,""cache_hr"":80,""fixed"":2,""unan"":true,""key"":null}],""gamma_LT"":[{""iter"":1,""solved"":15,""failed"":0,""gap_p90"":0,""cache_hr"":100,""fixed"":1,""unan"":false,""key"":""('gamma_LT', ('CTV',""},{""iter"":2,""solved"":15,""failed"":0,""gap_p90"":0,""cache_hr"":60,""fixed"":5,""unan"":true,""key"":null}]}",0.011515089195888898,True,2,OPTIMAL,solution_within_gap,False,,6:1,CTV|6:2;SOV|6:2,SOV|6|Dec:1;SOV|6|Jan:1,SOV1|6|Apr:1;SOV1|6|Aug:1;SOV1|6|Dec:1;SOV1|6|Feb:1;SOV1|6|Jan:1;SOV1|6|Jul:1;SOV1|6|Jun:1;SOV1|6|Mar:1;SOV1|6|May:1;SOV1|6|Nov:1;SOV1|6|Oct:1;SOV1|6|Sep:1;SOV2|6|Apr:1;SOV2|6|Aug:1;SOV2|6|Dec:1;SOV2|6|Feb:1;SOV2|6|Jan:1;SOV2|6|Jul:1;SOV2|6|Jun:1;SOV2|6|Mar:1;SOV2|6|May:1;SOV2|6|Nov:1;SOV2|6|Oct:1;SOV2|6|Sep:1;SOV3|6|Dec:1;SOV3|6|Jan:1,34;48;57;194;198;200;266;284;319;326;338;366;424;446;461,95dcc81980a9cce5,200,1-500,501-1500
14,20,47469976.7981085,17302325.0,30167651.798104595,172500.0,16301250.0,828575.0,28200171.60235251,514422.05214077,1453058.1436150859,,5507.916341962293,3633.4064285894856,66.16435759887099,0.03265729080885649,1767.6817071437836,2,3,20,0.03979360289317193,1,2,6,20,0.0396029295223129,1,"{""eta"":[{""iter"":1,""solved"":20,""failed"":0,""gap_p90"":0,""cache_hr"":0,""fixed"":1,""unan"":false,""key"":""('eta', '5')""},{""iter"":2,""solved"":20,""failed"":0,""gap_p90"":0,""cache_hr"":85,""fixed"":2,""unan"":true,""key"":null}],""gamma_LT"":[{""iter"":1,""solved"":20,""failed"":0,""gap_p90"":0,""cache_hr"":100,""fixed"":1,""unan"":false,""key"":""('gamma_LT', ('CTV',""},{""iter"":2,""solved"":20,""failed"":0,""gap_p90"":0,""cache_hr"":80,""fixed"":5,""unan"":true,""key"":null}]}",0.01371536744405366,True,2,OPTIMAL,solution_within_gap,False,,6:1,CTV|6:2;SOV|6:2,CTV|6|Dec:1;CTV|6|Jan:1,SOV1|6|Apr:1;SOV1|6|Aug:1;SOV1|6|Dec:1;SOV1|6|Feb:1;SOV1|6|Jan:1;SOV1|6|Jul:1;SOV1|6|Jun:1;SOV1|6|Mar:1;SOV1|6|May:1;SOV1|6|Nov:1;SOV1|6|Oct:1;SOV1|6|Sep:1;SOV2|6|Apr:1;SOV2|6|Aug:1;SOV2|6|Dec:1;SOV2|6|Feb:1;SOV2|6|Jan:1;SOV2|6|Jul:1;SOV2|6|Jun:1;SOV2|6|Mar:1;SOV2|6|May:1;SOV2|6|Nov:1;SOV2|6|Oct:1;SOV2|6|Sep:1,6;12;19;52;53;86;117;139;154;160;187;204;218;268;316;339;400;418;424;489,95dcc81980a9cce5,200,1-500,501-1500
15,1,45027091.611162625,20848350.0,24178741.61116316,3191250.0,16301250.0,1355850.0,22481385.737034764,483565.5387320848,1213790.3353958298,,602.2101444238797,590.7363217556849,0.00044024083763360977,0.001984458416700363,7.692579030990601,1,3,1,0.02686385337193731,1,1,6,1,0.02686385337193731,1,"{""eta"":[{""iter"":1,""solved"":1,""failed"":0,""gap_p90"":0,""cache_hr"":0,""fixed"":3,""unan"":true,""key"":null}],""gamma_LT"":[{""iter"":1,""solved"":1,""failed"":0,""gap_p90"":0,""cache_hr"":100,""fixed"":6,""unan"":true,""key"":null}]}",0.01597374481564629,True,2,OPTIMAL,solution_within_gap,False,,6:1,CTV|6:2;SOV|6:2,CTV|6|Dec:3;CTV|6|Jan:1;CTV|6|May:1;SOV|6|Dec:1;SOV|6|Jan:1;SOV|6|Nov:1;SOV|6|Oct:1,SOV1|6|Apr:1;SOV1|6|Aug:1;SOV1|6|Dec:1;SOV1|6|Feb:1;SOV1|6|Jan:1;SOV1|6|Jul:1;SOV1|6|Jun:1;SOV1|6|Mar:1;SOV1|6|May:1;SOV1|6|Nov:1;SOV1|6|Oct:1;SOV1|6|Sep:1;SOV2|6|Apr:1;SOV2|6|Aug:1;SOV2|6|Dec:1;SOV2|6|Feb:1;SOV2|6|Jan:1;SOV2|6|Jul:1;SOV2|6|Jun:1;SOV2|6|Mar:1;SOV2|6|May:1;SOV2|6|Nov:1;SOV2|6|Oct:1;SOV2|6|Sep:1;SOV3|6|Dec:1;SOV3|6|Jan:1;SOV3|6|Nov:1;SOV3|6|Oct:1,196,95dcc81980a9cce5,200,1-500,501-1500
15,3,44843742.41685516,18293625.0,26550117.41685481,862500.0,16301250.0,1129875.0,24623371.62673388,484556.8681792921,1442188.9219420152,,850.8859504070133,791.739461700432,0.00046074390411376953,0.004117459058761597,51.71992588043213,1,3,3,0.03306308361208891,1,1,6,3,0.03306308361208891,1,"{""eta"":[{""iter"":1,""solved"":3,""failed"":0,""gap_p90"":0,""cache_hr"":0,""fixed"":3,""unan"":true,""key"":null}],""gamma_LT"":[{""iter"":1,""solved"":3,""failed"":0,""gap_p90"":0,""cache_hr"":100,""fixed"":6,""unan"":true,""key"":null}]}",0.011569952323123283,True,2,OPTIMAL,solution_within_gap,False,,6:1,CTV|6:2;SOV|6:2,CTV|6|Feb:1;CTV|6|Jan:1;SOV|6|Nov:1,SOV1|6|Apr:1;SOV1|6|Aug:1;SOV1|6|Dec:1;SOV1|6|Feb:1;SOV1|6|Jan:1;SOV1|6|Jul:1;SOV1|6|Jun:1;SOV1|6|Mar:1;SOV1|6|May:1;SOV1|6|Nov:1;SOV1|6|Oct:1;SOV1|6|Sep:1;SOV2|6|Apr:1;SOV2|6|Aug:1;SOV2|6|Dec:1;SOV2|6|Feb:1;SOV2|6|Jan:1;SOV2|6|Jul:1;SOV2|6|Jun:1;SOV2|6|Mar:1;SOV2|6|May:1;SOV2|6|Nov:1;SOV2|6|Oct:1;SOV2|6|Sep:1;SOV3|6|Nov:1,129;165;169,95dcc81980a9cce5,200,1-500,501-1500
15,5,44621637.31218599,18045800.0,26575837.312183548,690000.0,16301250.0,1054550.0,24575843.28785443,516850.42995230726,1483143.5943792125,,1301.0335412602872,1088.0250517083332,37.60160899348557,0.009300886653363705,164.20529294013977,2,3,5,0.03999656494562846,1,2,6,5,0.039998679869753265,1,"{""eta"":[{""iter"":1,""solved"":5,""failed"":0,""gap_p90"":0,""cache_hr"":0,""fixed"":1,""unan"":false,""key"":""('eta', '5')""},{""iter"":2,""solved"":5,""failed"":0,""gap_p90"":0,""cache_hr"":80,""fixed"":2,""unan"":true,""key"":null}],""gamma_LT"":[{""iter"":1,""solved"":5,""failed"":0,""gap_p90"":0,""cache_hr"":100,""fixed"":1,""unan"":false,""key"":""('gamma_LT', ('CTV',""},{""iter"":2,""solved"":5,""failed"":0,""gap_p90"":0,""cache_hr"":60,""fixed"":5,""unan"":true,""key"":null}]}",0.01300679857087128,True,2,OPTIMAL,solution_within_gap,False,,6:1,CTV|6:2;SOV|6:2,SOV|6|Dec:1,SOV1|6|Apr:1;SOV1|6|Aug:1;SOV1|6|Dec:1;SOV1|6|Feb:1;SOV1|6|Jan:1;SOV1|6|Jul:1;SOV1|6|Jun:1;SOV1|6|Mar:1;SOV1|6|May:1;SOV1|6|Nov:1;SOV1|6|Oct:1;SOV1|6|Sep:1;SOV2|6|Apr:1;SOV2|6|Aug:1;SOV2|6|Dec:1;SOV2|6|Feb:1;SOV2|6|Jan:1;SOV2|6|Jul:1;SOV2|6|Jun:1;SOV2|6|Mar:1;SOV2|6|May:1;SOV2|6|Nov:1;SOV2|6|Oct:1;SOV2|6|Sep:1;SOV3|6|Dec:1,10;151;317;413;494,95dcc81980a9cce5,200,1-500,501-1500
15,7,47390563.911971875,20115800.0,27274763.91197404,2760000.0,16301250.0,1054550.0,25432542.166214574,425070.3355286849,1417151.4102286014,,5118.619695662521,4851.109555802308,76.45180921535939,0.012575739063322544,176.59949207305908,2,3,7,0.03999111619696534,1,2,6,7,0.03999868443247334,1,"{""eta"":[{""iter"":1,""solved"":7,""failed"":0,""gap_p90"":0,""cache_hr"":0,""fixed"":1,""unan"":false,""key"":""('eta', '6')""},{""iter"":2,""solved"":7,""failed"":0,""gap_p90"":0,""cache_hr"":86,""fixed"":2,""unan"":true,""key"":null}],""gamma_LT"":[{""iter"":1,""solved"":7,""failed"":0,""gap_p90"":0,""cache_hr"":100,""fixed"":1,""unan"":false,""key"":""('gamma_LT', ('CTV',""},{""iter"":2,""solved"":7,""failed"":0,""gap_p90"":0,""cache_hr"":29,""fixed"":5,""unan"":true,""key"":null}]}",0.01717217101212245,True,2,OPTIMAL,solution_within_gap,False,,6:1,CTV|6:2;SOV|6:2,SOV|6|Dec:1;SOV|6|Feb:1;SOV|6|Jan:1;SOV|6|Nov:1,SOV1|6|Apr:1;SOV1|6|Aug:1;SOV1|6|Dec:1;SOV1|6|Feb:1;SOV1|6|Jan:1;SOV1|6|Jul:1;SOV1|6|Jun:1;SOV1|6|Mar:1;SOV1|6|May:1;SOV1|6|Nov:1;SOV1|6|Oct:1;SOV1|6|Sep:1;SOV2|6|Apr:1;SOV2|6|Aug:1;SOV2|6|Dec:1;SOV2|6|Feb:1;SOV2|6|Jan:1;SOV2|6|Jul:1;SOV2|6|Jun:1;SOV2|6|Mar:1;SOV2|6|May:1;SOV2|6|Nov:1;SOV2|6|Oct:1;SOV2|6|Sep:1;SOV3|6|Dec:1;SOV3|6|Feb:1;SOV3|6|Jan:1;SOV3|6|Nov:1,89;154;202;224;256;374;498,95dcc81980a9cce5,200,1-500,501-1500
15,10,46030727.7085116,18983625.0,27047102.708518118,1552500.0,16301250.0,1129875.0,25138591.983912688,485540.08394565707,1422970.6406532482,,3210.931249811314,2062.5763040091842,70.73923892714083,0.01756049320101738,1058.4515290260315,2,3,10,0.039709421132979136,1,2,6,10,0.039709421132979136,1,"{""eta"":[{""iter"":1,""solved"":10,""failed"":0,""gap_p90"":0,""cache_hr"":0,""fixed"":1,""unan"":false,""key"":""('eta', '5')""},{""iter"":2,""solved"":10,""failed"":0,""gap_p90"":0,""cache_hr"":80,""fixed"":2,""unan"":true,""key"":null}],""gamma_LT"":[{""iter"":1,""solved"":10,""failed"":0,""gap_p90"":0,""cache_hr"":100,""fixed"":1,""unan"":false,""key"":""('gamma_LT', ('CTV',""},{""iter"":2,""solved"":10,""failed"":0,""gap_p90"":0,""cache_hr"":90,""fixed"":5,""unan"":true,""key"":null}]}",0.01231766958451543,True,2,OPTIMAL,solution_within_gap,False,,6:1,CTV|6:2;SOV|6:2,CTV|6|Dec:1;CTV|6|Nov:1;SOV|6|Dec:1;SOV|6|Jan:1,SOV1|6|Apr:1;SOV1|6|Aug:1;SOV1|6|Dec:1;SOV1|6|Feb:1;SOV1|6|Jan:1;SOV1|6|Jul:1;SOV1|6|Jun:1;SOV1|6|Mar:1;SOV1|6|May:1;SOV1|6|Nov:1;SOV1|6|Oct:1;SOV1|6|Sep:1;SOV2|6|Apr:1;SOV2|6|Aug:1;SOV2|6|Dec:1;SOV2|6|Feb:1;SOV2|6|Jan:1;SOV2|6|Jul:1;SOV2|6|Jun:1;SOV2|6|Mar:1;SOV2|6|May:1;SOV2|6|Nov:1;SOV2|6|Oct:1;SOV2|6|Sep:1;SOV3|6|Dec:1;SOV3|6|Jan:1,37;47;189;211;257;350;426;447;454;460,95dcc81980a9cce5,200,1-500,501-1500
15,15,47415162.11741517,19069875.0,28345287.117415227,1638750.0,16301250.0,1129875.0,26443213.222177316,488912.97737741406,1413160.9178599878,,3225.279834974557,1986.7260896181688,147.27593213971704,0.023788590915501118,1063.0326299667358,2,3,15,0.03998461598431936,1,3,6,15,0.03998461598431936,1,"{""eta"":[{""iter"":1,""solved"":15,""failed"":0,""gap_p90"":0,""cache_hr"":0,""fixed"":1,""unan"":false,""key"":""('eta', '5')""},{""iter"":2,""solved"":15,""failed"":0,""gap_p90"":0,""cache_hr"":93,""fixed"":2,""unan"":true,""key"":null}],""gamma_LT"":[{""iter"":1,""solved"":15,""failed"":0,""gap_p90"":0,""cache_hr"":100,""fixed"":1,""unan"":false,""key"":""('gamma_LT', ('SOV',""},{""iter"":2,""solved"":15,""failed"":0,""gap_p90"":0,""cache_hr"":93,""fixed"":1,""unan"":false,""key"":""('gamma_LT', ('CTV',""},{""iter"":3,""solved"":15,""failed"":0,""gap_p90"":0,""cache_hr"":80,""fixed"":4,""unan"":true,""key"":null}]}",0.014233022585165109,True,2,OPTIMAL,solution_within_gap,False,,6:1,CTV|6:2;SOV|6:2,CTV|6|Dec:1;CTV|6|Jan:1;CTV|6|Nov:1;SOV|6|Dec:1;SOV|6|Jan:1,SOV1|6|Apr:1;SOV1|6|Aug:1;SOV1|6|Dec:1;SOV1|6|Feb:1;SOV1|6|Jan:1;SOV1|6|Jul:1;SOV1|6|Jun:1;SOV1|6|Mar:1;SOV1|6|May:1;SOV1|6|Nov:1;SOV1|6|Oct:1;SOV1|6|Sep:1;SOV2|6|Apr:1;SOV2|6|Aug:1;SOV2|6|Dec:1;SOV2|6|Feb:1;SOV2|6|Jan:1;SOV2|6|Jul:1;SOV2|6|Jun:1;SOV2|6|Mar:1;SOV2|6|May:1;SOV2|6|Nov:1;SOV2|6|Oct:1;SOV2|6|Sep:1;SOV3|6|Dec:1;SOV3|6|Jan:1,25;66;94;100;102;193;195;299;350;376;392;423;433;445;483,95dcc81980a9cce5,200,1-500,501-1500
15,20,46419875.808687635,20449875.0,25970000.808683958,3018750.0,16301250.0,1129875.0,24189950.14212372,450645.5455827356,1329405.1209809051,,8601.202953469008,3945.603776967153,97.76946666743606,0.032227618619799614,4520.629273891449,3,3,20,0.039899567147988965,1,3,6,20,0.039899567147988965,1,"{""eta"":[{""iter"":1,""solved"":20,""failed"":0,""gap_p90"":0,""cache_hr"":0,""fixed"":1,""unan"":false,""key"":""('eta', '7')""},{""iter"":2,""solved"":20,""failed"":0,""gap_p90"":0,""cache_hr"":95,""fixed"":1,""unan"":false,""key"":""('eta', '5')""},{""iter"":3,""solved"":20,""failed"":0,""gap_p90"":0,""cache_hr"":85,""fixed"":1,""unan"":true,""key"":null}],""gamma_LT"":[{""iter"":1,""solved"":20,""failed"":0,""gap_p90"":0,""cache_hr"":100,""fixed"":1,""unan"":false,""key"":""('gamma_LT', ('SOV',""},{""iter"":2,""solved"":20,""failed"":0,""gap_p90"":0,""cache_hr"":95,""fixed"":1,""unan"":false,""key"":""('gamma_LT', ('CTV',""},{""iter"":3,""solved"":20,""failed"":0,""gap_p90"":0,""cache_hr"":70,""fixed"":4,""unan"":true,""key"":null}]}",0.019998991103590814,True,2,OPTIMAL,solution_within_gap,False,,6:1,CTV|6:2;SOV|6:2,CTV|6|Dec:1;CTV|6|Feb:1;CTV|6|Jan:1;SOV|6|Dec:1;SOV|6|Feb:1;SOV|6|Jan:1;SOV|6|Nov:1,SOV1|6|Apr:1;SOV1|6|Aug:1;SOV1|6|Dec:1;SOV1|6|Feb:1;SOV1|6|Jan:1;SOV1|6|Jul:1;SOV1|6|Jun:1;SOV1|6|Mar:1;SOV1|6|May:1;SOV1|6|Nov:1;SOV1|6|Oct:1;SOV1|6|Sep:1;SOV2|6|Apr:1;SOV2|6|Aug:1;SOV2|6|Dec:1;SOV2|6|Feb:1;SOV2|6|Jan:1;SOV2|6|Jul:1;SOV2|6|Jun:1;SOV2|6|Mar:1;SOV2|6|May:1;SOV2|6|Nov:1;SOV2|6|Oct:1;SOV2|6|Sep:1;SOV3|6|Dec:1;SOV3|6|Feb:1;SOV3|6|Jan:1;SOV3|6|Nov:1,34;62;125;129;150;158;170;181;198;212;222;250;252;271;285;335;360;396;418;496,95dcc81980a9cce5,200,1-500,501-1500
16,1,53915748.36362536,19058950.0,34856798.363625914,1552500.0,16301250.0,1205200.0,32984013.721458577,446816.5762526711,1425968.065914158,,184.75611107610166,173.3922151401639,0.0004344191402196884,0.0020005926489830017,7.2394139766693115,1,3,1,0.03705883619351593,1,1,6,1,0.03705883619351593,1,"{""eta"":[{""iter"":1,""solved"":1,""failed"":0,""gap_p90"":0,""cache_hr"":0,""fixed"":3,""unan"":true,""key"":null}],""gamma_LT"":[{""iter"":1,""solved"":1,""failed"":0,""gap_p90"":0,""cache_hr"":100,""fixed"":6,""unan"":true,""key"":null}]}",0.008137962535927057,True,2,OPTIMAL,solution_within_gap,False,,6:1,CTV|6:2;SOV|6:2,CTV|6|Dec:2;SOV|6|Feb:1;SOV|6|Jan:1,SOV1|6|Apr:1;SOV1|6|Aug:1;SOV1|6|Dec:1;SOV1|6|Feb:1;SOV1|6|Jan:1;SOV1|6|Jul:1;SOV1|6|Jun:1;SOV1|6|Mar:1;SOV1|6|May:1;SOV1|6|Nov:1;SOV1|6|Oct:1;SOV1|6|Sep:1;SOV2|6|Apr:1;SOV2|6|Aug:1;SOV2|6|Dec:1;SOV2|6|Feb:1;SOV2|6|Jan:1;SOV2|6|Jul:1;SOV2|6|Jun:1;SOV2|6|Mar:1;SOV2|6|May:1;SOV2|6|Nov:1;SOV2|6|Oct:1;SOV2|6|Sep:1;SOV3|6|Feb:1;SOV3|6|Jan:1,249,95dcc81980a9cce5,200,1-500,501-1500
16,3,47931373.76422322,17474825.0,30456548.76422276,345000.0,16301250.0,828575.0,28517728.510200668,502843.7637106248,1435976.4903119064,,1023.2165975579992,981.0802003247663,0.0006104884669184685,0.005638382397592068,35.14968299865723,1,3,3,0.035329188545471686,1,1,6,3,0.035329188545471686,1,"{""eta"":[{""iter"":1,""solved"":3,""failed"":0,""gap_p90"":0,""cache_hr"":0,""fixed"":3,""unan"":true,""key"":null}],""gamma_LT"":[{""iter"":1,""solved"":3,""failed"":0,""gap_p90"":0,""cache_hr"":100,""fixed"":6,""unan"":true,""key"":null}]}",0.005101428882096705,True,2,OPTIMAL,solution_within_gap,False,,6:1,CTV|6:2;SOV|6:2,CTV|6|Dec:1;CTV|6|Feb:1;CTV|6|Jan:1;CTV|6|Mar:1,SOV1|6|Apr:1;SOV1|6|Aug:1;SOV1|6|Dec:1;SOV1|6|Feb:1;SOV1|6|Jan:1;SOV1|6|Jul:1;SOV1|6|Jun:1;SOV1|6|Mar:1;SOV1|6|May:1;SOV1|6|Nov:1;SOV1|6|Oct:1;SOV1|6|Sep:1;SOV2|6|Apr:1;SOV2|6|Aug:1;SOV2|6|Dec:1;SOV2|6|Feb:1;SOV2|6|Jan:1;SOV2|6|Jul:1;SOV2|6|Jun:1;SOV2|6|Mar:1;SOV2|6|May:1;SOV2|6|Nov:1;SOV2|6|Oct:1;SOV2|6|Sep:1,200;255;256,95dcc81980a9cce5,200,1-500,501-1500
16,5,45383799.24621159,17108550.0,28275249.246209163,1035000.0,15395625.0,677925.0,26328254.202711962,496301.1194456978,1450693.9240538916,,1442.4921107022092,1197.946369478479,51.64919542334974,0.00930906180292368,182.14418005943298,1,3,5,0.03978866803730509,1,2,6,5,0.03999470976552333,1,"{""eta"":[{""iter"":1,""solved"":5,""failed"":0,""gap_p90"":0,""cache_hr"":0,""fixed"":3,""unan"":true,""key"":null}],""gamma_LT"":[{""iter"":1,""solved"":5,""failed"":0,""gap_p90"":0,""cache_hr"":100,""fixed"":1,""unan"":false,""key"":""('gamma_LT', ('CTV',""},{""iter"":2,""solved"":5,""failed"":0,""gap_p90"":0,""cache_hr"":20,""fixed"":5,""unan"":true,""key"":null}]}",0.01156898866215739,True,2,OPTIMAL,solution_within_gap,False,,6:1,CTV|6:1;SOV|6:2,CTV|6|Apr:1;CTV|6|Aug:1;CTV|6|Dec:1;CTV|6|Feb:1;CTV|6|Jan:1;CTV|6|Jul:1;CTV|6|Jun:1;CTV|6|Mar:1;CTV|6|May:1;CTV|6|Nov:1;CTV|6|Oct:1;CTV|6|Sep:1,SOV1|6|Apr:1;SOV1|6|Aug:1;SOV1|6|Dec:1;SOV1|6|Feb:1;SOV1|6|Jan:1;SOV1|6|Jul:1;SOV1|6|Jun:1;SOV1|6|Mar:1;SOV1|6|May:1;SOV1|6|Nov:1;SOV1|6|Oct:1;SOV1|6|Sep:1;SOV2|6|Apr:1;SOV2|6|Aug:1;SOV2|6|Dec:1;SOV2|6|Feb:1;SOV2|6|Jan:1;SOV2|6|Jul:1;SOV2|6|Jun:1;SOV2|6|Mar:1;SOV2|6|May:1;SOV2|6|Nov:1;SOV2|6|Oct:1;SOV2|6|Sep:1,80;160;327;334;402,95dcc81980a9cce5,200,1-500,501-1500
16,7,46802522.0294607,17561075.0,29241447.029462963,431250.0,16301250.0,828575.0,27312363.65346284,516942.33705375646,1412141.0389441494,,3531.0006860522553,3105.3840818591416,132.35174153838307,0.012494429014623165,278.88264989852905,2,3,7,0.039877440816475054,1,3,6,7,0.03998919018039751,1,"{""eta"":[{""iter"":1,""solved"":7,""failed"":0,""gap_p90"":0,""cache_hr"":0,""fixed"":1,""unan"":false,""key"":""('eta', '5')""},{""iter"":2,""solved"":7,""failed"":0,""gap_p90"":0,""cache_hr"":86,""fixed"":2,""unan"":true,""key"":null}],""gamma_LT"":[{""iter"":1,""solved"":7,""failed"":0,""gap_p90"":0,""cache_hr"":100,""fixed"":1,""unan"":false,""key"":""('gamma_LT', ('SOV',""},{""iter"":2,""solved"":7,""failed"":0,""gap_p90"":0,""cache_hr"":86,""fixed"":1,""unan"":false,""key"":""('gamma_LT', ('CTV',""},{""iter"":3,""solved"":7,""failed"":0,""gap_p90"":0,""cache_hr"":29,""fixed"":4,""unan"":true,""key"":null}]}",0.01091585455628915,True,2,OPTIMAL,solution_within_gap,False,,6:1,CTV|6:2;SOV|6:2,CTV|6|Dec:1;CTV|6|Feb:1;CTV|6|Jan:1;CTV|6|Nov:1;CTV|6|Oct:1,SOV1|6|Apr:1;SOV1|6|Aug:1;SOV1|6|Dec:1;SOV1|6|Feb:1;SOV1|6|Jan:1;SOV1|6|Jul:1;SOV1|6|Jun:1;SOV1|6|Mar:1;SOV1|6|May:1;SOV1|6|Nov:1;SOV1|6|Oct:1;SOV1|6|Sep:1;SOV2|6|Apr:1;SOV2|6|Aug:1;SOV2|6|Dec:1;SOV2|6|Feb:1;SOV2|6|Jan:1;SOV2|6|Jul:1;SOV2|6|Jun:1;SOV2|6|Mar:1;SOV2|6|May:1;SOV2|6|Nov:1;SOV2|6|Oct:1;SOV2|6|Sep:1,140;303;335;343;389;408;417,95dcc81980a9cce5,200,1-500,501-1500
16,10,49367671.707931444,20115800.0,29251871.707937393,2760000.0,16301250.0,1054550.0,27477281.947121043,449004.89761279745,1325584.8631975634,,2619.1541522853076,2048.7267944142222,87.41272907610983,0.017610576935112476,461.23112201690674,2,3,10,0.039336164944775945,1,3,6,10,0.03999431106821474,1,"{""eta"":[{""iter"":1,""solved"":10,""failed"":0,""gap_p90"":0,""cache_hr"":0,""fixed"":1,""unan"":false,""key"":""('eta', '5')""},{""iter"":2,""solved"":10,""failed"":0,""gap_p90"":0,""cache_hr"":80,""fixed"":2,""unan"":true,""key"":null}],""gamma_LT"":[{""iter"":1,""solved"":10,""failed"":0,""gap_p90"":0,""cache_hr"":100,""fixed"":1,""unan"":false,""key"":""('gamma_LT', ('SOV',""},{""iter"":2,""solved"":10,""failed"":0,""gap_p90"":0,""cache_hr"":90,""fixed"":1,""unan"":false,""key"":""('gamma_LT', ('CTV',""},{""iter"":3,""solved"":10,""failed"":0,""gap_p90"":0,""cache_hr"":40,""fixed"":4,""unan"":true,""key"":null}]}",0.0076097160805353,True,2,OPTIMAL,solution_within_gap,False,,6:1,CTV|6:2;SOV|6:2,SOV|6|Dec:1;SOV|6|Feb:1;SOV|6|Jan:1;SOV|6|Nov:1,SOV1|6|Apr:1;SOV1|6|Aug:1;SOV1|6|Dec:1;SOV1|6|Feb:1;SOV1|6|Jan:1;SOV1|6|Jul:1;SOV1|6|Jun:1;SOV1|6|Mar:1;SOV1|6|May:1;SOV1|6|Nov:1;SOV1|6|Oct:1;SOV1|6|Sep:1;SOV2|6|Apr:1;SOV2|6|Aug:1;SOV2|6|Dec:1;SOV2|6|Feb:1;SOV2|6|Jan:1;SOV2|6|Jul:1;SOV2|6|Jun:1;SOV2|6|Mar:1;SOV2|6|May:1;SOV2|6|Nov:1;SOV2|6|Oct:1;SOV2|6|Sep:1;SOV3|6|Dec:1;SOV3|6|Feb:1;SOV3|6|Jan:1;SOV3|6|Nov:1,72;125;188;199;212;240;268;284;449;474,95dcc81980a9cce5,200,1-500,501-1500
16,15,49952818.81403427,19425800.0,30527018.81403417,2070000.0,16301250.0,1054550.0,28669485.568159543,452663.6086020648,1404869.6372720834,,4974.833641625941,3525.8166082659736,64.43054233398288,0.02446635626256466,1355.2231850624084,3,3,15,0.03976028006804107,1,2,6,15,0.039968946403722325,1,"{""eta"":[{""iter"":1,""solved"":15,""failed"":0,""gap_p90"":0,""cache_hr"":0,""fixed"":1,""unan"":false,""key"":""('eta', '5')""},{""iter"":2,""solved"":15,""failed"":0,""gap_p90"":0,""cache_hr"":93,""fixed"":1,""unan"":false,""key"":""('eta', '6')""},{""iter"":3,""solved"":15,""failed"":0,""gap_p90"":0,""cache_hr"":93,""fixed"":1,""unan"":true,""key"":null}],""gamma_LT"":[{""iter"":1,""solved"":15,""failed"":0,""gap_p90"":0,""cache_hr"":100,""fixed"":1,""unan"":false,""key"":""('gamma_LT', ('CTV',""},{""iter"":2,""solved"":15,""failed"":0,""gap_p90"":0,""cache_hr"":80,""fixed"":5,""unan"":true,""key"":null}]}",0.011689726840828538,True,2,OPTIMAL,solution_within_gap,False,,6:1,CTV|6:2;SOV|6:2,SOV|6|Dec:1;SOV|6|Jan:1;SOV|6|Nov:1,SOV1|6|Apr:1;SOV1|6|Aug:1;SOV1|6|Dec:1;SOV1|6|Feb:1;SOV1|6|Jan:1;SOV1|6|Jul:1;SOV1|6|Jun:1;SOV1|6|Mar:1;SOV1|6|May:1;SOV1|6|Nov:1;SOV1|6|Oct:1;SOV1|6|Sep:1;SOV2|6|Apr:1;SOV2|6|Aug:1;SOV2|6|Dec:1;SOV2|6|Feb:1;SOV2|6|Jan:1;SOV2|6|Jul:1;SOV2|6|Jun:1;SOV2|6|Mar:1;SOV2|6|May:1;SOV2|6|Nov:1;SOV2|6|Oct:1;SOV2|6|Sep:1;SOV3|6|Dec:1;SOV3|6|Jan:1;SOV3|6|Nov:1,14;65;99;109;133;136;139;205;246;297;343;382;398;451;454,95dcc81980a9cce5,200,1-500,501-1500
16,20,47746039.34810331,17388575.0,30357464.348099444,258750.0,16301250.0,828575.0,28400092.297202203,513322.90697332495,1444049.1439276412,,4896.549186266027,2285.8147854525596,120.38726377580315,0.031296396628022194,2454.2140760421753,2,3,20,0.03991490527081631,1,3,6,20,0.03991490527081631,1,"{""eta"":[{""iter"":1,""solved"":20,""failed"":0,""gap_p90"":0,""cache_hr"":0,""fixed"":1,""unan"":false,""key"":""('eta', '5')""},{""iter"":2,""solved"":20,""failed"":0,""gap_p90"":0,""cache_hr"":80,""fixed"":2,""unan"":true,""key"":null}],""gamma_LT"":[{""iter"":1,""solved"":20,""failed"":0,""gap_p90"":0,""cache_hr"":100,""fixed"":1,""unan"":false,""key"":""('gamma_LT', ('SOV',""},{""iter"":2,""solved"":20,""failed"":0,""gap_p90"":0,""cache_hr"":95,""fixed"":1,""unan"":false,""key"":""('gamma_LT', ('CTV',""},{""iter"":3,""solved"":20,""failed"":0,""gap_p90"":0,""cache_hr"":50,""fixed"":4,""unan"":true,""key"":null}]}",0.014812379010615443,True,2,OPTIMAL,solution_within_gap,False,,6:1,CTV|6:2;SOV|6:2,CTV|6|Dec:1;CTV|6|Jan:1;CTV|6|Nov:1,SOV1|6|Apr:1;SOV1|6|Aug:1;SOV1|6|Dec:1;SOV1|6|Feb:1;SOV1|6|Jan:1;SOV1|6|Jul:1;SOV1|6|Jun:1;SOV1|6|Mar:1;SOV1|6|May:1;SOV1|6|Nov:1;SOV1|6|Oct:1;SOV1|6|Sep:1;SOV2|6|Apr:1;SOV2|6|Aug:1;SOV2|6|Dec:1;SOV2|6|Feb:1;SOV2|6|Jan:1;SOV2|6|Jul:1;SOV2|6|Jun:1;SOV2|6|Mar:1;SOV2|6|May:1;SOV2|6|Nov:1;SOV2|6|Oct:1;SOV2|6|Sep:1,15;17;32;68;110;123;138;186;203;213;215;236;347;369;375;384;462;472;480;490,95dcc81980a9cce5,200,1-500,501-1500
17,1,41435926.012995645,14973575.0,26462351.012996163,5088750.0,9056250.0,828575.0,23842679.445968848,662356.6586668561,1957314.9083599288,,1341.8060904769227,1327.3233908694237,0.00046013202518224716,0.0020038122311234474,10.487375974655151,1,3,1,0.03942771872644253,1,1,6,1,0.03942771872644253,1,"{""eta"":[{""iter"":1,""solved"":1,""failed"":0,""gap_p90"":0,""cache_hr"":0,""fixed"":3,""unan"":true,""key"":null}],""gamma_LT"":[{""iter"":1,""solved"":1,""failed"":0,""gap_p90"":0,""cache_hr"":100,""fixed"":6,""unan"":true,""key"":null}]}",0.010536655790047377,True,2,OPTIMAL,solution_within_gap,False,,6:1,CTV|6:2;SOV|6:1,CTV|6|Apr:1;CTV|6|Mar:1;CTV|6|May:1;SOV|6|Dec:1;SOV|6|Feb:1;SOV|6|Jan:1;SOV|6|Mar:1;SOV|6|Nov:1;SOV|6|Oct:1;SOV|6|Sep:1,SOV1|6|Apr:1;SOV1|6|Aug:1;SOV1|6|Dec:1;SOV1|6|Feb:1;SOV1|6|Jan:1;SOV1|6|Jul:1;SOV1|6|Jun:1;SOV1|6|Mar:1;SOV1|6|May:1;SOV1|6|Nov:1;SOV1|6|Oct:1;SOV1|6|Sep:1;SOV2|6|Dec:1;SOV2|6|Feb:1;SOV2|6|Jan:1;SOV2|6|Mar:1;SOV2|6|Nov:1;SOV2|6|Oct:1;SOV2|6|Sep:1,312,95dcc81980a9cce5,200,1-500,501-1500
17,3,46819263.71830026,17561075.0,29258188.718299914,431250.0,16301250.0,828575.0,27392546.640120782,532531.4307936595,1333110.647385856,,617.0152105558664,560.1676524216309,0.0006769010797142982,0.0064337290823459625,49.3518180847168,1,3,3,0.039984762725491174,1,1,6,3,0.039984762725491174,1,"{""eta"":[{""iter"":1,""solved"":3,""failed"":0,""gap_p90"":0,""cache_hr"":0,""fixed"":3,""unan"":true,""key"":null}],""gamma_LT"":[{""iter"":1,""solved"":3,""failed"":0,""gap_p90"":0,""cache_hr"":100,""fixed"":6,""unan"":true,""key"":null}]}",0.005747530046786847,True,2,OPTIMAL,solution_within_gap,False,,6:1,CTV|6:2;SOV|6:2,CTV|6|Dec:1;CTV|6|Feb:1;CTV|6|Jan:1;CTV|6|Nov:1;CTV|6|Oct:1,SOV1|6|Apr:1;SOV1|6|Aug:1;SOV1|6|Dec:1;SOV1|6|Feb:1;SOV1|6|Jan:1;SOV1|6|Jul:1;SOV1|6|Jun:1;SOV1|6|Mar:1;SOV1|6|May:1;SOV1|6|Nov:1;SOV1|6|Oct:1;SOV1|6|Sep:1;SOV2|6|Apr:1;SOV2|6|Aug:1;SOV2|6|Dec:1;SOV2|6|Feb:1;SOV2|6|Jan:1;SOV2|6|Jul:1;SOV2|6|Jun:1;SOV2|6|Mar:1;SOV2|6|May:1;SOV2|6|Nov:1;SOV2|6|Oct:1;SOV2|6|Sep:1,19;321;464,95dcc81980a9cce5,200,1-500,501-1500
17,5,41526568.16029699,18045800.0,23480768.16029459,690000.0,16301250.0,1054550.0,21508541.53408796,503704.12348907115,1468522.5027199597,,2860.97809995804,2642.6167273931205,38.87305262405425,0.009468224830925465,168.5361430644989,2,3,5,0.03976028006804107,1,2,6,5,0.03976028006804107,1,"{""eta"":[{""iter"":1,""solved"":5,""failed"":0,""gap_p90"":0,""cache_hr"":0,""fixed"":1,""unan"":false,""key"":""('eta', '5')""},{""iter"":2,""solved"":5,""failed"":0,""gap_p90"":0,""cache_hr"":60,""fixed"":2,""unan"":true,""key"":null}],""gamma_LT"":[{""iter"":1,""solved"":5,""failed"":0,""gap_p90"":0,""cache_hr"":100,""fixed"":1,""unan"":false,""key"":""('gamma_LT', ('CTV',""},{""iter"":2,""solved"":5,""failed"":0,""gap_p90"":0,""cache_hr"":80,""fixed"":5,""unan"":true,""key"":null}]}",0.011207102387595745,True,2,OPTIMAL,solution_within_gap,False,,6:1,CTV|6:2;SOV|6:2,SOV|6|Jan:1,SOV1|6|Apr:1;SOV1|6|Aug:1;SOV1|6|Dec:1;SOV1|6|Feb:1;SOV1|6|Jan:1;SOV1|6|Jul:1;SOV1|6|Jun:1;SOV1|6|Mar:1;SOV1|6|May:1;SOV1|6|Nov:1;SOV1|6|Oct:1;SOV1|6|Sep:1;SOV2|6|Apr:1;SOV2|6|Aug:1;SOV2|6|Dec:1;SOV2|6|Feb:1;SOV2|6|Jan:1;SOV2|6|Jul:1;SOV2|6|Jun:1;SOV2|6|Mar:1;SOV2|6|May:1;SOV2|6|Nov:1;SOV2|6|Oct:1;SOV2|6|Sep:1;SOV3|6|Jan:1,14;118;122;209;246,95dcc81980a9cce5,200,1-500,501-1500
17,7,47046701.92307233,17388575.0,29658126.923074715,258750.0,16301250.0,828575.0,27744756.496340614,513467.2286915843,1399903.1980402723,,2348.939894088544,2051.5408312380314,61.86876625102013,0.013191175647079945,221.23851799964905,2,3,7,0.03961453399566193,1,3,6,7,0.039979952322856144,1,"{""eta"":[{""iter"":1,""solved"":7,""failed"":0,""gap_p90"":0,""cache_hr"":0,""fixed"":1,""unan"":false,""key"":""('eta', '5')""},{""iter"":2,""solved"":7,""failed"":0,""gap_p90"":0,""cache_hr"":86,""fixed"":2,""unan"":true,""key"":null}],""gamma_LT"":[{""iter"":1,""solved"":7,""failed"":0,""gap_p90"":0,""cache_hr"":100,""fixed"":1,""unan"":false,""key"":""('gamma_LT', ('SOV',""},{""iter"":2,""solved"":7,""failed"":0,""gap_p90"":0,""cache_hr"":86,""fixed"":1,""unan"":false,""key"":""('gamma_LT', ('CTV',""},{""iter"":3,""solved"":7,""failed"":0,""gap_p90"":0,""cache_hr"":43,""fixed"":4,""unan"":true,""key"":null}]}",0.018208704325670712,True,2,OPTIMAL,solution_within_gap,False,,6:1,CTV|6:2;SOV|6:2,CTV|6|Dec:1;CTV|6|Feb:1;CTV|6|Jan:1,SOV1|6|Apr:1;SOV1|6|Aug:1;SOV1|6|Dec:1;SOV1|6|Feb:1;SOV1|6|Jan:1;SOV1|6|Jul:1;SOV1|6|Jun:1;SOV1|6|Mar:1;SOV1|6|May:1;SOV1|6|Nov:1;SOV1|6|Oct:1;SOV1|6|Sep:1;SOV2|6|Apr:1;SOV2|6|Aug:1;SOV2|6|Dec:1;SOV2|6|Feb:1;SOV2|6|Jan:1;SOV2|6|Jul:1;SOV2|6|Jun:1;SOV2|6|Mar:1;SOV2|6|May:1;SOV2|6|Nov:1;SOV2|6|Oct:1;SOV2|6|Sep:1,56;57;125;370;393;432;466,95dcc81980a9cce5,200,1-500,501-1500
17,10,51226696.218617365,19759875.0,31466821.21862343,2328750.0,16301250.0,1129875.0,29646619.671546802,467464.25350205705,1352737.2935684486,,3990.2478887736797,2761.8522287905216,40.807436808012426,0.01789912860840559,1167.0093259811401,3,3,10,0.03988204422565165,1,2,6,10,0.03994701978951452,1,"{""eta"":[{""iter"":1,""solved"":10,""failed"":0,""gap_p90"":0,""cache_hr"":0,""fixed"":1,""unan"":false,""key"":""('eta', '5')""},{""iter"":2,""solved"":10,""failed"":0,""gap_p90"":0,""cache_hr"":90,""fixed"":1,""unan"":false,""key"":""('eta', '6')""},{""iter"":3,""solved"":10,""failed"":0,""gap_p90"":0,""cache_hr"":90,""fixed"":1,""unan"":true,""key"":null}],""gamma_LT"":[{""iter"":1,""solved"":10,""failed"":0,""gap_p90"":0,""cache_hr"":100,""fixed"":1,""unan"":false,""key"":""('gamma_LT', ('CTV',""},{""iter"":2,""solved"":10,""failed"":0,""gap_p90"":0,""cache_hr"":60,""fixed"":5,""unan"":true,""key"":null}]}",0.012194451896479438,True,2,OPTIMAL,solution_within_gap,False,,6:1,CTV|6:2;SOV|6:2,CTV|6|Dec:1;CTV|6|Feb:1;CTV|6|Jan:1;SOV|6|Dec:1;SOV|6|Jan:1;SOV|6|Nov:1,SOV1|6|Apr:1;SOV1|6|Aug:1;SOV1|6|Dec:1;SOV1|6|Feb:1;SOV1|6|Jan:1;SOV1|6|Jul:1;SOV1|6|Jun:1;SOV1|6|Mar:1;SOV1|6|May:1;SOV1|6|Nov:1;SOV1|6|Oct:1;SOV1|6|Sep:1;SOV2|6|Apr:1;SOV2|6|Aug:1;SOV2|6|Dec:1;SOV2|6|Feb:1;SOV2|6|Jan:1;SOV2|6|Jul:1;SOV2|6|Jun:1;SOV2|6|Mar:1;SOV2|6|May:1;SOV2|6|Nov:1;SOV2|6|Oct:1;SOV2|6|Sep:1;SOV3|6|Dec:1;SOV3|6|Jan:1;SOV3|6|Nov:1,2;90;150;183;196;220;275;330;407;473,95dcc81980a9cce5,200,1-500,501-1500
17,15,45449273.825952455,17388575.0,28060698.825952742,258750.0,16301250.0,828575.0,26102329.951425057,521107.1569570648,1437261.717569979,,4059.985742336139,2919.516485244967,93.86668318416923,0.025297428481280804,1017.7575008869171,2,3,15,0.039791251360057935,1,2,6,15,0.03999116884456223,1,"{""eta"":[{""iter"":1,""solved"":15,""failed"":0,""gap_p90"":0,""cache_hr"":0,""fixed"":1,""unan"":false,""key"":""('eta', '5')""},{""iter"":2,""solved"":15,""failed"":0,""gap_p90"":0,""cache_hr"":93,""fixed"":2,""unan"":true,""key"":null}],""gamma_LT"":[{""iter"":1,""solved"":15,""failed"":0,""gap_p90"":0,""cache_hr"":100,""fixed"":1,""unan"":false,""key"":""('gamma_LT', ('CTV',""},{""iter"":2,""solved"":15,""failed"":0,""gap_p90"":0,""cache_hr"":53,""fixed"":5,""unan"":true,""key"":null}]}",0.01088547622995509,True,2,OPTIMAL,solution_within_gap,False,,6:1,CTV|6:2;SOV|6:2,CTV|6|Dec:1;CTV|6|Jan:1;CTV|6|Nov:1,SOV1|6|Apr:1;SOV1|6|Aug:1;SOV1|6|Dec:1;SOV1|6|Feb:1;SOV1|6|Jan:1;SOV1|6|Jul:1;SOV1|6|Jun:1;SOV1|6|Mar:1;SOV1|6|May:1;SOV1|6|Nov:1;SOV1|6|Oct:1;SOV1|6|Sep:1;SOV2|6|Apr:1;SOV2|6|Aug:1;SOV2|6|Dec:1;SOV2|6|Feb:1;SOV2|6|Jan:1;SOV2|6|Jul:1;SOV2|6|Jun:1;SOV2|6|Mar:1;SOV2|6|May:1;SOV2|6|Nov:1;SOV2|6|Oct:1;SOV2|6|Sep:1,50;60;77;102;138;178;180;242;250;266;353;381;401;429;496,95dcc81980a9cce5,200,1-500,501-1500
17,20,46704818.571131036,19425800.0,27279018.57112723,2070000.0,16301250.0,1054550.0,25448830.505577493,459808.2965205192,1370379.7690328069,,5529.2374629164115,2741.6688605640084,112.4553207391873,0.032696861773729324,2634.5720660686493,3,3,20,0.0399616868996077,1,2,6,20,0.039982909032330226,1,"{""eta"":[{""iter"":1,""solved"":20,""failed"":0,""gap_p90"":0,""cache_hr"":0,""fixed"":1,""unan"":false,""key"":""('eta', '7')""},{""iter"":2,""solved"":20,""failed"":0,""gap_p90"":0,""cache_hr"":95,""fixed"":1,""unan"":false,""key"":""('eta', '5')""},{""iter"":3,""solved"":20,""failed"":0,""gap_p90"":0,""cache_hr"":80,""fixed"":1,""unan"":true,""key"":null}],""gamma_LT"":[{""iter"":1,""solved"":20,""failed"":0,""gap_p90"":0,""cache_hr"":100,""fixed"":1,""unan"":false,""key"":""('gamma_LT', ('CTV',""},{""iter"":2,""solved"":20,""failed"":0,""gap_p90"":0,""cache_hr"":55,""fixed"":5,""unan"":true,""key"":null}]}",0.01138341820820832,True,2,OPTIMAL,solution_within_gap,False,,6:1,CTV|6:2;SOV|6:2,SOV|6|Dec:1;SOV|6|Feb:1;SOV|6|Jan:1,SOV1|6|Apr:1;SOV1|6|Aug:1;SOV1|6|Dec:1;SOV1|6|Feb:1;SOV1|6|Jan:1;SOV1|6|Jul:1;SOV1|6|Jun:1;SOV1|6|Mar:1;SOV1|6|May:1;SOV1|6|Nov:1;SOV1|6|Oct:1;SOV1|6|Sep:1;SOV2|6|Apr:1;SOV2|6|Aug:1;SOV2|6|Dec:1;SOV2|6|Feb:1;SOV2|6|Jan:1;SOV2|6|Jul:1;SOV2|6|Jun:1;SOV2|6|Mar:1;SOV2|6|May:1;SOV2|6|Nov:1;SOV2|6|Oct:1;SOV2|6|Sep:1;SOV3|6|Dec:1;SOV3|6|Feb:1;SOV3|6|Jan:1,25;51;59;108;116;127;164;172;201;285;315;339;347;375;401;402;406;432;439;487,95dcc81980a9cce5,200,1-500,501-1500
18,1,53504665.47771426,17010800.0,36493865.47771399,6900000.0,9056250.0,1054550.0,33972858.0987923,520865.72138631396,2000141.6575356794,,883.0058676786721,862.4465651288629,0.00046316254884004593,0.0020097848027944565,16.393814086914062,1,3,1,0.031240231046093567,1,1,6,1,0.031240231046093567,1,"{""eta"":[{""iter"":1,""solved"":1,""failed"":0,""gap_p90"":0,""cache_hr"":0,""fixed"":3,""unan"":true,""key"":null}],""gamma_LT"":[{""iter"":1,""solved"":1,""failed"":0,""gap_p90"":0,""cache_hr"":100,""fixed"":6,""unan"":true,""key"":null}]}",0.01822431146009117,True,2,OPTIMAL,solution_within_gap,False,,6:1,CTV|6:2;SOV|6:1,SOV|6|Dec:2;SOV|6|Feb:1;SOV|6|Jan:1;SOV|6|Mar:1;SOV|6|Nov:2;SOV|6|Oct:2;SOV|6|Sep:1,SOV1|6|Apr:1;SOV1|6|Aug:1;SOV1|6|Dec:1;SOV1|6|Feb:1;SOV1|6|Jan:1;SOV1|6|Jul:1;SOV1|6|Jun:1;SOV1|6|Mar:1;SOV1|6|May:1;SOV1|6|Nov:1;SOV1|6|Oct:1;SOV1|6|Sep:1;SOV2|6|Dec:1;SOV2|6|Feb:1;SOV2|6|Jan:1;SOV2|6|Mar:1;SOV2|6|Nov:1;SOV2|6|Oct:1;SOV2|6|Sep:1;SOV3|6|Dec:1;SOV3|6|Nov:1;SOV3|6|Oct:1,208,95dcc81980a9cce5,200,1-500,501-1500
18,3,48960776.47265718,17474825.0,31485951.47265674,345000.0,16301250.0,828575.0,29499520.904215463,525783.8599686313,1460646.7084731355,,1363.3893385892734,1243.5868466170505,37.93164998013526,0.005676618777215481,74.49972200393677,2,3,3,0.03974258859598106,1,2,6,3,0.03998092286059518,1,"{""eta"":[{""iter"":1,""solved"":3,""failed"":0,""gap_p90"":0,""cache_hr"":0,""fixed"":1,""unan"":false,""key"":""('eta', '5')""},{""iter"":2,""solved"":3,""failed"":0,""gap_p90"":0,""cache_hr"":67,""fixed"":2,""unan"":true,""key"":null}],""gamma_LT"":[{""iter"":1,""solved"":3,""failed"":0,""gap_p90"":0,""cache_hr"":100,""fixed"":1,""unan"":false,""key"":""('gamma_LT', ('CTV',""},{""iter"":2,""solved"":3,""failed"":0,""gap_p90"":0,""cache_hr"":67,""fixed"":5,""unan"":true,""key"":null}]}",0.018987837252321782,True,2,OPTIMAL,solution_within_gap,False,,6:1,CTV|6:2;SOV|6:2,CTV|6|Dec:1;CTV|6|Feb:1;CTV|6|Jan:1;CTV|6|Nov:1,SOV1|6|Apr:1;SOV1|6|Aug:1;SOV1|6|Dec:1;SOV1|6|Feb:1;SOV1|6|Jan:1;SOV1|6|Jul:1;SOV1|6|Jun:1;SOV1|6|Mar:1;SOV1|6|May:1;SOV1|6|Nov:1;SOV1|6|Oct:1;SOV1|6|Sep:1;SOV2|6|Apr:1;SOV2|6|Aug:1;SOV2|6|Dec:1;SOV2|6|Feb:1;SOV2|6|Jan:1;SOV2|6|Jul:1;SOV2|6|Jun:1;SOV2|6|Mar:1;SOV2|6|May:1;SOV2|6|Nov:1;SOV2|6|Oct:1;SOV2|6|Sep:1,31;441;484,95dcc81980a9cce5,200,1-500,501-1500
18,5,47593639.89518118,17388575.0,30205064.895178843,258750.0,16301250.0,828575.0,28259981.30894587,516247.9828700451,1428835.6033653168,,918.3926495136693,805.120681900531,0.0012144027277827263,0.008676639758050442,102.10034012794495,1,3,5,0.0380658711779494,1,1,6,5,0.0380658711779494,1,"{""eta"":[{""iter"":1,""solved"":5,""failed"":0,""gap_p90"":0,""cache_hr"":0,""fixed"":3,""unan"":true,""key"":null}],""gamma_LT"":[{""iter"":1,""solved"":5,""failed"":0,""gap_p90"":0,""cache_hr"":100,""fixed"":6,""unan"":true,""key"":null}]}",0.014097736143497172,True,2,OPTIMAL,solution_within_gap,False,,6:1,CTV|6:2;SOV|6:2,CTV|6|Dec:1;CTV|6|Feb:1;CTV|6|Jan:1,SOV1|6|Apr:1;SOV1|6|Aug:1;SOV1|6|Dec:1;SOV1|6|Feb:1;SOV1|6|Jan:1;SOV1|6|Jul:1;SOV1|6|Jun:1;SOV1|6|Mar:1;SOV1|6|May:1;SOV1|6|Nov:1;SOV1|6|Oct:1;SOV1|6|Sep:1;SOV2|6|Apr:1;SOV2|6|Aug:1;SOV2|6|Dec:1;SOV2|6|Feb:1;SOV2|6|Jan:1;SOV2|6|Jul:1;SOV2|6|Jun:1;SOV2|6|Mar:1;SOV2|6|May:1;SOV2|6|Nov:1;SOV2|6|Oct:1;SOV2|6|Sep:1,34;179;187;216;442,95dcc81980a9cce5,200,1-500,501-1500
18,7,50056797.869038895,19425800.0,30630997.86904103,2070000.0,16301250.0,1054550.0,28748133.59556229,452329.99150771793,1430534.2819688553,,1860.974294028245,1533.9878495084122,102.06723945215344,0.012172222137451172,210.07639908790588,1,3,7,0.038890597457736126,1,2,6,7,0.039795808081715206,1,"{""eta"":[{""iter"":1,""solved"":7,""failed"":0,""gap_p90"":0,""cache_hr"":0,""fixed"":3,""unan"":true,""key"":null}],""gamma_LT"":[{""iter"":1,""solved"":7,""failed"":0,""gap_p90"":0,""cache_hr"":100,""fixed"":1,""unan"":false,""key"":""('gamma_LT', ('CTV',""},{""iter"":2,""solved"":7,""failed"":0,""gap_p90"":0,""cache_hr"":57,""fixed"":5,""unan"":true,""key"":null}]}",0.010229597007389636,True,2,OPTIMAL,solution_within_gap,False,,6:1,CTV|6:2;SOV|6:2,SOV|6|Dec:1;SOV|6|Jan:1;SOV|6|Nov:1,SOV1|6|Apr:1;SOV1|6|Aug:1;SOV1|6|Dec:1;SOV1|6|Feb:1;SOV1|6|Jan:1;SOV1|6|Jul:1;SOV1|6|Jun:1;SOV1|6|Mar:1;SOV1|6|May:1;SOV1|6|Nov:1;SOV1|6|Oct:1;SOV1|6|Sep:1;SOV2|6|Apr:1;SOV2|6|Aug:1;SOV2|6|Dec:1;SOV2|6|Feb:1;SOV2|6|Jan:1;SOV2|6|Jul:1;SOV2|6|Jun:1;SOV2|6|Mar:1;SOV2|6|May:1;SOV2|6|Nov:1;SOV2|6|Oct:1;SOV2|6|Sep:1;SOV3|6|Dec:1;SOV3|6|Jan:1;SOV3|6|Nov:1,108;161;183;215;313;433;497,95dcc81980a9cce5,200,1-500,501-1500
18,10,46414757.401856326,18379875.0,28034882.40186298,948750.0,16301250.0,1129875.0,26096954.335223217,493128.2420039365,1444799.8246292535,,4282.604819310829,3762.6705493563786,108.28977764584124,0.01696637272834778,391.85312390327454,2,3,10,0.039322270560932834,1,3,6,10,0.03998238863432105,1,"{""eta"":[{""iter"":1,""solved"":10,""failed"":0,""gap_p90"":0,""cache_hr"":0,""fixed"":1,""unan"":false,""key"":""('eta', '5')""},{""iter"":2,""solved"":10,""failed"":0,""gap_p90"":0,""cache_hr"":90,""fixed"":2,""unan"":true,""key"":null}],""gamma_LT"":[{""iter"":1,""solved"":10,""failed"":0,""gap_p90"":0,""cache_hr"":100,""fixed"":1,""unan"":false,""key"":""('gamma_LT', ('SOV',""},{""iter"":2,""solved"":10,""failed"":0,""gap_p90"":0,""cache_hr"":90,""fixed"":1,""unan"":false,""key"":""('gamma_LT', ('CTV',""},{""iter"":3,""solved"":10,""failed"":0,""gap_p90"":0,""cache_hr"":50,""fixed"":4,""unan"":true,""key"":null}]}",0.018829998090113625,True,2,OPTIMAL,solution_within_gap,False,,6:1,CTV|6:2;SOV|6:2,CTV|6|Dec:1;CTV|6|Jan:1;CTV|6|Nov:1;SOV|6|Feb:1,SOV1|6|Apr:1;SOV1|6|Aug:1;SOV1|6|Dec:1;SOV1|6|Feb:1;SOV1|6|Jan:1;SOV1|6|Jul:1;SOV1|6|Jun:1;SOV1|6|Mar:1;SOV1|6|May:1;SOV1|6|Nov:1;SOV1|6|Oct:1;SOV1|6|Sep:1;SOV2|6|Apr:1;SOV2|6|Aug:1;SOV2|6|Dec:1;SOV2|6|Feb:1;SOV2|6|Jan:1;SOV2|6|Jul:1;SOV2|6|Jun:1;SOV2|6|Mar:1;SOV2|6|May:1;SOV2|6|Nov:1;SOV2|6|Oct:1;SOV2|6|Sep:1;SOV3|6|Feb:1,21;79;91;209;261;263;343;360;437;460,95dcc81980a9cce5,200,1-500,501-1500
18,15,47303793.51850012,17302325.0,30001468.518500496,172500.0,16301250.0,828575.0,28068849.85910476,507819.5060005819,1424799.1533945014,,2688.8451961399987,1510.4161178078502,137.01089733839035,0.024206523783504963,1012.0606300830841,1,3,15,0.03997682957528662,1,3,6,15,0.03999734632088532,1,"{""eta"":[{""iter"":1,""solved"":15,""failed"":0,""gap_p90"":0,""cache_hr"":0,""fixed"":3,""unan"":true,""key"":null}],""gamma_LT"":[{""iter"":1,""solved"":15,""failed"":0,""gap_p90"":0,""cache_hr"":100,""fixed"":1,""unan"":false,""key"":""('gamma_LT', ('SOV',""},{""iter"":2,""solved"":15,""failed"":0,""gap_p90"":0,""cache_hr"":87,""fixed"":1,""unan"":false,""key"":""('gamma_LT', ('CTV',""},{""iter"":3,""solved"":15,""failed"":0,""gap_p90"":0,""cache_hr"":60,""fixed"":4,""unan"":true,""key"":null}]}",0.010844420332463014,True,2,OPTIMAL,solution_within_gap,False,,6:1,CTV|6:2;SOV|6:2,CTV|6|Dec:1;CTV|6|Jan:1,SOV1|6|Apr:1;SOV1|6|Aug:1;SOV1|6|Dec:1;SOV1|6|Feb:1;SOV1|6|Jan:1;SOV1|6|Jul:1;SOV1|6|Jun:1;SOV1|6|Mar:1;SOV1|6|May:1;SOV1|6|Nov:1;SOV1|6|Oct:1;SOV1|6|Sep:1;SOV2|6|Apr:1;SOV2|6|Aug:1;SOV2|6|Dec:1;SOV2|6|Feb:1;SOV2|6|Jan:1;SOV2|6|Jul:1;SOV2|6|Jun:1;SOV2|6|Mar:1;SOV2|6|May:1;SOV2|6|Nov:1;SOV2|6|Oct:1;SOV2|6|Sep:1,71;77;108;141;162;186;193;217;249;270;327;344;363;478;486,95dcc81980a9cce5,200,1-500,501-1500
18,20,49009143.172201805,18466125.0,30543018.172198206,1035000.0,16301250.0,1129875.0,28632090.9511308,500617.0025528869,1410310.2185180227,,6627.973995315842,4078.5441933181137,84.38946374692023,0.03279763925820589,2424.6474940776825,3,3,20,0.0394693648198078,1,3,6,20,0.03990683666147831,1,"{""eta"":[{""iter"":1,""solved"":20,""failed"":0,""gap_p90"":0,""cache_hr"":0,""fixed"":1,""unan"":false,""key"":""('eta', '5')""},{""iter"":2,""solved"":20,""failed"":0,""gap_p90"":0,""cache_hr"":95,""fixed"":1,""unan"":false,""key"":""('eta', '6')""},{""iter"":3,""solved"":20,""failed"":0,""gap_p90"":0,""cache_hr"":95,""fixed"":1,""unan"":true,""key"":null}],""gamma_LT"":[{""iter"":1,""solved"":20,""failed"":0,""gap_p90"":0,""cache_hr"":100,""fixed"":1,""unan"":false,""key"":""('gamma_LT', ('SOV',""},{""iter"":2,""solved"":20,""failed"":0,""gap_p90"":0,""cache_hr"":90,""fixed"":1,""unan"":false,""key"":""('gamma_LT', ('CTV',""},{""iter"":3,""solved"":20,""failed"":0,""gap_p90"":0,""cache_hr"":60,""fixed"":4,""unan"":true,""key"":null}]}",0.01735369296605196,True,2,OPTIMAL,solution_within_gap,False,,6:1,CTV|6:2;SOV|6:2,CTV|6|Dec:1;CTV|6|Feb:1;CTV|6|Jan:1;CTV|6|Nov:1;SOV|6|Jan:1,SOV1|6|Apr:1;SOV1|6|Aug:1;SOV1|6|Dec:1;SOV1|6|Feb:1;SOV1|6|Jan:1;SOV1|6|Jul:1;SOV1|6|Jun:1;SOV1|6|Mar:1;SOV1|6|May:1;SOV1|6|Nov:1;SOV1|6|Oct:1;SOV1|6|Sep:1;SOV2|6|Apr:1;SOV2|6|Aug:1;SOV2|6|Dec:1;SOV2|6|Feb:1;SOV2|6|Jan:1;SOV2|6|Jul:1;SOV2|6|Jun:1;SOV2|6|Mar:1;SOV2|6|May:1;SOV2|6|Nov:1;SOV2|6|Oct:1;SOV2|6|Sep:1;SOV3|6|Jan:1,49;54;118;121;152;155;163;184;193;251;259;279;306;329;360;374;407;419;435;489,95dcc81980a9cce5,200,1-500,501-1500
19,1,52019475.363692865,19425800.0,32593675.363693334,2070000.0,16301250.0,1054550.0,30768960.71433449,442341.02328535984,1382373.6260730377,,406.3043637108058,393.51773301605135,0.00047594867646694183,0.0020257681608200073,8.768787145614624,1,3,1,0.028031082140878787,1,1,6,1,0.028031082140878787,1,"{""eta"":[{""iter"":1,""solved"":1,""failed"":0,""gap_p90"":0,""cache_hr"":0,""fixed"":3,""unan"":true,""key"":null}],""gamma_LT"":[{""iter"":1,""solved"":1,""failed"":0,""gap_p90"":0,""cache_hr"":100,""fixed"":6,""unan"":true,""key"":null}]}",0.016233840302332814,True,2,OPTIMAL,solution_within_gap,False,,6:1,CTV|6:2;SOV|6:2,SOV|6|Dec:1;SOV|6|Jan:1;SOV|6|Nov:1,SOV1|6|Apr:1;SOV1|6|Aug:1;SOV1|6|Dec:1;SOV1|6|Feb:1;SOV1|6|Jan:1;SOV1|6|Jul:1;SOV1|6|Jun:1;SOV1|6|Mar:1;SOV1|6|May:1;SOV1|6|Nov:1;SOV1|6|Oct:1;SOV1|6|Sep:1;SOV2|6|Apr:1;SOV2|6|Aug:1;SOV2|6|Dec:1;SOV2|6|Feb:1;SOV2|6|Jan:1;SOV2|6|Jul:1;SOV2|6|Jun:1;SOV2|6|Mar:1;SOV2|6|May:1;SOV2|6|Nov:1;SOV2|6|Oct:1;SOV2|6|Sep:1;SOV3|6|Dec:1;SOV3|6|Jan:1;SOV3|6|Nov:1,339,95dcc81980a9cce5,200,1-500,501-1500
19,3,47084697.51653275,20385475.0,26699222.51653246,4916250.0,14490000.0,979225.0,24892572.10772631,435157.25660431205,1371493.1522021731,,1605.7565087154508,1515.142559918575,40.21257254574448,0.005658908747136593,42.98074007034302,2,3,3,0.03955322174209782,1,2,6,3,0.03955322174209782,1,"{""eta"":[{""iter"":1,""solved"":3,""failed"":0,""gap_p90"":0,""cache_hr"":0,""fixed"":1,""unan"":false,""key"":""('eta', '5')""},{""iter"":2,""solved"":3,""failed"":0,""gap_p90"":0,""cache_hr"":67,""fixed"":2,""unan"":true,""key"":null}],""gamma_LT"":[{""iter"":1,""solved"":3,""failed"":0,""gap_p90"":0,""cache_hr"":100,""fixed"":1,""unan"":false,""key"":""('gamma_LT', ('CTV',""},{""iter"":2,""solved"":3,""failed"":0,""gap_p90"":0,""cache_hr"":33,""fixed"":5,""unan"":true,""key"":null}]}",0.014505852220968389,True,2,OPTIMAL,solution_within_gap,False,,6:1,SOV|6:2,CTV|6|Apr:2;CTV|6|Aug:2;CTV|6|Dec:3;CTV|6|Feb:2;CTV|6|Jan:2;CTV|6|Jul:2;CTV|6|Jun:2;CTV|6|Mar:2;CTV|6|May:2;CTV|6|Nov:2;CTV|6|Oct:2;CTV|6|Sep:2;SOV|6|Dec:1;SOV|6|Feb:1;SOV|6|Jan:1;SOV|6|Nov:1,SOV1|6|Apr:1;SOV1|6|Aug:1;SOV1|6|Dec:1;SOV1|6|Feb:1;SOV1|6|Jan:1;SOV1|6|Jul:1;SOV1|6|Jun:1;SOV1|6|Mar:1;SOV1|6|May:1;SOV1|6|Nov:1;SOV1|6|Oct:1;SOV1|6|Sep:1;SOV2|6|Apr:1;SOV2|6|Aug:1;SOV2|6|Dec:1;SOV2|6|Feb:1;SOV2|6|Jan:1;SOV2|6|Jul:1;SOV2|6|Jun:1;SOV2|6|Mar:1;SOV2|6|May:1;SOV2|6|Nov:1;SOV2|6|Oct:1;SOV2|6|Sep:1;SOV3|6|Dec:1;SOV3|6|Feb:1;SOV3|6|Jan:1;SOV3|6|Nov:1,162;219;384,95dcc81980a9cce5,200,1-500,501-1500
19,5,44720719.56235277,18735800.0,25984919.56235043,1380000.0,16301250.0,1054550.0,24090038.457266644,474389.2744586826,1420491.8306274258,,1485.8014547638595,1201.161252465099,99.94333756715059,0.009357013739645481,174.25788807868958,2,3,5,0.03999901507555256,1,2,6,5,0.0396087492544119,1,"{""eta"":[{""iter"":1,""solved"":5,""failed"":0,""gap_p90"":0,""cache_hr"":0,""fixed"":1,""unan"":false,""key"":""('eta', '5')""},{""iter"":2,""solved"":5,""failed"":0,""gap_p90"":0,""cache_hr"":80,""fixed"":2,""unan"":true,""key"":null}],""gamma_LT"":[{""iter"":1,""solved"":5,""failed"":0,""gap_p90"":0,""cache_hr"":100,""fixed"":1,""unan"":false,""key"":""('gamma_LT', ('CTV',""},{""iter"":2,""solved"":5,""failed"":0,""gap_p90"":0,""cache_hr"":80,""fixed"":5,""unan"":true,""key"":null}]}",0.008045568176403324,True,2,OPTIMAL,solution_within_gap,False,,6:1,CTV|6:2;SOV|6:2,SOV|6|Dec:1;SOV|6|Jan:1,SOV1|6|Apr:1;SOV1|6|Aug:1;SOV1|6|Dec:1;SOV1|6|Feb:1;SOV1|6|Jan:1;SOV1|6|Jul:1;SOV1|6|Jun:1;SOV1|6|Mar:1;SOV1|6|May:1;SOV1|6|Nov:1;SOV1|6|Oct:1;SOV1|6|Sep:1;SOV2|6|Apr:1;SOV2|6|Aug:1;SOV2|6|Dec:1;SOV2|6|Feb:1;SOV2|6|Jan:1;SOV2|6|Jul:1;SOV2|6|Jun:1;SOV2|6|Mar:1;SOV2|6|May:1;SOV2|6|Nov:1;SOV2|6|Oct:1;SOV2|6|Sep:1;SOV3|6|Dec:1;SOV3|6|Jan:1,30;108;118;161;318,95dcc81980a9cce5,200,1-500,501-1500
19,7,44652126.695671365,17474825.0,27177301.695673596,345000.0,16301250.0,828575.0,25262087.00332543,517297.12907645054,1397917.5632694634,,1795.4135659243912,1560.8933495981619,33.30027987342328,0.013847406022250652,186.00101280212402,1,3,7,0.0392660872445951,1,2,6,7,0.03948134045099309,1,"{""eta"":[{""iter"":1,""solved"":7,""failed"":0,""gap_p90"":0,""cache_hr"":0,""fixed"":3,""unan"":true,""key"":null}],""gamma_LT"":[{""iter"":1,""solved"":7,""failed"":0,""gap_p90"":0,""cache_hr"":100,""fixed"":1,""unan"":false,""key"":""('gamma_LT', ('CTV',""},{""iter"":2,""solved"":7,""failed"":0,""gap_p90"":0,""cache_hr"":86,""fixed"":5,""unan"":true,""key"":null}]}",0.013147121587871985,True,2,OPTIMAL,solution_within_gap,False,,6:1,CTV|6:2;SOV|6:2,CTV|6|Dec:1;CTV|6|Jan:1;CTV|6|Nov:1;CTV|6|Oct:1,SOV1|6|Apr:1;SOV1|6|Aug:1;SOV1|6|Dec:1;SOV1|6|Feb:1;SOV1|6|Jan:1;SOV1|6|Jul:1;SOV1|6|Jun:1;SOV1|6|Mar:1;SOV1|6|May:1;SOV1|6|Nov:1;SOV1|6|Oct:1;SOV1|6|Sep:1;SOV2|6|Apr:1;SOV2|6|Aug:1;SOV2|6|Dec:1;SOV2|6|Feb:1;SOV2|6|Jan:1;SOV2|6|Jul:1;SOV2|6|Jun:1;SOV2|6|Mar:1;SOV2|6|May:1;SOV2|6|Nov:1;SOV2|6|Oct:1;SOV2|6|Sep:1,144;241;244;373;398;425;462,95dcc81980a9cce5,200,1-500,501-1500
19,10,47979896.291005224,19425800.0,28554096.29101156,2070000.0,16301250.0,1054550.0,26711978.04583086,454274.298604111,1387843.946570362,,2265.6546241091564,1608.2542702928185,35.33785533811897,0.017579075880348682,602.2926139831543,1,3,10,0.03955264331732478,1,2,6,10,0.03955264331732478,1,"{""eta"":[{""iter"":1,""solved"":10,""failed"":0,""gap_p90"":0,""cache_hr"":0,""fixed"":3,""unan"":true,""key"":null}],""gamma_LT"":[{""iter"":1,""solved"":10,""failed"":0,""gap_p90"":0,""cache_hr"":100,""fixed"":1,""unan"":false,""key"":""('gamma_LT', ('CTV',""},{""iter"":2,""solved"":10,""failed"":0,""gap_p90"":0,""cache_hr"":80,""fixed"":5,""unan"":true,""key"":null}]}",0.014127006643894388,True,2,OPTIMAL,solution_within_gap,False,,6:1,CTV|6:2;SOV|6:2,SOV|6|Dec:1;SOV|6|Jan:1;SOV|6|Nov:1,SOV1|6|Apr:1;SOV1|6|Aug:1;SOV1|6|Dec:1;SOV1|6|Feb:1;SOV1|6|Jan:1;SOV1|6|Jul:1;SOV1|6|Jun:1;SOV1|6|Mar:1;SOV1|6|May:1;SOV1|6|Nov:1;SOV1|6|Oct:1;SOV1|6|Sep:1;SOV2|6|Apr:1;SOV2|6|Aug:1;SOV2|6|Dec:1;SOV2|6|Feb:1;SOV2|6|Jan:1;SOV2|6|Jul:1;SOV2|6|Jun:1;SOV2|6|Mar:1;SOV2|6|May:1;SOV2|6|Nov:1;SOV2|6|Oct:1;SOV2|6|Sep:1;SOV3|6|Dec:1;SOV3|6|Jan:1;SOV3|6|Nov:1,28;54;58;118;144;329;358;361;444;451,95dcc81980a9cce5,200,1-500,501-1500
19,15,44538448.30324032,17302325.0,27236123.303240668,172500.0,16301250.0,828575.0,25241052.260524165,518321.6678339844,1476749.3748818107,,2660.2895414968953,1831.3872779933736,124.99875511415303,0.02533232979476452,673.3834910392761,2,3,15,0.03947667789448129,1,3,6,15,0.03999589753296951,1,"{""eta"":[{""iter"":1,""solved"":15,""failed"":0,""gap_p90"":0,""cache_hr"":0,""fixed"":1,""unan"":false,""key"":""('eta', '5')""},{""iter"":2,""solved"":15,""failed"":0,""gap_p90"":0,""cache_hr"":87,""fixed"":2,""unan"":true,""key"":null}],""gamma_LT"":[{""iter"":1,""solved"":15,""failed"":0,""gap_p90"":0,""cache_hr"":100,""fixed"":1,""unan"":false,""key"":""('gamma_LT', ('SOV',""},{""iter"":2,""solved"":15,""failed"":0,""gap_p90"":0,""cache_hr"":80,""fixed"":1,""unan"":false,""key"":""('gamma_LT', ('CTV',""},{""iter"":3,""solved"":15,""failed"":0,""gap_p90"":0,""cache_hr"":60,""fixed"":4,""unan"":true,""key"":null}]}",0.011448118622341505,True,2,OPTIMAL,solution_within_gap,False,,6:1,CTV|6:2;SOV|6:2,CTV|6|Dec:1;CTV|6|Jan:1,SOV1|6|Apr:1;SOV1|6|Aug:1;SOV1|6|Dec:1;SOV1|6|Feb:1;SOV1|6|Jan:1;SOV1|6|Jul:1;SOV1|6|Jun:1;SOV1|6|Mar:1;SOV1|6|May:1;SOV1|6|Nov:1;SOV1|6|Oct:1;SOV1|6|Sep:1;SOV2|6|Apr:1;SOV2|6|Aug:1;SOV2|6|Dec:1;SOV2|6|Feb:1;SOV2|6|Jan:1;SOV2|6|Jul:1;SOV2|6|Jun:1;SOV2|6|Mar:1;SOV2|6|May:1;SOV2|6|Nov:1;SOV2|6|Oct:1;SOV2|6|Sep:1,24;31;34;103;110;128;131;138;280;281;320;365;396;469;479,95dcc81980a9cce5,200,1-500,501-1500
19,20,48012791.62106555,17388575.0,30624216.621061966,258750.0,16301250.0,828575.0,28660621.442181293,514298.5022591552,1449296.6766251896,,4154.300948226824,2079.3807655842975,103.64774747285992,0.033004011027514935,1930.3079829216003,2,3,20,0.03961124464117764,1,2,6,20,0.03976028006804107,1,"{""eta"":[{""iter"":1,""solved"":20,""failed"":0,""gap_p90"":0,""cache_hr"":0,""fixed"":1,""unan"":false,""key"":""('eta', '5')""},{""iter"":2,""solved"":20,""failed"":0,""gap_p90"":0,""cache_hr"":75,""fixed"":2,""unan"":true,""key"":null}],""gamma_LT"":[{""iter"":1,""solved"":20,""failed"":0,""gap_p90"":0,""cache_hr"":100,""fixed"":1,""unan"":false,""key"":""('gamma_LT', ('CTV',""},{""iter"":2,""solved"":20,""failed"":0,""gap_p90"":0,""cache_hr"":80,""fixed"":5,""unan"":true,""key"":null}]}",0.01322800784480047,True,2,OPTIMAL,solution_within_gap,False,,6:1,CTV|6:2;SOV|6:2,CTV|6|Dec:1;CTV|6|Jan:1;CTV|6|Nov:1,SOV1|6|Apr:1;SOV1|6|Aug:1;SOV1|6|Dec:1;SOV1|6|Feb:1;SOV1|6|Jan:1;SOV1|6|Jul:1;SOV1|6|Jun:1;SOV1|6|Mar:1;SOV1|6|May:1;SOV1|6|Nov:1;SOV1|6|Oct:1;SOV1|6|Sep:1;SOV2|6|Apr:1;SOV2|6|Aug:1;SOV2|6|Dec:1;SOV2|6|Feb:1;SOV2|6|Jan:1;SOV2|6|Jul:1;SOV2|6|Jun:1;SOV2|6|Mar:1;SOV2|6|May:1;SOV2|6|Nov:1;SOV2|6|Oct:1;SOV2|6|Sep:1,14;27;31;143;155;175;189;205;212;216;229;230;255;285;294;311;335;358;417;448,95dcc81980a9cce5,200,1-500,501-1500
20,1,51386123.86154177,21495800.0,29890323.861542232,4140000.0,16301250.0,1054550.0,27975359.484547455,378290.599127205,1536673.777867158,,1513.5375113105401,1501.684964556247,0.000477091409265995,0.0019966494292020798,8.002053022384644,1,3,1,0.03346528138037869,1,1,6,1,0.03346528138037869,1,"{""eta"":[{""iter"":1,""solved"":1,""failed"":0,""gap_p90"":0,""cache_hr"":0,""fixed"":3,""unan"":true,""key"":null}],""gamma_LT"":[{""iter"":1,""solved"":1,""failed"":0,""gap_p90"":0,""cache_hr"":100,""fixed"":6,""unan"":true,""key"":null}]}",0.016351734302182213,True,2,OPTIMAL,solution_within_gap,False,,6:1,CTV|6:2;SOV|6:2,SOV|6|Dec:1;SOV|6|Feb:1;SOV|6|Jan:1;SOV|6|Mar:1;SOV|6|Nov:1;SOV|6|Oct:1,SOV1|6|Apr:1;SOV1|6|Aug:1;SOV1|6|Dec:1;SOV1|6|Feb:1;SOV1|6|Jan:1;SOV1|6|Jul:1;SOV1|6|Jun:1;SOV1|6|Mar:1;SOV1|6|May:1;SOV1|6|Nov:1;SOV1|6|Oct:1;SOV1|6|Sep:1;SOV2|6|Apr:1;SOV2|6|Aug:1;SOV2|6|Dec:1;SOV2|6|Feb:1;SOV2|6|Jan:1;SOV2|6|Jul:1;SOV2|6|Jun:1;SOV2|6|Mar:1;SOV2|6|May:1;SOV2|6|Nov:1;SOV2|6|Oct:1;SOV2|6|Sep:1;SOV3|6|Dec:1;SOV3|6|Feb:1;SOV3|6|Jan:1;SOV3|6|Mar:1;SOV3|6|Nov:1;SOV3|6|Oct:1,393,95dcc81980a9cce5,200,1-500,501-1500
20,3,47509062.81836067,17550150.0,29958912.818360288,345000.0,16301250.0,903900.0,28113650.96279122,516537.5984380275,1328724.2571314655,,2568.185230759904,2492.260698143393,35.45467777457088,0.005693022161722183,32.984720945358276,3,3,3,0.03952924834124897,1,2,6,3,0.03991191608782226,1,"{""eta"":[{""iter"":1,""solved"":3,""failed"":0,""gap_p90"":0,""cache_hr"":0,""fixed"":1,""unan"":false,""key"":""('eta', '5')""},{""iter"":2,""solved"":3,""failed"":0,""gap_p90"":0,""cache_hr"":67,""fixed"":1,""unan"":false,""key"":""('eta', '6')""},{""iter"":3,""solved"":3,""failed"":0,""gap_p90"":0,""cache_hr"":67,""fixed"":1,""unan"":true,""key"":null}],""gamma_LT"":[{""iter"":1,""solved"":3,""failed"":0,""gap_p90"":0,""cache_hr"":100,""fixed"":1,""unan"":false,""key"":""('gamma_LT', ('CTV',""},{""iter"":2,""solved"":3,""failed"":0,""gap_p90"":0,""cache_hr"":67,""fixed"":5,""unan"":true,""key"":null}]}",0.008679986278774119,True,2,OPTIMAL,solution_within_gap,False,,6:1,CTV|6:2;SOV|6:2,CTV|6|Feb:1;CTV|6|Jan:2;CTV|6|Mar:1,SOV1|6|Apr:1;SOV1|6|Aug:1;SOV1|6|Dec:1;SOV1|6|Feb:1;SOV1|6|Jan:1;SOV1|6|Jul:1;SOV1|6|Jun:1;SOV1|6|Mar:1;SOV1|6|May:1;SOV1|6|Nov:1;SOV1|6|Oct:1;SOV1|6|Sep:1;SOV2|6|Apr:1;SOV2|6|Aug:1;SOV2|6|Dec:1;SOV2|6|Feb:1;SOV2|6|Jan:1;SOV2|6|Jul:1;SOV2|6|Jun:1;SOV2|6|Mar:1;SOV2|6|May:1;SOV2|6|Nov:1;SOV2|6|Oct:1;SOV2|6|Sep:1,92;228;307,95dcc81980a9cce5,200,1-500,501-1500
20,5,47352536.36241311,19403950.0,27948586.36241083,1897500.0,16301250.0,1205200.0,26069009.980916586,504340.6558932561,1375235.7256033027,,1375.570026758127,1266.1190188759938,30.636070914566517,0.009289863519370556,68.15787482261658,1,3,5,0.03822708734027854,1,2,6,5,0.03822708734027854,1,"{""eta"":[{""iter"":1,""solved"":5,""failed"":0,""gap_p90"":0,""cache_hr"":0,""fixed"":3,""unan"":true,""key"":null}],""gamma_LT"":[{""iter"":1,""solved"":5,""failed"":0,""gap_p90"":0,""cache_hr"":100,""fixed"":1,""unan"":false,""key"":""('gamma_LT', ('CTV',""},{""iter"":2,""solved"":5,""failed"":0,""gap_p90"":0,""cache_hr"":80,""fixed"":5,""unan"":true,""key"":null}]}",0.01745777141828869,True,2,OPTIMAL,solution_within_gap,False,,6:1,CTV|6:2;SOV|6:2,CTV|6|Apr:1;CTV|6|Jul:1;CTV|6|Jun:1;CTV|6|Mar:1;CTV|6|May:1;CTV|6|Nov:1;SOV|6|Dec:1;SOV|6|Jan:1,SOV1|6|Apr:1;SOV1|6|Aug:1;SOV1|6|Dec:1;SOV1|6|Feb:1;SOV1|6|Jan:1;SOV1|6|Jul:1;SOV1|6|Jun:1;SOV1|6|Mar:1;SOV1|6|May:1;SOV1|6|Nov:1;SOV1|6|Oct:1;SOV1|6|Sep:1;SOV2|6|Apr:1;SOV2|6|Aug:1;SOV2|6|Dec:1;SOV2|6|Feb:1;SOV2|6|Jan:1;SOV2|6|Jul:1;SOV2|6|Jun:1;SOV2|6|Mar:1;SOV2|6|May:1;SOV2|6|Nov:1;SOV2|6|Oct:1;SOV2|6|Sep:1;SOV3|6|Dec:1;SOV3|6|Jan:1,24;127;311;427;461,95dcc81980a9cce5,200,1-500,501-1500
20,7,49628529.43875666,18735800.0,30892729.438758947,1380000.0,16301250.0,1054550.0,28990015.412620224,481078.39062634046,1421635.6355100907,,3209.102539396845,2873.1634864341468,58.2565455250442,0.012739846482872963,262.85953402519226,2,3,7,0.03999194173923544,1,2,6,7,0.039996975969215566,1,"{""eta"":[{""iter"":1,""solved"":7,""failed"":0,""gap_p90"":0,""cache_hr"":0,""fixed"":1,""unan"":false,""key"":""('eta', '5')""},{""iter"":2,""solved"":7,""failed"":0,""gap_p90"":0,""cache_hr"":86,""fixed"":2,""unan"":true,""key"":null}],""gamma_LT"":[{""iter"":1,""solved"":7,""failed"":0,""gap_p90"":0,""cache_hr"":100,""fixed"":1,""unan"":false,""key"":""('gamma_LT', ('CTV',""},{""iter"":2,""solved"":7,""failed"":0,""gap_p90"":0,""cache_hr"":57,""fixed"":5,""unan"":true,""key"":null}]}",0.005932099819612892,True,2,OPTIMAL,solution_within_gap,False,,6:1,CTV|6:2;SOV|6:2,SOV|6|Dec:1;SOV|6|Jan:1,SOV1|6|Apr:1;SOV1|6|Aug:1;SOV1|6|Dec:1;SOV1|6|Feb:1;SOV1|6|Jan:1;SOV1|6|Jul:1;SOV1|6|Jun:1;SOV1|6|Mar:1;SOV1|6|May:1;SOV1|6|Nov:1;SOV1|6|Oct:1;SOV1|6|Sep:1;SOV2|6|Apr:1;SOV2|6|Aug:1;SOV2|6|Dec:1;SOV2|6|Feb:1;SOV2|6|Jan:1;SOV2|6|Jul:1;SOV2|6|Jun:1;SOV2|6|Mar:1;SOV2|6|May:1;SOV2|6|Nov:1;SOV2|6|Oct:1;SOV2|6|Sep:1;SOV3|6|Dec:1;SOV3|6|Jan:1,17;51;167;310;381;400;493,95dcc81980a9cce5,200,1-500,501-1500
20,10,47972371.43590579,17054500.0,30917871.435912598,0.0,16301250.0,753250.0,28914283.02936905,495061.96525022015,1508526.4412865634,,2869.4228192362934,2499.507936964743,73.74054223764688,0.016339462250471115,276.34581685066223,2,3,10,0.039896271872174816,1,3,6,10,0.039896271872174816,1,"{""eta"":[{""iter"":1,""solved"":10,""failed"":0,""gap_p90"":0,""cache_hr"":0,""fixed"":1,""unan"":false,""key"":""('eta', '5')""},{""iter"":2,""solved"":10,""failed"":0,""gap_p90"":0,""cache_hr"":90,""fixed"":2,""unan"":true,""key"":null}],""gamma_LT"":[{""iter"":1,""solved"":10,""failed"":0,""gap_p90"":0,""cache_hr"":100,""fixed"":1,""unan"":false,""key"":""('gamma_LT', ('SOV',""},{""iter"":2,""solved"":10,""failed"":0,""gap_p90"":0,""cache_hr"":90,""fixed"":1,""unan"":false,""key"":""('gamma_LT', ('CTV',""},{""iter"":3,""solved"":10,""failed"":0,""gap_p90"":0,""cache_hr"":70,""fixed"":4,""unan"":true,""key"":null}]}",0.01946587390801855,True,2,OPTIMAL,solution_within_gap,False,,6:1,CTV|6:2;SOV|6:2,,SOV1|6|Apr:1;SOV1|6|Aug:1;SOV1|6|Dec:1;SOV1|6|Feb:1;SOV1|6|Jan:1;SOV1|6|Jul:1;SOV1|6|Jun:1;SOV1|6|Mar:1;SOV1|6|May:1;SOV1|6|Nov:1;SOV1|6|Oct:1;SOV1|6|Sep:1;SOV2|6|Apr:1;SOV2|6|Aug:1;SOV2|6|Dec:1;SOV2|6|Feb:1;SOV2|6|Jan:1;SOV2|6|Jul:1;SOV2|6|Jun:1;SOV2|6|Mar:1;SOV2|6|May:1;SOV2|6|Nov:1;SOV2|6|Oct:1;SOV2|6|Sep:1,3;173;205;227;328;362;375;470;479;494,95dcc81980a9cce5,200,1-500,501-1500
20,15,45167109.782506734,19403950.0,25763159.78250678,1897500.0,16301250.0,1205200.0,23894952.5916768,497576.6387312569,1370630.5520982838,,3052.870109443553,1687.97845600266,144.13175511173904,0.02544805407524109,1190.3951959609985,2,3,15,0.039574033967494794,1,3,6,15,0.03994959324182281,1,"{""eta"":[{""iter"":1,""solved"":15,""failed"":0,""gap_p90"":0,""cache_hr"":0,""fixed"":1,""unan"":false,""key"":""('eta', '5')""},{""iter"":2,""solved"":15,""failed"":0,""gap_p90"":0,""cache_hr"":93,""fixed"":2,""unan"":true,""key"":null}],""gamma_LT"":[{""iter"":1,""solved"":15,""failed"":0,""gap_p90"":0,""cache_hr"":100,""fixed"":1,""unan"":false,""key"":""('gamma_LT', ('SOV',""},{""iter"":2,""solved"":15,""failed"":0,""gap_p90"":0,""cache_hr"":93,""fixed"":1,""unan"":false,""key"":""('gamma_LT', ('CTV',""},{""iter"":3,""solved"":15,""failed"":0,""gap_p90"":0,""cache_hr"":73,""fixed"":4,""unan"":true,""key"":null}]}",0.018025837643935224,True,2,OPTIMAL,solution_within_gap,False,,6:1,CTV|6:2;SOV|6:2,CTV|6|Dec:1;CTV|6|Feb:2;CTV|6|Jan:2;CTV|6|Nov:1;SOV|6|Dec:1;SOV|6|Jan:1,SOV1|6|Apr:1;SOV1|6|Aug:1;SOV1|6|Dec:1;SOV1|6|Feb:1;SOV1|6|Jan:1;SOV1|6|Jul:1;SOV1|6|Jun:1;SOV1|6|Mar:1;SOV1|6|May:1;SOV1|6|Nov:1;SOV1|6|Oct:1;SOV1|6|Sep:1;SOV2|6|Apr:1;SOV2|6|Aug:1;SOV2|6|Dec:1;SOV2|6|Feb:1;SOV2|6|Jan:1;SOV2|6|Jul:1;SOV2|6|Jun:1;SOV2|6|Mar:1;SOV2|6|May:1;SOV2|6|Nov:1;SOV2|6|Oct:1;SOV2|6|Sep:1;SOV3|6|Dec:1;SOV3|6|Jan:1,31;42;53;58;104;159;231;246;261;285;347;370;387;388;481,95dcc81980a9cce5,200,1-500,501-1500
20,20,48633230.14052657,19748950.0,28884280.140523173,2242500.0,16301250.0,1205200.0,27055282.53055388,456642.64517362445,1372354.9647990002,,3035.6462226873264,1860.2122198333964,120.92523680534214,0.030740701593458652,1017.2100369930267,2,3,20,0.039896271872174816,1,3,6,20,0.03995418374665247,1,"{""eta"":[{""iter"":1,""solved"":20,""failed"":0,""gap_p90"":0,""cache_hr"":0,""fixed"":1,""unan"":false,""key"":""('eta', '5')""},{""iter"":2,""solved"":20,""failed"":0,""gap_p90"":0,""cache_hr"":90,""fixed"":2,""unan"":true,""key"":null}],""gamma_LT"":[{""iter"":1,""solved"":20,""failed"":0,""gap_p90"":0,""cache_hr"":100,""fixed"":1,""unan"":false,""key"":""('gamma_LT', ('SOV',""},{""iter"":2,""solved"":20,""failed"":0,""gap_p90"":0,""cache_hr"":95,""fixed"":1,""unan"":false,""key"":""('gamma_LT', ('CTV',""},{""iter"":3,""solved"":20,""failed"":0,""gap_p90"":0,""cache_hr"":75,""fixed"":4,""unan"":true,""key"":null}]}",0.018571349013989446,True,2,OPTIMAL,solution_within_gap,False,,6:1,CTV|6:2;SOV|6:2,CTV|6|Feb:1;CTV|6|Oct:1;SOV|6|Dec:1;SOV|6|Jan:1;SOV|6|Nov:1,SOV1|6|Apr:1;SOV1|6|Aug:1;SOV1|6|Dec:1;SOV1|6|Feb:1;SOV1|6|Jan:1;SOV1|6|Jul:1;SOV1|6|Jun:1;SOV1|6|Mar:1;SOV1|6|May:1;SOV1|6|Nov:1;SOV1|6|Oct:1;SOV1|6|Sep:1;SOV2|6|Apr:1;SOV2|6|Aug:1;SOV2|6|Dec:1;SOV2|6|Feb:1;SOV2|6|Jan:1;SOV2|6|Jul:1;SOV2|6|Jun:1;SOV2|6|Mar:1;SOV2|6|May:1;SOV2|6|Nov:1;SOV2|6|Oct:1;SOV2|6|Sep:1;SOV3|6|Dec:1;SOV3|6|Jan:1;SOV3|6|Nov:1,3;41;87;104;111;135;156;202;241;242;272;274;291;299;326;353;368;391;423;438,95dcc81980a9cce5,200,1-500,501-1500
